RestaurantID,RestaurantName,CuisineType,City,Rating,AverageCostForTwo,DeliveryAvailable,NumberOfReviews,EstablishedYear,MonthlyRevenue
R0001,Red Bistro,French,Tokyo,5.0,200,Yes,1243,1998,32860
R0002,Urban Grill,Mexican,Paris,4.1,1240,No,532,2000,41900
R0003,Street Hub,Thai,San Francisco,2.9,410,Yes,191,1988,108980
R0004,Spice Palace,Japanese,Sydney,4.8,1610,Yes,1477,2015,134090
R0005,Green Garden,French,Sydney,3.8,1920,No,260,1997,199450
R0006,Spice Hub,Korean,Dubai,2.9,1530,No,147,2011,76280
R0007,Golden Hub,Indian,Tokyo,4.8,840,No,1251,1985,158820
R0008,Urban Corner,French,Tokyo,4.4,400,Yes,760,2009,26600
R0009,Red Bistro,Thai,Berlin,4.3,230,Yes,463,2021,172480
R0010,Red Hub,Japanese,Toronto,4.3,1500,No,892,1995,53890
R0011,Green House,Mexican,Tokyo,3.0,1320,No,1882,1993,122980
R0012,Ocean Bistro,Thai,London,3.0,490,Yes,96,1991,50630
R0013,Urban Bistro,Thai,Toronto,4.2,500,Yes,1843,1998,48400
R0014,Royal Corner,Indian,London,3.0,1810,No,302,2014,127700
R0015,Blue Café,American,Sydney,3.6,390,Yes,101,2008,81460
R0016,Blue Grill,Japanese,Toronto,4.5,730,Yes,217,1987,131450
R0017,Blue Corner,Chinese,Tokyo,4.5,1450,Yes,1237,2023,189220
R0018,Spice Corner,Thai,Paris,3.6,1720,Yes,195,2011,192800
R0019,Ocean Hub,American,Dubai,4.5,340,Yes,1118,1985,83450
R0020,Spice Palace,Chinese,London,4.6,1850,Yes,1860,2022,153220
R0021,Blue Corner,Japanese,Toronto,4.1,1700,No,1697,2010,97470
R0022,Red Grill,Italian,Tokyo,3.1,1990,Yes,165,1990,183980
R0023,Red Lounge,Korean,Toronto,3.2,760,Yes,302,1996,133200
R0024,Blue Palace,American,Tokyo,3.3,980,No,542,2022,51350
R0025,Fire Garden,Mediterranean,Tokyo,2.8,1990,Yes,170,2019,42770
R0026,Urban Garden,Italian,Tokyo,3.2,1820,Yes,1419,1994,102020
R0027,Golden House,Korean,Berlin,3.0,330,Yes,1518,1993,36560
R0028,Blue Café,Indian,Dubai,3.6,1100,Yes,1536,2007,114390
R0029,Street Lounge,French,Paris,4.8,330,Yes,860,2014,160480
R0030,Green Garden,Mexican,Paris,2.8,1180,Yes,165,2006,37630
R0031,Green Café,Mediterranean,Toronto,4.3,520,No,152,1993,199130
R0032,Royal Corner,Indian,Toronto,4.2,1990,No,1802,2003,174130
R0033,Blue House,Japanese,Tokyo,2.7,200,Yes,1652,1992,98650
R0034,Street Grill,Indian,Berlin,4.8,530,Yes,1317,1988,89100
R0035,Golden Hub,French,Tokyo,3.9,380,Yes,571,1989,46170
R0036,Blue Café,Japanese,Berlin,3.4,1710,Yes,44,2003,167400
R0037,Ocean House,Mediterranean,Tokyo,4.4,230,Yes,233,2002,47540
R0038,Green Café,French,London,3.1,1830,No,677,2013,101010
R0039,Royal Grill,Chinese,London,4.2,960,Yes,402,2003,198100
R0040,Street Kitchen,Mexican,Sydney,2.6,770,Yes,417,1990,100670
R0041,Green Bistro,Mediterranean,Tokyo,4.6,1790,Yes,1736,1989,72080
R0042,Spice Palace,Chinese,Dubai,3.6,1560,Yes,1421,1989,161770
R0043,Golden House,Korean,Sydney,4.1,1220,No,1729,1992,169280
R0044,Blue Grill,Mediterranean,Toronto,3.1,860,No,1782,2011,124250
R0045,Red Hub,Korean,San Francisco,4.2,1350,Yes,306,2021,151820
R0046,Green Lounge,Japanese,Tokyo,4.4,1670,Yes,332,2022,82220
R0047,Green Hub,Chinese,London,3.7,1390,No,1849,2021,164800
R0048,Golden Kitchen,Mexican,San Francisco,4.0,410,No,1887,2002,142890
R0049,Street Hub,French,Berlin,3.6,1310,No,1521,2010,45630
R0050,Spice Garden,Thai,San Francisco,4.7,940,Yes,1603,2000,48030
R0051,Blue Corner,Indian,Dubai,3.7,1950,Yes,48,2006,82090
R0052,Royal House,Italian,Tokyo,4.6,1550,Yes,514,2007,42930
R0053,Spice Bistro,Mexican,Paris,4.5,1620,Yes,1536,1987,177890
R0054,Street Palace,Chinese,San Francisco,3.5,510,No,762,1987,25710
R0055,Blue Bistro,Thai,Paris,3.1,860,Yes,1570,1996,93990
R0056,Green Bistro,Mexican,Berlin,3.5,230,Yes,1349,2007,170140
R0057,Royal Bistro,Chinese,Sydney,4.6,490,Yes,1529,1995,105740
R0058,Royal Corner,American,Paris,3.1,320,No,1150,2013,78290
R0059,Urban Corner,American,Sydney,3.8,400,Yes,1375,1990,194670
R0060,Blue Corner,Korean,London,4.5,600,Yes,1915,2000,127090
R0061,Golden Corner,Mexican,Tokyo,3.4,1400,Yes,249,2018,143610
R0062,Fire House,American,San Francisco,4.1,380,Yes,696,2021,191570
R0063,Street Café,Chinese,London,3.1,670,Yes,1478,1995,132480
R0064,Fire Bistro,Korean,London,2.8,1050,Yes,1885,1995,97930
R0065,Green Lounge,Chinese,Singapore,4.5,820,No,749,2009,45970
R0066,Fire Corner,Korean,New York,2.7,1670,Yes,1006,2003,179730
R0067,Blue Corner,Mexican,Dubai,3.2,560,Yes,496,2016,153600
R0068,Fire Grill,Thai,Sydney,4.6,500,No,774,1992,34030
R0069,Royal Lounge,French,Singapore,3.4,930,No,1444,1996,53200
R0070,Ocean Café,Mediterranean,New York,4.9,1650,Yes,1925,2019,92390
R0071,Royal Palace,Thai,Dubai,4.9,1260,Yes,632,1990,167820
R0072,Fire Palace,Japanese,Sydney,3.2,1220,Yes,1786,2005,86490
R0073,Green Lounge,Chinese,Tokyo,2.6,1290,Yes,745,2010,160200
R0074,Green Hub,Japanese,Dubai,4.3,390,No,307,1985,94200
R0075,Royal Café,Thai,San Francisco,3.6,1580,No,1085,2001,28690
R0076,Green Garden,Korean,London,2.8,1050,Yes,742,2019,84420
R0077,Blue Hub,Mediterranean,New York,4.3,630,Yes,1010,2011,112750
R0078,Blue Café,Mediterranean,New York,2.6,1010,Yes,313,1986,29730
R0079,Blue Kitchen,Italian,New York,4.7,830,Yes,1321,2020,119940
R0080,Street Café,Mediterranean,Sydney,2.8,1410,Yes,673,1985,173940
R0081,Green Grill,French,San Francisco,2.8,1810,Yes,908,1994,160780
R0082,Golden Garden,Mediterranean,Dubai,2.9,1060,Yes,1151,2015,195720
R0083,Urban Corner,Thai,London,4.9,840,Yes,1956,2021,71470
R0084,Blue Garden,Italian,San Francisco,4.2,740,Yes,1457,1989,54430
R0085,Spice Kitchen,Thai,Singapore,4.5,930,Yes,800,1997,141260
R0086,Urban House,Thai,Tokyo,3.5,1360,Yes,656,2008,76840
R0087,Spice Kitchen,Indian,Paris,3.3,1480,No,218,2011,155950
R0088,Urban Hub,Italian,San Francisco,3.1,1850,Yes,1160,1985,33210
R0089,Red Bistro,Thai,Singapore,3.7,1560,Yes,1326,2004,168100
R0090,Blue Garden,Indian,London,3.9,1140,Yes,528,1992,87400
R0091,Green Kitchen,Indian,Paris,4.1,1640,Yes,1255,1987,74680
R0092,Urban Kitchen,Italian,Paris,3.1,1180,Yes,86,2016,155180
R0093,Urban Lounge,Japanese,San Francisco,4.9,1310,Yes,347,2009,147040
R0094,Red Corner,Korean,New York,2.9,710,Yes,872,2009,24380
R0095,Urban Garden,French,Toronto,4.9,1650,Yes,1823,1998,21640
R0096,Green Bistro,Korean,London,2.5,520,Yes,1879,2011,76780
R0097,Green House,Mediterranean,New York,3.7,230,Yes,1883,2016,53370
R0098,Fire Palace,French,London,3.3,1060,No,1772,2011,53500
R0099,Ocean Garden,Mediterranean,Toronto,3.6,940,Yes,922,1988,193710
R0100,Golden Grill,Thai,Tokyo,3.9,1990,Yes,1308,2023,45290
R0101,Red Bistro,Chinese,Toronto,3.6,280,Yes,1896,1995,144060
R0102,Spice Bistro,Italian,Berlin,3.5,830,Yes,816,1987,77560
R0103,Green Hub,French,San Francisco,4.3,490,Yes,1150,2009,101050
R0104,Red Grill,French,San Francisco,4.2,1550,Yes,1325,2008,197100
R0105,Golden Bistro,Thai,Singapore,4.6,1520,No,1304,1993,122160
R0106,Fire Garden,Japanese,New York,3.1,950,Yes,1480,1992,65930
R0107,Green Lounge,Indian,Singapore,4.0,1480,Yes,1190,2023,21930
R0108,Fire Corner,Thai,Berlin,4.0,340,Yes,581,2015,84010
R0109,Urban Café,American,Toronto,3.4,1080,Yes,1217,2001,37370
R0110,Fire Lounge,Indian,San Francisco,3.7,1850,Yes,433,2015,118820
R0111,Royal Corner,Italian,Sydney,3.3,1890,No,1689,1988,172460
R0112,Fire Palace,Indian,Toronto,2.9,1470,Yes,682,1988,82830
R0113,Red House,Japanese,Toronto,3.0,1930,No,1634,2021,133600
R0114,Spice Bistro,Indian,Berlin,2.8,450,Yes,1049,1992,178590
R0115,Red Corner,Italian,Tokyo,4.2,800,No,935,1990,95990
R0116,Royal House,Japanese,London,4.2,1420,No,1794,1993,124280
R0117,Golden Bistro,Korean,Berlin,4.9,860,No,107,1992,164170
R0118,Spice House,French,London,4.3,1690,No,1995,2016,58830
R0119,Blue Hub,French,San Francisco,2.6,450,Yes,1649,1999,70530
R0120,Fire Garden,Mediterranean,Berlin,4.7,1020,Yes,309,2002,172330
R0121,Ocean Corner,Korean,London,4.7,1270,Yes,756,2007,141240
R0122,Red Lounge,Korean,Singapore,3.6,1300,Yes,1455,1989,31280
R0123,Street Lounge,Indian,Berlin,4.0,790,No,1340,2011,167160
R0124,Urban Bistro,French,San Francisco,4.9,580,Yes,1989,2017,88650
R0125,Green Café,Italian,Berlin,3.8,1420,Yes,283,1986,164070
R0126,Spice Hub,Mexican,San Francisco,4.8,550,Yes,270,2022,103240
R0127,Ocean Café,Mexican,Berlin,2.7,400,No,1272,2012,94070
R0128,Urban Corner,Japanese,London,3.0,1880,No,945,2008,92450
R0129,Ocean Garden,French,Tokyo,3.6,1370,Yes,1807,2005,66650
R0130,Spice Kitchen,French,Dubai,4.0,670,Yes,341,2015,62200
R0131,Street Lounge,Mexican,London,4.5,450,Yes,124,1995,137310
R0132,Street Lounge,French,New York,5.0,550,Yes,277,2012,131800
R0133,Spice House,Indian,Paris,3.5,1710,Yes,21,1988,144940
R0134,Golden Bistro,American,Tokyo,2.6,1470,Yes,82,2000,134850
R0135,Green Hub,Chinese,Singapore,4.5,1680,Yes,1025,1996,23110
R0136,Red Lounge,Korean,Toronto,4.0,1650,Yes,883,2006,74340
R0137,Green Hub,Mediterranean,London,3.0,340,Yes,415,2019,175670
R0138,Royal Grill,Japanese,Berlin,3.7,980,No,1850,2000,179800
R0139,Blue Lounge,American,London,4.4,1530,No,187,2008,187850
R0140,Green House,Mexican,Sydney,4.4,1900,Yes,781,2019,199800
R0141,Spice Café,Korean,Tokyo,3.7,1780,No,955,2012,21210
R0142,Urban Café,French,Dubai,3.3,470,Yes,1292,2013,27500
R0143,Blue Hub,Mediterranean,Singapore,4.9,1550,Yes,409,2005,184890
R0144,Ocean Hub,French,Sydney,4.2,1760,Yes,279,2009,89340
R0145,Golden Grill,Italian,San Francisco,3.5,1680,No,1865,2023,112510
R0146,Ocean Lounge,Italian,Sydney,3.2,1390,Yes,1665,2015,143590
R0147,Golden Bistro,Mediterranean,London,4.3,1070,Yes,1714,1999,148550
R0148,Fire Kitchen,Mediterranean,Singapore,3.1,1970,Yes,495,2019,196280
R0149,Red House,Mexican,London,2.9,500,No,1613,2022,112010
R0150,Royal Hub,Mediterranean,San Francisco,3.8,660,No,68,2006,52820
R0151,Spice Kitchen,Indian,Toronto,3.2,530,Yes,651,1989,42750
R0152,Ocean Café,French,Singapore,4.1,210,No,896,1997,27650
R0153,Fire Garden,American,Toronto,2.8,1250,Yes,275,2016,47150
R0154,Urban Bistro,Thai,Tokyo,4.1,1130,No,84,1987,198810
R0155,Blue Kitchen,Mediterranean,Tokyo,3.2,910,No,1123,1999,141380
R0156,Spice Garden,Japanese,Toronto,2.5,710,Yes,514,2011,139240
R0157,Fire Lounge,Italian,Tokyo,2.8,1540,No,366,2011,70660
R0158,Golden Lounge,Indian,Singapore,4.8,1660,Yes,163,2014,24890
R0159,Urban Palace,Korean,Berlin,4.7,1090,No,1933,1990,83740
R0160,Red Kitchen,Thai,New York,3.1,1110,No,1251,2009,39350
R0161,Red Bistro,American,Tokyo,4.4,1620,Yes,495,2012,47490
R0162,Red Corner,Thai,Tokyo,4.0,970,Yes,1573,2006,134880
R0163,Royal Hub,Mediterranean,London,4.9,1950,Yes,1163,1988,138830
R0164,Urban Lounge,Mexican,Toronto,3.4,1440,No,75,1999,112950
R0165,Urban Grill,Italian,Paris,4.2,1610,No,1177,2010,94640
R0166,Red Café,Italian,Dubai,2.7,1500,Yes,389,2002,141370
R0167,Royal Hub,Korean,Sydney,3.5,690,Yes,1346,1993,82860
R0168,Red Grill,Mexican,Tokyo,4.9,1120,Yes,416,1988,149950
R0169,Golden Lounge,French,Sydney,3.8,1430,Yes,1440,1989,61490
R0170,Urban Palace,Chinese,Singapore,3.2,730,Yes,286,1990,78480
R0171,Spice Grill,Indian,Paris,2.8,1530,Yes,624,1996,96560
R0172,Red Palace,Italian,Dubai,4.3,1960,Yes,1442,2015,43450
R0173,Blue Corner,Japanese,Toronto,4.1,1700,Yes,323,1993,86800
R0174,Green Café,Italian,New York,3.4,970,Yes,558,1991,107700
R0175,Spice House,Thai,Dubai,4.9,970,No,1282,2013,147870
R0176,Red Kitchen,Italian,Dubai,2.6,390,Yes,1978,1998,128630
R0177,Street Garden,Italian,New York,3.3,1100,Yes,470,2004,89840
R0178,Green Garden,Chinese,Berlin,4.8,1180,Yes,408,2016,72560
R0179,Fire Kitchen,Chinese,Toronto,3.3,1920,Yes,1701,2006,85510
R0180,Urban Garden,American,London,3.1,750,Yes,460,2020,186620
R0181,Ocean House,French,Sydney,3.8,210,Yes,480,2002,34680
R0182,Fire Grill,Japanese,Tokyo,4.6,1240,Yes,1677,2009,111320
R0183,Fire Lounge,Italian,Dubai,2.8,1920,No,1592,2015,43180
R0184,Golden Corner,Italian,Singapore,4.9,1870,Yes,1467,2019,65360
R0185,Golden Corner,Indian,New York,4.5,1310,Yes,965,2010,73470
R0186,Blue Bistro,Chinese,Sydney,3.0,430,Yes,1479,1988,164620
R0187,Royal Corner,Japanese,Paris,4.3,1760,Yes,716,2004,155810
R0188,Fire Café,Korean,New York,3.5,1280,No,112,2018,120670
R0189,Green Palace,American,Paris,3.5,870,No,337,1996,52260
R0190,Ocean Lounge,French,Toronto,4.5,1330,Yes,1716,2000,139200
R0191,Royal Grill,Mexican,Dubai,4.9,1030,Yes,610,1989,172720
R0192,Urban Corner,French,Singapore,2.8,680,No,255,2019,48190
R0193,Red Lounge,Thai,Tokyo,3.6,510,Yes,1091,2011,59700
R0194,Street Grill,Italian,Paris,3.7,800,Yes,114,1985,122580
R0195,Blue Garden,American,Sydney,3.4,1890,Yes,701,2018,188080
R0196,Golden Hub,Thai,Berlin,3.4,1480,Yes,981,2016,41050
R0197,Green Garden,Japanese,Toronto,2.6,1210,No,1102,2023,179070
R0198,Spice House,Mexican,Berlin,4.2,540,Yes,1002,2017,118750
R0199,Red Kitchen,Chinese,Toronto,3.6,700,Yes,1335,2015,133650
R0200,Street Palace,American,London,3.0,640,Yes,162,1997,51470
R0201,Blue Grill,American,Sydney,4.5,960,No,1570,1986,142530
R0202,Red Garden,Italian,Berlin,4.5,1320,Yes,1922,2014,151020
R0203,Royal Palace,Mediterranean,Singapore,3.7,840,No,1068,1994,99010
R0204,Urban Garden,American,Dubai,3.2,330,Yes,966,2007,195580
R0205,Fire Palace,Indian,New York,4.1,1120,No,1048,2017,120010
R0206,Spice Café,Mexican,Tokyo,3.2,1500,Yes,1139,2023,22340
R0207,Street Lounge,Mexican,Dubai,3.1,430,Yes,739,2013,67700
R0208,Street Café,Indian,Dubai,4.3,840,Yes,1929,2014,71280
R0209,Green Café,Korean,Toronto,2.6,1950,No,83,2018,101590
R0210,Blue Grill,Indian,Singapore,2.7,1570,Yes,865,2023,44740
R0211,Blue House,Indian,Toronto,2.5,320,Yes,1964,2001,22260
R0212,Street House,Mexican,San Francisco,2.9,1610,Yes,294,2006,81600
R0213,Golden Café,French,Paris,2.7,1190,Yes,1583,1989,128020
R0214,Royal Garden,Mexican,Tokyo,5.0,1570,No,1230,1995,120070
R0215,Fire Grill,Mediterranean,Paris,3.2,1870,Yes,289,2006,73570
R0216,Blue Bistro,Italian,New York,2.9,1700,No,796,2016,197940
R0217,Blue Corner,Thai,San Francisco,3.1,1180,Yes,695,2008,67640
R0218,Royal Grill,French,Sydney,4.8,740,No,1850,1995,165890
R0219,Blue Bistro,Chinese,New York,3.8,820,Yes,1589,1995,120370
R0220,Fire Palace,Thai,New York,3.4,900,Yes,978,2001,33370
R0221,Spice Grill,Italian,London,4.7,1890,Yes,1699,2016,74200
R0222,Golden Garden,Mediterranean,Tokyo,3.5,1180,No,1186,2003,185010
R0223,Red Kitchen,Mediterranean,Toronto,3.3,850,Yes,300,2011,38130
R0224,Green Café,Chinese,Singapore,3.0,980,Yes,941,2016,117790
R0225,Red Palace,French,Paris,3.4,920,No,1175,2009,134440
R0226,Royal Café,Korean,New York,3.3,660,No,777,2012,43740
R0227,Blue Bistro,Indian,Paris,4.2,1000,No,321,2011,35260
R0228,Green Lounge,French,Paris,3.2,1450,Yes,655,1998,137590
R0229,Spice Garden,Korean,Sydney,3.9,710,Yes,1065,2023,90870
R0230,Golden House,Mediterranean,Tokyo,2.7,1650,No,35,1986,107930
R0231,Green Kitchen,Mexican,Tokyo,3.0,1650,Yes,1944,2001,56140
R0232,Fire Lounge,Italian,Berlin,3.5,1710,Yes,264,1985,41490
R0233,Blue Corner,Chinese,Dubai,4.8,420,Yes,1978,2016,105790
R0234,Fire Hub,Italian,Tokyo,3.4,1590,No,1768,2003,160150
R0235,Urban Palace,Japanese,Paris,4.2,1700,Yes,1089,1998,46960
R0236,Street Hub,Japanese,Toronto,3.1,400,No,302,2015,146260
R0237,Red Café,French,Paris,2.8,830,Yes,646,2002,165190
R0238,Blue Kitchen,Mediterranean,Toronto,2.6,910,No,239,1998,173140
R0239,Urban House,Mediterranean,Berlin,3.3,1810,Yes,62,1998,140250
R0240,Fire Palace,Indian,Toronto,2.9,1490,Yes,963,2008,33050
R0241,Blue Kitchen,Indian,Tokyo,2.9,880,Yes,110,1989,154390
R0242,Royal Kitchen,Indian,Sydney,4.4,1780,No,1500,2000,27160
R0243,Red Grill,Mexican,Toronto,2.5,870,Yes,1879,1989,77580
R0244,Royal House,Thai,Paris,3.9,1660,No,813,1997,131830
R0245,Green Palace,American,Singapore,3.4,1470,Yes,878,2000,105050
R0246,Golden Corner,Thai,Tokyo,3.8,1260,Yes,276,1999,42800
R0247,Urban House,Italian,Singapore,3.9,1280,Yes,1828,2015,170800
R0248,Fire Hub,Thai,San Francisco,3.3,910,Yes,11,1989,110790
R0249,Green Bistro,Mexican,San Francisco,3.2,1220,No,31,2005,82780
R0250,Fire Garden,Italian,Paris,4.3,1600,Yes,587,2014,60290
R0251,Royal Hub,Thai,San Francisco,4.7,840,No,221,2007,50630
R0252,Green Lounge,Mexican,Dubai,3.0,1530,No,1269,2022,153130
R0253,Street Garden,American,Berlin,2.7,1310,Yes,1913,2013,103520
R0254,Spice Lounge,Thai,Tokyo,4.7,1740,Yes,538,1997,123790
R0255,Royal Bistro,Mexican,Singapore,3.4,980,Yes,397,2016,125430
R0256,Urban Corner,Indian,Paris,3.9,1990,No,23,2011,58920
R0257,Blue Hub,Mediterranean,Dubai,3.4,1450,Yes,528,2018,115620
R0258,Green Grill,Indian,Paris,2.8,1400,Yes,1880,2017,53950
R0259,Royal Grill,Mediterranean,Dubai,4.0,1060,No,1255,1988,183590
R0260,Red Garden,Chinese,San Francisco,3.8,670,Yes,1945,2002,44540
R0261,Spice Garden,Chinese,San Francisco,3.0,1070,Yes,625,1990,178280
R0262,Urban Grill,Chinese,Toronto,3.6,870,Yes,971,2012,69570
R0263,Golden Bistro,American,London,4.5,1910,Yes,412,2011,82920
R0264,Fire Grill,Indian,Paris,4.0,1200,Yes,1546,2010,106960
R0265,Red Corner,Mediterranean,Toronto,2.7,360,Yes,296,2004,139590
R0266,Green Lounge,Mexican,Tokyo,3.9,570,No,393,1997,148120
R0267,Spice Kitchen,Italian,Toronto,4.3,1570,Yes,1280,2012,115950
R0268,Ocean Bistro,Mexican,New York,4.5,730,Yes,1933,2018,119590
R0269,Royal Hub,Italian,San Francisco,4.1,1530,Yes,1124,2007,173830
R0270,Fire Kitchen,Japanese,New York,2.9,1530,Yes,835,1994,108920
R0271,Ocean Grill,Mexican,Paris,4.3,710,Yes,321,2014,143130
R0272,Ocean Kitchen,Thai,Singapore,4.2,340,Yes,1470,2006,20100
R0273,Blue Bistro,Thai,Singapore,2.6,870,Yes,735,1989,150950
R0274,Green Kitchen,French,Tokyo,3.5,1310,Yes,52,1993,72210
R0275,Spice Bistro,Indian,Toronto,3.3,1230,Yes,1107,1988,174710
R0276,Ocean Lounge,Italian,Singapore,4.2,260,Yes,763,1985,56770
R0277,Street House,Italian,Dubai,3.0,700,Yes,1002,2018,130110
R0278,Blue House,Indian,Dubai,4.0,770,Yes,1594,2010,171050
R0279,Fire Palace,American,Tokyo,4.8,1280,Yes,1913,2002,93340
R0280,Green Hub,French,Berlin,4.5,1300,Yes,885,2000,139840
R0281,Urban Garden,American,San Francisco,4.8,1730,Yes,1349,2007,71640
R0282,Spice Lounge,American,Toronto,4.9,500,Yes,743,2020,110330
R0283,Golden Bistro,American,Paris,2.5,1110,No,1895,2010,168890
R0284,Spice Garden,Indian,Sydney,4.1,1250,Yes,153,1986,22840
R0285,Ocean House,American,Sydney,3.5,320,Yes,1362,1989,85430
R0286,Fire Lounge,Thai,Sydney,4.6,1650,Yes,218,2013,75700
R0287,Blue Hub,Chinese,Singapore,3.1,1380,No,1132,1988,95230
R0288,Golden Palace,Japanese,Berlin,5.0,1600,Yes,709,2019,130230
R0289,Spice Grill,Italian,Berlin,4.0,1340,No,123,2006,147120
R0290,Spice House,Italian,Toronto,4.5,1710,No,184,1992,30290
R0291,Red Hub,Japanese,Toronto,2.7,760,Yes,280,2005,97550
R0292,Blue Hub,Indian,Berlin,3.0,1450,Yes,72,1992,25530
R0293,Green House,Mexican,Tokyo,4.4,1760,Yes,1017,1989,186510
R0294,Street Kitchen,Indian,Toronto,2.6,730,Yes,805,2005,162030
R0295,Royal Hub,Italian,Tokyo,4.5,1520,Yes,1437,2011,32400
R0296,Golden Café,Italian,New York,2.5,1820,No,234,2022,61590
R0297,Fire Palace,Japanese,Dubai,4.1,380,Yes,1992,1989,127800
R0298,Golden Hub,American,San Francisco,3.4,960,Yes,170,2005,106610
R0299,Royal Kitchen,Indian,Toronto,4.0,880,No,1069,1992,52870
R0300,Golden Kitchen,Mediterranean,Berlin,4.2,630,Yes,390,2006,122150
R0301,Ocean Palace,Japanese,Dubai,3.4,570,No,1686,2002,117810
R0302,Blue Lounge,Thai,Dubai,2.8,810,Yes,327,1988,179510
R0303,Green Garden,Italian,London,2.7,410,Yes,717,1988,73130
R0304,Golden Garden,Japanese,Berlin,4.0,920,Yes,1696,2021,170470
R0305,Spice Café,Indian,San Francisco,3.8,1870,No,465,1999,122520
R0306,Street Hub,Italian,Berlin,4.4,1730,Yes,1302,2022,63170
R0307,Urban Lounge,Mexican,Toronto,3.8,1440,No,353,2011,116110
R0308,Green Palace,Japanese,Paris,3.6,240,Yes,1073,2005,28380
R0309,Red Café,French,New York,3.5,730,No,1783,1988,104610
R0310,Blue Corner,Italian,Tokyo,2.6,1050,No,423,1995,159220
R0311,Ocean Garden,Indian,Paris,3.3,1960,No,1413,2003,68270
R0312,Urban Palace,Chinese,New York,4.9,220,Yes,1255,2003,149030
R0313,Urban Hub,Mediterranean,Paris,4.7,570,Yes,1314,2011,164000
R0314,Green Hub,Korean,Tokyo,3.3,1610,Yes,234,2012,40750
R0315,Fire Palace,American,Singapore,4.0,1940,Yes,1490,1989,196960
R0316,Spice Kitchen,Korean,Berlin,4.6,1610,Yes,1187,2009,182790
R0317,Street Garden,Indian,Paris,3.6,920,No,289,1987,161900
R0318,Urban Kitchen,Thai,Toronto,2.5,570,Yes,1386,2010,170840
R0319,Green House,Thai,San Francisco,2.7,1910,No,1072,1994,145330
R0320,Spice Grill,Chinese,Sydney,3.8,1440,Yes,738,2008,167230
R0321,Street House,American,Toronto,4.9,890,Yes,1789,2013,172640
R0322,Royal Hub,French,Tokyo,4.2,840,Yes,630,1991,182460
R0323,Street Palace,Chinese,San Francisco,2.7,440,No,984,2007,166010
R0324,Green Corner,Korean,Toronto,3.0,350,Yes,582,2011,109950
R0325,Spice Kitchen,Chinese,Dubai,4.4,340,No,498,1993,165630
R0326,Golden Lounge,Korean,Berlin,4.6,1500,Yes,1017,1987,139340
R0327,Street Garden,Italian,San Francisco,4.0,560,No,1978,1997,146750
R0328,Royal Hub,Thai,Dubai,4.1,1440,Yes,946,1990,85210
R0329,Street Grill,Italian,Toronto,2.6,1320,Yes,1231,2022,83550
R0330,Royal Hub,Mediterranean,New York,4.6,1850,Yes,1309,2005,67710
R0331,Green Lounge,American,London,4.5,200,No,1205,2003,46960
R0332,Green House,French,New York,3.1,900,Yes,793,2009,144580
R0333,Urban Corner,Korean,Berlin,4.3,1220,No,517,2023,154630
R0334,Blue Café,French,San Francisco,3.0,380,Yes,414,1988,77960
R0335,Spice Hub,Korean,San Francisco,2.6,710,No,1304,2006,28080
R0336,Urban Corner,Indian,Berlin,3.0,1370,Yes,1968,1989,123430
R0337,Street Kitchen,Chinese,Dubai,2.9,1770,Yes,1587,1985,52930
R0338,Red Café,Mediterranean,London,3.3,1260,Yes,1734,2001,114970
R0339,Fire Bistro,Thai,Toronto,3.5,740,No,781,1993,54590
R0340,Spice Palace,Korean,Tokyo,3.8,330,No,673,1993,62240
R0341,Spice Bistro,French,New York,3.7,320,Yes,140,2008,95710
R0342,Golden Bistro,Mediterranean,New York,3.2,1030,No,1659,1994,161710
R0343,Street Palace,Mexican,Sydney,2.6,1090,Yes,1418,2004,173230
R0344,Ocean Café,Mexican,London,4.0,460,No,1767,2001,87510
R0345,Blue Lounge,Italian,Tokyo,3.5,1080,Yes,1430,1997,117170
R0346,Royal Lounge,Thai,New York,3.2,1560,Yes,1599,2013,174110
R0347,Red Kitchen,Indian,Tokyo,4.7,600,Yes,1883,2020,82370
R0348,Ocean House,French,Toronto,4.4,670,Yes,1329,2007,117910
R0349,Spice Corner,Chinese,San Francisco,4.6,310,Yes,1416,2011,112360
R0350,Golden Corner,Chinese,Tokyo,3.7,1570,No,1545,2002,123450
R0351,Golden Café,French,New York,2.8,250,Yes,1428,2002,161590
R0352,Street Grill,American,Dubai,4.2,1810,No,1587,1993,73190
R0353,Street House,Indian,London,3.0,1990,No,1638,1987,33750
R0354,Royal House,Mediterranean,Berlin,3.6,600,Yes,1293,1991,101300
R0355,Golden House,Korean,Paris,2.7,250,Yes,290,1999,89920
R0356,Royal Café,American,Singapore,4.6,1490,Yes,1389,2014,158500
R0357,Spice House,Korean,Singapore,2.8,340,No,429,1993,152350
R0358,Blue Hub,Korean,Paris,4.8,1640,No,1225,2011,199820
R0359,Urban Café,American,Tokyo,4.7,350,No,646,2020,69490
R0360,Red Garden,Italian,London,3.7,1750,Yes,1461,2002,85720
R0361,Blue House,Mexican,Tokyo,4.4,1040,No,817,2015,157300
R0362,Red Café,Korean,Berlin,4.0,290,Yes,357,2001,145890
R0363,Fire Kitchen,American,London,4.5,1570,Yes,438,1990,190220
R0364,Blue Bistro,American,Paris,3.6,1570,Yes,1425,2023,61660
R0365,Ocean Grill,Japanese,Tokyo,4.5,1750,No,1374,2009,121140
R0366,Red Lounge,Italian,Sydney,3.7,1710,No,556,2022,26450
R0367,Spice House,Thai,New York,4.9,380,Yes,949,2022,78840
R0368,Golden Grill,Japanese,Dubai,3.7,870,No,411,2015,144610
R0369,Urban Kitchen,Japanese,San Francisco,3.7,610,No,1080,2013,184730
R0370,Red Hub,French,Dubai,4.5,1590,Yes,674,1993,167030
R0371,Ocean House,Mexican,Berlin,4.6,1650,Yes,759,1985,171360
R0372,Blue Corner,American,Tokyo,3.9,1700,Yes,1458,2000,134700
R0373,Street Corner,Mexican,Toronto,2.9,1030,Yes,1550,2022,174210
R0374,Red Grill,Indian,London,3.7,1530,Yes,969,2007,25500
R0375,Royal Bistro,French,Tokyo,4.9,720,Yes,1991,1992,72240
R0376,Street Hub,Thai,London,4.4,1170,No,646,1996,155500
R0377,Fire Grill,Mexican,San Francisco,4.5,610,Yes,888,1994,75810
R0378,Street Grill,Chinese,Sydney,2.6,490,Yes,1361,2000,114350
R0379,Golden Kitchen,Korean,Dubai,3.7,280,Yes,96,2008,54790
R0380,Golden Palace,Indian,New York,4.1,1890,Yes,524,2023,111370
R0381,Royal Kitchen,Italian,San Francisco,4.6,530,No,1013,1992,80910
R0382,Spice Lounge,Thai,San Francisco,2.6,1870,Yes,1198,1995,46330
R0383,Fire Café,Indian,Dubai,4.6,1070,Yes,1256,2010,87900
R0384,Spice Hub,Korean,San Francisco,3.9,1640,No,870,1991,55010
R0385,Green Bistro,French,Toronto,3.0,1760,Yes,1330,1999,28890
R0386,Street Palace,Korean,Toronto,3.3,690,No,925,1999,107650
R0387,Urban Corner,Japanese,Singapore,3.2,950,Yes,460,1987,161970
R0388,Spice Kitchen,Korean,Singapore,3.8,1960,Yes,1376,2000,61600
R0389,Golden Lounge,Japanese,Toronto,2.6,650,No,1969,1999,121560
R0390,Spice Kitchen,French,Paris,2.9,650,Yes,350,2009,60510
R0391,Fire Garden,Mediterranean,Sydney,4.5,1450,Yes,1494,2017,182270
R0392,Royal Café,Japanese,London,2.8,360,Yes,1425,1998,81970
R0393,Spice Corner,Italian,Sydney,3.1,850,Yes,1934,2008,155320
R0394,Ocean Garden,Korean,Berlin,3.6,1230,No,1570,1995,42830
R0395,Royal House,Korean,San Francisco,3.8,240,No,1584,1987,69840
R0396,Green Palace,Italian,New York,4.4,1420,Yes,430,1993,189950
R0397,Urban Kitchen,Chinese,San Francisco,3.6,1440,Yes,390,1990,154140
R0398,Fire Café,American,Sydney,4.5,1310,No,1650,2015,88370
R0399,Golden Café,Mediterranean,Toronto,4.0,350,No,14,2000,157320
R0400,Red Grill,Thai,Dubai,2.8,1000,Yes,657,1995,92750
R0401,Green Garden,Japanese,Berlin,2.9,1100,No,1037,2001,107150
R0402,Royal Café,Italian,Toronto,3.6,1540,Yes,1714,1987,55770
R0403,Urban Hub,French,Sydney,3.5,1550,Yes,325,2003,167390
R0404,Royal Hub,Japanese,Dubai,4.4,910,No,1855,2008,135900
R0405,Blue Kitchen,American,New York,4.0,1150,Yes,1951,1992,30230
R0406,Ocean Grill,French,Sydney,3.5,1300,Yes,1111,2020,174370
R0407,Spice Corner,Indian,London,2.9,1010,Yes,540,1986,133180
R0408,Red Kitchen,Korean,Tokyo,3.1,570,Yes,1750,2007,130230
R0409,Ocean Palace,Indian,Dubai,3.9,730,Yes,364,2014,174300
R0410,Ocean Kitchen,Japanese,Sydney,3.6,950,No,1869,2009,92350
R0411,Green Kitchen,American,Toronto,3.8,340,Yes,1066,1991,126190
R0412,Urban Kitchen,Mediterranean,London,2.9,1970,Yes,671,2012,100680
R0413,Red Garden,Japanese,Paris,4.2,1350,Yes,1738,2001,32840
R0414,Red Café,Italian,Dubai,4.6,280,Yes,1172,2016,164660
R0415,Fire Corner,Mexican,London,3.1,270,Yes,1305,1985,73530
R0416,Street Café,Japanese,Toronto,3.7,1290,Yes,1229,2011,29030
R0417,Blue Garden,Korean,Sydney,4.9,1660,Yes,136,2020,113690
R0418,Blue Corner,Korean,San Francisco,3.3,700,No,358,1991,105210
R0419,Ocean Corner,Japanese,New York,4.0,500,Yes,1776,1987,120810
R0420,Street Lounge,French,San Francisco,2.7,1210,No,1077,2014,183650
R0421,Royal Kitchen,Mexican,Tokyo,4.0,220,Yes,751,1985,179710
R0422,Street Palace,Italian,London,2.7,1180,No,737,2018,120590
R0423,Urban Café,Japanese,Tokyo,4.9,1020,Yes,253,2022,127070
R0424,Spice Café,French,New York,4.3,620,No,18,2020,24120
R0425,Ocean Café,Korean,London,4.5,480,Yes,1795,2017,86390
R0426,Ocean Kitchen,Korean,Singapore,4.3,290,No,721,2000,58330
R0427,Royal Palace,American,Toronto,4.0,1590,Yes,855,2022,148020
R0428,Ocean Palace,Japanese,London,3.6,650,No,1112,1995,85570
R0429,Red Lounge,Mexican,Toronto,4.6,490,No,1790,1992,124670
R0430,Ocean Lounge,Chinese,San Francisco,4.9,1130,No,1223,1985,140320
R0431,Green Corner,Mexican,Berlin,3.7,510,Yes,95,1998,171260
R0432,Street House,Korean,Dubai,4.8,660,Yes,1518,2014,48820
R0433,Blue Garden,Korean,Berlin,4.0,1070,No,280,2005,139350
R0434,Urban Corner,Indian,Sydney,3.8,820,Yes,1807,2005,45190
R0435,Urban Bistro,Korean,Dubai,3.6,1730,Yes,522,2018,148050
R0436,Street Grill,Italian,Dubai,3.0,1500,Yes,1053,2022,64000
R0437,Urban Corner,Thai,Paris,2.5,420,Yes,1522,2010,108460
R0438,Green Lounge,Japanese,Dubai,3.1,930,Yes,1965,1998,185640
R0439,Ocean Grill,Mexican,New York,3.8,690,Yes,139,2019,50190
R0440,Blue Hub,Thai,Berlin,3.4,1830,Yes,847,2002,27640
R0441,Street Hub,French,San Francisco,3.6,1430,Yes,779,2004,125580
R0442,Ocean Garden,Chinese,Toronto,5.0,320,Yes,1676,1993,181750
R0443,Urban House,Italian,Sydney,3.4,1450,No,1040,2017,162140
R0444,Royal Palace,Mexican,Dubai,3.6,480,Yes,861,1988,87990
R0445,Ocean Lounge,Thai,Sydney,2.8,1850,Yes,1786,1988,165090
R0446,Street Café,Chinese,San Francisco,2.6,1400,Yes,1737,2000,119740
R0447,Golden House,Indian,Sydney,4.4,1090,No,946,2010,194480
R0448,Royal Kitchen,Italian,San Francisco,3.9,1520,Yes,1343,1990,76810
R0449,Royal Grill,Italian,Dubai,4.4,1670,Yes,1842,2021,197300
R0450,Fire Corner,Indian,San Francisco,2.9,970,Yes,1660,2006,89970
R0451,Fire House,Japanese,Dubai,3.9,1280,Yes,910,2023,113740
R0452,Green Palace,Indian,Paris,3.1,330,Yes,482,1991,61320
R0453,Urban Garden,Italian,Paris,3.1,1550,No,1135,2014,44530
R0454,Ocean Palace,Italian,San Francisco,2.5,670,Yes,347,1994,25380
R0455,Fire Kitchen,Thai,Paris,2.8,1600,Yes,328,1999,126150
R0456,Green Hub,Korean,Toronto,3.3,430,Yes,1546,1990,43030
R0457,Urban Hub,Chinese,Toronto,2.8,980,No,1058,2008,186320
R0458,Fire Corner,Indian,Paris,5.0,1810,Yes,730,1986,197750
R0459,Red Palace,Chinese,Paris,3.3,700,Yes,1463,1999,33350
R0460,Golden Lounge,Indian,Singapore,2.8,220,Yes,152,2005,42590
R0461,Street Corner,French,Singapore,3.0,1470,Yes,1742,2002,86150
R0462,Royal Palace,Italian,Dubai,4.0,1380,No,666,1989,106910
R0463,Royal House,Korean,San Francisco,2.7,770,Yes,1182,2009,28100
R0464,Green Kitchen,Thai,Tokyo,4.7,1440,Yes,1726,2020,57130
R0465,Urban Café,Korean,Tokyo,4.9,1320,Yes,1088,1994,57040
R0466,Street Kitchen,Korean,Paris,3.1,740,Yes,480,2007,32100
R0467,Royal Hub,Korean,Sydney,3.6,1380,Yes,372,2008,162110
R0468,Royal Palace,Chinese,Paris,2.6,1390,No,659,1994,180980
R0469,Royal Bistro,Indian,Singapore,4.1,990,Yes,218,1990,57450
R0470,Blue Bistro,Mediterranean,Dubai,3.5,610,Yes,1218,1997,121780
R0471,Royal Palace,French,Paris,3.2,400,Yes,1098,2005,198750
R0472,Blue Hub,Mexican,Berlin,3.0,290,No,558,2016,178160
R0473,Royal Garden,Korean,Sydney,4.1,760,Yes,1145,1999,176200
R0474,Urban Garden,Japanese,Berlin,3.5,1720,No,272,1986,152180
R0475,Urban Corner,Chinese,Dubai,2.9,750,Yes,1109,1999,81100
R0476,Blue Palace,Thai,Dubai,4.2,570,Yes,1329,2001,38170
R0477,Royal Grill,Mexican,Toronto,3.9,1050,Yes,1211,2004,86130
R0478,Spice Bistro,Mediterranean,London,4.6,1320,Yes,775,1990,63190
R0479,Fire Grill,Japanese,Berlin,2.8,1310,Yes,10,1999,196590
R0480,Red Hub,Mediterranean,Toronto,4.5,1940,Yes,157,2001,92310
R0481,Blue Palace,Mexican,Singapore,4.2,730,Yes,885,2010,132140
R0482,Red Garden,Korean,New York,2.8,650,Yes,1704,2006,48770
R0483,Street Hub,Japanese,Sydney,4.2,230,Yes,1869,1993,60870
R0484,Ocean Grill,Mediterranean,New York,3.6,1900,Yes,995,1996,31470
R0485,Golden Corner,Thai,San Francisco,4.9,810,No,1813,2006,179410
R0486,Ocean Lounge,Indian,Singapore,2.9,1430,Yes,1695,2007,186210
R0487,Red Bistro,Italian,Singapore,4.1,1470,No,1162,2021,96090
R0488,Royal Café,Indian,New York,3.5,1310,Yes,1671,1998,117370
R0489,Blue Lounge,Mexican,Berlin,4.9,1040,Yes,522,2008,59830
R0490,Fire Bistro,Chinese,London,3.3,230,No,1932,1992,145550
R0491,Golden Corner,Italian,Berlin,4.9,840,Yes,638,2010,101340
R0492,Red Lounge,French,New York,4.8,810,Yes,981,2016,76060
R0493,Blue Bistro,Thai,San Francisco,3.2,1090,Yes,1535,2012,139180
R0494,Fire Bistro,French,Berlin,4.5,1390,Yes,1182,2016,178130
R0495,Golden Palace,Japanese,Tokyo,5.0,1490,No,1302,2006,140930
R0496,Golden Café,Italian,Berlin,3.1,1560,No,1734,1993,191060
R0497,Red Hub,French,Dubai,3.6,640,Yes,662,1987,30950
R0498,Street Grill,French,Toronto,3.8,1650,Yes,1138,2009,193790
R0499,Urban Grill,Mediterranean,Sydney,3.2,1310,No,475,2023,180760
R0500,Street Grill,Indian,Berlin,2.5,1950,Yes,773,1996,66610
R0501,Spice Hub,Mediterranean,London,3.1,610,Yes,1029,2013,181810
R0502,Fire House,Italian,London,3.2,600,Yes,938,1987,193760
R0503,Blue Kitchen,Italian,Berlin,3.6,1080,Yes,1935,2007,120870
R0504,Blue House,Mexican,Paris,2.9,610,No,1314,2007,76820
R0505,Street Kitchen,Mediterranean,Singapore,4.7,540,Yes,1440,2002,79610
R0506,Fire Café,American,Berlin,4.3,1850,Yes,1889,1995,72040
R0507,Golden Bistro,Indian,Singapore,2.7,860,Yes,1646,2020,95520
R0508,Golden Grill,Italian,Tokyo,4.1,600,No,803,2010,184680
R0509,Royal Café,Mexican,New York,4.1,1180,Yes,909,1992,90840
R0510,Urban Lounge,Mediterranean,Tokyo,4.9,690,No,1391,2012,130800
R0511,Red Corner,Indian,Berlin,2.5,1230,No,684,2002,148790
R0512,Blue Bistro,Mediterranean,London,3.1,1050,Yes,1018,1997,80550
R0513,Red Grill,French,Paris,4.8,980,Yes,1236,2020,46690
R0514,Spice Kitchen,Mexican,San Francisco,4.8,640,Yes,1645,1996,140280
R0515,Street Kitchen,Indian,Singapore,4.3,1660,No,290,2006,30080
R0516,Fire Bistro,Korean,Toronto,4.4,1250,No,925,1986,175230
R0517,Urban Kitchen,Japanese,Singapore,2.7,1640,Yes,1290,2012,145390
R0518,Green Lounge,Japanese,Dubai,3.8,1410,Yes,1127,1997,41990
R0519,Green Kitchen,Indian,Sydney,3.1,960,Yes,333,2017,115510
R0520,Street Palace,Mediterranean,Berlin,3.0,750,No,800,1987,192930
R0521,Spice House,Mexican,Tokyo,4.5,1310,Yes,1772,2018,54390
R0522,Golden Corner,Japanese,Toronto,2.8,1120,Yes,1395,2007,78820
R0523,Golden Lounge,Mexican,London,3.7,600,Yes,1695,2016,66950
R0524,Blue Palace,Japanese,London,4.8,1890,Yes,1384,2004,30060
R0525,Street Palace,French,London,3.0,250,Yes,1095,2012,91140
R0526,Red Corner,Mediterranean,San Francisco,4.9,1170,Yes,1674,1992,132440
R0527,Golden Corner,French,Dubai,5.0,920,Yes,196,1987,195270
R0528,Ocean Bistro,Japanese,London,3.9,1870,Yes,1613,2014,95520
R0529,Golden House,Korean,London,2.9,600,No,924,2009,160270
R0530,Street Grill,Korean,Berlin,3.3,280,Yes,551,2014,32240
R0531,Golden Lounge,French,Dubai,3.6,270,Yes,906,2013,64950
R0532,Street Garden,Korean,Paris,3.3,1910,Yes,1337,2014,144410
R0533,Royal Bistro,Japanese,Paris,3.2,1230,Yes,1820,2018,21810
R0534,Ocean Lounge,Indian,Dubai,4.9,320,Yes,648,2009,148120
R0535,Royal House,French,Sydney,2.9,380,No,445,2001,94500
R0536,Urban Café,Chinese,San Francisco,4.3,1170,Yes,222,2008,49450
R0537,Blue Grill,Mediterranean,Toronto,2.5,1150,Yes,1439,2022,129390
R0538,Royal Hub,Korean,Singapore,4.0,680,Yes,827,2012,120720
R0539,Street Café,Korean,Berlin,4.8,1190,Yes,971,2017,137940
R0540,Spice Lounge,Italian,New York,3.2,1010,Yes,1167,2020,108460
R0541,Fire Corner,American,Paris,3.0,1770,No,969,1991,56860
R0542,Street Hub,French,Dubai,4.1,850,Yes,926,2007,124270
R0543,Street House,Thai,Toronto,4.3,1100,Yes,1002,2010,113920
R0544,Red Hub,Korean,Dubai,4.2,780,No,924,1998,126540
R0545,Golden Hub,Mediterranean,Singapore,3.3,720,Yes,1252,2012,194090
R0546,Fire House,Chinese,Toronto,3.1,710,Yes,430,2008,64120
R0547,Urban Corner,Korean,Paris,4.9,1000,Yes,328,1991,153070
R0548,Blue Lounge,Chinese,London,4.8,1780,Yes,1190,2020,105590
R0549,Urban Café,Japanese,Dubai,3.6,340,Yes,197,2023,66500
R0550,Royal Hub,Japanese,New York,4.6,1400,No,1509,1999,128440
R0551,Street Hub,American,Paris,3.6,1670,No,171,1987,196330
R0552,Royal Kitchen,Indian,Tokyo,3.6,240,No,138,1986,49830
R0553,Urban Hub,Thai,New York,2.9,1540,Yes,313,1991,65750
R0554,Spice Garden,Italian,Sydney,3.6,370,No,1122,2000,61090
R0555,Fire Garden,American,San Francisco,3.8,750,Yes,1928,2005,163630
R0556,Street Grill,Mexican,Paris,2.6,940,Yes,926,1993,144290
R0557,Street Kitchen,Italian,London,3.6,1150,Yes,1195,1996,189730
R0558,Fire Corner,French,Paris,4.5,1330,Yes,931,2013,37820
R0559,Street Café,Mediterranean,Singapore,4.2,1200,No,1069,2008,113990
R0560,Golden Bistro,Mexican,Toronto,4.1,1920,Yes,1260,2017,64120
R0561,Red Café,Mexican,Dubai,4.8,470,No,160,1998,167390
R0562,Urban Lounge,American,Toronto,2.5,690,Yes,602,2002,170870
R0563,Golden Lounge,Indian,Toronto,3.9,210,Yes,56,1989,165980
R0564,Golden Corner,American,Paris,4.5,870,Yes,1749,1999,126160
R0565,Urban Corner,French,Singapore,3.9,1470,Yes,949,1991,66800
R0566,Blue Hub,Korean,Dubai,3.3,960,No,669,2009,24700
R0567,Green Hub,Korean,Dubai,2.8,430,Yes,240,1998,141010
R0568,Green Corner,Indian,Toronto,4.7,1310,No,1572,2020,68270
R0569,Ocean Corner,French,Sydney,3.7,1950,Yes,1011,2019,70670
R0570,Blue Café,Indian,San Francisco,4.7,1920,Yes,1734,2008,122860
R0571,Urban Café,Chinese,Singapore,4.0,1380,Yes,174,1999,49940
R0572,Ocean Café,Korean,Sydney,4.2,550,No,733,1995,196970
R0573,Green House,Mexican,Berlin,4.5,210,Yes,829,2008,130700
R0574,Golden Bistro,Thai,Berlin,4.1,1460,Yes,1620,1995,99340
R0575,Green Palace,Mediterranean,New York,3.5,1240,Yes,1637,2001,159710
R0576,Green Palace,French,Toronto,3.8,370,Yes,1607,1990,159390
R0577,Royal Café,Italian,Dubai,4.5,1960,Yes,1099,2005,22820
R0578,Urban Palace,Indian,Paris,3.4,270,Yes,1953,1992,96090
R0579,Green Bistro,Mediterranean,Dubai,3.5,340,Yes,1113,1999,164280
R0580,Ocean Grill,Italian,Dubai,2.7,1640,Yes,149,2016,138400
R0581,Fire Café,Mediterranean,London,4.8,420,Yes,409,1994,197820
R0582,Spice Lounge,Thai,Dubai,2.7,1120,Yes,1965,2012,47330
R0583,Urban Corner,Italian,New York,4.1,1740,Yes,139,1999,60670
R0584,Spice Garden,American,Sydney,3.5,1840,Yes,994,1996,131270
R0585,Ocean Kitchen,Japanese,Berlin,3.5,680,Yes,775,2002,140100
R0586,Urban Palace,American,Dubai,4.2,830,Yes,455,2021,52380
R0587,Red Garden,Korean,Dubai,2.7,530,Yes,1865,2008,119640
R0588,Blue Corner,Japanese,London,4.0,370,Yes,38,2021,92100
R0589,Golden Garden,American,Singapore,4.4,830,Yes,1235,2013,27870
R0590,Spice Garden,Japanese,Paris,4.6,1250,Yes,1270,1994,176990
R0591,Street Café,Japanese,Singapore,2.9,930,Yes,1632,1998,170600
R0592,Street Café,Mexican,Paris,4.7,1210,No,1641,2000,144880
R0593,Golden Lounge,Indian,San Francisco,4.1,1910,Yes,808,2021,170020
R0594,Spice Kitchen,Indian,Dubai,4.7,360,Yes,1372,1995,66430
R0595,Blue Lounge,Mexican,London,3.7,1600,Yes,1432,2010,76400
R0596,Spice Bistro,Mediterranean,Tokyo,3.9,710,Yes,1472,2003,54100
R0597,Green House,Chinese,Toronto,4.8,1890,Yes,298,2002,33580
R0598,Ocean Bistro,Mediterranean,Berlin,4.7,830,No,1285,2014,137960
R0599,Fire Café,Italian,Sydney,3.6,530,Yes,986,2016,131850
R0600,Ocean Bistro,Italian,Berlin,3.2,1140,No,1725,2007,176310
R0601,Fire Palace,Japanese,Sydney,3.5,1060,Yes,109,1996,124330
R0602,Street Café,American,San Francisco,3.5,1210,No,1949,1997,189210
R0603,Red Lounge,American,Singapore,3.2,1800,No,1618,2005,65760
R0604,Street Café,Indian,New York,3.2,1590,Yes,431,2005,98980
R0605,Green Garden,French,Dubai,4.7,950,Yes,652,2013,197340
R0606,Ocean Garden,Mediterranean,Tokyo,2.7,380,Yes,703,2013,111360
R0607,Royal Bistro,Korean,Sydney,4.2,1560,No,715,2011,162160
R0608,Red Garden,Thai,Toronto,2.9,930,Yes,27,2013,143980
R0609,Blue Hub,American,Sydney,3.4,1640,Yes,480,1999,159940
R0610,Fire Palace,Thai,New York,2.7,690,Yes,1671,1996,110420
R0611,Fire Bistro,Japanese,Berlin,3.2,580,Yes,732,2003,111870
R0612,Blue Kitchen,Thai,London,4.4,1880,No,1040,1996,87140
R0613,Green Hub,Korean,Berlin,4.7,1570,Yes,428,2007,162870
R0614,Royal Grill,Mexican,San Francisco,3.1,310,Yes,389,1989,149530
R0615,Golden Hub,Korean,London,3.7,980,Yes,517,2010,105410
R0616,Green Kitchen,Thai,Berlin,3.7,340,Yes,123,1994,199210
R0617,Green Bistro,Korean,Toronto,4.7,470,No,861,2006,131690
R0618,Golden Lounge,Chinese,Berlin,4.4,1510,No,520,2023,93810
R0619,Royal Garden,Japanese,Toronto,3.8,550,Yes,1629,2007,43660
R0620,Blue Café,Mediterranean,Toronto,4.2,1380,Yes,860,1995,154940
R0621,Golden House,Mexican,London,4.6,840,No,1906,2012,90280
R0622,Fire Garden,American,Singapore,2.5,1170,Yes,985,2015,124280
R0623,Spice Café,Italian,Paris,3.5,660,Yes,623,1992,132860
R0624,Spice Bistro,Mediterranean,Dubai,4.8,1000,Yes,478,2023,80410
R0625,Fire Grill,Italian,Sydney,4.4,580,Yes,102,2012,61740
R0626,Fire Hub,Japanese,Paris,3.9,570,Yes,1525,2000,29230
R0627,Urban Palace,Mexican,New York,3.8,630,No,1861,2015,190020
R0628,Urban Grill,Indian,Singapore,3.4,1980,Yes,1135,2000,53030
R0629,Street Grill,American,Paris,3.8,1160,Yes,502,1989,158850
R0630,Fire Corner,Chinese,London,4.1,1430,Yes,772,2019,112390
R0631,Urban House,Indian,New York,3.5,450,No,1569,2009,118900
R0632,Blue Palace,Japanese,Tokyo,4.3,1830,Yes,1518,1997,96000
R0633,Red Palace,Mediterranean,Singapore,4.7,1160,Yes,998,2013,101220
R0634,Urban Hub,Chinese,Paris,2.9,200,Yes,488,2011,184660
R0635,Red Grill,Korean,New York,3.6,720,No,886,2001,184760
R0636,Fire Café,Thai,Tokyo,3.5,250,Yes,176,2021,93750
R0637,Street House,Chinese,Berlin,4.2,560,Yes,149,2022,98370
R0638,Green Hub,Japanese,New York,3.1,210,Yes,103,2013,198510
R0639,Green Garden,French,London,4.1,1420,Yes,1214,2018,171880
R0640,Fire Palace,Thai,Berlin,4.7,880,No,585,2014,140090
R0641,Spice Corner,Italian,London,3.5,1880,Yes,1037,2015,74890
R0642,Fire Lounge,American,Paris,4.8,1980,Yes,615,2006,109830
R0643,Golden Garden,Italian,Dubai,5.0,1940,Yes,1422,2009,24750
R0644,Golden Palace,Chinese,Paris,2.8,320,Yes,1305,1988,106950
R0645,Blue Garden,Italian,Berlin,3.1,880,Yes,1828,2019,22300
R0646,Blue House,Japanese,Toronto,4.9,850,No,1165,1993,90210
R0647,Spice Hub,Korean,Paris,4.9,780,Yes,593,2010,117780
R0648,Fire Bistro,Mediterranean,Berlin,2.7,870,Yes,825,2011,132820
R0649,Urban Palace,American,New York,2.5,780,No,1937,2011,187670
R0650,Urban Lounge,Italian,San Francisco,2.9,1360,Yes,602,2002,133550
R0651,Red Palace,Italian,Paris,5.0,290,Yes,1545,2014,126010
R0652,Urban Bistro,Chinese,New York,2.9,1600,Yes,695,2015,191440
R0653,Urban Grill,Mediterranean,London,3.8,1490,No,1845,1987,72430
R0654,Street Hub,Indian,Singapore,4.6,340,Yes,972,2013,193260
R0655,Urban Lounge,Italian,Dubai,2.6,650,Yes,996,1991,196800
R0656,Spice Lounge,Japanese,London,4.0,1570,Yes,1085,2002,125940
R0657,Green Corner,French,London,3.2,1690,Yes,1323,2000,63960
R0658,Urban Garden,American,Berlin,4.7,1080,Yes,455,2016,189920
R0659,Street Garden,Italian,Toronto,3.2,960,Yes,246,2022,28810
R0660,Street Garden,Japanese,Sydney,4.2,1550,Yes,1822,2009,124420
R0661,Golden Lounge,Japanese,San Francisco,4.2,1680,Yes,1524,2016,126200
R0662,Green House,American,Toronto,3.1,1690,No,1313,2003,150420
R0663,Red Garden,Indian,Berlin,2.6,1290,Yes,1077,1987,154940
R0664,Ocean Hub,Japanese,Dubai,3.5,1160,Yes,891,2019,84800
R0665,Green Garden,French,San Francisco,3.2,640,Yes,775,2013,39940
R0666,Ocean House,Japanese,San Francisco,4.5,1100,Yes,946,1995,181730
R0667,Urban Café,Japanese,Berlin,4.5,1870,Yes,1958,1990,197070
R0668,Urban Hub,Japanese,Tokyo,3.6,1330,Yes,368,2003,97680
R0669,Urban Garden,Korean,London,4.0,1690,Yes,655,2021,145090
R0670,Blue Lounge,Korean,Singapore,4.0,1770,Yes,1601,2011,30110
R0671,Fire House,Indian,Tokyo,4.6,920,Yes,1559,1989,190720
R0672,Ocean Bistro,Italian,Berlin,3.6,1920,Yes,699,2010,60680
R0673,Street Lounge,Japanese,Tokyo,3.2,540,Yes,471,2019,54470
R0674,Green Corner,Mediterranean,Singapore,3.2,610,Yes,110,2003,179480
R0675,Ocean Grill,Italian,Berlin,3.8,1520,Yes,701,2001,122360
R0676,Blue Hub,Indian,Berlin,3.6,460,No,993,2019,44620
R0677,Spice House,Mexican,San Francisco,3.6,510,No,1494,1997,71230
R0678,Fire Hub,Italian,Tokyo,2.7,1550,Yes,778,1998,61780
R0679,Golden Café,Italian,New York,4.3,1220,Yes,277,2014,152760
R0680,Street Grill,Thai,Paris,3.0,1040,Yes,892,2001,168280
R0681,Royal Café,Chinese,Berlin,3.0,1650,Yes,1395,2021,81490
R0682,Street Garden,Thai,Tokyo,3.5,970,No,417,1999,131940
R0683,Ocean Kitchen,French,Sydney,3.1,1620,Yes,1070,2002,79160
R0684,Urban House,Korean,Dubai,4.0,1730,Yes,477,1998,65460
R0685,Fire Corner,Korean,Sydney,3.4,630,No,1999,1998,173610
R0686,Royal Corner,Chinese,Tokyo,3.6,510,Yes,1749,2017,53590
R0687,Urban House,American,London,3.8,470,Yes,268,2022,141340
R0688,Spice Kitchen,American,London,3.0,1860,Yes,518,1995,134880
R0689,Golden Bistro,Indian,Tokyo,2.9,1790,Yes,1700,1995,96040
R0690,Street Lounge,Chinese,San Francisco,4.7,960,Yes,1783,2010,145010
R0691,Street Palace,Italian,San Francisco,3.6,370,No,318,1987,60140
R0692,Ocean Lounge,American,Berlin,3.5,1220,Yes,1645,2009,28990
R0693,Red Kitchen,Japanese,Singapore,2.6,890,Yes,1306,2001,31890
R0694,Golden Kitchen,Mediterranean,Paris,3.7,1380,No,634,2006,26520
R0695,Street Corner,Italian,Berlin,3.9,1580,Yes,119,2013,29820
R0696,Green House,French,Sydney,3.9,1790,Yes,1688,2010,25750
R0697,Fire Hub,Japanese,Paris,4.3,1670,Yes,688,2018,105240
R0698,Street Palace,Japanese,Sydney,2.9,1160,Yes,1293,2010,63070
R0699,Blue Palace,Chinese,San Francisco,3.1,1870,Yes,1690,1993,87530
R0700,Green Café,Indian,Tokyo,4.5,1550,No,751,1995,124050
R0701,Urban Garden,French,Singapore,4.9,540,Yes,916,1991,123650
R0702,Street Bistro,American,Sydney,2.8,880,Yes,277,2014,140250
R0703,Blue Palace,Chinese,San Francisco,3.7,1450,Yes,1065,1986,97400
R0704,Golden Grill,American,Singapore,3.0,1180,No,1956,2014,194390
R0705,Red Lounge,Chinese,Berlin,2.7,970,Yes,949,1988,80260
R0706,Royal Palace,Chinese,Tokyo,3.3,1680,No,820,1998,33240
R0707,Royal Corner,Chinese,Dubai,2.9,1300,Yes,1764,1997,173800
R0708,Street Palace,Indian,London,4.3,1710,No,1210,2009,55950
R0709,Fire Palace,Chinese,Toronto,3.8,360,No,113,1997,153180
R0710,Red House,Mexican,Singapore,2.9,1650,No,1269,1997,38820
R0711,Red Grill,Mediterranean,Dubai,2.5,1590,Yes,1126,2021,157660
R0712,Ocean Kitchen,American,Dubai,4.5,1630,Yes,210,1990,31530
R0713,Spice Corner,Italian,Singapore,2.9,230,Yes,1844,2010,186600
R0714,Ocean Garden,Thai,Dubai,4.0,1810,Yes,908,1998,74040
R0715,Red House,French,Sydney,3.3,1110,No,752,1992,72920
R0716,Street Bistro,Korean,Dubai,4.0,1930,Yes,934,2008,124440
R0717,Green Corner,Indian,San Francisco,3.3,940,Yes,1800,2006,132430
R0718,Green Hub,Italian,Paris,2.7,1780,Yes,606,2023,152420
R0719,Street Lounge,Japanese,Sydney,3.1,1720,Yes,1068,2005,125990
R0720,Fire Garden,Mexican,Dubai,3.0,1220,Yes,1150,2010,186900
R0721,Street House,Korean,Berlin,3.6,430,Yes,697,1994,192670
R0722,Spice Café,Thai,London,4.1,840,No,1491,1997,86630
R0723,Royal Garden,Italian,Tokyo,3.2,1360,Yes,1504,1998,172130
R0724,Ocean Grill,Korean,Dubai,2.5,1720,Yes,1968,1993,81890
R0725,Street Café,Italian,New York,3.8,1750,Yes,929,1991,55890
R0726,Street Garden,Mexican,London,4.0,1830,No,797,2023,182390
R0727,Spice Lounge,Thai,Berlin,4.9,1010,Yes,408,2015,56410
R0728,Green Palace,Japanese,San Francisco,4.0,250,Yes,606,2000,93360
R0729,Spice Lounge,Chinese,Dubai,3.7,850,Yes,126,1992,174810
R0730,Royal Garden,American,San Francisco,3.9,860,Yes,371,1999,165420
R0731,Royal House,Japanese,Dubai,4.8,910,Yes,213,2009,41620
R0732,Red Café,Chinese,Toronto,4.6,1140,No,1179,2022,165740
R0733,Royal Lounge,Indian,Paris,3.3,670,Yes,453,1999,71670
R0734,Royal Lounge,Mediterranean,San Francisco,3.1,890,Yes,736,2009,129750
R0735,Green Palace,French,Paris,3.2,970,Yes,1650,1991,185380
R0736,Fire Grill,French,London,3.8,860,Yes,870,2010,56300
R0737,Red Hub,American,Toronto,4.4,1950,Yes,1330,1992,106520
R0738,Red Kitchen,Thai,Tokyo,3.8,840,No,877,2002,197800
R0739,Red Palace,Mexican,Sydney,2.7,1910,Yes,1614,2005,155130
R0740,Street Hub,Thai,Paris,4.3,820,Yes,1520,2000,87970
R0741,Ocean Grill,Mexican,Toronto,4.5,650,Yes,776,1987,85940
R0742,Blue Café,Thai,Paris,3.2,1660,No,1264,1985,38670
R0743,Red Corner,Mediterranean,Singapore,4.2,920,Yes,1236,1997,25760
R0744,Fire Grill,Indian,Berlin,3.6,900,Yes,371,2016,92630
R0745,Blue Hub,Indian,Tokyo,4.7,1290,Yes,404,1996,162310
R0746,Fire Kitchen,Chinese,Berlin,4.6,1970,No,257,2015,57640
R0747,Urban Garden,Korean,Dubai,3.8,820,Yes,1473,1986,24560
R0748,Red Lounge,Indian,Paris,4.2,600,Yes,923,1992,51100
R0749,Golden Palace,Indian,Dubai,4.7,260,No,1429,2009,69070
R0750,Royal House,Japanese,New York,3.7,1560,Yes,770,1989,69680
R0751,Green Palace,Japanese,Paris,3.3,230,Yes,665,1986,162020
R0752,Golden House,Chinese,Toronto,4.4,1080,Yes,1828,2022,60830
R0753,Fire Kitchen,Korean,Tokyo,3.1,1960,Yes,365,2023,184920
R0754,Golden Hub,American,Dubai,3.5,1530,Yes,1434,1987,32310
R0755,Blue Bistro,Japanese,Paris,4.7,1010,No,250,2022,25760
R0756,Royal Garden,American,New York,4.3,400,No,1374,2006,22400
R0757,Fire Hub,Italian,Berlin,3.5,1620,No,1920,2017,128300
R0758,Fire Corner,Japanese,Toronto,3.0,1470,Yes,238,2016,174470
R0759,Fire Hub,Mediterranean,Singapore,3.4,1240,Yes,1576,2001,78090
R0760,Red House,Korean,Paris,3.2,1230,Yes,630,2002,155730
R0761,Red Garden,Chinese,Singapore,2.9,870,Yes,940,1987,187540
R0762,Ocean Bistro,Italian,London,4.4,1790,Yes,1572,1990,184810
R0763,Spice Corner,Korean,Tokyo,3.1,1290,Yes,864,1997,121400
R0764,Fire Lounge,Mediterranean,Paris,3.6,1760,Yes,1705,2015,101560
R0765,Royal Grill,Korean,San Francisco,3.5,850,Yes,538,2001,122850
R0766,Fire Kitchen,Mediterranean,New York,5.0,1810,No,276,2005,122700
R0767,Fire Palace,Mediterranean,Dubai,3.5,460,Yes,1162,2000,115970
R0768,Blue Bistro,American,San Francisco,2.7,790,Yes,229,2001,182700
R0769,Royal House,Thai,London,2.7,1370,Yes,1115,2016,68110
R0770,Green House,Italian,Tokyo,4.0,1860,Yes,570,1985,98270
R0771,Urban Garden,Korean,Berlin,4.0,630,Yes,1586,2022,129370
R0772,Urban Lounge,Mexican,Toronto,3.5,550,Yes,1053,1992,193560
R0773,Golden Grill,Italian,Singapore,3.6,380,Yes,1360,1985,98060
R0774,Golden Kitchen,Thai,London,2.6,1100,Yes,1070,1986,49230
R0775,Green Lounge,Italian,Dubai,3.8,640,No,391,2021,70010
R0776,Red Café,Indian,Toronto,3.8,1680,Yes,1945,2008,191920
R0777,Golden Garden,Mexican,Berlin,2.9,1700,Yes,48,2011,94760
R0778,Spice Grill,Thai,Dubai,2.8,1740,Yes,1142,2004,148860
R0779,Ocean Corner,American,New York,2.8,1170,Yes,438,2005,79630
R0780,Urban Palace,Korean,Singapore,2.8,380,No,1097,2021,79350
R0781,Ocean Hub,French,San Francisco,4.0,600,Yes,1208,2019,187110
R0782,Ocean Bistro,Thai,Paris,3.0,450,Yes,800,2022,190660
R0783,Ocean Garden,Chinese,London,3.1,470,Yes,41,1999,135230
R0784,Spice Kitchen,Korean,Paris,2.9,830,No,954,2014,21230
R0785,Ocean Garden,Thai,Toronto,4.9,870,Yes,1754,1988,27530
R0786,Blue House,Indian,Paris,4.6,990,No,1924,2023,101140
R0787,Urban Bistro,French,San Francisco,3.1,700,Yes,540,1999,36060
R0788,Urban House,Indian,Sydney,3.3,1210,No,115,2007,85250
R0789,Blue Bistro,French,Toronto,3.0,1950,No,491,1999,55780
R0790,Fire Garden,Chinese,Singapore,3.7,290,Yes,215,2010,174680
R0791,Urban Palace,Korean,Dubai,2.5,1860,Yes,1280,1996,49380
R0792,Street Café,American,Singapore,4.2,1190,Yes,844,2002,181570
R0793,Street Bistro,Indian,Paris,3.8,1410,Yes,1712,1990,121180
R0794,Urban Corner,Indian,Tokyo,4.7,1660,Yes,98,2002,158750
R0795,Golden Hub,Mediterranean,Toronto,2.9,830,Yes,1349,2008,44270
R0796,Golden Corner,French,Dubai,4.5,1430,Yes,1044,2022,161500
R0797,Fire Hub,Japanese,Berlin,4.5,380,Yes,1082,2012,117010
R0798,Street Garden,Korean,New York,2.8,950,Yes,1944,1999,183530
R0799,Red Bistro,French,Singapore,3.5,810,Yes,905,2003,78860
R0800,Ocean Corner,Mediterranean,Singapore,2.9,1600,Yes,1606,1989,156720
R0801,Red Lounge,Italian,Toronto,3.1,440,No,1204,1988,165080
R0802,Ocean Bistro,French,Tokyo,3.2,1080,No,152,2001,130020
R0803,Fire Café,American,Paris,3.9,1110,No,216,1994,113920
R0804,Red Bistro,Korean,Paris,3.5,610,Yes,1496,1996,71680
R0805,Spice Hub,Mediterranean,Toronto,4.9,1360,Yes,518,1989,154220
R0806,Ocean Lounge,Italian,Singapore,2.8,580,Yes,1234,1991,52810
R0807,Ocean Garden,Mexican,Dubai,4.9,1770,Yes,14,2007,160710
R0808,Fire Hub,Mediterranean,New York,3.1,1520,Yes,220,1986,108100
R0809,Royal Lounge,Mexican,Toronto,4.4,1000,Yes,38,2014,69540
R0810,Golden Hub,Korean,Dubai,3.3,1650,No,1223,2021,57230
R0811,Blue Kitchen,Indian,Dubai,2.9,1260,Yes,197,1989,36860
R0812,Spice Hub,Mediterranean,Berlin,4.6,1300,Yes,1870,2004,168910
R0813,Urban Hub,Chinese,San Francisco,3.3,400,No,1800,2010,199900
R0814,Ocean Corner,Mexican,Sydney,4.1,690,Yes,1183,2023,149240
R0815,Street Café,American,New York,3.9,1400,Yes,534,1990,180230
R0816,Red Garden,Chinese,London,3.7,1530,Yes,955,2013,62390
R0817,Blue Bistro,Thai,Tokyo,3.7,690,No,1917,1994,105450
R0818,Royal Hub,Thai,Sydney,4.3,1340,Yes,1976,2000,186640
R0819,Ocean Palace,Italian,Berlin,2.7,200,Yes,1399,2018,156330
R0820,Street Garden,Indian,New York,4.2,490,Yes,166,2015,135690
R0821,Green Garden,Korean,Paris,4.7,1260,Yes,89,2020,69320
R0822,Royal House,Mediterranean,Sydney,2.6,1990,Yes,1901,1989,182050
R0823,Spice Lounge,Japanese,Paris,2.9,1840,Yes,1306,2017,187730
R0824,Street Kitchen,American,Tokyo,4.3,670,Yes,669,2003,71830
R0825,Ocean Bistro,Mexican,Paris,3.6,1060,Yes,1751,2016,40530
R0826,Spice Kitchen,Korean,Tokyo,3.5,1480,Yes,635,2007,70080
R0827,Urban Corner,Chinese,New York,2.8,380,Yes,1551,1987,103590
R0828,Green Kitchen,Thai,Singapore,3.8,650,Yes,1823,1985,166900
R0829,Spice Lounge,American,Tokyo,2.8,1490,Yes,241,2020,151370
R0830,Blue Corner,Japanese,Dubai,3.7,750,Yes,1682,2012,41660
R0831,Red Lounge,Mediterranean,London,4.4,1640,Yes,169,2023,101060
R0832,Ocean Lounge,Italian,London,3.1,1110,Yes,353,1989,144610
R0833,Ocean Corner,Japanese,Toronto,3.7,1010,No,1322,1997,131980
R0834,Fire House,American,London,5.0,980,No,214,1995,185700
R0835,Street Corner,Japanese,Toronto,4.2,1690,Yes,1004,2006,142380
R0836,Red Café,American,London,4.6,1240,No,847,2007,46450
R0837,Red House,American,Tokyo,3.5,460,Yes,314,1996,165450
R0838,Blue Kitchen,French,Dubai,4.4,740,No,1393,2005,152960
R0839,Spice Grill,Mexican,Singapore,2.6,1790,Yes,679,2003,196000
R0840,Fire Kitchen,Thai,Paris,2.8,790,Yes,1903,1989,66270
R0841,Street Lounge,French,Berlin,3.0,1280,Yes,409,2008,131910
R0842,Golden Garden,Mediterranean,London,3.5,1750,Yes,1482,2014,32050
R0843,Blue Corner,French,Singapore,4.6,1750,Yes,115,1992,87030
R0844,Ocean Garden,Indian,Singapore,3.4,1390,Yes,1115,1986,186110
R0845,Spice Kitchen,Indian,Tokyo,4.1,1720,Yes,351,2018,149010
R0846,Golden Bistro,Thai,New York,4.3,1040,No,995,2007,41360
R0847,Street Lounge,Japanese,New York,4.0,1050,Yes,1815,1987,139230
R0848,Blue Corner,Mexican,London,3.4,1360,Yes,961,2008,89580
R0849,Golden Bistro,Thai,Berlin,3.9,1730,No,1454,2002,186330
R0850,Royal Café,American,London,3.4,1270,Yes,58,2021,42720
R0851,Ocean Kitchen,Chinese,London,2.7,940,No,215,2015,50180
R0852,Golden Grill,Mexican,Toronto,5.0,1380,Yes,1251,1998,149600
R0853,Blue Kitchen,Mexican,Dubai,2.8,1640,Yes,1851,1985,42150
R0854,Green Corner,American,Dubai,2.7,260,Yes,1709,1998,41570
R0855,Urban Café,American,Berlin,4.7,1670,Yes,1469,1989,178700
R0856,Fire Kitchen,Italian,Toronto,3.3,1850,Yes,800,2015,22960
R0857,Green Hub,Thai,Singapore,4.1,940,Yes,1355,2015,39270
R0858,Golden Garden,American,Toronto,3.3,770,Yes,240,2014,165780
R0859,Blue Palace,Indian,London,3.5,350,Yes,1744,2020,155540
R0860,Urban Bistro,Mediterranean,New York,3.2,1980,Yes,1520,1985,94210
R0861,Golden Garden,Chinese,Sydney,3.4,460,Yes,1462,1987,34570
R0862,Blue Café,Thai,Berlin,3.5,700,No,892,2004,55460
R0863,Street Corner,Korean,Singapore,4.3,940,Yes,735,2005,158540
R0864,Royal Kitchen,Indian,Tokyo,3.8,1630,No,293,2014,153150
R0865,Golden Hub,Japanese,Sydney,4.9,1060,Yes,1519,2014,93610
R0866,Golden Lounge,American,Sydney,2.6,1420,No,285,1989,56640
R0867,Red Palace,Korean,Toronto,3.8,950,Yes,442,1994,96540
R0868,Golden Hub,American,Paris,4.0,590,Yes,1218,2008,184790
R0869,Ocean Bistro,Mexican,Sydney,4.8,860,Yes,1755,2023,115510
R0870,Golden Garden,Indian,London,2.6,1490,Yes,642,1990,81400
R0871,Street Grill,Mexican,San Francisco,3.9,1210,Yes,225,1994,197360
R0872,Golden House,Italian,New York,4.6,1950,Yes,106,1994,199260
R0873,Green Hub,Mexican,New York,3.1,1990,Yes,964,2009,160940
R0874,Spice Grill,Italian,San Francisco,4.7,1710,Yes,1152,1998,192140
R0875,Royal Café,Italian,Dubai,2.5,1120,Yes,374,2023,199890
R0876,Ocean Palace,Korean,London,4.3,1290,Yes,1827,1997,140020
R0877,Ocean Garden,American,Tokyo,4.8,1010,Yes,1436,1995,99370
R0878,Fire Bistro,Japanese,Sydney,4.1,970,No,1017,2023,148500
R0879,Urban Garden,Mexican,Dubai,3.6,210,Yes,627,1995,85160
R0880,Blue Corner,Indian,London,2.6,840,Yes,406,2000,186050
R0881,Golden Hub,Italian,Toronto,4.8,390,Yes,467,2017,84930
R0882,Street Bistro,American,New York,3.7,530,Yes,327,2016,61170
R0883,Green Corner,Chinese,Dubai,2.6,600,Yes,391,1994,74080
R0884,Spice Corner,Thai,Berlin,4.2,1880,Yes,151,1999,27530
R0885,Green Garden,Korean,Sydney,3.7,420,No,466,2000,145010
R0886,Blue Grill,Japanese,Sydney,2.8,570,Yes,510,2011,31880
R0887,Blue Hub,French,Tokyo,3.0,1910,Yes,1940,2016,164750
R0888,Golden Garden,Korean,Paris,2.7,860,Yes,332,1990,106000
R0889,Golden Kitchen,Chinese,Berlin,3.9,810,Yes,1009,2020,126770
R0890,Urban Lounge,Thai,Sydney,4.1,1590,Yes,277,1992,27960
R0891,Urban Café,Chinese,Singapore,3.8,490,Yes,1836,2009,163480
R0892,Urban Garden,Mexican,Berlin,4.5,1060,Yes,496,1991,168360
R0893,Golden Corner,Italian,Sydney,4.7,1880,Yes,887,2001,71450
R0894,Royal Palace,Japanese,San Francisco,4.0,1670,Yes,688,2014,192440
R0895,Fire Lounge,Mediterranean,Berlin,2.5,1370,No,1193,1986,61710
R0896,Spice Corner,Italian,London,4.2,250,Yes,1776,2001,101750
R0897,Ocean Bistro,Mediterranean,Berlin,3.5,940,Yes,23,1988,187490
R0898,Royal Corner,Thai,Tokyo,3.9,1510,Yes,1013,2010,35140
R0899,Ocean Palace,American,Toronto,4.1,1120,Yes,714,1998,174510
R0900,Street Bistro,French,Toronto,3.4,290,No,164,1992,69360
R0901,Green Hub,Indian,Toronto,4.8,700,No,110,1989,176250
R0902,Urban Kitchen,Italian,London,2.8,1120,Yes,581,1989,188820
R0903,Spice Lounge,Japanese,Dubai,4.2,570,Yes,1076,1989,134330
R0904,Street Palace,Chinese,Toronto,2.5,1480,Yes,1226,2011,33690
R0905,Ocean Hub,Japanese,New York,4.8,1550,No,1344,1989,160680
R0906,Golden Palace,Thai,London,2.8,1210,Yes,630,1987,108900
R0907,Green Corner,Mediterranean,Dubai,2.7,1000,No,1638,2022,101160
R0908,Red House,Chinese,New York,3.3,1020,Yes,1761,2014,129190
R0909,Green Bistro,Indian,New York,3.4,1800,Yes,1024,1985,126850
R0910,Spice Bistro,Indian,New York,3.0,1620,No,474,1992,73640
R0911,Golden Garden,Italian,Singapore,4.0,500,No,1196,1997,20900
R0912,Red Corner,Thai,Tokyo,3.6,400,Yes,360,2004,140860
R0913,Ocean House,American,Tokyo,2.6,1500,No,243,1990,133890
R0914,Spice Lounge,Thai,London,3.3,1450,No,1961,1992,188550
R0915,Royal Hub,Mediterranean,New York,4.5,540,No,412,2014,80840
R0916,Ocean House,Japanese,San Francisco,4.2,1880,No,360,1999,114570
R0917,Urban Palace,Indian,Berlin,4.3,1630,Yes,1200,1994,31110
R0918,Spice Lounge,Japanese,Dubai,4.2,640,Yes,1181,2017,25970
R0919,Green Corner,Japanese,Tokyo,3.3,780,No,37,1993,134080
R0920,Spice Hub,Japanese,Toronto,2.7,1970,Yes,268,2017,197380
R0921,Green Kitchen,Indian,London,3.2,310,Yes,1961,1993,98770
R0922,Red Garden,Korean,Dubai,4.6,1590,Yes,1631,1998,141380
R0923,Golden Grill,Mexican,London,5.0,520,No,629,2016,134270
R0924,Royal House,Mediterranean,San Francisco,3.7,1960,Yes,1475,2021,128960
R0925,Golden House,Korean,Singapore,2.5,400,Yes,1983,1990,43890
R0926,Ocean Corner,Mediterranean,Singapore,2.9,790,Yes,1971,1989,173600
R0927,Ocean Kitchen,Chinese,New York,3.3,710,Yes,1662,1988,60750
R0928,Street Garden,Thai,Singapore,3.9,1860,Yes,885,2000,188470
R0929,Royal Café,Thai,London,2.7,1960,Yes,1560,1994,167970
R0930,Spice Café,French,Toronto,4.9,1420,Yes,1244,2015,194560
R0931,Street Lounge,Thai,New York,3.4,1250,No,1863,2015,74460
R0932,Ocean Corner,Indian,Sydney,4.8,1190,Yes,552,1998,188570
R0933,Spice Grill,American,Dubai,4.5,1730,No,1478,1997,69830
R0934,Spice Palace,Italian,San Francisco,4.4,900,Yes,1827,1988,29380
R0935,Red Café,French,New York,4.0,1540,No,462,2010,167030
R0936,Red Bistro,Italian,London,4.1,810,Yes,706,2008,196940
R0937,Urban Palace,Mediterranean,Dubai,4.1,1070,Yes,413,1993,91910
R0938,Blue Café,Italian,Toronto,4.1,430,Yes,1028,2019,170580
R0939,Spice Hub,Italian,Paris,3.9,590,Yes,1099,1999,60560
R0940,Spice Corner,French,San Francisco,5.0,950,Yes,1438,2008,194700
R0941,Fire Palace,Chinese,London,4.3,1940,Yes,892,2015,148550
R0942,Blue Garden,Japanese,San Francisco,4.4,1550,No,1861,2003,177720
R0943,Green Grill,Thai,Tokyo,4.7,280,Yes,584,1986,22590
R0944,Fire Hub,Thai,Paris,3.0,220,No,1468,1986,36560
R0945,Royal Kitchen,Indian,Dubai,2.7,400,Yes,1261,2020,131470
R0946,Golden Corner,French,Singapore,3.7,1140,No,1509,2021,133110
R0947,Green Café,Indian,London,3.8,1950,Yes,1501,2018,82900
R0948,Green House,American,San Francisco,4.6,1940,Yes,1134,2023,79130
R0949,Royal Hub,American,Dubai,3.6,350,Yes,432,2003,99730
R0950,Fire Bistro,Indian,Singapore,3.9,1260,No,1389,2022,189750
R0951,Urban House,French,Toronto,3.8,1120,Yes,1172,2007,116240
R0952,Urban Bistro,Indian,Toronto,2.6,1520,Yes,1664,2000,153050
R0953,Royal Kitchen,Thai,San Francisco,4.0,1580,Yes,1602,1990,126790
R0954,Street Palace,Korean,New York,4.6,1760,Yes,1164,2010,22280
R0955,Golden Bistro,Mexican,Tokyo,2.9,980,Yes,558,2006,176430
R0956,Golden Kitchen,Italian,New York,4.0,890,Yes,477,2008,115600
R0957,Red Bistro,Mexican,Tokyo,4.0,670,No,1513,2005,59790
R0958,Street Garden,French,London,2.9,340,Yes,120,2014,155750
R0959,Blue Corner,Mexican,Sydney,2.8,530,No,162,1995,27390
R0960,Urban Garden,American,San Francisco,5.0,790,Yes,926,1993,85210
R0961,Royal Corner,Mediterranean,Berlin,3.5,210,Yes,771,1996,70490
R0962,Green Kitchen,Italian,San Francisco,3.1,990,No,1275,2010,73860
R0963,Street Hub,Japanese,Paris,2.9,380,Yes,729,2022,65710
R0964,Blue House,French,Singapore,4.2,680,Yes,889,1987,172870
R0965,Urban House,Italian,Paris,4.0,970,No,691,2017,162600
R0966,Red Hub,Mexican,Toronto,4.1,470,Yes,778,1999,85940
R0967,Golden Palace,American,Tokyo,2.7,670,Yes,288,1989,151850
R0968,Golden Corner,Chinese,Singapore,4.7,1150,Yes,372,2008,145720
R0969,Red Kitchen,Korean,Toronto,3.5,1840,Yes,1658,1995,94800
R0970,Street Palace,Japanese,Singapore,3.3,1960,Yes,1441,2017,195690
R0971,Spice Bistro,Korean,New York,3.7,1280,Yes,1208,2007,189730
R0972,Street Kitchen,Italian,Toronto,3.5,1950,Yes,610,1994,62170
R0973,Golden Garden,American,New York,4.7,920,No,1168,2012,96480
R0974,Street Garden,American,New York,4.8,1190,Yes,1539,2023,195190
R0975,Green Kitchen,Mexican,Singapore,3.3,480,Yes,303,2001,155500
R0976,Blue Kitchen,Thai,Dubai,4.7,1760,Yes,1528,2010,127500
R0977,Blue Hub,Mexican,Paris,4.5,770,No,1848,2009,20010
R0978,Spice Lounge,Thai,Toronto,4.8,670,No,880,2020,192750
R0979,Red Corner,Thai,Berlin,3.1,420,No,1452,1996,98820
R0980,Blue Lounge,Japanese,Dubai,3.9,460,No,1239,1987,150860
R0981,Royal House,Mexican,Paris,3.2,260,Yes,1351,2013,147480
R0982,Urban Palace,Chinese,Toronto,4.6,680,Yes,82,2008,183080
R0983,Ocean Lounge,Indian,Tokyo,2.5,1280,Yes,268,2003,138490
R0984,Fire Café,Indian,Paris,3.9,870,Yes,1391,1997,173170
R0985,Street Hub,Mexican,Berlin,3.3,1890,Yes,1181,2000,143410
R0986,Green Corner,Mexican,San Francisco,3.3,1910,Yes,1258,2011,157780
R0987,Spice Café,Korean,London,4.1,1730,Yes,1138,1990,62040
R0988,Blue House,Japanese,New York,4.6,1700,No,1589,1994,104710
R0989,Red Palace,Mexican,London,4.0,920,Yes,1961,2022,130790
R0990,Fire House,Korean,Dubai,4.6,1200,Yes,365,1992,48840
R0991,Green Hub,Thai,San Francisco,3.2,270,Yes,1571,2002,55790
R0992,Red Café,American,New York,3.8,720,Yes,1849,2016,91950
R0993,Royal Hub,American,Toronto,3.6,1610,Yes,1294,2001,42510
R0994,Ocean Kitchen,Thai,Dubai,2.5,1540,Yes,580,1986,66400
R0995,Street Palace,French,Berlin,3.9,1560,Yes,582,2004,179930
R0996,Urban Hub,Korean,Singapore,4.2,220,Yes,826,1994,148150
R0997,Green Kitchen,Korean,Toronto,4.0,970,Yes,1959,1993,121230
R0998,Street Palace,Thai,Paris,4.3,1640,Yes,1946,2023,112000
R0999,Street Palace,Chinese,Singapore,3.9,1910,Yes,1103,2009,149040
R1000,Royal Lounge,Mediterranean,Dubai,2.7,1050,Yes,1987,2009,47140
R1001,Blue Garden,Italian,Paris,2.8,650,Yes,1480,2008,89470
R1002,Green Café,Thai,Berlin,4.0,1090,No,1990,1990,33380
R1003,Fire Café,Mexican,London,3.2,1750,Yes,456,2014,147820
R1004,Blue Café,Mexican,Paris,2.7,1610,No,792,1994,86140
R1005,Red House,Japanese,London,3.6,280,No,1290,2023,27410
R1006,Golden Palace,Thai,New York,3.9,1340,No,918,2015,27330
R1007,Blue Café,Japanese,Tokyo,3.3,1730,No,953,2002,159440
R1008,Royal Corner,Thai,Sydney,4.3,1490,No,905,2017,38060
R1009,Royal Grill,Korean,Toronto,4.1,940,Yes,939,2003,152850
R1010,Green House,Italian,Sydney,3.3,1000,Yes,646,2007,125700
R1011,Fire Hub,Korean,New York,4.4,1470,Yes,935,1989,134570
R1012,Spice Bistro,Mediterranean,Paris,4.1,530,Yes,540,2010,37530
R1013,Urban Bistro,American,New York,4.1,1660,Yes,128,2013,93580
R1014,Ocean Grill,Indian,Sydney,3.9,580,Yes,1865,2008,165870
R1015,Golden Grill,Thai,Sydney,2.5,320,No,75,1990,78570
R1016,Red Café,Mediterranean,Toronto,4.2,1520,Yes,254,2023,30240
R1017,Spice Kitchen,American,Singapore,3.4,690,Yes,66,1988,116740
R1018,Spice Grill,French,San Francisco,4.9,420,Yes,1077,2010,55540
R1019,Ocean Bistro,Italian,New York,4.5,1410,Yes,533,1999,119710
R1020,Royal Lounge,Japanese,Tokyo,4.0,1390,Yes,1923,1997,139080
R1021,Urban Grill,Japanese,San Francisco,3.1,1070,Yes,433,2006,65660
R1022,Urban Café,Korean,New York,3.0,1760,Yes,1781,1997,160220
R1023,Red Palace,Mexican,Berlin,3.4,1310,Yes,1569,2023,131570
R1024,Golden Palace,American,Dubai,3.7,1300,Yes,404,2001,129520
R1025,Blue Palace,French,Dubai,3.2,910,Yes,459,2020,88940
R1026,Urban Garden,Mediterranean,Sydney,3.8,1730,Yes,1290,2023,90820
R1027,Golden Corner,Italian,Dubai,2.9,760,Yes,963,2009,139460
R1028,Golden Grill,American,London,4.9,200,Yes,1829,2018,46290
R1029,Red Garden,French,Tokyo,2.8,1750,Yes,1869,2005,86610
R1030,Blue Grill,Indian,Dubai,4.8,1320,Yes,1394,2009,82750
R1031,Royal Corner,Thai,Paris,4.8,810,Yes,772,2009,122270
R1032,Red Hub,Japanese,London,3.8,660,Yes,1639,2006,156740
R1033,Fire Palace,Mediterranean,San Francisco,4.3,970,No,1413,2007,37190
R1034,Green Garden,Japanese,London,3.6,1250,Yes,452,2009,112330
R1035,Urban Corner,Mediterranean,New York,4.1,1780,No,976,1998,54870
R1036,Royal Palace,Korean,Sydney,3.4,1450,Yes,901,1998,78440
R1037,Red Hub,Mexican,Toronto,3.3,1960,Yes,543,2010,107510
R1038,Golden Garden,Mediterranean,Toronto,3.9,240,No,1507,2014,134160
R1039,Fire House,Japanese,Berlin,3.7,500,No,166,2010,84620
R1040,Fire Bistro,Korean,Tokyo,3.9,560,No,98,2022,120030
R1041,Red Garden,Mediterranean,New York,3.2,980,Yes,211,2006,174980
R1042,Ocean Kitchen,Indian,Toronto,3.4,1620,Yes,989,2023,62620
R1043,Green Corner,Mexican,Sydney,2.7,710,No,471,2023,21460
R1044,Red Kitchen,Mediterranean,San Francisco,2.6,1580,Yes,1514,2018,147320
R1045,Blue Bistro,Korean,Toronto,3.1,620,No,718,2009,41170
R1046,Royal Kitchen,American,Paris,2.7,1700,Yes,1590,2020,74470
R1047,Spice Bistro,Chinese,London,2.8,590,No,463,1997,128550
R1048,Street Bistro,French,Toronto,4.5,820,No,1503,2013,23180
R1049,Street House,Chinese,New York,2.6,1490,Yes,389,1993,141610
R1050,Ocean Lounge,Chinese,Dubai,4.1,1060,Yes,410,1999,143230
R1051,Urban House,Italian,Dubai,3.2,920,Yes,1112,2015,77490
R1052,Fire Café,Indian,San Francisco,4.7,1940,Yes,560,2011,22540
R1053,Urban Hub,American,Dubai,3.7,1230,Yes,945,2015,115280
R1054,Green Grill,Thai,San Francisco,3.3,1770,Yes,1829,1994,105260
R1055,Urban Café,Mediterranean,New York,3.8,350,No,1022,2021,132830
R1056,Fire Bistro,French,Tokyo,3.5,780,No,1419,1991,63930
R1057,Red Kitchen,Mexican,Dubai,3.9,660,Yes,987,2016,30440
R1058,Fire Lounge,American,Berlin,2.8,1350,Yes,1700,1995,147650
R1059,Urban Hub,Japanese,Sydney,5.0,1770,No,670,2012,181190
R1060,Green Corner,Thai,London,3.6,1280,No,1376,1988,29610
R1061,Street Palace,Italian,Dubai,3.4,280,No,912,2015,57490
R1062,Fire House,Italian,San Francisco,4.3,840,Yes,454,2013,65650
R1063,Ocean Café,American,New York,3.4,780,No,61,2017,95160
R1064,Ocean Palace,Korean,Dubai,4.6,1210,Yes,1284,1988,189730
R1065,Street House,Chinese,Toronto,3.6,1550,No,1977,2010,130310
R1066,Green House,Japanese,Dubai,4.3,1420,No,1927,2015,126250
R1067,Ocean Bistro,Italian,San Francisco,2.8,1990,No,1692,2015,49890
R1068,Fire Café,French,Paris,4.6,1650,Yes,338,2011,76650
R1069,Red Corner,Italian,Paris,4.3,1100,No,1941,2009,65410
R1070,Red Lounge,Mexican,Dubai,3.0,1150,Yes,1527,2020,143860
R1071,Fire Café,Mediterranean,London,2.9,770,Yes,1383,2015,108460
R1072,Green House,Italian,New York,3.3,1960,No,779,2021,30780
R1073,Red Café,Mexican,Berlin,4.9,510,Yes,1818,2007,50740
R1074,Red Bistro,American,Berlin,3.1,670,Yes,1492,2019,115470
R1075,Urban Café,American,Dubai,3.6,640,No,507,1988,70290
R1076,Green Café,Thai,Dubai,2.6,1190,No,134,2012,182720
R1077,Red Bistro,Italian,Paris,3.5,1190,No,213,1997,178450
R1078,Golden House,French,San Francisco,3.9,650,Yes,777,1985,151040
R1079,Royal Grill,Italian,London,4.9,1780,No,652,1996,178550
R1080,Urban House,French,Dubai,3.8,1840,Yes,1054,2010,67560
R1081,Ocean Lounge,Indian,Berlin,4.5,1630,No,599,2007,66950
R1082,Urban House,Thai,New York,3.9,1930,Yes,1880,2006,29190
R1083,Spice Café,Indian,Tokyo,2.6,1450,No,1596,2012,119380
R1084,Urban Garden,Italian,Toronto,3.3,650,Yes,371,2001,37580
R1085,Green Hub,Thai,Dubai,3.9,1400,No,370,1990,38310
R1086,Royal Garden,Indian,San Francisco,4.9,1070,Yes,1811,1998,113630
R1087,Spice Bistro,Chinese,Dubai,4.6,800,Yes,1149,2001,187430
R1088,Blue House,Italian,San Francisco,3.1,650,Yes,64,2022,162550
R1089,Green Bistro,Indian,London,3.1,1980,No,301,1989,58100
R1090,Golden Kitchen,Chinese,Tokyo,3.0,1820,Yes,1084,1997,34400
R1091,Spice Grill,Chinese,Sydney,4.8,1000,Yes,851,1993,131110
R1092,Green Lounge,American,New York,4.6,1890,Yes,794,2010,37190
R1093,Royal Kitchen,Italian,New York,4.4,640,No,263,1997,134450
R1094,Red Bistro,Chinese,San Francisco,3.5,1370,Yes,501,2003,25550
R1095,Street House,American,Paris,3.8,660,Yes,994,2001,114250
R1096,Urban Garden,Indian,San Francisco,3.7,1770,Yes,582,2000,141120
R1097,Golden House,Mexican,Paris,3.1,1710,No,868,2014,42970
R1098,Blue Grill,Italian,Singapore,3.8,1900,Yes,1002,2016,35350
R1099,Street Kitchen,Thai,Berlin,2.6,1810,No,1942,1998,169310
R1100,Royal Café,French,New York,2.8,420,No,970,1999,82820
R1101,Fire Hub,French,London,4.7,800,Yes,1896,1996,134940
R1102,Blue Grill,Indian,San Francisco,4.4,1840,Yes,234,2021,39610
R1103,Street Garden,Korean,London,3.6,320,No,1502,1995,29790
R1104,Red Hub,Korean,Tokyo,3.8,260,No,1881,1989,22720
R1105,Street Café,Indian,London,3.4,1890,No,112,1995,147750
R1106,Red Corner,Chinese,Dubai,4.4,1850,Yes,979,2018,71440
R1107,Ocean Lounge,Italian,Berlin,4.5,1990,Yes,1081,2003,36880
R1108,Blue Kitchen,French,Dubai,4.4,1910,Yes,746,2010,173200
R1109,Spice House,French,Toronto,4.3,1600,Yes,1375,2010,199790
R1110,Green Café,Chinese,San Francisco,3.0,470,Yes,242,2001,181540
R1111,Ocean Lounge,French,New York,3.3,1150,Yes,1615,2015,66830
R1112,Green Palace,Thai,San Francisco,3.7,1260,Yes,1592,2003,171230
R1113,Red Grill,Italian,Berlin,3.3,1170,Yes,237,2004,77860
R1114,Urban Garden,Mediterranean,Sydney,4.4,1310,Yes,1016,2007,71290
R1115,Red Grill,French,Sydney,3.3,200,Yes,531,2009,48450
R1116,Golden House,Indian,Toronto,2.8,620,No,1730,2012,104480
R1117,Royal Lounge,Thai,Berlin,3.5,610,Yes,1625,2021,186930
R1118,Urban Garden,French,Singapore,4.9,1140,Yes,22,1996,182620
R1119,Green Hub,Thai,Singapore,3.1,1970,Yes,1532,1985,112800
R1120,Spice Garden,American,Singapore,4.0,1480,Yes,454,1986,149230
R1121,Urban Kitchen,Mediterranean,New York,3.6,700,Yes,1859,1994,150840
R1122,Green Hub,Japanese,New York,2.7,1630,Yes,349,2018,195600
R1123,Urban Palace,Indian,Singapore,3.7,1860,Yes,1357,2016,134220
R1124,Spice Café,Indian,Sydney,4.3,340,No,1629,2009,37240
R1125,Blue House,Italian,Berlin,3.8,1440,Yes,607,1994,46280
R1126,Golden Corner,Thai,London,4.7,1800,Yes,166,1985,197340
R1127,Fire House,Chinese,Berlin,3.2,1060,No,665,2016,26190
R1128,Blue Palace,Indian,Singapore,2.7,720,Yes,1012,2021,157860
R1129,Fire Lounge,Thai,Berlin,4.8,1640,No,1608,1996,193610
R1130,Blue Hub,Thai,Tokyo,3.4,1080,Yes,1464,2002,117290
R1131,Royal Garden,Mexican,New York,3.9,1250,Yes,1588,2014,57720
R1132,Spice Café,Mexican,New York,4.5,250,Yes,1440,1997,45330
R1133,Red Palace,Japanese,Sydney,3.3,500,No,1191,1987,106690
R1134,Golden Hub,American,London,4.3,590,Yes,1218,2005,40400
R1135,Street House,Japanese,Singapore,2.8,1770,Yes,807,1998,199490
R1136,Green Bistro,French,San Francisco,3.2,880,Yes,500,1994,62680
R1137,Royal Hub,Chinese,Sydney,2.9,1540,Yes,844,1986,48390
R1138,Golden Garden,French,Sydney,4.5,320,No,961,2021,188510
R1139,Spice Café,Korean,London,3.1,230,Yes,1569,1995,137390
R1140,Spice Café,French,Dubai,4.3,1970,No,366,1985,170580
R1141,Ocean Bistro,Italian,Singapore,4.9,220,Yes,726,2010,101760
R1142,Ocean Hub,French,San Francisco,3.8,1590,No,371,1997,85400
R1143,Spice Corner,Japanese,New York,3.9,840,Yes,1257,2012,144120
R1144,Blue Hub,Indian,London,3.7,460,No,1646,2020,47430
R1145,Royal Lounge,Indian,San Francisco,3.3,1260,Yes,1237,2005,76420
R1146,Urban Café,Mexican,Tokyo,3.7,690,No,17,1994,120690
R1147,Royal Kitchen,Chinese,Sydney,4.0,360,Yes,481,1996,30260
R1148,Golden Bistro,Chinese,London,5.0,510,Yes,181,2011,55920
R1149,Green Palace,Italian,New York,4.8,1980,No,1753,1987,29870
R1150,Blue Bistro,Japanese,Berlin,4.7,360,Yes,105,2012,179170
R1151,Royal Lounge,Mexican,New York,4.7,530,No,683,1986,92380
R1152,Fire Kitchen,Korean,Tokyo,3.7,540,Yes,1836,2012,47470
R1153,Red Kitchen,Chinese,London,4.1,1710,Yes,617,2015,103300
R1154,Blue Garden,Indian,Tokyo,4.7,1650,No,1339,2005,76500
R1155,Royal Kitchen,French,Singapore,3.5,690,Yes,1690,1991,64960
R1156,Urban Palace,French,Singapore,4.9,1930,Yes,1291,2015,188200
R1157,Green Bistro,Mexican,Berlin,3.5,1950,No,483,1998,198070
R1158,Royal Hub,Japanese,Sydney,4.0,1220,Yes,1983,2023,57210
R1159,Ocean Bistro,Japanese,Dubai,4.3,520,Yes,1333,2023,195200
R1160,Golden Garden,American,Paris,4.9,1080,Yes,1498,1993,31450
R1161,Royal Lounge,Mediterranean,San Francisco,3.1,1740,No,623,2007,113000
R1162,Golden Palace,Chinese,Tokyo,4.4,1480,No,698,1996,159290
R1163,Spice Corner,Japanese,San Francisco,3.8,1040,No,907,2013,82420
R1164,Fire Hub,Indian,Berlin,3.2,780,Yes,1361,2022,158320
R1165,Urban Kitchen,Mexican,San Francisco,4.4,290,Yes,119,2023,162850
R1166,Green Palace,Korean,San Francisco,3.9,1720,Yes,719,2006,110970
R1167,Golden House,American,New York,4.2,760,Yes,1938,1988,170840
R1168,Ocean Grill,Thai,London,3.3,850,Yes,1162,1991,39920
R1169,Blue Palace,Italian,Sydney,3.7,1380,Yes,974,1992,61220
R1170,Red Bistro,Korean,Paris,4.0,1310,No,880,2019,142900
R1171,Ocean Kitchen,Thai,London,3.5,340,No,1170,1993,191890
R1172,Royal House,French,New York,3.0,1750,Yes,1943,1997,155410
R1173,Royal Palace,Italian,San Francisco,4.9,320,No,1572,2023,60100
R1174,Fire House,Chinese,Paris,3.8,1330,No,658,2004,102750
R1175,Royal Kitchen,Indian,New York,4.3,1370,Yes,1197,2005,53200
R1176,Fire Garden,Italian,New York,3.5,1610,Yes,358,2003,98280
R1177,Red Café,Mediterranean,New York,3.4,1330,Yes,472,1986,98850
R1178,Golden House,Thai,Singapore,3.5,530,Yes,1901,2014,92480
R1179,Red House,Chinese,Paris,3.5,1200,Yes,1676,2007,98680
R1180,Spice Kitchen,Mediterranean,New York,3.9,440,Yes,1537,1997,83490
R1181,Green Palace,French,Dubai,3.9,1310,No,894,2017,50620
R1182,Golden Kitchen,Mediterranean,San Francisco,3.7,730,Yes,1184,2016,58520
R1183,Blue Palace,American,Paris,2.8,310,Yes,1923,2012,151600
R1184,Urban Kitchen,American,Singapore,3.7,1450,Yes,255,2008,183220
R1185,Green Garden,Mexican,Tokyo,2.9,1560,Yes,1143,2012,23870
R1186,Green Palace,Korean,Tokyo,2.8,500,Yes,1618,2014,161230
R1187,Golden Café,Korean,Sydney,4.8,970,Yes,807,2013,90370
R1188,Street Lounge,Chinese,Toronto,4.0,720,No,1308,2018,89100
R1189,Blue Kitchen,French,Dubai,4.1,1310,Yes,879,2006,177580
R1190,Blue Bistro,Japanese,Tokyo,3.5,620,No,1100,2009,40030
R1191,Spice Palace,American,Singapore,4.8,1850,Yes,1083,1998,77450
R1192,Royal Palace,Chinese,Toronto,4.1,610,Yes,825,1994,199240
R1193,Golden Kitchen,Japanese,New York,4.4,1430,Yes,524,1994,55470
R1194,Green Café,Korean,New York,3.4,1950,No,235,1992,110510
R1195,Ocean Café,Mexican,Berlin,4.9,860,No,587,1998,164560
R1196,Royal Hub,Mediterranean,San Francisco,4.6,850,Yes,515,2022,23010
R1197,Red Lounge,American,Toronto,4.6,1630,Yes,164,2016,91040
R1198,Blue Palace,Chinese,San Francisco,2.9,1020,Yes,1907,2016,110720
R1199,Blue Lounge,Italian,Singapore,3.2,1130,No,1513,1987,124730
R1200,Fire Lounge,Japanese,Dubai,3.2,1240,Yes,120,2004,186130
R1201,Spice Corner,Mediterranean,Toronto,3.2,1630,Yes,492,1997,97100
R1202,Golden Corner,American,Tokyo,4.6,500,Yes,817,2007,181780
R1203,Street Corner,Korean,Dubai,2.6,1370,Yes,1926,2003,102420
R1204,Spice Palace,French,Berlin,2.7,470,No,1801,2000,94960
R1205,Fire Lounge,Japanese,San Francisco,3.2,230,Yes,283,2020,154840
R1206,Spice Corner,Korean,San Francisco,3.0,1570,Yes,164,2019,78870
R1207,Ocean Kitchen,American,Dubai,3.1,1980,Yes,1684,1991,198620
R1208,Fire Bistro,Japanese,New York,4.5,370,Yes,1200,2021,40880
R1209,Royal Palace,Mediterranean,San Francisco,3.9,660,Yes,1052,1992,80400
R1210,Royal Corner,American,Berlin,2.5,1790,No,354,2009,154400
R1211,Street Lounge,Thai,Tokyo,3.6,1770,Yes,1936,2007,164210
R1212,Street Café,Chinese,Paris,3.5,1830,Yes,744,1994,43430
R1213,Urban Corner,Mediterranean,Tokyo,2.8,280,Yes,578,2014,91880
R1214,Ocean Corner,Japanese,Tokyo,4.2,1830,No,1931,2017,32380
R1215,Fire Garden,French,San Francisco,4.3,480,Yes,303,1995,144480
R1216,Blue House,Korean,London,4.3,1630,No,654,2019,88560
R1217,Fire Grill,Italian,New York,4.3,1110,Yes,1495,2011,126200
R1218,Urban Garden,Korean,San Francisco,2.5,1680,No,347,1987,103740
R1219,Urban House,Japanese,New York,4.9,830,Yes,1837,1992,107350
R1220,Ocean Corner,Korean,Singapore,4.5,1300,Yes,461,1997,20920
R1221,Blue Palace,Chinese,London,4.8,1430,Yes,353,1987,44150
R1222,Blue Corner,American,San Francisco,2.5,1290,No,726,2004,62540
R1223,Fire Garden,Italian,Sydney,4.8,1370,No,640,2019,126370
R1224,Street Garden,Indian,Tokyo,4.5,1750,No,774,1997,65330
R1225,Royal Hub,Japanese,Singapore,4.6,1190,No,94,2004,85160
R1226,Urban Corner,Mexican,London,2.7,500,Yes,1730,2008,64010
R1227,Royal Lounge,Indian,San Francisco,4.3,1800,Yes,746,1993,50320
R1228,Ocean Café,Korean,Berlin,4.9,1880,No,669,2014,125680
R1229,Blue Kitchen,Japanese,Dubai,4.2,1000,No,1422,2009,88670
R1230,Blue Garden,Thai,Dubai,3.9,650,Yes,1825,2000,161760
R1231,Green Palace,Mexican,New York,4.9,680,Yes,236,1992,52340
R1232,Spice Garden,Italian,London,3.6,610,Yes,1319,2012,83010
R1233,Fire House,French,Tokyo,4.0,1700,Yes,1317,1996,195170
R1234,Spice Bistro,Thai,Tokyo,3.7,1310,Yes,1726,2008,138300
R1235,Red Lounge,Indian,Paris,4.8,460,Yes,1980,2013,125890
R1236,Blue Hub,American,Dubai,2.7,1790,Yes,118,1999,40620
R1237,Ocean Kitchen,Chinese,Singapore,3.8,1070,No,144,2002,66270
R1238,Spice Kitchen,French,London,4.2,1400,No,947,1991,151420
R1239,Red Hub,Thai,Tokyo,4.5,220,No,300,1997,24680
R1240,Urban Garden,American,Paris,4.0,790,No,1920,2003,33440
R1241,Ocean House,American,London,4.8,980,Yes,1835,1989,80980
R1242,Spice Garden,Japanese,Toronto,4.9,1640,No,1648,2010,141010
R1243,Green Corner,Thai,Tokyo,2.7,510,Yes,1746,1986,58070
R1244,Royal Kitchen,Italian,Toronto,3.5,260,No,1541,2017,67360
R1245,Red Café,Korean,London,2.6,900,Yes,1662,2021,173750
R1246,Golden Corner,Mexican,Tokyo,3.3,1470,No,1877,2009,189720
R1247,Green House,Mexican,Toronto,3.8,770,Yes,831,2009,58830
R1248,Street Grill,Indian,Sydney,4.8,1870,Yes,1062,2023,20910
R1249,Red Kitchen,Indian,Paris,4.6,1310,Yes,403,2014,188410
R1250,Golden Café,Mexican,Singapore,2.8,670,Yes,36,1988,38840
R1251,Golden Café,Italian,Dubai,2.7,1980,Yes,1500,2003,154320
R1252,Royal Lounge,Chinese,Paris,4.0,1300,Yes,22,2011,162820
R1253,Spice Bistro,Mediterranean,Toronto,3.8,900,No,563,2023,162020
R1254,Red Garden,Korean,Tokyo,3.2,1840,Yes,942,2008,122310
R1255,Street Grill,Chinese,Sydney,4.7,940,Yes,454,2021,96420
R1256,Ocean House,Japanese,Sydney,4.8,930,Yes,233,2009,99520
R1257,Fire Grill,Mediterranean,Dubai,3.5,1400,Yes,1496,2013,115950
R1258,Fire Hub,Mediterranean,Sydney,4.7,740,Yes,30,2015,64820
R1259,Red Palace,Thai,Paris,3.5,600,Yes,1420,2019,39810
R1260,Spice House,Italian,San Francisco,4.3,1160,No,1681,2012,159180
R1261,Green Lounge,Italian,Sydney,3.7,1670,Yes,1359,2022,119840
R1262,Ocean Garden,Mediterranean,Dubai,2.8,520,No,1766,1988,178130
R1263,Ocean Garden,Thai,Sydney,4.8,1870,No,476,2012,64660
R1264,Royal Palace,Korean,Sydney,3.6,530,No,1690,2015,42310
R1265,Royal Grill,Mediterranean,Berlin,4.3,810,Yes,1555,2007,103960
R1266,Blue Kitchen,French,Paris,3.4,380,Yes,1258,1998,152410
R1267,Green Hub,Indian,Toronto,2.5,1900,Yes,662,2012,124110
R1268,Urban Palace,Indian,New York,2.8,290,No,1508,1998,151120
R1269,Spice Lounge,Chinese,San Francisco,3.7,1390,Yes,627,1985,113830
R1270,Royal Palace,Japanese,Sydney,4.2,1420,No,789,2016,134810
R1271,Spice Palace,Indian,Singapore,3.3,1230,Yes,1739,2002,71750
R1272,Blue Lounge,American,Sydney,4.2,1600,Yes,467,1989,199820
R1273,Royal House,Chinese,Berlin,4.2,240,Yes,649,1999,199260
R1274,Spice Garden,Indian,Toronto,4.3,770,Yes,1246,2000,103330
R1275,Red Hub,Japanese,Singapore,3.7,780,No,672,2020,164600
R1276,Blue Café,Italian,San Francisco,4.8,1470,Yes,970,2020,20890
R1277,Golden Kitchen,Italian,Singapore,3.7,1050,Yes,1514,2014,74900
R1278,Fire Palace,Korean,Paris,3.6,1230,Yes,1929,2022,172870
R1279,Urban Café,Mediterranean,Dubai,3.0,1620,Yes,189,2007,124550
R1280,Urban Grill,French,Dubai,3.3,1480,Yes,1862,1995,137040
R1281,Royal Garden,Italian,San Francisco,2.6,570,Yes,547,2009,195930
R1282,Golden Bistro,Thai,Toronto,4.1,1260,Yes,536,1986,69780
R1283,Fire Palace,Indian,Dubai,3.1,1280,Yes,31,2019,52240
R1284,Blue Bistro,Thai,London,3.3,720,Yes,1378,2008,68560
R1285,Golden House,Japanese,Berlin,4.4,710,Yes,586,1997,199220
R1286,Spice Hub,Italian,San Francisco,3.3,200,Yes,772,2021,21480
R1287,Fire House,French,San Francisco,3.1,300,No,931,2014,172630
R1288,Golden Hub,Japanese,New York,2.9,770,No,1054,1995,198090
R1289,Red Garden,American,New York,4.4,1470,No,754,2007,115460
R1290,Fire Lounge,American,Paris,2.8,1870,No,1441,2012,155380
R1291,Blue Palace,Thai,Paris,3.6,630,Yes,1520,2013,161150
R1292,Red Palace,Mediterranean,New York,3.8,250,Yes,1561,1999,181880
R1293,Fire Café,Chinese,Dubai,4.2,1750,Yes,1449,1987,43630
R1294,Street Kitchen,Mediterranean,Tokyo,4.1,1780,Yes,1305,1993,51070
R1295,Urban Kitchen,Korean,San Francisco,4.5,270,Yes,1238,1992,76280
R1296,Golden Lounge,Mediterranean,London,2.6,240,No,1331,2017,198850
R1297,Street Palace,Korean,San Francisco,3.2,1250,Yes,681,2018,34510
R1298,Royal Kitchen,Korean,Sydney,3.2,1310,Yes,1979,1993,181950
R1299,Street Corner,French,Toronto,2.9,360,Yes,1586,2001,106410
R1300,Golden House,Italian,Berlin,3.2,1850,Yes,1141,1985,171800
R1301,Royal Café,French,Tokyo,3.3,280,Yes,646,1989,143770
R1302,Urban Garden,Korean,London,3.8,970,No,1033,2014,127800
R1303,Red House,Japanese,Sydney,4.2,330,Yes,161,1995,183330
R1304,Ocean Grill,American,Paris,3.5,1730,No,22,2012,196730
R1305,Red Hub,Korean,London,4.3,1320,No,724,2022,188870
R1306,Street Corner,French,New York,3.3,1100,Yes,1112,2001,50970
R1307,Ocean Hub,Japanese,San Francisco,3.2,440,Yes,915,2007,155880
R1308,Royal Corner,French,London,3.9,1830,No,1587,2002,116570
R1309,Urban Lounge,Mediterranean,Toronto,2.6,1170,Yes,1202,2021,65200
R1310,Ocean Garden,Indian,Singapore,2.7,1800,Yes,258,2011,153410
R1311,Green Palace,Thai,Paris,3.5,220,No,1154,2009,57160
R1312,Fire Kitchen,Chinese,Berlin,4.9,1580,Yes,396,1989,168310
R1313,Royal Bistro,French,Berlin,4.3,1310,Yes,448,2003,108420
R1314,Blue Garden,Chinese,London,2.7,1650,Yes,1305,2011,32100
R1315,Golden Palace,Mexican,Singapore,4.6,660,Yes,309,1997,41870
R1316,Ocean Café,French,San Francisco,4.3,1910,Yes,730,1991,100580
R1317,Ocean Lounge,Indian,Sydney,4.0,690,Yes,482,2010,187520
R1318,Street Palace,Chinese,Tokyo,4.6,1760,Yes,1191,1998,125360
R1319,Urban Café,Korean,San Francisco,3.5,1430,Yes,1016,2011,134630
R1320,Ocean Corner,French,Sydney,3.1,1090,No,642,1992,48430
R1321,Urban Café,Italian,Tokyo,3.8,860,No,1260,2015,163350
R1322,Blue Corner,Thai,Singapore,3.9,210,Yes,430,2019,86440
R1323,Urban Café,Indian,Tokyo,3.8,1720,Yes,965,2011,145460
R1324,Spice Corner,Chinese,San Francisco,3.9,1660,Yes,982,1988,118280
R1325,Ocean Café,Indian,Toronto,4.9,1870,Yes,33,1988,195280
R1326,Ocean Garden,Japanese,London,4.8,210,No,1775,2002,96600
R1327,Urban Bistro,Thai,Sydney,4.7,840,Yes,547,2007,20170
R1328,Fire Grill,Korean,Toronto,4.5,1100,Yes,1603,2016,156200
R1329,Street Lounge,French,Sydney,4.9,1920,Yes,786,1996,79990
R1330,Blue Corner,French,London,2.7,1350,No,647,2004,143970
R1331,Ocean Lounge,French,Dubai,3.2,680,No,1990,1996,146180
R1332,Blue Garden,Thai,Tokyo,3.7,880,Yes,1820,1992,199800
R1333,Red Lounge,Italian,Singapore,4.6,1850,Yes,549,2006,32870
R1334,Street Bistro,Mexican,Dubai,3.8,1510,Yes,912,2011,186510
R1335,Blue Kitchen,American,Dubai,4.4,1640,Yes,1846,2001,24340
R1336,Royal Café,Mediterranean,Berlin,2.8,1450,Yes,1161,2016,44970
R1337,Urban Café,Chinese,New York,3.1,720,No,1127,2017,84400
R1338,Royal Grill,Italian,San Francisco,4.3,1310,Yes,1736,2015,80370
R1339,Ocean Kitchen,Korean,Toronto,2.9,1780,No,430,1990,98060
R1340,Red Café,Chinese,Toronto,3.4,1690,No,1305,2023,36130
R1341,Royal House,French,Toronto,3.2,1580,Yes,493,1993,109100
R1342,Blue Corner,Indian,Toronto,3.4,1810,Yes,1038,2016,141700
R1343,Green Bistro,Korean,San Francisco,4.3,1320,No,166,2020,177560
R1344,Fire Café,Chinese,Dubai,3.4,1620,Yes,61,2000,167470
R1345,Ocean Corner,French,San Francisco,3.9,1330,Yes,252,1996,138640
R1346,Street Café,Chinese,Toronto,2.7,1570,Yes,1696,1987,76950
R1347,Urban House,Indian,New York,4.5,670,Yes,783,2011,156370
R1348,Blue Grill,French,Paris,3.4,500,Yes,429,2011,158780
R1349,Fire Café,Mexican,London,4.1,560,Yes,1986,1993,65120
R1350,Golden Palace,Italian,Toronto,4.3,1270,Yes,1962,2001,99600
R1351,Urban Café,Japanese,Singapore,3.0,470,Yes,1850,1989,151690
R1352,Golden Corner,Mediterranean,Paris,4.7,1780,Yes,434,2010,68860
R1353,Ocean Garden,Thai,San Francisco,4.0,890,Yes,89,2005,57710
R1354,Fire Café,Mediterranean,Singapore,3.6,330,Yes,704,1985,79040
R1355,Green Grill,Korean,Singapore,3.0,1410,Yes,363,1985,159180
R1356,Red Hub,Mediterranean,Sydney,4.9,350,Yes,1652,2019,164250
R1357,Golden Café,French,Singapore,4.4,440,No,1699,1993,170940
R1358,Green Palace,Mexican,Toronto,3.0,1860,No,302,2007,139970
R1359,Street House,Japanese,Sydney,3.3,850,No,726,2022,155780
R1360,Blue Bistro,Italian,Berlin,4.5,570,No,1149,1988,135750
R1361,Green Palace,Italian,Dubai,4.2,1880,Yes,538,2003,59240
R1362,Fire Hub,Indian,Singapore,4.4,1220,Yes,489,2021,177010
R1363,Royal Kitchen,Thai,New York,3.6,1170,Yes,1321,1989,151700
R1364,Spice Kitchen,Chinese,London,4.3,1340,No,1701,2012,189180
R1365,Blue Grill,Mexican,Singapore,3.5,590,No,486,2007,95770
R1366,Green Hub,Chinese,Berlin,3.0,830,Yes,34,2022,77300
R1367,Street Bistro,Japanese,Tokyo,4.1,1080,Yes,440,2007,104760
R1368,Street Garden,Mediterranean,San Francisco,4.9,1190,Yes,1311,2002,99870
R1369,Street Corner,Italian,San Francisco,3.3,1630,Yes,326,2013,128610
R1370,Spice Garden,Japanese,Berlin,3.7,1010,Yes,647,2012,106950
R1371,Fire Garden,Mediterranean,Tokyo,4.2,960,No,1845,1993,61410
R1372,Urban Grill,Italian,San Francisco,3.9,780,Yes,367,2023,99360
R1373,Street Café,Mediterranean,San Francisco,4.6,1100,No,1309,1994,68040
R1374,Royal Kitchen,Thai,San Francisco,4.4,1170,Yes,1910,1986,163150
R1375,Urban Garden,Mexican,Berlin,2.6,1580,Yes,699,1997,105680
R1376,Spice Café,Korean,Dubai,5.0,200,No,353,2022,113770
R1377,Fire Corner,Japanese,London,4.4,320,Yes,1464,2011,90620
R1378,Green Corner,Japanese,Berlin,4.7,490,Yes,568,2004,163790
R1379,Spice Café,American,Tokyo,4.1,370,No,721,1994,48470
R1380,Spice Palace,French,Singapore,4.6,970,No,572,2000,27320
R1381,Red Bistro,Thai,Dubai,2.8,1600,Yes,448,1999,93130
R1382,Street Kitchen,Thai,Dubai,3.4,510,Yes,1495,1997,148090
R1383,Golden Garden,Chinese,Singapore,4.7,900,Yes,1840,2022,41580
R1384,Royal House,Mediterranean,New York,3.0,690,No,1303,2004,134860
R1385,Ocean Café,French,Sydney,2.7,1350,No,1742,2008,66190
R1386,Spice Café,Mexican,London,4.5,1320,Yes,1464,1991,125030
R1387,Street Grill,Mexican,London,4.6,990,Yes,1054,2007,32100
R1388,Royal Palace,Thai,New York,2.9,500,No,152,2008,136060
R1389,Green Garden,Mexican,Sydney,4.6,700,Yes,1793,2013,51700
R1390,Street Lounge,American,London,4.2,1740,Yes,877,1989,175580
R1391,Ocean Lounge,Japanese,Tokyo,3.8,790,Yes,362,2019,191410
R1392,Golden Corner,Indian,Paris,4.6,520,Yes,1498,1985,29180
R1393,Spice Hub,Korean,Paris,3.5,1460,Yes,1026,2020,108970
R1394,Street Hub,Chinese,London,3.0,1800,Yes,477,2002,136220
R1395,Street Palace,Mediterranean,Toronto,3.2,1450,Yes,1546,1990,48610
R1396,Royal Lounge,Korean,London,3.8,600,No,1497,2007,38070
R1397,Green Lounge,Mediterranean,Singapore,3.8,380,Yes,886,1994,46490
R1398,Urban Café,Italian,Singapore,4.5,600,Yes,1883,1991,64230
R1399,Blue Bistro,Korean,Sydney,4.5,1040,No,1427,1992,196790
R1400,Green Garden,Indian,San Francisco,4.0,1080,No,928,1997,118120
R1401,Red Kitchen,Thai,Dubai,4.5,610,Yes,1819,2014,44420
R1402,Royal Corner,American,Tokyo,3.0,1390,Yes,1786,2002,96390
R1403,Urban House,Japanese,New York,2.6,420,Yes,1091,1998,45950
R1404,Blue Kitchen,Japanese,London,4.7,520,Yes,1159,1995,152060
R1405,Spice Garden,American,San Francisco,2.7,390,Yes,850,2022,143640
R1406,Street House,French,San Francisco,3.1,1720,Yes,887,1997,194560
R1407,Royal Grill,Italian,Tokyo,4.2,1090,Yes,1494,2017,60750
R1408,Street Garden,Mediterranean,New York,3.5,1230,No,61,1997,116410
R1409,Urban House,Indian,Singapore,4.7,1990,Yes,1021,2009,37710
R1410,Ocean Bistro,Mexican,Berlin,3.2,310,Yes,1768,2008,194010
R1411,Street Café,Korean,Tokyo,2.5,1790,Yes,823,2013,56920
R1412,Spice Grill,Italian,San Francisco,3.3,1800,Yes,1908,2020,113270
R1413,Spice Kitchen,Korean,Paris,3.9,1620,Yes,278,1990,29110
R1414,Red Bistro,Indian,London,3.4,700,No,105,2002,110070
R1415,Blue Kitchen,Chinese,Sydney,3.8,250,No,282,2012,193570
R1416,Fire Café,Chinese,Paris,4.7,1100,No,1356,1989,121540
R1417,Fire House,Italian,San Francisco,4.8,880,Yes,1606,2002,153770
R1418,Urban Garden,Thai,Dubai,3.2,1820,Yes,1866,2021,38000
R1419,Green Palace,Indian,Toronto,3.7,1420,Yes,1726,1991,191920
R1420,Red Hub,Indian,New York,3.9,1810,Yes,142,1993,71330
R1421,Ocean Hub,American,Singapore,4.9,1650,No,937,2019,107610
R1422,Blue House,Thai,London,5.0,1340,No,98,1996,29690
R1423,Spice Grill,Mediterranean,Sydney,3.1,1730,No,694,2023,60790
R1424,Golden House,Mediterranean,Berlin,4.3,1300,No,833,2008,176010
R1425,Urban Grill,Mexican,Singapore,3.4,800,No,14,1993,166880
R1426,Green Garden,Japanese,London,2.5,1260,Yes,366,1996,53190
R1427,Ocean Kitchen,Chinese,Berlin,2.5,970,No,1376,2020,67050
R1428,Red Hub,Mediterranean,Sydney,3.7,1140,Yes,213,2021,86110
R1429,Urban Bistro,Thai,San Francisco,3.7,930,No,1707,1993,172590
R1430,Blue Lounge,Indian,Toronto,2.6,670,Yes,1606,2023,23870
R1431,Fire House,Mediterranean,Paris,4.2,1150,Yes,480,2006,159850
R1432,Blue Grill,Indian,Paris,3.2,500,No,473,2001,100670
R1433,Urban Garden,Mediterranean,San Francisco,3.9,530,Yes,506,2017,150460
R1434,Ocean Corner,Chinese,Singapore,3.3,1060,No,711,2008,44890
R1435,Spice Palace,Korean,San Francisco,2.9,1540,Yes,846,1999,107070
R1436,Blue Kitchen,Mediterranean,San Francisco,3.5,1020,Yes,72,2013,48900
R1437,Ocean Kitchen,Thai,London,3.1,1540,Yes,1589,2016,143320
R1438,Spice Bistro,Mediterranean,London,3.8,660,Yes,248,2017,34420
R1439,Blue Lounge,Japanese,Sydney,3.0,1550,Yes,549,2013,27220
R1440,Royal Corner,Chinese,Toronto,3.8,1480,Yes,207,1999,109470
R1441,Golden Palace,Thai,London,2.9,1440,Yes,790,2011,42500
R1442,Green Lounge,American,Sydney,4.2,960,Yes,1716,2018,45860
R1443,Blue House,Thai,Dubai,4.4,220,Yes,39,1988,105770
R1444,Red Grill,Japanese,San Francisco,2.8,1110,Yes,675,2002,87730
R1445,Ocean Corner,Korean,San Francisco,3.7,1850,No,1242,2005,132070
R1446,Royal Lounge,Chinese,Singapore,2.7,1980,Yes,1096,1992,170730
R1447,Golden House,American,Dubai,4.0,1620,Yes,1874,1990,146470
R1448,Royal Kitchen,Japanese,Singapore,3.2,1190,Yes,1090,2004,101900
R1449,Blue Lounge,Japanese,Berlin,3.8,1460,Yes,1865,1986,60870
R1450,Royal House,Italian,Sydney,3.8,870,Yes,1753,2006,70780
R1451,Spice Palace,Chinese,Sydney,4.8,1520,Yes,1466,2005,101420
R1452,Fire Café,Thai,San Francisco,3.9,1090,Yes,1341,1990,144920
R1453,Golden Corner,Indian,Tokyo,4.0,1080,Yes,1608,2016,50380
R1454,Red Grill,Korean,Berlin,3.5,290,Yes,1793,1990,112640
R1455,Royal Bistro,Indian,Sydney,4.9,270,No,1499,1997,164130
R1456,Red Kitchen,Thai,London,4.4,310,Yes,1686,1985,27680
R1457,Golden Kitchen,Thai,San Francisco,3.2,830,Yes,1638,2006,111780
R1458,Blue Garden,Chinese,Singapore,4.6,1370,Yes,1140,2008,132980
R1459,Ocean Kitchen,Thai,Dubai,3.6,780,Yes,1910,2014,75570
R1460,Royal Corner,Italian,Singapore,4.6,690,Yes,609,2006,125510
R1461,Golden Hub,American,Paris,4.6,1700,Yes,1027,1996,185800
R1462,Red Bistro,Thai,Tokyo,3.0,590,Yes,1334,2010,33890
R1463,Fire Café,Indian,Sydney,4.3,1410,Yes,629,1988,87390
R1464,Red Grill,Thai,Toronto,3.2,1160,Yes,1079,2003,127730
R1465,Royal Garden,Italian,New York,3.2,1460,Yes,86,2000,122630
R1466,Green Bistro,Mediterranean,Tokyo,3.2,1060,Yes,738,1996,153860
R1467,Street Kitchen,Mediterranean,San Francisco,4.3,960,Yes,1202,2017,118610
R1468,Royal Grill,Japanese,Sydney,3.1,1400,Yes,823,2005,172580
R1469,Blue Palace,Korean,Dubai,2.5,1650,Yes,1162,2020,178170
R1470,Urban Palace,Mexican,Sydney,4.3,1680,No,1746,1993,82530
R1471,Fire Grill,American,New York,2.9,1300,No,717,2023,82330
R1472,Golden Palace,French,Dubai,2.8,1480,Yes,1893,1992,143240
R1473,Fire Kitchen,Japanese,Singapore,3.1,1850,No,277,2004,66670
R1474,Green Bistro,Korean,Dubai,3.4,600,Yes,1633,1994,124180
R1475,Fire Garden,Mediterranean,Tokyo,3.7,1890,Yes,774,2016,181110
R1476,Royal Lounge,Indian,Singapore,2.6,1560,Yes,1783,2012,160550
R1477,Golden Kitchen,French,Sydney,4.9,420,Yes,594,1994,111230
R1478,Green House,Korean,San Francisco,4.3,970,Yes,428,1992,89880
R1479,Golden Grill,Korean,Berlin,3.3,300,Yes,879,2017,157550
R1480,Urban Grill,Japanese,San Francisco,3.3,900,Yes,1900,1997,117340
R1481,Royal Kitchen,French,Sydney,3.6,1780,No,1194,2019,179360
R1482,Ocean Lounge,Chinese,New York,4.1,450,Yes,1091,2013,39920
R1483,Spice Garden,Mexican,Berlin,2.9,490,No,393,1989,138980
R1484,Golden Bistro,Chinese,Sydney,3.0,1810,Yes,1918,1987,60590
R1485,Royal Garden,French,Toronto,4.6,1930,Yes,812,2021,88930
R1486,Red Corner,Chinese,Tokyo,3.1,1210,Yes,519,1990,137410
R1487,Street House,Italian,Toronto,3.5,880,Yes,439,2000,173890
R1488,Red Grill,Mediterranean,Singapore,4.7,1520,Yes,1373,2019,177060
R1489,Golden Bistro,Italian,Paris,4.2,1850,Yes,587,2002,117260
R1490,Fire Café,Thai,Sydney,3.4,1750,Yes,949,1995,178760
R1491,Street Lounge,Chinese,London,4.2,1730,Yes,1059,2007,150340
R1492,Fire Garden,Thai,London,2.5,800,Yes,1843,1995,65480
R1493,Urban Palace,Indian,Dubai,4.3,1250,Yes,598,2013,162630
R1494,Fire Corner,American,San Francisco,3.7,420,No,807,2011,35520
R1495,Urban Café,Indian,San Francisco,4.5,1930,Yes,381,1993,80140
R1496,Spice Lounge,French,San Francisco,4.9,1320,No,937,2019,151060
R1497,Ocean Grill,Korean,Toronto,4.8,490,Yes,1069,1993,197760
R1498,Spice Lounge,Mediterranean,Tokyo,4.8,860,Yes,1564,2002,173960
R1499,Fire Lounge,Chinese,Sydney,3.8,1800,Yes,1823,2005,182430
R1500,Street Kitchen,Japanese,New York,3.4,1500,Yes,1866,2020,105720
R1501,Red Corner,American,Dubai,3.7,1400,No,1858,1985,26480
R1502,Red Palace,Mexican,Singapore,4.2,1020,Yes,1300,2011,145330
R1503,Ocean Palace,Mexican,Berlin,4.7,1890,No,1827,2022,66600
R1504,Fire Hub,Mexican,Singapore,3.0,810,No,1465,2013,136090
R1505,Fire Café,Chinese,Sydney,4.8,760,Yes,1052,2003,28200
R1506,Royal Kitchen,Mexican,Paris,4.5,200,Yes,1372,2008,188550
R1507,Street Palace,Italian,San Francisco,4.9,1210,Yes,149,1985,179200
R1508,Street Corner,American,Berlin,4.7,880,Yes,76,2020,185050
R1509,Urban Kitchen,Italian,Toronto,3.2,780,Yes,1024,2007,182900
R1510,Ocean Garden,Korean,Sydney,2.8,650,Yes,1857,1997,96950
R1511,Green Hub,American,Paris,2.8,1250,Yes,1563,2014,68760
R1512,Ocean Garden,Italian,Toronto,3.2,530,Yes,1402,2021,62160
R1513,Ocean Garden,American,Paris,4.0,1200,Yes,270,1995,41340
R1514,Green Bistro,Korean,San Francisco,4.5,1160,No,1657,1991,41770
R1515,Green Bistro,Thai,Toronto,4.7,1720,Yes,1953,2019,197670
R1516,Spice Corner,Chinese,Tokyo,4.1,1890,Yes,983,1995,136930
R1517,Spice Corner,Chinese,London,2.5,480,Yes,636,2005,61420
R1518,Green Grill,Mexican,Singapore,3.0,1720,No,1711,1987,138540
R1519,Fire Corner,Indian,Tokyo,2.7,1420,Yes,588,2014,44720
R1520,Royal Hub,Mexican,Berlin,3.4,920,No,1800,2008,173000
R1521,Blue Garden,French,Dubai,3.8,1620,No,1615,2022,150180
R1522,Street Bistro,Italian,London,2.6,230,No,1853,1987,143980
R1523,Red Café,American,Tokyo,3.4,570,Yes,1031,2021,51100
R1524,Ocean Garden,Indian,Sydney,2.9,390,Yes,1236,2017,103260
R1525,Royal Café,Korean,Paris,4.1,1320,No,648,2006,156060
R1526,Red Kitchen,French,Berlin,3.7,420,No,1968,2015,108010
R1527,Urban Corner,Korean,Sydney,3.7,1840,No,1988,1996,132260
R1528,Street House,Chinese,London,3.6,1300,Yes,419,1998,57740
R1529,Street Bistro,Chinese,Paris,4.9,1550,Yes,842,1996,22580
R1530,Blue House,Mexican,Berlin,3.0,1840,Yes,1113,2011,88680
R1531,Red Corner,Italian,Dubai,3.8,640,No,1721,1997,88170
R1532,Fire Hub,Indian,London,4.3,1160,No,122,2008,77440
R1533,Street Hub,Mediterranean,Berlin,3.9,520,Yes,632,2022,140920
R1534,Golden Garden,French,Tokyo,4.8,1540,Yes,830,1993,186210
R1535,Golden Garden,French,Berlin,3.4,410,Yes,1170,1992,53550
R1536,Green Garden,Mexican,London,3.7,1520,Yes,1678,2021,99040
R1537,Street Hub,Chinese,San Francisco,2.7,340,Yes,1917,1999,31580
R1538,Green Corner,Mexican,Tokyo,4.0,400,Yes,849,1991,25940
R1539,Royal House,American,Sydney,3.2,1450,Yes,198,2008,187860
R1540,Red Café,Indian,London,2.9,1080,Yes,286,2000,124270
R1541,Spice Corner,Italian,San Francisco,3.9,360,No,1770,2008,124940
R1542,Spice Bistro,Thai,New York,3.8,750,No,112,1991,94900
R1543,Blue Hub,Japanese,Dubai,2.7,690,No,116,2012,167600
R1544,Spice Palace,Japanese,San Francisco,4.2,1540,No,1608,1986,75340
R1545,Urban Grill,Mexican,New York,4.1,1370,Yes,1949,2018,72860
R1546,Golden House,American,Singapore,3.0,1410,No,1987,2022,36130
R1547,Golden Café,Indian,Paris,3.7,690,No,766,1987,147720
R1548,Spice Corner,Mediterranean,San Francisco,4.3,790,Yes,182,1985,76510
R1549,Spice Corner,Japanese,Toronto,3.8,1440,Yes,1951,2015,55520
R1550,Royal Lounge,Indian,Dubai,3.5,1350,No,1878,2007,138700
R1551,Urban Corner,Italian,San Francisco,3.3,1540,No,1008,2004,180610
R1552,Red Grill,Korean,New York,4.0,1870,Yes,1364,2000,69960
R1553,Golden Palace,American,Toronto,4.8,1920,Yes,731,2016,34640
R1554,Street Grill,Chinese,Dubai,4.2,1070,No,1224,2001,82820
R1555,Ocean Hub,Indian,Toronto,2.7,1240,No,1703,2002,82450
R1556,Ocean Corner,Italian,Tokyo,3.7,740,Yes,840,1988,86110
R1557,Royal Hub,Mediterranean,New York,4.7,830,Yes,234,2019,51000
R1558,Green Café,Thai,Berlin,2.7,1150,Yes,1717,2020,61130
R1559,Urban Garden,Chinese,Tokyo,5.0,1870,Yes,1356,2007,60930
R1560,Spice Bistro,Thai,Dubai,4.9,630,No,1987,1999,101240
R1561,Ocean Kitchen,Mediterranean,Dubai,2.7,1490,Yes,1541,1997,122280
R1562,Green House,Italian,London,4.8,1680,Yes,1994,1998,55790
R1563,Ocean House,Japanese,New York,3.4,690,No,1581,1998,115710
R1564,Golden House,Thai,Singapore,4.6,1300,Yes,143,2021,95660
R1565,Red House,Chinese,Singapore,3.5,1990,No,1070,1989,112330
R1566,Urban House,Mexican,Dubai,3.6,1560,Yes,102,2006,35730
R1567,Ocean House,French,Singapore,4.1,1180,No,84,2012,146630
R1568,Fire Bistro,Indian,Paris,4.4,1670,No,765,1988,115550
R1569,Green Café,Japanese,London,2.6,1650,Yes,192,2022,175090
R1570,Blue Kitchen,Thai,Dubai,4.0,1030,No,726,2013,112020
R1571,Green Garden,Korean,Singapore,3.0,490,No,468,2021,150030
R1572,Ocean House,Indian,New York,3.4,840,No,1732,2019,196400
R1573,Urban Bistro,Mexican,San Francisco,3.4,430,Yes,1711,2004,195110
R1574,Ocean House,Mediterranean,Berlin,3.7,1940,Yes,636,2019,138860
R1575,Spice Bistro,French,Tokyo,3.3,1090,Yes,418,2019,30490
R1576,Urban Palace,Italian,Tokyo,2.8,1250,Yes,216,2004,71830
R1577,Ocean House,Mexican,Paris,2.9,1910,Yes,1278,1986,43010
R1578,Street Corner,Mexican,Toronto,2.6,1760,Yes,1366,2002,184130
R1579,Spice Lounge,Mediterranean,New York,3.7,960,No,682,2014,142970
R1580,Urban Lounge,American,Toronto,4.9,870,Yes,1558,2013,133520
R1581,Urban Grill,Mediterranean,London,2.8,1280,No,1327,2023,113620
R1582,Urban Café,American,Berlin,4.9,1640,No,1022,2006,51980
R1583,Blue Café,American,London,4.3,1160,Yes,1987,2013,129370
R1584,Red Café,Japanese,Dubai,4.1,1520,Yes,1949,1994,159300
R1585,Urban Corner,Japanese,New York,4.1,1110,No,757,2004,197480
R1586,Red Corner,Chinese,Dubai,4.6,1070,Yes,282,2000,117330
R1587,Red Kitchen,Thai,Sydney,2.8,690,Yes,388,1990,46950
R1588,Blue Corner,Thai,Singapore,3.8,1220,No,635,2001,86450
R1589,Fire Lounge,Italian,Tokyo,4.2,1310,Yes,673,1990,101490
R1590,Street Café,Thai,San Francisco,4.0,1870,No,1059,2006,170320
R1591,Spice Palace,Japanese,Dubai,4.6,650,No,689,2002,151470
R1592,Ocean Kitchen,Chinese,Toronto,2.7,1980,Yes,553,2016,126580
R1593,Ocean Palace,Chinese,Sydney,4.2,300,No,742,2012,124330
R1594,Fire Garden,American,Tokyo,3.8,310,Yes,1751,1994,193790
R1595,Royal Palace,Mediterranean,Dubai,3.4,1600,No,1966,2006,88650
R1596,Ocean Grill,Italian,Sydney,3.4,830,No,1887,2012,156100
R1597,Urban Hub,American,Sydney,4.1,270,Yes,1643,1999,127150
R1598,Street Garden,Mediterranean,New York,4.7,280,Yes,100,2013,46310
R1599,Urban Hub,Thai,London,3.7,1490,Yes,485,1991,22630
R1600,Urban Palace,American,Sydney,4.6,970,Yes,1922,2018,96840
R1601,Royal Hub,Indian,Paris,3.5,1600,No,735,2016,158300
R1602,Red Garden,Thai,London,2.8,210,Yes,1221,1986,127160
R1603,Fire Palace,Mediterranean,Tokyo,2.7,1950,Yes,1602,2010,70430
R1604,Urban Kitchen,Italian,Tokyo,2.6,930,Yes,1652,1995,71160
R1605,Fire Lounge,Mediterranean,Tokyo,3.5,1500,Yes,1987,2009,183030
R1606,Green Bistro,American,Tokyo,3.3,1530,No,1228,2003,36360
R1607,Golden Palace,American,Paris,4.3,1060,Yes,543,2004,108220
R1608,Street Hub,Mexican,Dubai,4.4,240,No,707,2017,98110
R1609,Royal Garden,Italian,Berlin,2.6,1500,No,889,2001,172230
R1610,Ocean Lounge,Korean,Sydney,3.1,1570,Yes,94,2014,125810
R1611,Blue Hub,Thai,Tokyo,3.2,1900,Yes,601,2002,194820
R1612,Green House,Chinese,London,3.9,1660,Yes,850,2016,186730
R1613,Spice Grill,Italian,London,2.9,330,Yes,86,1988,46040
R1614,Spice Café,Chinese,Sydney,2.8,1680,Yes,339,2016,22070
R1615,Blue Kitchen,Italian,Dubai,4.9,1430,No,392,2003,104630
R1616,Fire Grill,Italian,San Francisco,4.5,620,No,1466,1987,56780
R1617,Golden Café,Mediterranean,San Francisco,3.0,470,Yes,386,2022,54680
R1618,Royal Grill,Italian,Berlin,3.5,1680,Yes,350,2012,146710
R1619,Red Hub,Mexican,Dubai,3.4,1830,Yes,1210,2022,114760
R1620,Street Hub,Korean,Sydney,4.5,430,No,1459,1990,69860
R1621,Spice Lounge,American,San Francisco,3.8,1850,Yes,433,2001,118540
R1622,Royal Garden,French,San Francisco,2.8,360,Yes,183,1989,175260
R1623,Ocean Grill,Chinese,San Francisco,4.3,1690,Yes,415,2003,112330
R1624,Spice Grill,American,Toronto,3.5,1020,No,91,2019,88030
R1625,Fire Café,French,Paris,3.2,640,Yes,30,2006,139050
R1626,Red Kitchen,Korean,Sydney,3.4,930,Yes,700,2008,44610
R1627,Fire Hub,Korean,Singapore,3.7,1580,Yes,1019,1994,99450
R1628,Green Corner,Chinese,New York,3.4,800,Yes,407,1986,76730
R1629,Urban Garden,Chinese,New York,3.1,570,No,339,2012,129540
R1630,Red House,Korean,Dubai,3.5,850,Yes,234,2021,160040
R1631,Green Corner,French,Sydney,2.5,520,Yes,1810,2001,124200
R1632,Fire Kitchen,Italian,Sydney,4.4,620,No,1435,1990,159670
R1633,Spice Corner,Thai,New York,2.9,1780,Yes,790,1989,193270
R1634,Urban Palace,Indian,Berlin,2.6,1310,Yes,1796,2023,61560
R1635,Golden Corner,American,New York,4.1,540,No,1818,1991,142510
R1636,Red Palace,Mediterranean,Sydney,4.4,560,No,903,2016,155200
R1637,Spice Kitchen,American,San Francisco,4.5,1940,Yes,1888,1988,185490
R1638,Royal Café,Mediterranean,Berlin,3.7,1190,No,1954,2005,39050
R1639,Street Lounge,French,Tokyo,3.0,420,No,447,2016,115150
R1640,Urban Corner,Mediterranean,Singapore,4.3,1830,Yes,1305,2002,187340
R1641,Street Grill,Chinese,Toronto,4.2,1870,Yes,1313,2017,174200
R1642,Urban House,Thai,Paris,3.1,1080,Yes,232,1998,53090
R1643,Ocean Garden,Thai,Tokyo,4.8,340,No,1620,1990,76610
R1644,Golden Grill,Chinese,London,2.8,1840,No,1696,1995,29310
R1645,Red Palace,Mexican,New York,5.0,1510,Yes,1970,2004,58380
R1646,Fire Hub,French,Singapore,4.7,1690,Yes,1904,2013,161920
R1647,Ocean Lounge,Mexican,New York,4.2,410,Yes,518,2019,113050
R1648,Ocean Grill,Mexican,New York,4.8,970,Yes,1375,2000,123780
R1649,Street Grill,American,Tokyo,4.3,1640,Yes,1962,1991,100580
R1650,Urban Corner,Korean,San Francisco,3.0,910,Yes,626,2020,39890
R1651,Green Corner,American,San Francisco,3.6,1170,Yes,1075,2015,115770
R1652,Blue Grill,Korean,Toronto,2.7,1090,Yes,1209,1990,171950
R1653,Ocean Garden,Indian,Berlin,3.5,1280,No,1278,2013,31160
R1654,Blue Corner,Mediterranean,New York,4.4,1130,No,1286,2011,114190
R1655,Urban Grill,Korean,Dubai,3.5,990,No,1307,1986,89620
R1656,Royal Bistro,Chinese,San Francisco,3.3,1130,Yes,968,2006,79670
R1657,Green Hub,American,Sydney,4.0,990,No,1367,1993,179810
R1658,Golden Bistro,French,Singapore,4.7,570,No,613,1995,137970
R1659,Street Corner,Mediterranean,Dubai,2.6,1710,Yes,1044,2000,108710
R1660,Red Hub,Indian,Tokyo,3.5,1530,Yes,161,1997,31910
R1661,Golden Garden,Korean,Tokyo,2.9,1530,No,198,2002,195140
R1662,Royal Lounge,Indian,Toronto,4.2,450,Yes,969,2009,197870
R1663,Street Garden,French,Toronto,2.8,1200,Yes,685,2017,76300
R1664,Ocean Lounge,Mexican,Berlin,4.2,1880,Yes,647,1994,115220
R1665,Blue Bistro,Thai,Sydney,3.2,940,Yes,220,2014,70300
R1666,Golden Bistro,French,Singapore,3.0,570,Yes,1130,1985,33810
R1667,Blue Bistro,Japanese,Sydney,4.8,1020,Yes,1854,2017,187530
R1668,Blue Café,French,London,2.5,1900,Yes,348,1999,70920
R1669,Blue Grill,Indian,Toronto,3.6,1620,Yes,56,2013,165570
R1670,Spice Kitchen,Chinese,Berlin,2.6,750,No,829,1986,105670
R1671,Royal House,American,Paris,3.7,1240,No,1769,1995,166160
R1672,Fire Lounge,Chinese,New York,3.8,500,Yes,984,2018,39430
R1673,Fire Corner,Indian,New York,3.3,1980,Yes,1090,2003,193410
R1674,Green Palace,American,Paris,2.8,1710,Yes,1108,1986,179750
R1675,Ocean Palace,Japanese,San Francisco,3.4,770,Yes,1287,2004,161330
R1676,Urban Garden,Thai,Sydney,4.2,920,No,1696,2015,199170
R1677,Green Lounge,Mediterranean,Paris,4.5,1510,Yes,1604,1988,88850
R1678,Urban Corner,Indian,Berlin,3.8,290,Yes,846,2013,106010
R1679,Fire House,Korean,Singapore,4.0,920,Yes,961,2014,20530
R1680,Golden Bistro,Indian,Paris,3.0,340,Yes,607,1997,67960
R1681,Golden House,Indian,Berlin,3.2,1170,Yes,179,1999,160450
R1682,Spice Grill,American,Toronto,2.9,820,Yes,1179,2004,148410
R1683,Street Bistro,Italian,Dubai,3.1,380,No,848,2018,175160
R1684,Urban Hub,French,Tokyo,3.1,1320,Yes,1066,2012,164160
R1685,Royal Lounge,Italian,Tokyo,3.8,820,Yes,1548,2004,92530
R1686,Red House,Japanese,London,3.9,1350,Yes,805,2009,124160
R1687,Golden Café,Korean,Sydney,4.9,400,Yes,1290,2011,138820
R1688,Golden Palace,Thai,Singapore,3.0,1810,Yes,1159,2014,133650
R1689,Golden Palace,Mexican,Dubai,4.1,1640,Yes,968,2004,161330
R1690,Royal Hub,Japanese,Dubai,4.5,1650,No,1146,1985,124330
R1691,Urban Grill,Mexican,Toronto,3.9,1000,Yes,824,2019,197210
R1692,Green Garden,Mexican,Paris,3.1,850,Yes,1838,2008,142810
R1693,Urban Kitchen,Thai,Sydney,3.2,1980,Yes,351,2009,160080
R1694,Green Garden,Chinese,New York,2.6,840,Yes,57,1996,42940
R1695,Golden Corner,Italian,Dubai,3.3,620,Yes,373,1995,20720
R1696,Urban House,Indian,Berlin,4.4,760,Yes,1820,2014,92360
R1697,Ocean House,Mediterranean,New York,2.6,1570,Yes,1431,1997,170890
R1698,Green Bistro,Mexican,London,3.0,560,Yes,1228,2009,183460
R1699,Blue Grill,Korean,Paris,4.3,1950,Yes,1884,2009,122370
R1700,Royal Grill,Japanese,Paris,4.5,1390,Yes,1770,2001,136940
R1701,Street Corner,Chinese,Singapore,3.6,880,Yes,734,1996,55010
R1702,Green Garden,Mexican,Dubai,4.2,750,Yes,1354,1995,124680
R1703,Ocean Lounge,Chinese,Toronto,3.5,1380,Yes,1827,1994,118400
R1704,Ocean Hub,Chinese,San Francisco,2.9,1830,Yes,147,2001,105260
R1705,Royal Corner,Mexican,San Francisco,3.5,1780,Yes,364,2000,144640
R1706,Urban Palace,American,Tokyo,3.9,740,Yes,1878,2004,130630
R1707,Red Garden,French,Berlin,4.9,570,Yes,1103,1989,46150
R1708,Street Hub,Korean,New York,2.7,340,No,820,2016,167440
R1709,Spice Hub,Indian,London,3.8,1630,No,1615,2011,150640
R1710,Green Bistro,Indian,Tokyo,3.3,960,Yes,1516,1988,155890
R1711,Royal Garden,Korean,Paris,3.8,720,Yes,1753,1991,29320
R1712,Golden Garden,American,New York,2.6,260,Yes,721,1998,190190
R1713,Green Palace,Indian,Sydney,3.3,740,Yes,68,2023,195740
R1714,Ocean Bistro,Chinese,Dubai,4.5,710,Yes,780,2008,175440
R1715,Street Grill,Thai,London,3.9,230,No,398,2002,75080
R1716,Street House,Japanese,Sydney,3.6,620,Yes,1886,2022,20110
R1717,Fire Kitchen,Italian,Toronto,3.2,590,No,1384,2023,141940
R1718,Spice Corner,Indian,Dubai,3.2,1400,Yes,855,1985,151180
R1719,Blue Kitchen,Korean,New York,3.5,490,Yes,878,2001,100600
R1720,Green Grill,Thai,Dubai,4.6,1570,No,348,2010,24480
R1721,Street Corner,Mexican,Tokyo,4.9,1220,No,1710,2006,96610
R1722,Fire Corner,French,Singapore,3.6,260,No,766,2023,44960
R1723,Red Café,Korean,Tokyo,3.5,1830,No,605,2002,78850
R1724,Urban Corner,Chinese,Toronto,4.6,1820,Yes,445,2022,24260
R1725,Fire Grill,French,Berlin,3.6,1860,Yes,1483,2012,90990
R1726,Green Lounge,Japanese,Sydney,3.9,1830,Yes,386,2005,149180
R1727,Royal Hub,Japanese,Tokyo,3.1,1280,Yes,1992,2022,145130
R1728,Ocean Corner,American,Singapore,4.4,390,No,400,2017,188300
R1729,Green Café,Mediterranean,Berlin,3.8,680,No,490,2014,139270
R1730,Urban Garden,American,Tokyo,4.5,1150,No,830,1992,42500
R1731,Golden House,Thai,Paris,4.5,780,Yes,123,2014,156080
R1732,Green Garden,French,Singapore,3.0,1960,Yes,1779,2023,46810
R1733,Spice Bistro,Mediterranean,Sydney,4.3,1090,No,783,1993,197850
R1734,Spice Grill,Mexican,London,4.5,450,Yes,1936,2017,54070
R1735,Ocean Hub,Chinese,San Francisco,3.4,550,Yes,181,2013,87610
R1736,Fire Kitchen,French,Berlin,2.9,1900,No,27,2015,181330
R1737,Street Palace,American,Paris,2.5,1450,Yes,244,1987,194270
R1738,Urban Café,Italian,London,3.6,620,No,1343,2022,155550
R1739,Blue Corner,Mediterranean,New York,3.4,1180,Yes,1928,1995,23910
R1740,Golden Palace,Mediterranean,Singapore,3.9,520,Yes,1702,1989,68190
R1741,Fire House,Chinese,Paris,3.0,1190,Yes,732,2015,79840
R1742,Spice Café,Indian,Dubai,4.6,1160,Yes,290,2004,196690
R1743,Red Lounge,Japanese,New York,3.1,1920,Yes,840,1988,83630
R1744,Green Corner,Japanese,New York,3.1,640,Yes,1229,1992,71270
R1745,Urban Lounge,Italian,Berlin,3.7,1070,No,1148,2019,85890
R1746,Royal Grill,Thai,Singapore,3.7,1620,No,1430,1997,126260
R1747,Red House,Thai,Paris,3.0,1140,Yes,1705,1989,145120
R1748,Blue Bistro,Mexican,Toronto,3.2,360,Yes,1700,2003,177000
R1749,Red Corner,French,Paris,2.9,1590,Yes,1596,2002,60370
R1750,Blue House,Korean,Tokyo,4.3,410,No,427,2017,88540
R1751,Blue Palace,Indian,New York,4.4,1700,Yes,293,1988,35430
R1752,Royal Kitchen,American,Sydney,3.7,1090,Yes,594,2002,191750
R1753,Street Bistro,Korean,New York,4.3,970,Yes,1361,2008,158500
R1754,Street Hub,Korean,New York,4.3,1590,Yes,1374,2013,148680
R1755,Fire Café,Mediterranean,San Francisco,2.8,1330,Yes,631,2015,80980
R1756,Golden Hub,Italian,Dubai,4.9,870,No,1831,2012,94480
R1757,Golden Grill,Japanese,Toronto,4.6,1290,No,230,1993,92110
R1758,Red House,Mexican,London,3.0,1980,Yes,18,2010,97980
R1759,Spice House,Thai,London,3.0,1440,Yes,1942,1986,146520
R1760,Golden Lounge,Italian,Dubai,2.8,1600,Yes,1115,1990,37160
R1761,Red Grill,Mediterranean,New York,2.8,760,Yes,841,2013,56360
R1762,Spice Garden,American,London,4.4,740,Yes,1327,2010,135560
R1763,Street Bistro,Mexican,Singapore,3.7,1010,Yes,384,2012,98700
R1764,Red Lounge,Mediterranean,Toronto,4.5,1260,No,543,1991,156820
R1765,Fire Garden,Japanese,London,4.4,1750,Yes,1448,2018,143650
R1766,Street Kitchen,Japanese,Dubai,4.0,1210,Yes,1132,1994,103800
R1767,Ocean House,Japanese,Tokyo,4.2,1910,Yes,1715,2006,77260
R1768,Blue Grill,Italian,London,2.5,1660,Yes,711,2011,95570
R1769,Fire House,Italian,Toronto,3.3,1930,Yes,1651,2023,47180
R1770,Spice Lounge,Thai,Berlin,4.1,1300,Yes,841,2006,98870
R1771,Urban Lounge,Thai,Berlin,2.5,1260,Yes,786,2003,100030
R1772,Street Kitchen,American,Singapore,2.6,1210,No,1415,2020,175230
R1773,Green Palace,Mexican,Paris,4.6,220,Yes,1896,1993,110940
R1774,Fire Grill,Chinese,Paris,4.2,1670,Yes,949,2003,105320
R1775,Golden Kitchen,Chinese,London,3.2,440,Yes,1537,1986,153530
R1776,Ocean Lounge,Mediterranean,Sydney,4.2,940,Yes,456,2012,151850
R1777,Green Garden,Japanese,Tokyo,4.5,800,Yes,689,2023,171730
R1778,Red Lounge,Mexican,Dubai,3.3,1420,No,353,2006,26430
R1779,Blue Garden,Korean,Tokyo,2.6,740,Yes,434,1990,184040
R1780,Fire Corner,Italian,Berlin,4.8,1820,Yes,634,1991,132640
R1781,Red Bistro,French,London,3.4,580,Yes,1873,1990,26770
R1782,Green Café,Indian,Toronto,2.8,1020,Yes,315,2017,179310
R1783,Royal Corner,American,Dubai,3.7,530,Yes,157,1998,112910
R1784,Green Garden,Japanese,Tokyo,4.4,1320,No,858,1985,46500
R1785,Spice Café,Japanese,Toronto,3.1,1880,Yes,741,2009,54690
R1786,Green Palace,Japanese,Dubai,3.2,1690,No,463,1990,98860
R1787,Red Hub,Italian,Tokyo,3.1,460,Yes,947,2012,122560
R1788,Red Bistro,Italian,Singapore,5.0,1680,Yes,42,2002,135920
R1789,Blue House,Indian,Berlin,3.0,1880,Yes,1765,2011,130630
R1790,Green Kitchen,Korean,New York,3.9,500,Yes,1534,1986,126220
R1791,Green House,Mexican,Dubai,4.8,1740,Yes,1352,2005,76840
R1792,Fire Garden,Japanese,Berlin,2.9,1840,No,1730,2007,154570
R1793,Green Grill,Chinese,San Francisco,4.9,1560,Yes,1226,1986,85960
R1794,Fire Palace,Thai,Sydney,4.9,1020,Yes,1906,2000,171510
R1795,Ocean Palace,Chinese,London,4.7,1890,No,1213,1988,198000
R1796,Red Hub,Mediterranean,San Francisco,3.0,1830,Yes,1900,2018,90740
R1797,Ocean Kitchen,Chinese,Toronto,4.1,290,No,993,1989,24910
R1798,Spice Kitchen,Mediterranean,Dubai,4.4,590,Yes,1551,2018,191430
R1799,Green Corner,French,London,5.0,730,Yes,400,2006,22110
R1800,Golden Lounge,Thai,London,3.0,1860,Yes,1554,2004,156440
R1801,Ocean Hub,Chinese,San Francisco,4.4,1540,Yes,366,2023,99750
R1802,Green Garden,French,San Francisco,3.3,230,No,582,1997,57220
R1803,Ocean Corner,American,New York,2.9,1620,No,473,2018,137090
R1804,Spice Lounge,Mexican,Tokyo,3.6,1950,Yes,939,1990,121570
R1805,Red Palace,French,Dubai,4.5,250,Yes,1708,2013,186870
R1806,Urban Hub,Mexican,Berlin,3.7,920,Yes,108,2017,57720
R1807,Fire Café,Chinese,Paris,3.8,1820,Yes,157,1985,161210
R1808,Ocean House,Korean,Dubai,5.0,770,Yes,579,1991,52250
R1809,Fire Café,French,Dubai,3.5,960,Yes,736,2006,109990
R1810,Green Lounge,Thai,Dubai,4.0,380,No,1349,2016,133820
R1811,Blue Lounge,Chinese,London,3.4,810,Yes,1011,1998,33530
R1812,Royal House,Japanese,Toronto,3.5,900,No,1215,2008,103710
R1813,Royal House,Italian,London,4.2,1570,Yes,1580,2003,110720
R1814,Blue Lounge,French,Toronto,4.8,440,No,312,2011,66980
R1815,Green Garden,Thai,San Francisco,3.9,1910,Yes,1591,2007,89020
R1816,Ocean Palace,American,Paris,4.4,1460,Yes,1632,2005,186060
R1817,Fire Hub,Japanese,London,2.7,770,No,13,2013,42370
R1818,Ocean Hub,American,Toronto,3.0,1720,No,787,1985,37780
R1819,Blue Grill,Chinese,London,3.8,1390,No,116,2015,190040
R1820,Green Lounge,Italian,Sydney,2.6,1300,Yes,84,2011,183050
R1821,Blue Bistro,French,London,3.1,1870,No,1073,2020,145050
R1822,Red Café,French,Paris,3.8,950,Yes,648,2011,83790
R1823,Blue Palace,Korean,Paris,2.5,890,Yes,704,1999,62630
R1824,Blue House,Korean,Toronto,3.2,1570,Yes,1152,2009,130190
R1825,Red Palace,Chinese,Toronto,3.8,850,No,82,1999,42400
R1826,Spice Palace,Chinese,San Francisco,3.9,1390,Yes,561,2003,165770
R1827,Street Hub,Italian,Paris,4.8,1720,Yes,1237,1995,100430
R1828,Green Grill,Korean,Paris,4.1,1060,Yes,986,2017,33620
R1829,Street Grill,Thai,New York,3.5,1580,Yes,105,2007,85350
R1830,Urban Kitchen,Thai,Dubai,4.8,1410,Yes,1312,1996,87440
R1831,Fire Hub,Italian,Singapore,4.5,1830,Yes,1176,1986,102840
R1832,Ocean Garden,Thai,London,3.0,680,Yes,1148,2005,196220
R1833,Golden Palace,Mediterranean,Tokyo,2.8,670,Yes,1509,1998,84920
R1834,Golden Palace,Mexican,San Francisco,4.2,1340,No,893,2018,95020
R1835,Fire Grill,Italian,Dubai,3.9,1060,Yes,1166,1999,54700
R1836,Street Grill,Italian,Singapore,4.5,260,Yes,1201,2005,62010
R1837,Ocean House,Indian,New York,4.3,960,Yes,1947,2007,73510
R1838,Golden Grill,Japanese,Tokyo,4.1,1980,Yes,1278,2005,173270
R1839,Street Kitchen,Japanese,Toronto,5.0,1640,Yes,286,1998,179170
R1840,Urban Garden,Mediterranean,Paris,3.8,1790,No,268,2005,154880
R1841,Golden Garden,Korean,Sydney,2.8,1730,Yes,55,1996,74130
R1842,Red Lounge,Chinese,San Francisco,4.6,1400,Yes,355,1989,94320
R1843,Golden Lounge,Chinese,Berlin,3.1,1430,Yes,856,1986,158310
R1844,Urban Grill,American,Paris,4.4,1690,No,904,2006,134260
R1845,Green Bistro,Mediterranean,Sydney,4.9,1600,No,1270,1990,56280
R1846,Blue Garden,Italian,Singapore,4.2,1440,Yes,1086,1986,153640
R1847,Street House,Mediterranean,Toronto,4.0,310,Yes,1181,2013,73520
R1848,Spice Bistro,Mediterranean,Tokyo,3.7,900,Yes,1732,2020,49010
R1849,Royal Corner,Mediterranean,Singapore,3.4,200,Yes,1566,1991,170180
R1850,Royal Kitchen,Japanese,Paris,3.4,1800,Yes,1123,2000,199250
R1851,Fire Garden,Mediterranean,Paris,4.1,1380,Yes,242,2017,152380
R1852,Urban Grill,Mexican,Tokyo,4.4,1610,Yes,1760,2017,40910
R1853,Spice Kitchen,Chinese,Berlin,4.2,1300,No,1914,1998,128420
R1854,Street Kitchen,American,Sydney,3.0,830,Yes,60,1996,119230
R1855,Fire Grill,Mexican,Singapore,3.7,620,No,674,1990,158270
R1856,Red House,American,Toronto,4.5,600,Yes,1869,1996,169680
R1857,Royal Lounge,Indian,Paris,3.7,1340,Yes,1661,2015,102830
R1858,Red Hub,American,Singapore,3.8,580,Yes,1427,1996,68540
R1859,Blue House,Chinese,Berlin,4.4,200,Yes,1247,1994,70490
R1860,Urban Bistro,Chinese,Singapore,4.2,600,Yes,460,2011,75570
R1861,Royal Garden,Mediterranean,Tokyo,3.5,1920,Yes,1372,1991,64320
R1862,Fire Bistro,French,Toronto,4.7,1070,Yes,360,2020,140060
R1863,Fire Kitchen,Indian,New York,2.9,1170,Yes,658,2017,99870
R1864,Ocean Café,Italian,Tokyo,5.0,1070,No,1318,2011,70200
R1865,Red Garden,Thai,Singapore,2.8,980,Yes,1966,1992,29770
R1866,Golden Café,American,New York,2.5,1600,Yes,887,1989,90340
R1867,Red Hub,French,Paris,4.7,900,Yes,592,1992,32580
R1868,Spice Palace,Mediterranean,New York,3.1,1560,No,254,2005,140470
R1869,Street Café,Japanese,Berlin,4.3,1180,Yes,559,2008,196810
R1870,Green Palace,Italian,London,4.5,1700,Yes,737,1991,121700
R1871,Royal Garden,Korean,Berlin,4.6,1940,Yes,648,2003,93970
R1872,Urban Hub,French,Tokyo,5.0,1860,Yes,593,2015,88720
R1873,Blue Lounge,Japanese,London,3.2,1060,Yes,235,2020,37320
R1874,Street Garden,Indian,Tokyo,4.3,1730,Yes,836,2011,178600
R1875,Golden Palace,Mediterranean,San Francisco,2.8,200,Yes,450,2013,49420
R1876,Street Kitchen,Italian,Toronto,3.5,1610,Yes,1507,2007,188320
R1877,Royal Kitchen,Italian,Dubai,4.6,1310,Yes,1477,2004,114290
R1878,Blue Palace,Italian,Paris,3.4,930,Yes,1829,1990,65000
R1879,Royal Palace,Indian,Paris,4.0,840,Yes,421,1996,170680
R1880,Street Corner,American,San Francisco,3.8,880,Yes,823,1996,172260
R1881,Fire House,Korean,Singapore,4.1,860,No,255,1987,21650
R1882,Red Corner,Indian,Sydney,4.9,1960,Yes,592,2023,148720
R1883,Fire Hub,Thai,Tokyo,2.6,690,Yes,1740,2019,142190
R1884,Ocean Lounge,Korean,Dubai,3.9,770,Yes,509,2003,116380
R1885,Golden Bistro,Chinese,Dubai,4.7,720,Yes,991,1988,70200
R1886,Street Palace,Mediterranean,Berlin,3.7,1100,Yes,1984,2015,188300
R1887,Urban Bistro,Indian,Berlin,2.7,1340,No,559,2022,20960
R1888,Blue Bistro,Japanese,Sydney,3.9,1370,Yes,126,2017,44260
R1889,Green Café,Korean,Singapore,3.3,760,Yes,1783,1990,129090
R1890,Green Kitchen,Thai,San Francisco,2.9,1050,No,1397,1992,155550
R1891,Fire Grill,Chinese,New York,4.6,370,Yes,1947,2012,106940
R1892,Royal Café,American,Berlin,3.8,350,No,213,1999,101890
R1893,Fire Garden,Japanese,Singapore,4.8,1490,Yes,360,2015,146560
R1894,Golden Grill,Korean,Toronto,4.5,320,Yes,328,1992,102560
R1895,Red Bistro,Mediterranean,Paris,4.2,1920,Yes,1392,1990,87400
R1896,Blue Corner,Japanese,Paris,2.5,990,Yes,1550,2013,173090
R1897,Spice Corner,Chinese,Singapore,3.6,620,No,949,2018,161050
R1898,Golden Grill,Japanese,Sydney,3.0,730,No,498,1991,190450
R1899,Golden Hub,Mexican,San Francisco,4.8,1780,Yes,1702,1994,106720
R1900,Royal Lounge,French,Dubai,2.9,1560,No,116,1997,160780
R1901,Urban Lounge,American,Sydney,3.2,920,Yes,1773,2006,88790
R1902,Golden Grill,Chinese,Singapore,3.8,670,No,663,2005,66620
R1903,Blue Bistro,Japanese,San Francisco,3.2,370,No,1859,1985,98150
R1904,Red Palace,French,San Francisco,3.0,300,Yes,181,1986,52610
R1905,Spice Kitchen,French,Tokyo,4.0,1030,Yes,1691,2013,24050
R1906,Red House,Japanese,London,2.7,380,No,528,1995,55600
R1907,Green Café,Mediterranean,Paris,2.6,1190,Yes,1888,2021,135750
R1908,Golden Café,Mexican,Singapore,3.4,1350,No,1898,1991,138590
R1909,Golden Palace,Indian,Dubai,4.3,1090,Yes,967,2019,151530
R1910,Golden Grill,Mexican,London,3.9,930,Yes,822,2014,98560
R1911,Spice Bistro,Japanese,Toronto,3.6,430,Yes,537,2000,113090
R1912,Spice Lounge,American,Berlin,3.9,320,Yes,329,1999,86900
R1913,Golden Grill,Indian,Tokyo,3.4,1440,Yes,1070,2004,136740
R1914,Green Hub,Chinese,Berlin,4.8,1350,Yes,508,2012,27410
R1915,Green Bistro,Mexican,London,2.6,1930,Yes,1698,2021,134310
R1916,Blue Hub,Japanese,London,4.2,1760,No,274,1987,91810
R1917,Royal Café,Mexican,Berlin,4.7,1830,Yes,1728,2013,97310
R1918,Urban Corner,Indian,Dubai,4.5,900,No,1701,2021,49210
R1919,Royal Kitchen,Thai,Dubai,3.0,1450,Yes,1682,1993,93740
R1920,Royal House,Korean,New York,3.2,1640,Yes,917,2011,90230
R1921,Spice Grill,Mexican,Toronto,4.3,1950,No,411,2016,75610
R1922,Golden House,Chinese,Dubai,2.7,1710,Yes,996,2023,76340
R1923,Urban Bistro,Chinese,Toronto,4.5,1380,No,611,2015,29100
R1924,Red Palace,Italian,Toronto,4.3,1100,Yes,961,2010,67020
R1925,Golden Garden,Mexican,London,4.3,1040,Yes,227,1987,198020
R1926,Spice Bistro,Korean,Toronto,2.8,1270,No,339,1995,165730
R1927,Street Grill,Mediterranean,Tokyo,4.3,1460,Yes,195,2013,145010
R1928,Spice Palace,French,Berlin,4.2,1400,Yes,1414,2011,60380
R1929,Blue Corner,Korean,New York,4.6,1480,Yes,218,1994,21310
R1930,Spice Palace,French,Singapore,2.6,250,No,1596,2019,122480
R1931,Fire Hub,French,Sydney,2.6,970,No,297,2007,185360
R1932,Fire Garden,Thai,New York,3.4,570,Yes,97,1990,186880
R1933,Urban Lounge,Italian,Tokyo,2.9,1800,No,1012,1995,182820
R1934,Ocean Café,Korean,New York,3.9,1350,No,1977,2011,45190
R1935,Street House,Korean,Toronto,4.8,1210,No,145,2015,81120
R1936,Fire House,Thai,London,3.5,270,Yes,167,2014,29920
R1937,Urban Grill,Mexican,Sydney,4.6,970,Yes,803,1987,76470
R1938,Spice Café,Mexican,Dubai,2.5,1310,No,929,1997,127510
R1939,Golden Hub,Mexican,London,2.9,1670,Yes,164,2005,95970
R1940,Blue House,American,Toronto,2.6,740,No,1496,1995,188540
R1941,Urban Grill,French,Toronto,3.3,670,Yes,229,1987,55660
R1942,Red Grill,American,Sydney,4.8,1070,Yes,1492,2022,107040
R1943,Fire Garden,Italian,Sydney,2.7,290,No,1200,2015,135850
R1944,Red Palace,Thai,Paris,4.0,710,No,331,2008,52850
R1945,Blue Kitchen,Korean,San Francisco,3.6,1970,Yes,700,1996,140290
R1946,Urban Lounge,French,San Francisco,4.8,530,Yes,850,2011,123840
R1947,Royal Corner,American,London,2.8,1830,No,1595,2005,148460
R1948,Green Corner,American,Dubai,3.0,800,No,1846,2009,150790
R1949,Fire House,Japanese,New York,2.6,1630,Yes,521,2014,160360
R1950,Ocean Bistro,American,Toronto,3.6,980,Yes,96,2014,105510
R1951,Red Hub,Mediterranean,Toronto,3.2,370,No,1578,1994,22840
R1952,Red Bistro,Korean,Paris,4.7,900,Yes,284,1987,171000
R1953,Fire Corner,Mediterranean,London,4.0,1940,No,150,1997,52770
R1954,Blue Palace,Korean,London,4.0,1050,Yes,1751,2011,37570
R1955,Green Kitchen,Thai,Berlin,3.8,510,Yes,1769,2002,154520
R1956,Street Hub,Korean,Sydney,2.7,620,Yes,634,2008,172950
R1957,Golden Palace,Mediterranean,Dubai,3.6,1020,Yes,1823,1998,77870
R1958,Ocean Grill,Korean,Sydney,5.0,1870,No,925,2023,116040
R1959,Golden Lounge,Thai,Dubai,4.6,1820,No,362,1988,105490
R1960,Golden Café,Thai,Tokyo,4.7,880,Yes,1038,2000,87300
R1961,Ocean Grill,Italian,Singapore,4.6,690,No,391,1994,166080
R1962,Blue Café,Korean,San Francisco,2.8,310,Yes,1757,2021,177790
R1963,Street Palace,Japanese,San Francisco,3.1,1040,No,1801,2011,51410
R1964,Fire Corner,Mexican,Dubai,2.5,1420,Yes,1367,1985,130680
R1965,Street Grill,Chinese,San Francisco,3.3,770,Yes,484,1989,162560
R1966,Spice Lounge,Thai,Sydney,2.8,1020,Yes,937,1997,21960
R1967,Golden Hub,Indian,Toronto,3.7,1960,Yes,39,1987,78300
R1968,Fire Grill,Mexican,Sydney,4.2,1310,No,1380,2001,178680
R1969,Red Corner,French,Dubai,4.7,1470,Yes,931,2003,86790
R1970,Royal Hub,Korean,London,4.4,550,Yes,603,2021,99860
R1971,Green Garden,Mediterranean,Sydney,4.8,730,Yes,502,1989,29370
R1972,Blue Corner,Chinese,San Francisco,2.6,660,Yes,1781,2008,137220
R1973,Royal Garden,Indian,Paris,2.5,1340,Yes,504,2017,159890
R1974,Spice Corner,Mexican,Berlin,4.2,1790,Yes,1889,2005,131180
R1975,Fire Bistro,Korean,Toronto,3.2,1430,Yes,397,1987,154320
R1976,Green Bistro,Italian,San Francisco,3.1,1790,No,882,1988,169190
R1977,Golden Grill,French,Paris,3.3,1840,Yes,844,2016,105380
R1978,Golden Grill,Chinese,Dubai,3.2,1150,Yes,1286,2008,176120
R1979,Green Palace,Japanese,Tokyo,3.8,1260,No,639,2019,130360
R1980,Green Palace,Italian,Paris,3.6,1390,No,948,2002,103100
R1981,Green Lounge,Indian,Singapore,3.8,1200,No,39,1987,129720
R1982,Red Palace,Chinese,Tokyo,4.2,1220,Yes,632,2023,123190
R1983,Royal Grill,Italian,New York,3.5,1850,Yes,1945,2010,107750
R1984,Red Hub,French,Toronto,3.1,1770,No,1799,2008,37080
R1985,Red Corner,Japanese,San Francisco,2.9,510,Yes,1744,1985,83770
R1986,Urban Lounge,Italian,New York,3.4,850,Yes,816,2018,162690
R1987,Fire Corner,American,Sydney,4.4,1980,Yes,351,1996,108630
R1988,Red Garden,Japanese,Dubai,4.4,300,Yes,1842,2001,175070
R1989,Spice Palace,Indian,Toronto,4.2,1670,No,1320,2005,122690
R1990,Urban Corner,French,London,3.1,560,Yes,1978,2005,118880
R1991,Ocean Bistro,Korean,Tokyo,4.0,1210,No,1430,1987,198370
R1992,Royal Lounge,Mediterranean,London,3.9,680,Yes,1010,2012,124930
R1993,Spice Grill,Mediterranean,New York,3.7,380,No,1542,2009,173420
R1994,Street House,Mediterranean,Paris,3.9,1870,Yes,1970,1990,134500
R1995,Golden Grill,Chinese,Paris,3.7,260,Yes,253,2014,197340
R1996,Ocean House,Indian,Dubai,3.9,1520,Yes,230,2016,83420
R1997,Street Grill,French,New York,4.3,610,No,1189,2006,172160
R1998,Fire Hub,Japanese,Berlin,2.8,1070,No,1416,2022,74340
R1999,Green Lounge,Chinese,Toronto,4.4,1950,Yes,1781,1998,196630
R2000,Urban Hub,Indian,Tokyo,2.8,1540,Yes,1353,2018,192040
R2001,Green Café,Korean,Paris,2.7,300,No,382,2010,115350
R2002,Spice Palace,American,Paris,4.9,1960,No,540,1997,81190
R2003,Royal Palace,French,London,4.9,1770,Yes,224,2014,183870
R2004,Urban Lounge,Mediterranean,London,2.7,600,No,376,2003,45600
R2005,Urban Kitchen,Italian,San Francisco,3.6,220,Yes,123,2023,127450
R2006,Golden Palace,French,Sydney,3.0,590,Yes,1233,1987,20300
R2007,Blue Garden,Thai,Berlin,3.7,700,Yes,34,2015,101320
R2008,Red Garden,Indian,London,4.6,510,No,943,1996,149960
R2009,Street Hub,Mexican,London,4.9,670,Yes,1154,1999,192690
R2010,Golden Grill,Korean,Toronto,4.1,900,Yes,1775,2022,60380
R2011,Street Grill,American,San Francisco,3.4,1670,No,620,1998,58940
R2012,Green Kitchen,Korean,London,4.0,1080,Yes,867,2019,65960
R2013,Golden Corner,French,Tokyo,3.3,1280,No,1036,2000,185880
R2014,Fire House,Mexican,Toronto,4.8,540,No,907,2008,116750
R2015,Street Lounge,Thai,Sydney,4.7,1270,No,782,2001,144530
R2016,Golden House,Japanese,New York,3.9,1710,Yes,454,2002,98200
R2017,Spice Grill,Italian,Toronto,3.3,590,Yes,1287,2001,189150
R2018,Blue Corner,Mexican,New York,3.2,710,No,29,2000,122840
R2019,Green Lounge,Indian,Paris,2.6,1310,Yes,1237,2005,147440
R2020,Street Garden,Mediterranean,San Francisco,4.5,580,Yes,815,2008,100160
R2021,Red Garden,Thai,Sydney,3.6,870,No,1390,2018,186100
R2022,Green Grill,Italian,San Francisco,3.3,950,Yes,137,2020,81420
R2023,Spice Bistro,American,Sydney,3.7,840,No,367,2011,94820
R2024,Urban Garden,Mediterranean,San Francisco,4.5,810,Yes,1325,2023,93130
R2025,Red Lounge,French,Toronto,2.8,210,Yes,1207,2001,160300
R2026,Green Café,Mexican,San Francisco,4.6,1530,Yes,1766,2009,115120
R2027,Ocean Palace,Italian,Singapore,4.7,1410,Yes,1388,2022,36640
R2028,Golden Bistro,Chinese,Sydney,4.9,940,Yes,890,2005,199090
R2029,Red Garden,Japanese,New York,3.5,1900,No,1070,1988,167500
R2030,Fire Kitchen,Japanese,Sydney,3.0,590,Yes,1343,2009,56540
R2031,Red Café,Thai,Paris,3.4,1080,Yes,1694,2014,157330
R2032,Fire Palace,American,Tokyo,3.3,1860,No,926,2017,194800
R2033,Red Garden,Thai,Singapore,2.9,470,Yes,1637,2023,50980
R2034,Green Hub,Chinese,Dubai,4.0,990,Yes,1615,2010,130140
R2035,Street Lounge,Indian,Sydney,3.7,820,No,1117,2009,97780
R2036,Blue House,American,London,4.7,1590,Yes,519,2000,131190
R2037,Green Lounge,Korean,Toronto,2.6,600,No,453,2008,151850
R2038,Fire Kitchen,Indian,Toronto,4.1,480,No,1453,1989,162500
R2039,Urban Bistro,American,San Francisco,4.4,420,No,1238,2023,56140
R2040,Street Grill,American,San Francisco,4.4,990,No,1521,1997,192310
R2041,Green Café,Chinese,Toronto,4.7,700,Yes,788,2014,162540
R2042,Urban Garden,French,Berlin,4.3,1310,No,1121,1991,56160
R2043,Spice Bistro,Chinese,Singapore,4.8,1240,No,261,2001,47040
R2044,Royal Kitchen,American,Singapore,3.3,640,Yes,1756,2011,58930
R2045,Fire Palace,Italian,New York,3.8,1090,Yes,1888,2019,135730
R2046,Street Bistro,Indian,Sydney,2.5,1690,No,1064,1989,132630
R2047,Royal Corner,Chinese,Dubai,2.5,1570,Yes,1902,1989,49940
R2048,Urban Kitchen,French,Toronto,3.1,1540,No,430,2008,65330
R2049,Golden Palace,Mexican,Sydney,2.8,1080,Yes,1861,1991,35000
R2050,Royal Corner,Thai,Singapore,3.2,340,Yes,70,1991,37250
R2051,Street Corner,American,Paris,2.9,960,Yes,588,1998,117570
R2052,Green Corner,Korean,Toronto,2.6,1250,Yes,1259,1999,163920
R2053,Ocean Lounge,Mexican,Sydney,4.8,1930,Yes,1958,1989,93410
R2054,Urban Bistro,Japanese,Singapore,2.5,1090,Yes,1996,2021,187090
R2055,Blue Lounge,Mediterranean,Tokyo,4.3,1060,Yes,1368,1988,64170
R2056,Urban Garden,French,Singapore,2.9,800,No,1872,2014,124220
R2057,Royal Garden,Korean,San Francisco,4.8,1270,Yes,588,2004,46660
R2058,Street Garden,Mediterranean,London,4.7,800,No,649,2010,114010
R2059,Golden Kitchen,French,Berlin,4.1,700,Yes,120,1993,180030
R2060,Ocean Lounge,Italian,Berlin,4.2,1850,Yes,500,2014,91520
R2061,Urban Café,Thai,San Francisco,2.5,310,Yes,1305,2006,192250
R2062,Green Garden,Mexican,San Francisco,5.0,960,Yes,1846,2014,136280
R2063,Street Grill,Indian,Toronto,4.7,1310,Yes,43,2004,67780
R2064,Spice Corner,French,Tokyo,4.7,850,Yes,221,2012,181690
R2065,Fire Corner,Indian,Tokyo,4.1,1860,Yes,1333,1991,196680
R2066,Green Grill,Thai,Toronto,3.4,1860,Yes,1406,1988,197620
R2067,Urban Hub,American,Sydney,4.7,1340,Yes,134,2012,83390
R2068,Red Palace,Japanese,Toronto,3.2,490,No,1136,2019,120790
R2069,Ocean Corner,Mexican,Dubai,3.9,1240,Yes,1751,2017,149190
R2070,Spice Corner,Thai,Dubai,2.7,1950,No,1153,1991,157580
R2071,Royal Palace,Thai,Berlin,4.8,500,Yes,1715,1993,133530
R2072,Blue Lounge,Italian,Singapore,2.9,1720,Yes,1580,2018,161560
R2073,Red Palace,Mediterranean,Toronto,3.1,1980,Yes,903,2023,122710
R2074,Royal Café,Japanese,Toronto,3.9,320,Yes,340,2018,182390
R2075,Spice Bistro,Mexican,Sydney,4.4,1470,No,1791,1997,90890
R2076,Golden Bistro,American,New York,4.0,1890,Yes,1885,2013,150140
R2077,Urban Bistro,American,Berlin,3.1,1200,Yes,1959,2019,193370
R2078,Blue Corner,Chinese,Berlin,2.5,860,Yes,1342,1994,79170
R2079,Green Grill,Thai,Berlin,4.4,990,Yes,1603,2014,102610
R2080,Fire House,French,Singapore,5.0,1220,No,421,2010,173500
R2081,Blue Grill,Italian,San Francisco,4.5,380,Yes,1432,2019,112860
R2082,Street Garden,Japanese,Paris,3.7,1930,Yes,943,2012,77420
R2083,Red Garden,American,New York,4.8,1620,Yes,1339,2013,62530
R2084,Blue Hub,Mexican,Singapore,3.5,510,Yes,1686,1990,189320
R2085,Street Café,Chinese,Dubai,3.8,1960,Yes,1656,1987,38390
R2086,Red Lounge,Mexican,Sydney,3.7,1680,Yes,1196,2013,166610
R2087,Fire Lounge,Italian,San Francisco,3.6,840,Yes,1656,1986,112500
R2088,Green Hub,French,Dubai,4.4,460,No,673,2006,137430
R2089,Golden Lounge,Chinese,San Francisco,3.8,1700,Yes,1921,2011,136820
R2090,Blue Garden,Chinese,Tokyo,3.3,660,Yes,1098,2006,147980
R2091,Blue Café,Mediterranean,Berlin,3.1,310,Yes,1651,1994,131510
R2092,Urban Grill,Japanese,San Francisco,2.6,1040,Yes,1249,2003,161980
R2093,Red Lounge,Chinese,London,4.0,850,No,612,2008,110740
R2094,Fire Garden,Mediterranean,Berlin,3.1,1520,Yes,1947,2011,96030
R2095,Street House,Mediterranean,Berlin,2.9,1560,No,1987,2020,78930
R2096,Green House,Italian,Sydney,4.1,1670,Yes,35,2001,41530
R2097,Red Lounge,Indian,New York,4.2,1290,Yes,678,1994,67610
R2098,Street House,Mexican,Dubai,4.4,1010,Yes,593,2001,55660
R2099,Spice Kitchen,French,San Francisco,3.8,1440,Yes,1077,1994,186430
R2100,Spice Kitchen,Korean,San Francisco,4.7,820,Yes,1123,1994,117000
R2101,Green Kitchen,Mexican,Tokyo,4.8,910,Yes,1166,2022,38440
R2102,Spice Garden,Chinese,Berlin,4.5,1170,Yes,1194,2001,92690
R2103,Spice Café,French,Toronto,4.1,920,No,1777,2010,142060
R2104,Ocean Palace,American,Paris,3.3,900,No,389,2010,134430
R2105,Urban Corner,Indian,Toronto,5.0,490,Yes,1294,2018,35330
R2106,Street Café,American,San Francisco,3.2,1440,Yes,1416,1988,75960
R2107,Urban Garden,American,Toronto,3.0,350,Yes,378,2011,116150
R2108,Royal Bistro,Japanese,Sydney,3.6,1520,No,1144,2005,83580
R2109,Street Café,Mexican,London,2.6,1760,Yes,1709,2020,36910
R2110,Blue Palace,Korean,San Francisco,4.9,660,Yes,1110,2022,105190
R2111,Fire Grill,Italian,San Francisco,4.0,1200,Yes,218,2015,35880
R2112,Street Garden,Korean,London,3.9,1260,Yes,1046,1991,184810
R2113,Fire Lounge,American,Dubai,4.1,1450,No,1954,2018,67540
R2114,Street Corner,Chinese,London,3.7,410,No,1603,2002,81730
R2115,Blue Garden,Indian,Toronto,2.6,1020,Yes,1931,2008,112890
R2116,Golden Corner,Thai,Sydney,4.0,1820,Yes,1889,1997,165070
R2117,Street Garden,Korean,Tokyo,4.3,790,Yes,1581,1997,100520
R2118,Street Lounge,American,Dubai,3.5,770,Yes,34,2009,164190
R2119,Blue House,Indian,Singapore,4.4,220,Yes,555,1989,173200
R2120,Red Kitchen,French,Tokyo,3.1,1810,Yes,1173,2023,77040
R2121,Blue Corner,Mexican,New York,3.1,640,No,284,2013,99110
R2122,Blue Kitchen,Mediterranean,New York,2.9,690,No,1403,2017,32770
R2123,Blue Palace,Japanese,New York,3.4,210,Yes,883,2008,129030
R2124,Ocean Garden,Indian,New York,4.6,340,Yes,231,1994,161350
R2125,Fire Grill,Chinese,Sydney,4.6,1840,Yes,1070,2009,189020
R2126,Royal Café,Chinese,Tokyo,3.5,1620,No,884,1994,137150
R2127,Royal Kitchen,Indian,Berlin,4.0,1150,No,1162,2023,98150
R2128,Blue Garden,Chinese,Paris,4.3,1040,Yes,1349,2000,21830
R2129,Urban Grill,Mexican,Dubai,3.1,1300,No,1356,2012,111640
R2130,Spice Grill,Chinese,Singapore,2.9,1990,No,1466,1996,43880
R2131,Ocean Kitchen,Korean,Toronto,4.9,420,Yes,227,2016,58270
R2132,Green Palace,Mediterranean,San Francisco,4.0,1180,Yes,1880,2013,44970
R2133,Ocean Café,Chinese,New York,5.0,560,Yes,1975,2011,155620
R2134,Spice Corner,Mediterranean,Singapore,3.3,1260,Yes,1281,2010,54790
R2135,Fire House,American,San Francisco,4.3,600,Yes,120,1987,107570
R2136,Ocean Café,Italian,Paris,3.1,760,Yes,825,2010,39350
R2137,Street Garden,Mexican,Singapore,3.2,1160,Yes,1765,2023,110180
R2138,Urban Grill,Italian,Tokyo,3.8,440,No,717,1985,133090
R2139,Royal Lounge,American,Singapore,3.3,1290,Yes,156,2019,187330
R2140,Spice Kitchen,Mexican,New York,2.9,560,Yes,1377,2011,184820
R2141,Golden Hub,Indian,Paris,3.2,590,Yes,1542,1988,38040
R2142,Green Palace,Indian,Toronto,2.6,1040,Yes,1538,2003,112520
R2143,Royal Bistro,Mediterranean,Berlin,4.3,650,Yes,561,2006,137010
R2144,Green Garden,American,London,3.7,1210,Yes,143,1990,61700
R2145,Red Garden,Mediterranean,New York,2.7,1170,Yes,473,1993,187850
R2146,Ocean Kitchen,Japanese,San Francisco,2.9,380,No,873,1995,103790
R2147,Red Grill,Chinese,Paris,2.8,1100,No,1224,2006,141760
R2148,Urban Bistro,Thai,Tokyo,4.0,1560,No,1196,1993,185260
R2149,Red Garden,Japanese,Sydney,2.7,880,Yes,465,2013,143950
R2150,Red Corner,Chinese,Paris,4.4,240,Yes,1094,1994,22200
R2151,Street Café,Mexican,San Francisco,2.6,1730,Yes,1038,2018,62400
R2152,Fire Café,Mediterranean,London,3.1,1660,No,1070,2015,90010
R2153,Street House,Mexican,London,4.7,1770,Yes,469,2006,142920
R2154,Royal House,Mexican,Dubai,4.3,670,No,1250,1988,187710
R2155,Blue Kitchen,Chinese,Berlin,2.7,1310,Yes,1770,1986,169030
R2156,Red House,American,San Francisco,4.6,1630,No,1761,1989,132230
R2157,Ocean Bistro,Chinese,London,3.7,370,No,148,1999,79910
R2158,Green Grill,French,Dubai,4.6,1680,Yes,627,2003,25590
R2159,Royal Café,Indian,Dubai,4.0,500,No,1132,2022,38390
R2160,Golden House,Indian,Dubai,4.2,1480,Yes,689,1999,37710
R2161,Ocean Garden,Japanese,Paris,5.0,1500,No,970,1992,96760
R2162,Ocean Hub,Indian,Dubai,3.1,440,No,1297,2004,118270
R2163,Red Palace,Chinese,New York,4.1,270,No,608,1996,189000
R2164,Fire Kitchen,Korean,San Francisco,3.7,810,Yes,605,1988,114120
R2165,Blue Bistro,Mediterranean,New York,2.6,1540,Yes,1257,2022,26600
R2166,Green Grill,Chinese,Sydney,2.5,260,No,20,2023,23770
R2167,Golden Kitchen,Chinese,London,2.8,1550,No,336,2020,134740
R2168,Green Corner,Thai,Berlin,4.1,380,Yes,1731,1999,21590
R2169,Street Café,Mediterranean,Dubai,3.9,1640,Yes,1383,1985,179290
R2170,Ocean Lounge,French,Tokyo,3.9,1580,Yes,388,2015,61740
R2171,Spice Garden,Indian,Tokyo,2.6,1300,No,1977,1993,41990
R2172,Green Corner,Mediterranean,London,3.7,1960,No,240,2007,149800
R2173,Street Corner,Indian,Sydney,4.8,300,Yes,1174,2010,122290
R2174,Red Café,Japanese,Tokyo,3.5,600,Yes,627,2023,125910
R2175,Street House,Mediterranean,New York,4.1,1330,Yes,774,2002,152380
R2176,Street Lounge,Indian,Singapore,4.4,1990,Yes,1989,2017,82760
R2177,Blue Corner,French,Paris,4.5,1110,No,58,2023,101680
R2178,Golden Lounge,Italian,Toronto,3.8,940,Yes,460,1998,28650
R2179,Royal Palace,Mexican,Tokyo,4.6,860,Yes,1808,1985,116000
R2180,Ocean Café,Mexican,Berlin,3.5,1870,No,500,1997,69150
R2181,Green Café,French,Dubai,4.7,240,Yes,1238,1999,82410
R2182,Street House,Thai,Berlin,3.1,1350,Yes,1902,2021,181530
R2183,Blue Garden,Italian,San Francisco,3.2,1690,No,1442,1989,91350
R2184,Royal Kitchen,Japanese,Paris,2.6,1370,Yes,416,1998,181970
R2185,Ocean Lounge,French,New York,4.5,1840,No,1084,1998,199380
R2186,Blue House,Mexican,Sydney,3.5,300,Yes,184,1989,60470
R2187,Golden Corner,Mexican,Paris,3.1,630,No,1770,1995,185150
R2188,Urban Lounge,Mexican,Toronto,3.1,960,Yes,1294,2016,56790
R2189,Fire House,American,Singapore,4.8,1370,Yes,489,1989,149270
R2190,Urban Hub,French,Tokyo,4.6,1350,Yes,1767,2020,35210
R2191,Green Lounge,Chinese,Sydney,3.9,860,No,232,1999,188240
R2192,Golden Bistro,Japanese,Sydney,4.0,320,No,278,1991,119330
R2193,Green Palace,Mexican,Tokyo,3.7,1110,Yes,819,1989,32030
R2194,Golden Palace,Indian,Tokyo,3.5,300,Yes,902,2014,168360
R2195,Golden Grill,French,Tokyo,4.8,1580,Yes,910,1999,143100
R2196,Spice Palace,American,Tokyo,2.8,1040,Yes,928,2014,87750
R2197,Golden Palace,French,Tokyo,3.5,1040,No,327,1998,179530
R2198,Spice Café,Japanese,Sydney,3.4,1540,Yes,394,2008,113950
R2199,Golden Palace,American,London,3.7,360,No,1619,2008,62700
R2200,Street Palace,Japanese,London,3.6,670,No,635,2019,103890
R2201,Golden Palace,French,Berlin,3.8,1610,Yes,1252,1989,137170
R2202,Golden Lounge,Chinese,London,2.8,1160,No,1087,1996,61940
R2203,Spice Corner,Japanese,Toronto,3.8,940,Yes,1233,2004,27440
R2204,Fire Lounge,American,London,3.1,1810,Yes,1917,1989,188360
R2205,Blue House,American,Sydney,3.0,1560,No,652,2020,52620
R2206,Street Grill,Japanese,Tokyo,2.7,960,Yes,1372,2005,132130
R2207,Blue Lounge,Korean,Dubai,4.4,1470,Yes,713,2023,24980
R2208,Green Garden,French,Dubai,3.6,560,No,1724,1987,138790
R2209,Golden Bistro,Korean,Toronto,4.1,490,Yes,1931,2013,185240
R2210,Urban Corner,Thai,San Francisco,4.3,1880,Yes,314,2009,130120
R2211,Urban Corner,French,Sydney,4.2,1920,No,1832,2011,190590
R2212,Street Garden,Japanese,New York,3.7,660,Yes,1785,2020,55050
R2213,Green Lounge,Italian,Paris,3.5,1540,No,1278,2006,56020
R2214,Green Grill,Japanese,Berlin,3.4,1610,Yes,851,2022,111090
R2215,Blue Corner,Korean,New York,4.1,670,Yes,1662,2019,120140
R2216,Blue Café,Chinese,Sydney,3.7,1530,No,1241,1985,127950
R2217,Green Corner,Japanese,London,4.6,530,Yes,1757,1987,136200
R2218,Street Café,Japanese,Tokyo,4.7,1200,No,520,2008,79760
R2219,Street House,Chinese,New York,2.9,650,No,1292,1992,152840
R2220,Fire House,Japanese,Paris,2.8,890,No,1413,2023,90280
R2221,Urban House,Mexican,San Francisco,4.1,1550,Yes,172,2002,57180
R2222,Red Kitchen,Italian,Dubai,3.3,430,Yes,747,1987,152540
R2223,Golden Hub,Indian,San Francisco,2.5,860,No,350,2002,90880
R2224,Fire Corner,Italian,Paris,4.7,230,Yes,941,2000,36240
R2225,Royal House,Japanese,Tokyo,3.1,200,Yes,1609,2016,38060
R2226,Red Grill,Mexican,London,4.8,530,Yes,1961,1985,105450
R2227,Red Café,French,Paris,4.3,1280,Yes,1791,2010,49330
R2228,Ocean Kitchen,Japanese,Berlin,4.4,280,Yes,539,1996,29400
R2229,Golden Palace,Korean,Paris,3.0,820,No,43,2022,97870
R2230,Green Kitchen,Mexican,Sydney,3.1,290,Yes,1857,2005,59450
R2231,Urban Grill,Chinese,London,3.8,1570,Yes,1007,1997,104210
R2232,Blue Garden,Mexican,Tokyo,2.9,1970,No,332,1996,136740
R2233,Fire Lounge,Chinese,Dubai,3.3,630,Yes,1214,1997,163970
R2234,Urban Hub,Thai,Dubai,3.3,1370,No,1996,2002,97380
R2235,Urban Bistro,Indian,Paris,2.9,1950,Yes,356,2003,186210
R2236,Royal Lounge,Mediterranean,Sydney,3.0,250,No,1739,2003,57720
R2237,Red Bistro,Mexican,New York,4.5,1400,Yes,1225,1990,143650
R2238,Spice Lounge,American,San Francisco,2.9,1710,No,1612,1991,127980
R2239,Spice Hub,Korean,San Francisco,2.6,1140,Yes,730,1991,90870
R2240,Street Garden,Japanese,San Francisco,4.1,1300,Yes,1911,2012,177750
R2241,Blue Hub,Korean,New York,4.9,1240,Yes,1712,2012,39840
R2242,Urban Bistro,Italian,Sydney,3.3,830,No,1279,2003,132870
R2243,Urban Kitchen,Mediterranean,San Francisco,2.8,1590,Yes,254,2000,30520
R2244,Green Kitchen,Italian,Berlin,3.9,1820,No,687,2001,72540
R2245,Street Corner,Thai,New York,4.8,900,Yes,1841,2006,23500
R2246,Urban Corner,Mediterranean,New York,4.5,1230,Yes,924,2003,29120
R2247,Urban Lounge,Mediterranean,Tokyo,4.1,1080,Yes,732,2013,64450
R2248,Street Lounge,Italian,Tokyo,3.3,250,No,1013,2003,127150
R2249,Blue Garden,Chinese,London,3.9,1290,No,142,2019,22910
R2250,Red Kitchen,Italian,Berlin,2.7,1310,No,1230,2009,177780
R2251,Street Café,Korean,Berlin,4.2,1760,No,919,2004,172230
R2252,Blue Grill,Chinese,London,4.3,1850,Yes,1380,2021,24670
R2253,Urban House,Korean,Berlin,4.9,1690,No,58,2003,52770
R2254,Green Grill,Thai,Toronto,3.2,1460,Yes,1097,1997,166410
R2255,Urban Garden,Japanese,Singapore,2.5,1550,No,1657,1996,133910
R2256,Golden Lounge,French,San Francisco,3.9,820,Yes,1901,1999,30640
R2257,Golden Grill,Chinese,Tokyo,4.3,1600,No,1730,1988,68880
R2258,Blue House,Thai,London,4.5,1740,Yes,1137,1999,170090
R2259,Royal Corner,American,London,3.0,1650,Yes,1964,2001,136550
R2260,Red Kitchen,Thai,Berlin,3.2,370,Yes,222,2011,151110
R2261,Spice Garden,Italian,New York,3.8,960,Yes,1550,1995,122490
R2262,Red Café,Italian,Dubai,3.3,1610,Yes,128,2007,156500
R2263,Royal Palace,French,Paris,4.7,1580,No,865,1999,88580
R2264,Royal Grill,Thai,Paris,3.7,1220,No,770,2015,20030
R2265,Blue Bistro,Indian,London,4.5,1360,Yes,688,2010,79400
R2266,Urban Corner,Japanese,San Francisco,4.0,360,Yes,904,1991,100480
R2267,Golden Corner,Italian,Toronto,4.4,1980,Yes,1275,1997,131400
R2268,Street Grill,French,San Francisco,3.3,330,No,289,1997,140490
R2269,Royal Bistro,Japanese,London,4.6,760,Yes,433,2004,166080
R2270,Golden Kitchen,Thai,San Francisco,3.2,1120,Yes,372,2018,116660
R2271,Green Hub,Thai,Tokyo,3.9,1530,Yes,1030,1994,113220
R2272,Street Bistro,Mediterranean,San Francisco,3.0,1330,Yes,1783,2021,152230
R2273,Golden Café,French,Berlin,3.7,1510,Yes,1339,2011,161660
R2274,Red Bistro,Italian,Berlin,3.3,1580,Yes,1750,2018,20010
R2275,Urban Bistro,Indian,Toronto,3.2,1280,Yes,1519,2020,113360
R2276,Royal House,Thai,Tokyo,4.9,1380,Yes,323,2000,103400
R2277,Fire Café,Indian,Dubai,2.9,1110,Yes,1546,2005,125450
R2278,Red Palace,Thai,New York,4.5,300,Yes,1716,2000,40430
R2279,Royal Corner,Italian,Tokyo,5.0,1180,Yes,1200,2001,37020
R2280,Blue Café,Japanese,Sydney,2.5,270,Yes,1427,1999,79470
R2281,Fire Grill,Mexican,Singapore,4.2,1330,Yes,779,1997,131210
R2282,Royal Kitchen,Japanese,London,3.1,1680,No,1096,2017,147620
R2283,Spice House,Thai,Sydney,2.6,840,Yes,281,1989,33870
R2284,Red Hub,Korean,Toronto,3.5,1120,No,1070,2011,153820
R2285,Royal House,Mexican,Sydney,4.8,1710,Yes,1049,1985,171130
R2286,Red Corner,Mexican,Berlin,2.5,1770,Yes,1799,2014,180750
R2287,Green Garden,Indian,San Francisco,4.0,1230,Yes,352,2007,121880
R2288,Royal Hub,French,New York,3.8,1180,Yes,355,1999,171300
R2289,Red Corner,Indian,Paris,4.7,1030,Yes,1881,2020,183250
R2290,Royal Kitchen,Indian,London,2.7,920,No,1572,2003,158500
R2291,Red Bistro,Korean,Paris,4.2,1640,No,1992,2014,64620
R2292,Royal Lounge,Japanese,San Francisco,4.2,780,Yes,1656,2000,40360
R2293,Spice Bistro,Japanese,Berlin,4.2,500,Yes,242,2002,81190
R2294,Golden House,American,Berlin,4.9,830,Yes,999,2010,189210
R2295,Green Hub,Thai,San Francisco,4.6,670,Yes,585,2001,109820
R2296,Fire Palace,Korean,London,2.6,420,No,1642,1995,88630
R2297,Green Hub,American,Paris,3.7,1770,Yes,425,2013,159890
R2298,Ocean Café,Italian,Tokyo,3.5,740,No,914,1993,71780
R2299,Blue House,Thai,Berlin,3.3,260,Yes,276,2001,149470
R2300,Spice House,Thai,Paris,3.6,1310,Yes,1006,2011,134410
R2301,Golden Lounge,Mediterranean,Dubai,3.5,1250,Yes,1359,2021,185450
R2302,Urban Hub,Mediterranean,Paris,3.6,1170,Yes,1959,2006,141040
R2303,Red Hub,Chinese,Dubai,4.9,310,Yes,753,1992,153470
R2304,Green House,Chinese,Dubai,2.7,790,Yes,920,1987,46340
R2305,Street Café,Indian,Berlin,4.8,710,Yes,452,2022,71010
R2306,Ocean Bistro,Italian,London,3.7,1740,Yes,569,2019,198930
R2307,Royal Lounge,Mexican,Toronto,4.1,1590,Yes,1895,2016,106710
R2308,Ocean House,Mexican,Berlin,4.6,1600,Yes,1755,1992,152440
R2309,Urban Café,Mediterranean,London,3.4,910,No,85,2011,144460
R2310,Ocean House,Mediterranean,London,3.6,1440,No,256,2016,59990
R2311,Royal Café,Mediterranean,Sydney,3.5,1760,Yes,1861,2020,120280
R2312,Royal Corner,Korean,San Francisco,3.4,1820,Yes,589,2018,183760
R2313,Red House,French,San Francisco,4.8,790,Yes,322,2009,134060
R2314,Urban Corner,Chinese,San Francisco,4.6,1760,No,585,2015,62110
R2315,Spice Palace,Korean,Singapore,2.8,500,Yes,1727,1997,187750
R2316,Urban Grill,Japanese,Berlin,2.8,960,Yes,1625,1999,136060
R2317,Blue Hub,Mexican,London,3.6,950,Yes,352,1997,136360
R2318,Urban Palace,Thai,Sydney,2.7,800,No,724,2017,99510
R2319,Golden Garden,Chinese,Dubai,4.0,210,Yes,1215,2015,32380
R2320,Golden Hub,American,Toronto,2.9,1800,Yes,1988,2009,27400
R2321,Ocean Corner,Japanese,Toronto,3.8,1400,Yes,993,2007,143240
R2322,Green Palace,Chinese,Dubai,2.5,780,Yes,735,2022,130350
R2323,Royal Hub,Korean,Paris,3.3,590,No,1968,1987,117270
R2324,Green Grill,Italian,Paris,4.2,1960,Yes,641,2000,23680
R2325,Urban Café,Thai,San Francisco,3.7,510,No,408,1986,124630
R2326,Fire Hub,Chinese,Berlin,4.9,570,Yes,1274,2007,69090
R2327,Red House,French,Singapore,4.7,1110,Yes,1880,2018,72190
R2328,Ocean Hub,Mediterranean,Sydney,3.4,1070,No,723,2014,112900
R2329,Spice Café,Mediterranean,Toronto,2.6,1600,Yes,933,1994,96040
R2330,Spice Café,Thai,San Francisco,4.6,1040,Yes,301,1985,170380
R2331,Red Lounge,Korean,New York,4.8,950,Yes,63,2006,115830
R2332,Green Corner,Mediterranean,San Francisco,4.6,1470,No,1178,2017,82060
R2333,Green Palace,Chinese,New York,2.8,320,Yes,1389,2009,122230
R2334,Spice Grill,American,Tokyo,5.0,580,No,1631,2006,182930
R2335,Spice Garden,Mexican,London,3.1,420,Yes,992,2000,114640
R2336,Red Palace,Mexican,Dubai,4.3,1290,No,486,2014,39790
R2337,Spice Bistro,Japanese,London,4.8,1260,Yes,31,2002,86120
R2338,Green Hub,Indian,San Francisco,3.1,1110,Yes,1364,2008,80220
R2339,Golden Kitchen,Italian,London,4.8,1610,Yes,1325,1989,80810
R2340,Royal Lounge,Thai,Sydney,3.3,1640,No,1269,2021,117680
R2341,Golden House,Japanese,Tokyo,4.9,430,No,1062,2007,98320
R2342,Street Garden,Indian,Singapore,3.2,530,Yes,704,2011,196390
R2343,Ocean Lounge,Korean,Tokyo,4.9,1980,Yes,1971,1996,22990
R2344,Fire Kitchen,French,Toronto,2.6,1310,Yes,169,1994,164960
R2345,Golden Grill,French,Sydney,4.3,1570,Yes,919,2018,162290
R2346,Fire Corner,Italian,London,3.8,1370,Yes,539,2017,196640
R2347,Fire Palace,Mediterranean,Singapore,3.7,1680,Yes,1583,2000,150280
R2348,Green Bistro,Chinese,London,3.1,1840,Yes,110,2013,65890
R2349,Blue Kitchen,Japanese,Berlin,4.3,260,Yes,1323,2002,101330
R2350,Red Palace,Japanese,Berlin,3.0,1090,No,1410,2011,86320
R2351,Fire Kitchen,Thai,Paris,3.9,320,Yes,1206,1991,174590
R2352,Ocean Garden,Thai,Tokyo,3.1,990,Yes,352,2020,93980
R2353,Ocean Garden,French,Singapore,4.9,490,Yes,1961,2011,143770
R2354,Urban Grill,French,Berlin,2.6,1780,Yes,1911,1994,113030
R2355,Ocean Garden,American,Paris,3.0,1520,Yes,588,1994,112870
R2356,Royal Café,American,Sydney,3.1,1790,Yes,1224,1995,158670
R2357,Red Grill,Mediterranean,Singapore,3.5,350,Yes,1472,2014,43000
R2358,Fire Corner,American,Paris,3.1,1690,Yes,1588,1987,172650
R2359,Blue Bistro,Chinese,Dubai,3.7,1910,No,1668,2013,59910
R2360,Golden Lounge,Chinese,Singapore,4.7,590,Yes,799,1998,188970
R2361,Urban Lounge,Japanese,San Francisco,4.3,560,Yes,1376,1997,62310
R2362,Ocean Lounge,Mexican,Paris,3.9,970,No,1741,2003,128680
R2363,Golden Garden,Chinese,London,2.7,350,Yes,854,2009,85520
R2364,Street Kitchen,Indian,San Francisco,4.2,620,Yes,134,1994,103120
R2365,Green Café,French,Dubai,2.9,820,Yes,1641,1999,116930
R2366,Street House,Thai,Berlin,4.5,340,Yes,899,2012,31170
R2367,Urban Bistro,American,New York,3.1,1910,Yes,678,2022,131830
R2368,Urban Lounge,Japanese,Paris,3.5,1560,Yes,1585,1991,118150
R2369,Street Hub,Italian,Sydney,3.4,840,No,1393,1998,98610
R2370,Street Hub,Thai,Paris,4.6,630,Yes,512,2014,42380
R2371,Green Café,Indian,New York,2.8,390,Yes,182,1996,86000
R2372,Red Corner,American,Dubai,3.9,1380,Yes,896,2012,160310
R2373,Golden Kitchen,Indian,Dubai,2.9,1310,Yes,1427,1998,44330
R2374,Blue Lounge,French,San Francisco,4.3,1420,Yes,1494,1985,91660
R2375,Ocean Palace,French,Singapore,4.8,1800,No,1718,1988,63730
R2376,Royal Hub,Mediterranean,Sydney,3.6,990,No,129,2002,101460
R2377,Spice Bistro,Japanese,San Francisco,3.7,1190,Yes,282,2020,34710
R2378,Royal House,Thai,Sydney,4.8,250,Yes,1391,2016,110180
R2379,Royal Corner,Korean,Sydney,3.8,1020,No,1419,2012,198120
R2380,Red Grill,Korean,New York,3.7,500,Yes,922,2012,170290
R2381,Red Palace,Thai,San Francisco,3.9,850,Yes,885,2022,63060
R2382,Green House,Italian,Sydney,4.2,370,Yes,867,2016,151770
R2383,Ocean Palace,Japanese,Toronto,2.8,470,No,1920,1992,57810
R2384,Spice Grill,Indian,New York,4.6,870,Yes,1967,2009,86880
R2385,Green House,Italian,Dubai,3.6,1330,No,1966,2004,193900
R2386,Golden Grill,Mexican,New York,2.7,1920,Yes,1352,2017,36370
R2387,Fire Garden,Thai,London,4.5,770,Yes,270,2014,71110
R2388,Red Corner,Indian,London,3.4,1940,Yes,1314,2021,146850
R2389,Blue Palace,Korean,Sydney,2.8,1990,Yes,1362,2000,48610
R2390,Spice Corner,Chinese,San Francisco,4.1,1830,No,1157,2009,190220
R2391,Golden Bistro,Mediterranean,Dubai,4.7,1480,Yes,1509,2022,106840
R2392,Red Corner,Korean,New York,4.7,580,Yes,287,1994,77250
R2393,Ocean Palace,Japanese,San Francisco,4.9,1250,Yes,102,1989,138490
R2394,Spice Palace,French,New York,4.7,200,Yes,968,1992,34850
R2395,Urban Lounge,Chinese,New York,2.5,940,Yes,1580,2017,85810
R2396,Golden Kitchen,Mediterranean,Toronto,3.5,1070,Yes,832,2021,72210
R2397,Street Bistro,Mediterranean,London,4.5,1610,Yes,137,1985,181270
R2398,Green Lounge,Mexican,New York,3.4,1700,No,541,2015,70320
R2399,Green Palace,Mexican,Toronto,4.0,1900,Yes,782,1991,84260
R2400,Royal Lounge,American,London,4.0,1690,No,176,2007,60090
R2401,Street Hub,Korean,Toronto,3.4,790,Yes,840,2008,170950
R2402,Ocean Kitchen,Korean,San Francisco,4.8,1740,Yes,245,1998,83070
R2403,Urban Palace,Korean,Singapore,3.8,1490,Yes,1065,2007,51280
R2404,Green Hub,American,London,3.7,1860,No,1264,1993,63010
R2405,Street Corner,Italian,Berlin,5.0,1980,Yes,200,1992,80270
R2406,Royal House,Mediterranean,Singapore,3.7,1290,No,1875,1992,176600
R2407,Urban House,Chinese,San Francisco,2.9,380,Yes,1969,1987,142450
R2408,Street Palace,Japanese,New York,3.8,810,Yes,666,2016,173800
R2409,Street Grill,Mediterranean,Dubai,4.5,900,Yes,622,1988,193300
R2410,Spice Palace,Mexican,San Francisco,4.4,1300,Yes,1624,2022,54400
R2411,Golden Café,Indian,Toronto,4.5,1520,Yes,1541,1986,35450
R2412,Street Grill,French,Toronto,4.3,910,No,1490,1993,148440
R2413,Royal Hub,American,Toronto,3.1,970,No,1705,1985,20290
R2414,Spice Kitchen,Thai,Toronto,4.7,1190,No,264,1995,116630
R2415,Red Café,Indian,San Francisco,4.7,900,No,1312,2013,197930
R2416,Red House,Japanese,Dubai,3.0,260,No,1733,2010,56790
R2417,Spice Lounge,Korean,Paris,2.8,690,No,982,2011,167640
R2418,Spice Corner,Mexican,Toronto,4.9,650,Yes,1755,2022,21250
R2419,Ocean Grill,Mexican,Paris,4.7,910,Yes,1786,2013,69080
R2420,Spice Corner,Mexican,Dubai,4.7,950,Yes,1089,2017,86420
R2421,Fire Corner,Korean,Dubai,4.7,930,Yes,658,2012,108450
R2422,Ocean Lounge,Thai,Singapore,3.9,1610,No,115,2015,156480
R2423,Ocean Corner,American,London,4.1,920,Yes,1614,2003,109320
R2424,Red Corner,Indian,Berlin,3.9,1210,Yes,1735,2010,99530
R2425,Red Lounge,Korean,Sydney,2.6,1130,Yes,201,2013,131830
R2426,Street Kitchen,Japanese,Berlin,4.4,880,Yes,1012,1995,127690
R2427,Royal Lounge,American,San Francisco,3.8,840,Yes,1311,2016,129310
R2428,Spice Grill,Japanese,Sydney,4.1,810,Yes,1577,2005,78870
R2429,Green Corner,American,Dubai,3.8,390,Yes,184,2022,48210
R2430,Fire Garden,Thai,Berlin,3.7,1730,Yes,1803,2018,167540
R2431,Golden Café,French,Tokyo,2.9,630,Yes,644,2006,180250
R2432,Urban House,Japanese,London,3.2,810,Yes,94,2011,182180
R2433,Green Kitchen,Korean,Berlin,2.9,1260,Yes,957,1992,134210
R2434,Blue Kitchen,American,London,3.0,1440,Yes,737,2015,33950
R2435,Royal Corner,Mexican,Paris,4.9,640,Yes,1249,1985,59610
R2436,Blue Lounge,Mediterranean,San Francisco,2.9,300,No,1047,2023,46140
R2437,Blue Garden,Mexican,London,3.2,1810,Yes,1070,2018,170530
R2438,Golden Garden,Italian,Paris,4.0,1070,No,1060,2008,199280
R2439,Ocean Grill,French,Toronto,4.0,650,No,1697,2012,72250
R2440,Urban Kitchen,French,Paris,2.9,1310,No,1609,1988,140930
R2441,Ocean Café,Mexican,San Francisco,4.5,1000,Yes,79,2002,167020
R2442,Street Lounge,Indian,Singapore,4.5,510,Yes,163,2013,146890
R2443,Blue Palace,Thai,Toronto,3.1,1170,Yes,1471,2007,99860
R2444,Royal Kitchen,Japanese,Dubai,3.2,240,Yes,774,2021,166600
R2445,Urban Bistro,Korean,New York,4.8,480,No,280,2011,146600
R2446,Spice Kitchen,French,Paris,4.6,670,Yes,550,2000,90340
R2447,Urban House,Mexican,Paris,4.2,350,No,1107,2011,116370
R2448,Green House,Mexican,London,2.7,1720,No,1829,1993,155800
R2449,Ocean House,Thai,Dubai,3.5,910,Yes,580,1989,121600
R2450,Blue Café,Thai,Berlin,3.9,480,Yes,1788,1992,194800
R2451,Red Palace,Chinese,Tokyo,3.0,1990,Yes,1874,2002,32040
R2452,Fire Palace,Chinese,Sydney,3.6,650,Yes,158,2019,121120
R2453,Golden Bistro,Indian,Paris,4.0,1720,Yes,1539,1990,55830
R2454,Green Garden,Indian,Berlin,3.3,420,No,19,2007,182560
R2455,Ocean House,Italian,Tokyo,4.5,1810,Yes,653,2010,133310
R2456,Fire Grill,Indian,Sydney,4.6,1130,Yes,1535,2023,95390
R2457,Golden Kitchen,American,New York,3.3,1330,Yes,71,2008,136110
R2458,Street Lounge,Thai,London,4.6,530,Yes,1421,1994,40380
R2459,Spice Café,Korean,Berlin,2.8,1790,Yes,1928,1999,102230
R2460,Spice Kitchen,American,London,4.6,1360,Yes,783,2022,121600
R2461,Fire Bistro,Japanese,Sydney,2.9,480,Yes,1763,2004,135220
R2462,Blue Grill,Mexican,Singapore,2.7,280,Yes,1265,2013,55680
R2463,Blue Bistro,Indian,Paris,4.1,580,Yes,1881,1990,133140
R2464,Fire Grill,Mexican,Toronto,3.7,1540,Yes,1617,1993,102980
R2465,Golden House,French,Tokyo,4.8,1290,No,537,1989,22010
R2466,Fire House,Italian,Dubai,3.4,880,Yes,1583,2023,99560
R2467,Red Garden,French,San Francisco,3.2,1550,Yes,1722,2003,93850
R2468,Red Café,Italian,Paris,3.8,1150,Yes,454,1989,80070
R2469,Urban Kitchen,Chinese,Toronto,3.6,1380,Yes,1354,2004,37940
R2470,Blue Corner,Mexican,San Francisco,3.4,1370,No,1927,1995,34080
R2471,Street Garden,Italian,Berlin,4.2,370,No,1116,2011,29160
R2472,Spice House,Mediterranean,San Francisco,4.4,1210,Yes,1467,2013,97780
R2473,Royal Hub,American,New York,4.6,1290,No,26,1991,118760
R2474,Royal Bistro,Italian,Paris,4.9,1010,No,378,1987,164400
R2475,Blue Garden,Italian,London,3.2,1960,Yes,1701,1989,83460
R2476,Urban Kitchen,American,Singapore,4.3,1240,No,693,1997,178690
R2477,Street House,Mexican,Dubai,3.5,350,Yes,917,2000,51660
R2478,Golden Grill,Mexican,London,4.2,400,Yes,1615,1996,93440
R2479,Red Kitchen,American,Toronto,3.7,1570,No,592,2023,184480
R2480,Urban Garden,French,Paris,5.0,1250,Yes,264,2011,56500
R2481,Blue Corner,Mediterranean,Singapore,4.3,1510,No,465,2017,167150
R2482,Ocean Corner,Korean,San Francisco,4.9,630,Yes,652,1999,83980
R2483,Golden Palace,Japanese,Paris,4.6,1420,No,570,2005,40150
R2484,Spice Palace,Mediterranean,San Francisco,4.8,1550,Yes,542,2001,179400
R2485,Blue Bistro,Mexican,Berlin,4.5,1300,Yes,1425,2021,60240
R2486,Red Palace,Korean,New York,3.6,1360,Yes,329,1999,108040
R2487,Urban House,Chinese,Sydney,3.1,1450,No,229,2004,108430
R2488,Fire Lounge,Indian,Paris,3.4,380,Yes,708,2003,150050
R2489,Royal Corner,Italian,Toronto,2.6,830,Yes,1447,1985,33870
R2490,Urban Corner,American,San Francisco,3.8,590,Yes,41,1988,67630
R2491,Royal Kitchen,American,London,3.8,700,Yes,724,1987,75350
R2492,Royal Palace,Italian,Berlin,3.8,1560,No,1821,1992,140200
R2493,Blue House,Indian,Toronto,4.9,1770,Yes,763,1989,51280
R2494,Royal Bistro,Japanese,Dubai,4.8,750,Yes,1049,1993,70850
R2495,Royal Bistro,Indian,Sydney,2.9,1000,Yes,418,1985,132970
R2496,Spice Café,Korean,Berlin,3.4,1910,Yes,837,2014,189210
R2497,Blue Palace,Indian,New York,3.6,1620,Yes,182,1991,182570
R2498,Royal Lounge,Korean,Sydney,3.4,890,No,1682,2006,79980
R2499,Fire Corner,Indian,San Francisco,4.5,1470,No,1212,2004,160230
R2500,Blue Hub,Japanese,Toronto,3.8,1450,Yes,1904,2013,133690
R2501,Urban Hub,Japanese,Dubai,3.9,800,Yes,1606,2011,125140
R2502,Green Lounge,Mexican,Tokyo,4.6,990,No,1530,2009,111540
R2503,Ocean Lounge,Italian,New York,4.5,1400,Yes,945,2019,32430
R2504,Royal Garden,Japanese,Singapore,2.8,1200,Yes,1137,2011,120610
R2505,Royal Hub,Korean,San Francisco,4.3,1700,Yes,1350,1995,36530
R2506,Green Lounge,Japanese,Tokyo,3.6,960,Yes,716,2001,99740
R2507,Spice Lounge,Mexican,Paris,3.2,1940,Yes,1801,2015,114910
R2508,Golden Grill,American,Dubai,2.6,1640,No,985,2002,43040
R2509,Ocean Grill,Korean,London,3.7,1450,Yes,1621,2003,134980
R2510,Golden Garden,Mexican,Singapore,3.4,1990,No,792,2022,143380
R2511,Royal Corner,French,Toronto,3.1,410,Yes,1214,2013,58140
R2512,Street Grill,French,Dubai,4.2,1020,Yes,141,1999,145090
R2513,Golden House,Chinese,Sydney,4.4,1860,Yes,672,1991,70380
R2514,Ocean Kitchen,Indian,Berlin,3.1,1600,No,1188,2021,180250
R2515,Ocean Bistro,Italian,Sydney,2.6,970,Yes,368,2021,153650
R2516,Red Palace,Thai,Sydney,4.6,1140,Yes,1268,1991,57810
R2517,Ocean Corner,Mediterranean,Paris,2.5,1280,No,769,2006,39580
R2518,Green Corner,Mexican,New York,4.8,1290,No,174,1996,196800
R2519,Ocean Grill,American,London,4.1,710,No,726,1992,83410
R2520,Golden Hub,Mediterranean,Singapore,3.3,1220,Yes,436,2002,112240
R2521,Street Bistro,American,New York,3.1,1200,No,686,2012,70820
R2522,Red Garden,Mediterranean,Dubai,2.5,1610,Yes,497,2002,93010
R2523,Golden Café,Mexican,Sydney,3.1,820,No,222,2015,162750
R2524,Green Lounge,Thai,Paris,2.8,470,No,1958,2001,173750
R2525,Urban Café,Mediterranean,Dubai,4.0,650,No,775,2007,198590
R2526,Blue Garden,Mexican,Berlin,2.9,470,No,166,1995,44070
R2527,Fire Corner,Japanese,London,3.8,210,Yes,1722,1999,193190
R2528,Blue Hub,Thai,Singapore,4.0,1460,No,1108,2014,152450
R2529,Street Lounge,Korean,Berlin,3.2,360,Yes,444,2015,131590
R2530,Street Bistro,American,Paris,2.6,780,No,1211,1990,74150
R2531,Golden Garden,French,London,2.6,1990,No,1829,1996,42450
R2532,Ocean Café,Indian,Dubai,2.6,1510,Yes,851,2007,85720
R2533,Red Corner,French,Sydney,4.3,960,Yes,654,2023,59500
R2534,Street Palace,Thai,Sydney,3.3,1500,No,1670,2020,120060
R2535,Urban Palace,Korean,San Francisco,4.5,1340,Yes,321,2019,94850
R2536,Ocean Palace,American,Sydney,3.6,1840,Yes,1865,1987,196800
R2537,Royal Lounge,Korean,Tokyo,3.6,1160,Yes,136,2012,36470
R2538,Spice Corner,Mediterranean,Sydney,3.8,1240,Yes,386,1999,170450
R2539,Ocean Café,American,Tokyo,4.3,430,Yes,1378,1997,113560
R2540,Royal House,Mediterranean,Toronto,3.2,540,Yes,234,2003,100920
R2541,Red Café,Mexican,Tokyo,2.8,210,Yes,1050,2002,52440
R2542,Golden House,Thai,London,3.9,520,No,506,2015,60250
R2543,Red Palace,Mexican,Berlin,3.3,950,Yes,482,2021,138920
R2544,Red Bistro,Chinese,London,3.6,1050,Yes,1898,2005,106940
R2545,Green Lounge,Korean,Berlin,4.1,1570,Yes,1344,2023,158770
R2546,Ocean Lounge,Mediterranean,San Francisco,3.7,1000,Yes,1791,1989,110020
R2547,Fire Grill,Japanese,Toronto,4.1,810,Yes,1170,2001,27850
R2548,Blue Café,Mexican,Berlin,3.9,620,No,484,2003,22270
R2549,Spice Grill,Chinese,Berlin,4.3,1400,Yes,226,1988,69470
R2550,Golden Café,Italian,Paris,4.3,780,Yes,205,2010,94770
R2551,Red Palace,French,New York,3.8,280,No,210,2008,192110
R2552,Red Palace,American,New York,4.2,960,Yes,375,2023,187620
R2553,Green Kitchen,Chinese,Paris,4.7,820,Yes,728,2022,158940
R2554,Fire Café,Thai,Sydney,3.6,710,No,1561,2003,122170
R2555,Red Corner,Mexican,Paris,3.5,420,Yes,409,2014,167200
R2556,Blue Bistro,Thai,Berlin,4.4,490,No,1558,2010,82560
R2557,Ocean Café,French,Berlin,4.0,1900,Yes,599,1995,135560
R2558,Fire Corner,Japanese,Paris,2.7,400,Yes,223,2023,135680
R2559,Fire Lounge,Korean,Paris,4.7,620,No,350,1987,104820
R2560,Urban Grill,Korean,Sydney,2.6,1540,Yes,1362,2006,96880
R2561,Fire Hub,Thai,London,4.4,350,Yes,968,2001,20590
R2562,Spice Bistro,Mediterranean,Toronto,4.4,420,No,128,1995,74310
R2563,Fire Café,Japanese,Dubai,4.9,1060,Yes,1458,2023,164240
R2564,Street House,Korean,Berlin,2.6,500,No,1726,2011,53390
R2565,Ocean Palace,Japanese,Toronto,4.0,1400,No,845,2013,56540
R2566,Street Garden,Chinese,Paris,3.6,880,Yes,851,1996,151870
R2567,Red Grill,Japanese,Sydney,3.3,1530,Yes,876,1997,75480
R2568,Street Palace,Indian,Tokyo,2.7,1340,Yes,1406,1995,185850
R2569,Green Grill,French,Sydney,3.9,780,No,1682,2015,90870
R2570,Red Garden,Korean,Singapore,3.7,1750,Yes,1212,1995,153340
R2571,Ocean Corner,Japanese,Singapore,2.8,1650,Yes,1465,2020,106620
R2572,Golden Palace,Thai,Toronto,4.0,960,Yes,1753,1986,99430
R2573,Urban Kitchen,Italian,New York,4.3,1570,Yes,954,2007,53560
R2574,Street Café,Indian,Singapore,4.4,260,Yes,411,2020,125480
R2575,Fire Corner,Indian,Singapore,4.8,560,No,1427,1998,59730
R2576,Spice House,Mediterranean,London,3.5,1920,Yes,892,2021,150200
R2577,Green Bistro,Japanese,Tokyo,4.9,1050,Yes,575,2011,127750
R2578,Red Grill,Mediterranean,London,4.7,350,No,1112,1996,64710
R2579,Street Hub,Mediterranean,Tokyo,3.2,1350,Yes,1816,2013,51230
R2580,Royal Corner,Italian,San Francisco,2.9,1370,No,1940,1990,133330
R2581,Fire Corner,Chinese,Dubai,3.6,330,Yes,433,2007,80030
R2582,Golden Corner,Japanese,Berlin,3.5,1580,Yes,127,1994,57900
R2583,Ocean Bistro,Mexican,Singapore,3.9,1060,No,377,2018,85210
R2584,Spice Bistro,Korean,Berlin,4.0,1810,Yes,1139,1996,51100
R2585,Royal Grill,Mediterranean,Singapore,4.4,1230,Yes,1138,2016,36010
R2586,Fire Palace,French,London,3.8,1600,Yes,1336,2010,137880
R2587,Blue Hub,American,Dubai,2.8,1860,No,639,1991,147120
R2588,Red Lounge,French,London,4.6,630,No,1927,2016,157470
R2589,Red Bistro,Italian,London,3.3,470,Yes,1774,2017,180040
R2590,Urban Palace,Italian,Tokyo,4.9,1870,No,157,2002,105130
R2591,Red House,Thai,New York,2.8,350,Yes,1899,2019,124890
R2592,Urban Café,Chinese,Sydney,4.9,690,Yes,159,2004,185630
R2593,Ocean Kitchen,Korean,Toronto,2.7,1340,No,825,2015,152910
R2594,Red Hub,Mediterranean,Berlin,3.1,1750,No,265,1989,180370
R2595,Green Garden,French,San Francisco,2.6,870,Yes,91,2016,176850
R2596,Spice Kitchen,American,Singapore,4.3,1110,Yes,25,2003,109290
R2597,Fire Hub,Italian,London,4.6,1400,Yes,910,1985,57190
R2598,Spice Garden,Italian,New York,3.6,1590,No,202,1991,184380
R2599,Golden Bistro,Chinese,London,4.8,350,No,732,2006,131170
R2600,Green Café,American,Dubai,4.0,720,Yes,1107,2018,138340
R2601,Blue Corner,American,Tokyo,4.1,680,No,1310,1994,58550
R2602,Golden Grill,Chinese,San Francisco,4.6,1830,No,1094,2010,153690
R2603,Ocean Palace,Italian,Sydney,3.2,810,No,982,2016,47510
R2604,Green Grill,Korean,Dubai,3.4,1030,Yes,960,2011,27240
R2605,Ocean Corner,Japanese,Paris,4.8,1730,Yes,545,1996,114450
R2606,Blue Bistro,Japanese,San Francisco,4.8,750,Yes,1568,2007,113690
R2607,Fire House,Chinese,London,4.9,1390,Yes,352,1998,114880
R2608,Street Palace,American,Dubai,4.8,1090,No,404,2018,100490
R2609,Red Café,Mediterranean,Sydney,2.8,1690,No,952,2001,153570
R2610,Red Corner,Chinese,New York,4.6,1390,Yes,267,1990,182330
R2611,Spice Grill,Korean,New York,3.5,920,No,1231,2011,33290
R2612,Red Lounge,Chinese,Berlin,5.0,880,Yes,62,1992,145380
R2613,Golden Café,Indian,Sydney,3.7,1960,Yes,660,2017,160530
R2614,Royal Grill,French,New York,3.9,1170,Yes,280,2019,165350
R2615,Street Kitchen,American,Dubai,3.8,210,Yes,210,2001,113610
R2616,Royal Palace,Thai,Berlin,3.3,720,Yes,405,2010,90570
R2617,Red Café,Thai,New York,2.7,1380,Yes,387,1991,136310
R2618,Spice Palace,American,San Francisco,4.7,260,No,1924,2008,125590
R2619,Ocean Bistro,Korean,Tokyo,4.5,1670,Yes,685,2009,62940
R2620,Golden Grill,Indian,Paris,2.8,1770,Yes,1637,2019,116560
R2621,Street Palace,Indian,Sydney,4.4,940,Yes,544,2010,153700
R2622,Blue Garden,Italian,Dubai,4.1,1140,No,932,1989,101490
R2623,Fire Hub,French,Singapore,3.5,220,Yes,1121,2022,164780
R2624,Royal Kitchen,Japanese,London,3.1,980,No,407,2019,31230
R2625,Green Grill,Mexican,Dubai,4.6,360,Yes,1215,2014,198720
R2626,Royal Garden,Korean,New York,4.3,1310,Yes,876,2009,186480
R2627,Urban Garden,Mexican,Dubai,3.9,710,No,1316,2008,173660
R2628,Red House,Mexican,Singapore,4.0,260,Yes,1566,2014,88740
R2629,Golden Café,American,London,2.7,1310,Yes,570,2004,57660
R2630,Red Garden,Thai,Berlin,3.7,1520,Yes,199,1987,105870
R2631,Red Palace,Thai,New York,3.0,730,Yes,214,2016,90560
R2632,Blue Corner,Japanese,Toronto,3.0,800,No,977,1992,102990
R2633,Ocean Lounge,American,New York,4.2,1280,Yes,53,2007,55630
R2634,Fire Garden,Mexican,Paris,4.8,350,Yes,1013,2000,130980
R2635,Red Palace,Mediterranean,Toronto,3.5,660,Yes,1333,2019,98490
R2636,Green Garden,Thai,Paris,3.0,670,Yes,1028,2009,157710
R2637,Street Café,Korean,Singapore,4.1,1400,Yes,649,1999,80350
R2638,Fire Palace,Korean,Sydney,4.7,830,Yes,1003,1992,171040
R2639,Golden Café,Italian,London,4.4,690,Yes,710,2018,99590
R2640,Ocean Café,Chinese,Tokyo,4.7,600,Yes,1715,2009,51960
R2641,Green Palace,Mediterranean,Berlin,3.8,410,Yes,1312,2003,195690
R2642,Red House,Thai,Tokyo,4.4,1340,Yes,722,1997,61310
R2643,Fire Grill,Indian,San Francisco,2.9,240,Yes,1418,1996,24120
R2644,Street Palace,Thai,San Francisco,3.4,1640,No,646,1999,106740
R2645,Street Bistro,Italian,Singapore,3.5,1200,Yes,813,2007,131510
R2646,Street Bistro,Korean,Sydney,3.8,970,No,320,1986,58470
R2647,Green Kitchen,Mexican,San Francisco,4.8,600,Yes,887,2007,107940
R2648,Green Hub,Indian,New York,4.7,1110,No,1561,1989,30810
R2649,Green Garden,American,Dubai,2.8,1820,Yes,866,2018,102160
R2650,Blue Kitchen,French,Paris,2.9,1870,Yes,283,1994,103890
R2651,Red Garden,Mexican,San Francisco,3.4,410,No,1515,2011,106140
R2652,Red Hub,French,Singapore,3.2,1950,No,1839,1988,195250
R2653,Street Kitchen,Mediterranean,Paris,4.0,720,Yes,1484,1988,122450
R2654,Green Corner,Chinese,New York,4.8,1120,Yes,1565,1992,195040
R2655,Spice Kitchen,Indian,Sydney,4.9,290,Yes,540,1990,143590
R2656,Street House,Japanese,London,4.1,1650,Yes,1558,2009,65270
R2657,Blue Café,Indian,Tokyo,4.6,680,Yes,26,2011,146670
R2658,Spice Hub,Thai,New York,3.8,900,No,727,2004,86930
R2659,Golden House,Korean,Berlin,3.0,1770,Yes,1063,2011,69030
R2660,Urban Corner,Thai,Toronto,3.8,380,Yes,479,1991,20550
R2661,Ocean Garden,Thai,Singapore,3.9,740,Yes,820,2007,154140
R2662,Street Kitchen,Mediterranean,Tokyo,4.4,400,No,1337,2004,42630
R2663,Blue Grill,Mexican,Berlin,3.0,450,No,564,2018,104820
R2664,Blue House,Japanese,London,3.4,470,Yes,102,2013,170500
R2665,Red Lounge,Japanese,Berlin,3.4,1860,Yes,891,1989,192180
R2666,Green Café,Thai,Sydney,4.9,1800,Yes,587,2011,72700
R2667,Golden Hub,French,Toronto,3.6,590,Yes,640,1996,162720
R2668,Fire Corner,Mediterranean,Paris,4.4,480,Yes,830,2001,165260
R2669,Blue Hub,Thai,Tokyo,4.4,390,No,593,2021,167420
R2670,Red Palace,Chinese,Toronto,3.2,390,No,855,2018,121060
R2671,Spice Garden,Korean,Dubai,3.9,930,Yes,1195,2014,127930
R2672,Red House,Mexican,New York,4.7,1590,Yes,851,2020,35010
R2673,Urban Grill,American,Dubai,3.7,1390,Yes,337,1990,172950
R2674,Spice Grill,Chinese,New York,4.9,1160,Yes,1814,2016,175530
R2675,Blue Palace,French,Sydney,3.0,1390,No,739,2016,135130
R2676,Urban Hub,Indian,Toronto,2.7,440,Yes,263,1993,61360
R2677,Royal Bistro,Indian,London,4.7,1720,Yes,1473,2006,167050
R2678,Royal Hub,Chinese,San Francisco,4.6,230,No,580,1994,184030
R2679,Red Bistro,Thai,Berlin,5.0,230,Yes,553,2013,194160
R2680,Spice Corner,American,San Francisco,4.2,1560,No,860,1995,110160
R2681,Blue House,Italian,Toronto,4.8,1620,No,129,2012,159470
R2682,Fire House,Italian,Dubai,4.6,450,No,984,1986,138530
R2683,Blue Hub,French,San Francisco,4.6,980,Yes,831,2005,163530
R2684,Street Palace,Thai,Singapore,3.9,1090,Yes,523,2015,27470
R2685,Golden Hub,Japanese,San Francisco,3.5,900,Yes,1663,2001,125580
R2686,Street Corner,Japanese,New York,4.8,1790,Yes,1582,2011,180710
R2687,Urban Garden,Mexican,Singapore,3.6,950,No,988,2014,90040
R2688,Golden House,American,Tokyo,3.8,1180,Yes,106,1992,193510
R2689,Red Café,American,San Francisco,3.6,1990,Yes,880,2021,176410
R2690,Spice Café,Indian,Singapore,3.9,1460,Yes,1403,1989,55470
R2691,Blue Corner,Mediterranean,Toronto,3.7,510,No,1450,2010,50150
R2692,Ocean Kitchen,French,Berlin,2.6,280,Yes,266,1990,40230
R2693,Spice House,Italian,Tokyo,4.7,970,Yes,137,2000,105920
R2694,Red Hub,French,London,3.6,320,Yes,1392,1985,125120
R2695,Royal Garden,Japanese,London,4.0,1430,No,1189,1993,53240
R2696,Blue Café,Japanese,Sydney,2.8,1910,Yes,1690,2005,128790
R2697,Urban Grill,Chinese,San Francisco,2.5,1150,Yes,66,1991,56750
R2698,Spice Garden,Mexican,Berlin,3.1,1020,Yes,591,1999,121110
R2699,Street Bistro,American,Paris,4.3,1770,Yes,1981,2008,183890
R2700,Golden Lounge,Korean,Singapore,2.7,1630,No,565,1989,75330
R2701,Green House,French,Tokyo,4.8,1590,No,733,2022,117130
R2702,Royal Corner,Japanese,Toronto,3.0,370,Yes,1720,2013,71750
R2703,Spice Corner,Mediterranean,San Francisco,3.0,1600,Yes,662,1995,58780
R2704,Royal Lounge,Indian,Toronto,3.0,1120,Yes,1109,1988,110130
R2705,Street Grill,Italian,Paris,2.5,430,No,167,1994,50930
R2706,Blue House,Mexican,Sydney,4.4,1210,Yes,94,2018,167760
R2707,Blue Café,Mediterranean,Paris,4.7,1590,No,331,1988,133040
R2708,Fire Hub,Mexican,New York,4.0,790,No,318,1994,192410
R2709,Ocean Palace,Chinese,Dubai,3.0,790,No,1563,2017,96180
R2710,Blue Grill,Korean,Tokyo,3.2,1190,No,293,2002,99770
R2711,Spice Palace,Japanese,Dubai,3.7,200,Yes,1933,1996,45500
R2712,Royal Garden,Indian,Paris,4.9,620,No,1075,2007,32250
R2713,Red Lounge,Mediterranean,Sydney,3.1,740,No,1012,2009,180110
R2714,Golden Grill,Mexican,Sydney,4.3,1870,Yes,1927,2021,108450
R2715,Urban Grill,American,London,3.6,530,No,1918,1988,94530
R2716,Urban House,Chinese,San Francisco,3.2,530,No,143,1997,115310
R2717,Urban Hub,American,London,3.6,1950,No,623,2002,65560
R2718,Green Kitchen,Indian,Tokyo,2.7,1800,Yes,658,2013,47170
R2719,Red Kitchen,Mediterranean,Tokyo,4.5,1770,Yes,1437,2014,53920
R2720,Green Bistro,Chinese,Tokyo,3.1,1290,Yes,1526,2022,154860
R2721,Urban Grill,Mediterranean,Toronto,4.3,1030,No,1255,2012,112540
R2722,Fire House,Japanese,London,2.7,1090,No,238,1991,81220
R2723,Royal Garden,Thai,Toronto,4.9,980,Yes,1839,2008,127240
R2724,Urban Palace,Chinese,Dubai,3.0,900,Yes,1485,1994,118000
R2725,Red Hub,American,San Francisco,4.7,900,No,1007,2021,194650
R2726,Fire Hub,Indian,Paris,4.5,1330,Yes,1339,2011,86390
R2727,Urban House,Korean,Singapore,4.9,480,Yes,1861,2005,154450
R2728,Ocean Lounge,Japanese,London,3.7,1700,No,1942,2020,67500
R2729,Golden Lounge,Thai,Singapore,4.3,1810,Yes,128,2013,158200
R2730,Blue Grill,Korean,Sydney,3.4,1620,Yes,1644,1991,46540
R2731,Spice Kitchen,Italian,London,3.0,1160,No,1895,1997,185390
R2732,Spice Lounge,Japanese,Dubai,3.6,720,Yes,947,2007,50690
R2733,Spice Bistro,Indian,London,2.9,1640,No,333,2009,157130
R2734,Fire Kitchen,Mexican,Toronto,5.0,830,Yes,930,1997,96630
R2735,Street Garden,Chinese,San Francisco,2.7,800,Yes,168,2021,83030
R2736,Golden Café,Mediterranean,Paris,4.0,1270,Yes,248,2014,81420
R2737,Red Café,Indian,Berlin,4.1,560,Yes,405,2010,116680
R2738,Urban Café,Chinese,Paris,3.8,1540,Yes,329,1996,57550
R2739,Red Grill,Korean,Paris,4.2,270,Yes,1880,1985,174290
R2740,Red Kitchen,Mediterranean,Sydney,2.8,970,Yes,1222,2002,28300
R2741,Blue Bistro,French,Dubai,3.9,870,Yes,318,2005,156250
R2742,Street Garden,American,Singapore,3.2,400,Yes,258,2008,85740
R2743,Green Café,Italian,Dubai,4.9,1130,Yes,547,2001,156930
R2744,Spice Corner,Japanese,Berlin,4.4,940,Yes,710,1993,81210
R2745,Golden Café,Indian,Sydney,4.9,1760,Yes,1539,2012,175260
R2746,Street Kitchen,Italian,San Francisco,2.6,1720,Yes,403,1999,33420
R2747,Ocean Café,Mexican,Paris,3.2,1610,Yes,661,1997,123560
R2748,Royal House,Chinese,Toronto,3.0,970,No,1027,2012,129360
R2749,Blue Palace,Chinese,Sydney,2.5,850,Yes,415,2001,144900
R2750,Red Palace,Indian,Tokyo,3.1,1770,Yes,1009,1993,38440
R2751,Fire House,Thai,London,4.2,1650,No,1214,2005,152490
R2752,Fire Bistro,Thai,Dubai,3.1,730,Yes,30,2014,188450
R2753,Street Palace,French,Sydney,3.8,1190,Yes,1708,1995,22000
R2754,Spice Palace,American,Tokyo,4.7,400,Yes,1616,2014,188990
R2755,Fire Bistro,Mediterranean,Singapore,4.2,720,Yes,1627,2020,78710
R2756,Street House,Mexican,Berlin,3.5,1020,Yes,164,2009,155170
R2757,Urban Grill,Italian,Berlin,3.4,1630,Yes,1861,1991,56960
R2758,Street Garden,Thai,Paris,3.6,1750,No,876,2004,114670
R2759,Urban House,French,Paris,2.9,230,Yes,568,2019,64890
R2760,Green Hub,French,Sydney,4.1,740,Yes,203,1994,40160
R2761,Red Hub,Indian,Sydney,3.4,340,Yes,1257,2019,103580
R2762,Green Lounge,Mexican,San Francisco,4.6,830,Yes,408,1985,29750
R2763,Fire Café,Korean,London,4.4,1310,Yes,1782,1998,93050
R2764,Royal Lounge,Mediterranean,New York,4.0,1630,No,289,1989,192430
R2765,Street Garden,American,Singapore,3.4,1370,No,989,2022,22090
R2766,Spice Corner,Japanese,Paris,3.0,390,No,1043,2018,150550
R2767,Street Grill,Indian,New York,4.4,830,Yes,1409,2008,118000
R2768,Green Grill,Mediterranean,New York,3.7,520,No,481,1988,22130
R2769,Fire Kitchen,Japanese,London,3.1,1000,Yes,161,2011,77820
R2770,Urban Garden,Japanese,Toronto,3.0,1450,Yes,1889,1989,94020
R2771,Spice Garden,Mexican,Toronto,2.9,880,Yes,1649,1997,23030
R2772,Ocean Kitchen,Mexican,Paris,4.4,1860,No,1157,2005,192440
R2773,Royal Lounge,Italian,Tokyo,3.1,1830,Yes,1730,2021,89510
R2774,Fire Garden,French,London,3.8,1130,Yes,811,2016,136530
R2775,Fire Café,Mediterranean,London,3.6,870,No,562,2022,41670
R2776,Red Corner,Indian,Dubai,3.9,1060,Yes,1457,2015,79590
R2777,Golden Grill,Chinese,New York,4.7,400,Yes,1556,2016,44740
R2778,Urban Corner,Indian,Dubai,4.7,820,Yes,739,1999,158550
R2779,Ocean Lounge,Italian,New York,3.6,1040,Yes,522,2014,43770
R2780,Red Hub,American,Toronto,2.5,1530,Yes,1959,1991,62750
R2781,Green Grill,French,Paris,3.6,430,Yes,1022,2022,144740
R2782,Fire Kitchen,Chinese,Singapore,4.0,1300,Yes,180,2015,115520
R2783,Golden Corner,Thai,Toronto,3.9,1140,No,859,2010,92750
R2784,Royal Hub,American,London,4.1,1020,No,803,2020,174850
R2785,Red Palace,Mexican,Singapore,2.9,1210,No,1598,2010,27720
R2786,Ocean Bistro,Japanese,Sydney,4.1,970,Yes,134,1986,139690
R2787,Golden House,Thai,Singapore,3.0,1970,Yes,184,1993,153450
R2788,Royal Bistro,Indian,Singapore,4.4,1430,Yes,513,1989,96050
R2789,Fire House,Indian,Toronto,3.3,1590,No,1810,2011,32990
R2790,Blue Lounge,Mexican,London,4.3,1390,No,1810,1996,178530
R2791,Royal Kitchen,Italian,Singapore,2.6,340,No,1418,2019,140970
R2792,Ocean Café,Mediterranean,Toronto,3.5,1020,Yes,720,2013,103370
R2793,Green Garden,Thai,Toronto,4.3,1870,Yes,1801,2000,71630
R2794,Street Lounge,Thai,Singapore,3.1,1880,No,1717,2003,141340
R2795,Street Bistro,Korean,New York,4.5,250,Yes,1604,2011,38390
R2796,Spice House,American,London,4.1,860,Yes,1985,2002,65940
R2797,Royal Lounge,French,Berlin,4.0,1800,No,115,1997,191860
R2798,Urban House,American,Singapore,3.4,1900,Yes,1980,2014,121900
R2799,Green House,Mediterranean,Dubai,3.7,1410,Yes,1670,2010,197020
R2800,Green House,Indian,Dubai,4.0,1680,Yes,537,1990,183590
R2801,Street Corner,Indian,Sydney,3.7,1030,Yes,47,1987,66260
R2802,Ocean Lounge,Indian,London,4.2,1300,Yes,404,2007,139900
R2803,Blue Corner,Korean,Toronto,3.6,1640,Yes,1788,1996,124500
R2804,Street Café,Indian,San Francisco,3.0,1550,No,930,1999,49400
R2805,Green Lounge,Mediterranean,Paris,3.0,830,Yes,486,1985,93980
R2806,Urban Café,Mexican,Tokyo,2.5,1450,Yes,1500,1992,74580
R2807,Spice Garden,French,San Francisco,3.3,470,Yes,731,2015,40520
R2808,Ocean Hub,Mediterranean,London,4.4,1170,Yes,1538,1995,140440
R2809,Street Café,French,London,4.5,1600,Yes,324,2001,83050
R2810,Spice Grill,Mediterranean,Singapore,3.0,320,No,1318,2011,104070
R2811,Red Grill,Indian,Singapore,4.9,1850,Yes,1497,2015,27850
R2812,Street House,Mexican,San Francisco,3.8,1720,Yes,1713,2011,89790
R2813,Golden House,Thai,Toronto,4.8,1700,No,1297,1998,36350
R2814,Fire Kitchen,American,Sydney,4.3,1050,Yes,1643,2007,162790
R2815,Fire Kitchen,Japanese,Singapore,4.3,400,Yes,1679,1989,162720
R2816,Street Lounge,Mexican,Tokyo,2.7,820,Yes,1462,2014,124910
R2817,Ocean Corner,Thai,Tokyo,3.0,1770,Yes,374,2018,139440
R2818,Red Grill,Italian,Sydney,2.5,1300,Yes,190,2003,51090
R2819,Urban Kitchen,Mediterranean,New York,4.3,950,Yes,743,2015,145150
R2820,Golden Bistro,Italian,New York,3.4,920,Yes,885,2000,70040
R2821,Street Kitchen,Thai,London,4.5,1790,No,1003,2011,94450
R2822,Red Lounge,Mexican,Singapore,3.3,1710,Yes,670,2010,22840
R2823,Royal Lounge,Mediterranean,Dubai,4.5,260,Yes,253,2023,137730
R2824,Royal Hub,Japanese,San Francisco,2.8,910,Yes,322,2013,122020
R2825,Royal Palace,Indian,Berlin,2.9,1480,Yes,85,2023,44130
R2826,Blue Corner,Mediterranean,Sydney,3.4,1500,Yes,1914,2013,92350
R2827,Green Palace,Mediterranean,London,3.5,1230,Yes,271,2015,113190
R2828,Urban Palace,Mexican,Dubai,3.4,470,No,240,1986,83350
R2829,Green House,Mexican,Singapore,4.4,620,No,712,1990,190270
R2830,Street Bistro,Thai,Dubai,2.7,1160,Yes,1413,1993,102170
R2831,Red Palace,Chinese,Dubai,3.4,650,No,655,1999,122370
R2832,Royal Lounge,Mediterranean,Sydney,4.6,200,Yes,1342,2004,179660
R2833,Royal Kitchen,American,London,2.7,1850,Yes,1797,1986,59370
R2834,Golden Café,Mediterranean,Toronto,4.9,1210,No,1421,1987,68070
R2835,Fire Lounge,Thai,Tokyo,5.0,540,No,766,2014,169500
R2836,Urban Bistro,French,San Francisco,2.7,730,Yes,1810,1992,83360
R2837,Fire Corner,Italian,London,3.2,430,Yes,1358,2005,85240
R2838,Spice Corner,Indian,Berlin,3.4,1750,Yes,851,2023,194090
R2839,Ocean Hub,Chinese,Dubai,4.4,410,Yes,888,1997,77220
R2840,Ocean House,Japanese,Toronto,4.0,350,No,1489,2021,194520
R2841,Royal Lounge,Japanese,Sydney,4.1,320,Yes,1545,2016,111300
R2842,Street Hub,Japanese,Paris,4.4,1190,Yes,1376,1998,60980
R2843,Fire Lounge,Mexican,San Francisco,2.8,1190,Yes,525,1985,172650
R2844,Ocean Kitchen,Japanese,San Francisco,4.6,810,Yes,451,2011,116640
R2845,Spice Hub,Indian,Tokyo,4.3,1900,No,1582,2008,156020
R2846,Green Palace,Italian,Paris,3.9,1060,No,592,2006,125170
R2847,Green Grill,Japanese,Singapore,4.7,970,Yes,271,1998,185590
R2848,Spice Café,Mediterranean,Paris,4.3,1790,Yes,758,1992,100950
R2849,Ocean Grill,Mediterranean,Dubai,3.0,860,Yes,828,2011,166170
R2850,Green House,Mexican,Dubai,3.6,1100,Yes,1011,1987,195270
R2851,Green Lounge,Indian,Dubai,3.7,1960,Yes,1496,2017,97970
R2852,Golden Lounge,Italian,Dubai,2.6,520,Yes,876,2005,29500
R2853,Green Kitchen,Chinese,London,4.9,1340,Yes,1723,2016,64360
R2854,Blue Kitchen,Thai,San Francisco,2.8,380,Yes,617,2016,47440
R2855,Street House,Italian,Paris,4.2,1830,No,919,2008,181140
R2856,Fire Palace,Thai,San Francisco,3.8,1430,Yes,1260,1995,39200
R2857,Fire House,French,Berlin,2.6,1620,No,532,2021,118760
R2858,Urban Palace,Thai,Paris,4.8,1390,Yes,1811,2005,84190
R2859,Urban Palace,American,London,4.6,1160,No,1222,2002,111600
R2860,Ocean Garden,Mediterranean,Berlin,3.8,430,Yes,1242,1995,81720
R2861,Golden Bistro,Indian,San Francisco,3.1,460,No,1046,2011,79300
R2862,Red Garden,Korean,Berlin,2.8,1960,Yes,1922,2022,58080
R2863,Green Café,Mexican,Tokyo,3.4,940,No,171,1985,149720
R2864,Street Garden,American,Berlin,3.1,420,No,1605,2013,135070
R2865,Red Lounge,Thai,Paris,3.8,1800,Yes,1526,2005,166560
R2866,Fire Garden,Japanese,Dubai,4.9,600,Yes,1468,2013,67380
R2867,Green Palace,Indian,Dubai,3.9,750,No,14,1993,194880
R2868,Golden Café,American,Singapore,4.7,1760,No,211,1991,156040
R2869,Blue Kitchen,Mexican,San Francisco,4.1,1780,No,425,2022,158080
R2870,Red House,Mediterranean,Tokyo,3.7,1170,No,1045,2015,126970
R2871,Royal House,Indian,Paris,4.6,1650,No,957,2011,150340
R2872,Urban Corner,Mexican,Paris,3.7,250,Yes,1430,2016,58840
R2873,Royal Palace,French,Sydney,4.7,1990,Yes,1374,1989,27320
R2874,Red Kitchen,French,New York,3.2,590,Yes,761,2017,180410
R2875,Golden Palace,Mexican,San Francisco,2.8,610,Yes,959,1999,199650
R2876,Red Grill,American,Paris,4.6,510,Yes,382,1989,187070
R2877,Street Hub,Indian,Toronto,4.0,290,Yes,1411,2004,56990
R2878,Street Grill,American,Paris,4.7,880,Yes,1258,2022,71810
R2879,Blue Bistro,Chinese,Sydney,4.8,280,Yes,1215,2021,105530
R2880,Ocean Bistro,Thai,Berlin,2.6,880,Yes,1330,2001,149680
R2881,Ocean Bistro,Chinese,London,3.8,1580,Yes,1849,1988,120840
R2882,Spice Palace,French,London,3.4,1180,Yes,1340,2005,152800
R2883,Street Hub,Mediterranean,Toronto,4.1,930,Yes,440,2018,47540
R2884,Urban Bistro,Italian,Toronto,4.5,1220,No,699,1989,198560
R2885,Golden Corner,Thai,Singapore,3.2,1420,Yes,127,1988,194900
R2886,Royal Bistro,French,London,3.9,1210,No,1385,2006,126180
R2887,Royal Lounge,American,Berlin,4.3,270,Yes,597,1998,178170
R2888,Blue Grill,American,London,2.8,1960,Yes,1079,1988,38030
R2889,Street House,American,New York,4.5,1710,Yes,236,1992,102720
R2890,Blue Café,Mediterranean,San Francisco,4.0,1800,Yes,1389,1987,176680
R2891,Spice Grill,Chinese,London,4.9,380,Yes,1327,2013,89060
R2892,Spice Grill,Italian,Dubai,3.3,210,Yes,1273,2010,139310
R2893,Ocean Grill,American,Singapore,2.8,740,No,357,2014,49880
R2894,Fire Café,Korean,Sydney,3.8,1580,No,150,1996,92040
R2895,Urban Palace,Thai,Toronto,2.7,360,No,213,1999,150280
R2896,Street Bistro,Indian,New York,4.9,1890,No,1695,1986,105160
R2897,Blue Corner,Korean,Toronto,2.6,800,Yes,1013,1985,43610
R2898,Blue Lounge,Italian,Singapore,4.4,1500,Yes,1675,2012,196180
R2899,Golden Garden,Mediterranean,Paris,3.8,1050,Yes,870,2019,184860
R2900,Royal Palace,Italian,New York,3.4,540,Yes,854,2018,167740
R2901,Golden House,Indian,Tokyo,2.7,1220,No,1004,1988,69120
R2902,Spice Hub,Thai,New York,4.1,850,No,1302,2002,27460
R2903,Red Lounge,Indian,Singapore,4.0,200,No,322,1996,163730
R2904,Street Bistro,Mexican,Sydney,3.2,1540,No,1451,2005,69080
R2905,Fire House,Thai,New York,4.8,1670,Yes,1948,1994,56910
R2906,Blue Bistro,Italian,Singapore,3.3,1900,Yes,146,2005,136770
R2907,Street Palace,American,Berlin,3.6,1380,Yes,1661,2009,50640
R2908,Blue Corner,Italian,San Francisco,3.9,1530,No,360,2001,37190
R2909,Urban Bistro,Italian,London,2.8,740,No,1194,1990,80260
R2910,Urban Hub,Thai,Berlin,4.8,1190,Yes,1700,1998,127280
R2911,Red Café,Mexican,Singapore,3.4,400,Yes,182,2021,160730
R2912,Spice Palace,Italian,Dubai,2.7,700,Yes,1163,2002,97370
R2913,Spice Lounge,Korean,Paris,3.5,1930,Yes,88,2014,91840
R2914,Fire Lounge,French,London,4.0,1820,No,988,1993,37890
R2915,Golden House,Japanese,Dubai,3.8,1190,Yes,578,1998,165750
R2916,Ocean Corner,Japanese,Sydney,4.2,270,Yes,872,2001,156860
R2917,Fire Kitchen,Italian,Toronto,2.6,870,Yes,66,2018,163510
R2918,Spice House,Korean,Tokyo,3.2,1260,No,1433,2006,22590
R2919,Green Grill,American,London,4.5,1630,Yes,372,2016,162340
R2920,Spice Bistro,Mediterranean,Berlin,2.7,860,Yes,1368,1996,172660
R2921,Ocean Bistro,Mediterranean,Paris,4.6,210,Yes,143,2000,92520
R2922,Green Lounge,Thai,Dubai,2.7,200,Yes,23,2006,20990
R2923,Blue Kitchen,Japanese,Singapore,4.6,200,Yes,292,2022,59050
R2924,Golden Bistro,Italian,London,3.4,1210,No,815,2023,170900
R2925,Golden Corner,Mediterranean,Toronto,4.0,1340,No,1692,1986,43420
R2926,Blue Corner,Italian,Singapore,2.9,1540,Yes,1454,1992,100910
R2927,Blue Lounge,Thai,Dubai,2.7,1070,Yes,136,1985,70240
R2928,Golden Garden,Japanese,Paris,3.0,1110,No,1805,1989,134410
R2929,Street Café,Indian,New York,2.8,370,Yes,1859,2020,157550
R2930,Urban Café,French,Toronto,3.3,1070,Yes,227,2001,187110
R2931,Ocean Palace,French,Singapore,3.8,1790,Yes,1938,2014,115430
R2932,Fire Café,Mediterranean,Toronto,4.0,1920,Yes,754,1999,42890
R2933,Golden Corner,French,Sydney,4.5,520,Yes,1914,2004,197490
R2934,Red Corner,Indian,Singapore,4.1,920,No,689,2020,133540
R2935,Golden Grill,Italian,London,4.0,1960,No,1688,1986,132910
R2936,Green Garden,Thai,New York,3.5,1800,Yes,1522,1988,197920
R2937,Blue Kitchen,Indian,New York,3.7,470,No,1006,2008,117020
R2938,Spice Kitchen,Thai,Tokyo,3.5,1060,Yes,269,1986,22190
R2939,Royal House,Thai,Toronto,4.6,720,Yes,1251,1986,84070
R2940,Spice Kitchen,Japanese,Berlin,3.1,630,Yes,1853,1985,123600
R2941,Royal Kitchen,Italian,New York,2.5,990,Yes,1691,1997,174050
R2942,Royal Lounge,Korean,New York,4.1,1570,No,1522,1990,155910
R2943,Golden Hub,French,Sydney,3.0,330,No,1982,2006,52390
R2944,Green Garden,Korean,San Francisco,4.7,1220,No,1476,2001,196530
R2945,Golden Corner,Japanese,Sydney,4.6,550,Yes,108,2006,95420
R2946,Spice House,Thai,Sydney,2.7,530,Yes,191,1990,145670
R2947,Ocean Grill,Mediterranean,San Francisco,2.8,1070,Yes,178,1987,88570
R2948,Urban Hub,French,Toronto,3.7,1650,No,242,1990,20670
R2949,Red Kitchen,French,Singapore,4.0,350,Yes,965,2001,118630
R2950,Royal House,Italian,Paris,3.2,1840,Yes,1126,2019,40120
R2951,Red Palace,Mexican,Berlin,4.3,600,Yes,1662,2021,22900
R2952,Green Corner,Chinese,New York,4.0,440,Yes,481,2019,83120
R2953,Royal Kitchen,Chinese,Tokyo,3.3,1450,No,1549,2007,56790
R2954,Red Garden,Chinese,Berlin,2.6,270,No,1118,1992,66510
R2955,Blue Garden,Mexican,Singapore,4.4,1310,No,688,1991,23520
R2956,Street Garden,Italian,San Francisco,3.0,1130,No,1552,1994,196470
R2957,Street Hub,Mexican,Berlin,4.6,1030,Yes,390,2010,63780
R2958,Spice Bistro,Chinese,New York,3.6,1650,Yes,1440,1994,199890
R2959,Street Lounge,Japanese,Berlin,3.9,870,Yes,1265,2003,53980
R2960,Red Garden,Indian,Paris,4.7,1950,No,260,2007,50060
R2961,Green Lounge,Thai,San Francisco,4.7,860,Yes,1118,2015,30040
R2962,Street Corner,Mexican,Berlin,3.4,1650,Yes,328,2017,168120
R2963,Street Garden,Italian,New York,3.0,1300,Yes,202,1986,79670
R2964,Blue Garden,Italian,New York,4.4,370,Yes,1668,2012,84280
R2965,Urban Hub,Korean,Berlin,3.6,750,Yes,946,2016,40780
R2966,Urban Corner,Indian,Toronto,3.0,1700,Yes,610,2017,42610
R2967,Spice Café,Mediterranean,Tokyo,4.8,540,No,616,1993,37370
R2968,Ocean Garden,French,Dubai,3.0,1530,Yes,1920,2013,50960
R2969,Royal Café,Chinese,Sydney,2.6,1370,Yes,1333,1999,99270
R2970,Street Hub,Mediterranean,San Francisco,2.6,450,No,1391,2002,44440
R2971,Street House,Korean,Dubai,4.1,800,Yes,1590,2002,187200
R2972,Red Lounge,Chinese,Singapore,4.2,1070,Yes,774,1991,111590
R2973,Royal Café,Indian,Singapore,3.3,340,Yes,1486,1998,108630
R2974,Red House,Korean,New York,3.3,1100,Yes,894,2013,150560
R2975,Fire Palace,Chinese,Singapore,3.3,510,Yes,1000,2003,128620
R2976,Spice Bistro,Indian,Toronto,4.2,1590,Yes,1596,1989,127980
R2977,Fire Bistro,American,Tokyo,2.6,1520,No,515,1989,101870
R2978,Fire Garden,Mediterranean,Singapore,4.8,830,Yes,74,1999,49700
R2979,Green Café,Mediterranean,Paris,3.1,1050,Yes,1599,2010,52690
R2980,Ocean Garden,French,Tokyo,5.0,1740,Yes,1985,2008,188620
R2981,Ocean Grill,Indian,Toronto,2.9,640,No,231,2003,192270
R2982,Golden Hub,Mexican,Dubai,4.4,540,No,475,2004,36250
R2983,Urban Corner,American,Tokyo,3.1,450,Yes,81,1993,54800
R2984,Street Grill,Japanese,Tokyo,2.7,420,Yes,897,2012,105420
R2985,Spice Hub,Chinese,Dubai,4.7,1600,No,483,2000,178600
R2986,Green Grill,American,Toronto,4.6,1500,Yes,1713,1995,50420
R2987,Blue Lounge,Indian,Singapore,3.5,480,Yes,1731,2018,85640
R2988,Royal Kitchen,Thai,New York,4.3,830,Yes,664,2009,122330
R2989,Royal Hub,Chinese,San Francisco,3.9,1750,Yes,28,2005,195850
R2990,Ocean House,Italian,Dubai,4.6,1830,Yes,531,1989,131700
R2991,Spice Grill,Mediterranean,Dubai,3.3,1320,Yes,793,1995,160730
R2992,Urban Café,Indian,Dubai,3.8,1530,Yes,1716,1993,125670
R2993,Red Corner,Italian,Dubai,3.7,1580,Yes,424,1995,20100
R2994,Royal Grill,French,San Francisco,3.4,1850,Yes,373,2021,176110
R2995,Royal Kitchen,Korean,San Francisco,4.7,1370,Yes,537,1985,180070
R2996,Fire Grill,Japanese,Singapore,2.9,1810,No,1113,2010,117810
R2997,Golden Café,Japanese,Berlin,2.9,860,Yes,805,1994,198850
R2998,Red Garden,Italian,Berlin,3.9,1270,Yes,1223,2003,99050
R2999,Green Palace,Mediterranean,London,4.1,1930,Yes,1181,2000,56030
R3000,Green Garden,French,Dubai,3.0,1050,Yes,1708,2021,22890
R3001,Golden Grill,Thai,Dubai,3.5,480,Yes,452,1988,76880
R3002,Street Grill,Mediterranean,Tokyo,4.9,790,Yes,274,1998,93930
R3003,Blue Corner,American,Berlin,3.1,730,Yes,1905,2014,118680
R3004,Street Café,Japanese,Singapore,4.2,1120,Yes,659,1991,154360
R3005,Street Palace,American,New York,4.4,880,No,518,1996,96050
R3006,Urban Grill,Chinese,London,3.6,1360,No,1334,2008,138270
R3007,Blue House,Mexican,London,4.8,280,No,475,2023,149850
R3008,Urban Corner,Indian,Singapore,4.3,1450,Yes,374,2006,140140
R3009,Red House,French,New York,3.6,960,Yes,1432,2014,103740
R3010,Golden Kitchen,Mediterranean,Tokyo,3.9,290,No,502,2023,187340
R3011,Fire Hub,Japanese,San Francisco,4.2,1210,Yes,551,2004,75840
R3012,Royal Palace,American,Sydney,4.0,770,No,1849,2010,149650
R3013,Blue Kitchen,Korean,Berlin,4.7,1320,Yes,1513,1989,84040
R3014,Royal Corner,Chinese,Dubai,3.4,1990,Yes,1201,1990,141590
R3015,Blue Hub,Indian,Singapore,3.2,1810,Yes,1636,2018,154990
R3016,Ocean House,Indian,Berlin,3.0,1250,Yes,1124,1989,161100
R3017,Royal Café,Mediterranean,Dubai,2.6,540,Yes,732,1994,169390
R3018,Ocean Palace,French,Sydney,2.6,1220,Yes,851,2012,78250
R3019,Blue Lounge,Thai,Sydney,4.7,1220,Yes,309,1987,54880
R3020,Fire Café,Korean,San Francisco,4.2,1800,Yes,183,1997,38950
R3021,Ocean House,Mediterranean,Toronto,4.2,1790,Yes,655,1986,49080
R3022,Urban Grill,American,Sydney,4.0,1160,Yes,1406,2019,34110
R3023,Royal Hub,Mexican,Berlin,4.6,1550,Yes,33,2012,74570
R3024,Street Corner,Italian,Paris,3.7,1930,Yes,1234,2021,135740
R3025,Ocean Garden,Thai,Paris,4.7,1610,Yes,740,2007,121350
R3026,Ocean Grill,French,Dubai,3.4,1550,Yes,16,2007,74480
R3027,Golden Corner,Chinese,Dubai,4.8,1250,No,1039,2019,108470
R3028,Blue Grill,Thai,Toronto,4.2,900,Yes,1663,2023,105410
R3029,Spice Kitchen,Japanese,Paris,3.1,960,No,1194,2016,166580
R3030,Spice Garden,French,Dubai,3.9,730,No,1630,1986,195270
R3031,Blue Hub,Mexican,Sydney,3.8,400,Yes,887,2000,187810
R3032,Fire Garden,Japanese,Dubai,2.8,1300,Yes,1281,2000,26450
R3033,Spice Bistro,Thai,London,4.0,940,Yes,175,1987,147000
R3034,Blue Palace,Italian,Toronto,3.3,330,Yes,437,2012,129640
R3035,Blue Bistro,Italian,Singapore,2.6,210,No,154,2013,39620
R3036,Red Café,Mexican,New York,4.9,1270,No,1544,2004,191930
R3037,Urban Lounge,Indian,Tokyo,4.1,1640,Yes,1576,2020,84730
R3038,Blue Bistro,Korean,New York,4.7,970,Yes,942,2017,94830
R3039,Green Bistro,Chinese,New York,4.2,670,No,518,2006,64150
R3040,Blue Bistro,Indian,San Francisco,3.4,1100,No,916,1992,178480
R3041,Blue Lounge,Italian,Singapore,3.8,1550,Yes,1253,2008,107050
R3042,Urban Bistro,Italian,Dubai,4.2,360,Yes,654,2021,127040
R3043,Spice Corner,American,San Francisco,4.9,310,Yes,1609,2004,183910
R3044,Fire Grill,Japanese,New York,3.1,1850,Yes,85,1996,144510
R3045,Spice Bistro,Thai,London,4.7,1650,No,1676,2004,150680
R3046,Ocean Palace,Chinese,Tokyo,4.8,450,No,833,2004,123200
R3047,Spice Café,Mexican,New York,4.2,560,No,1352,1988,152080
R3048,Royal Lounge,Thai,Paris,4.8,890,Yes,1906,2014,38440
R3049,Royal Kitchen,American,Singapore,3.5,1880,No,1071,2015,172570
R3050,Royal Lounge,Italian,Singapore,4.9,980,Yes,575,2006,95590
R3051,Golden Grill,Mexican,Singapore,4.3,1890,Yes,1675,1999,112940
R3052,Spice Lounge,Italian,Toronto,2.6,1090,Yes,1763,2022,26790
R3053,Golden House,Chinese,Toronto,4.8,600,Yes,1547,2021,91900
R3054,Ocean House,Japanese,Sydney,3.7,1940,Yes,1279,2012,73470
R3055,Urban Corner,Thai,Berlin,3.7,1610,Yes,1173,1995,147250
R3056,Golden Palace,Thai,Tokyo,3.9,1480,Yes,1841,1998,135610
R3057,Urban Palace,Indian,San Francisco,2.9,360,No,1291,1995,155710
R3058,Urban Grill,Mexican,Dubai,3.7,720,Yes,626,1993,130150
R3059,Urban Kitchen,Korean,New York,4.6,1370,Yes,390,2008,20090
R3060,Golden Grill,American,Berlin,2.5,1280,Yes,857,1994,179870
R3061,Spice Corner,Korean,Dubai,3.2,1780,No,1511,2022,144450
R3062,Fire Café,Indian,San Francisco,2.5,1550,Yes,1218,2021,172030
R3063,Spice Hub,Chinese,Berlin,3.5,1770,Yes,312,2016,130230
R3064,Golden Lounge,American,Dubai,4.3,960,No,1527,2004,73210
R3065,Fire Lounge,Japanese,London,4.5,990,Yes,765,1998,123780
R3066,Royal Kitchen,Korean,Toronto,4.9,640,Yes,173,2022,180790
R3067,Blue Hub,Japanese,San Francisco,4.0,370,No,1677,1988,95060
R3068,Blue Kitchen,Korean,Tokyo,3.1,1180,Yes,1236,2008,122190
R3069,Ocean Grill,Japanese,Paris,4.8,1920,No,1441,2016,34560
R3070,Fire Kitchen,Korean,London,4.4,1660,Yes,1243,1994,20430
R3071,Ocean Café,Japanese,Toronto,3.9,870,Yes,1892,2000,93260
R3072,Royal Grill,Indian,Singapore,4.2,1020,Yes,110,2023,120860
R3073,Blue Hub,French,Toronto,4.8,690,No,1479,2016,97760
R3074,Royal Corner,American,Berlin,4.3,440,Yes,907,2002,168920
R3075,Red Lounge,Mexican,Sydney,3.4,1850,Yes,792,2009,102000
R3076,Ocean Kitchen,Chinese,London,4.3,1400,Yes,1594,1991,76320
R3077,Blue Corner,Mediterranean,Singapore,2.6,1830,Yes,377,2002,157000
R3078,Green Garden,Italian,Berlin,3.5,870,No,1272,2002,38620
R3079,Red Kitchen,Mexican,San Francisco,3.5,750,No,736,1987,196170
R3080,Golden Palace,Italian,Tokyo,2.9,580,Yes,1324,1985,67110
R3081,Urban Café,American,Toronto,2.6,820,Yes,381,2017,44570
R3082,Fire Café,Mexican,San Francisco,2.8,1470,Yes,871,1991,131960
R3083,Golden Garden,Japanese,Singapore,4.1,1540,Yes,1464,1994,148390
R3084,Red Café,Japanese,Berlin,4.5,1410,No,289,1992,86990
R3085,Golden Grill,Mediterranean,Sydney,5.0,780,Yes,1500,2016,151670
R3086,Royal Palace,Italian,Toronto,3.4,670,Yes,325,2007,104590
R3087,Green Palace,Chinese,Tokyo,4.0,1520,Yes,1110,2001,91570
R3088,Blue Hub,American,Sydney,4.8,550,Yes,825,1998,140530
R3089,Royal Garden,Japanese,Dubai,2.9,1070,Yes,160,2001,47140
R3090,Golden Hub,French,Berlin,4.3,440,No,1429,2009,93640
R3091,Royal Café,Indian,San Francisco,4.4,1920,Yes,1018,2005,172560
R3092,Royal Lounge,Indian,Toronto,2.7,380,Yes,1529,1990,139980
R3093,Royal Café,Korean,Toronto,4.7,1540,Yes,1330,2004,115830
R3094,Street Hub,Chinese,Singapore,4.5,850,No,678,2004,112740
R3095,Red Hub,Indian,Tokyo,2.6,990,Yes,1743,2010,142710
R3096,Spice Café,Korean,Paris,2.7,1860,Yes,1980,2016,48350
R3097,Green Café,Italian,Dubai,2.6,1440,Yes,1929,1992,100130
R3098,Street Palace,Japanese,Sydney,3.3,1650,Yes,416,2013,152390
R3099,Blue Palace,Japanese,London,3.8,1220,No,296,2001,62050
R3100,Green Palace,French,London,3.8,1480,Yes,1526,2002,158530
R3101,Green House,Mexican,Toronto,3.2,1500,Yes,926,2002,41540
R3102,Street Hub,Indian,Singapore,4.8,1460,Yes,1569,1995,125360
R3103,Blue Kitchen,Italian,New York,3.4,400,Yes,1489,1996,59230
R3104,Spice Café,Thai,Toronto,2.6,1450,Yes,501,1999,120460
R3105,Urban Kitchen,Indian,London,3.3,1430,No,1042,2010,92620
R3106,Street Grill,Chinese,London,3.8,1770,Yes,1951,1987,58680
R3107,Spice Palace,Mexican,Dubai,3.5,300,No,1165,1987,57900
R3108,Green Grill,Indian,San Francisco,3.2,410,Yes,1110,2022,132240
R3109,Spice Hub,Italian,New York,2.8,1300,No,747,2019,32730
R3110,Red Lounge,Indian,Toronto,4.5,1440,Yes,140,1993,131590
R3111,Fire Hub,Chinese,Dubai,5.0,760,Yes,1006,1988,144340
R3112,Spice Kitchen,Thai,Singapore,3.3,1080,Yes,1921,2004,153280
R3113,Golden Grill,American,Dubai,3.5,1500,Yes,1445,1999,167030
R3114,Blue Corner,Mediterranean,Toronto,4.0,1770,Yes,1123,2013,114040
R3115,Royal Lounge,Thai,Berlin,4.3,1470,No,507,1989,98110
R3116,Blue Grill,Korean,Paris,3.5,640,No,1662,2023,124870
R3117,Red Lounge,Indian,Toronto,4.8,550,Yes,631,1991,123890
R3118,Red House,Japanese,Tokyo,3.9,1060,Yes,898,1992,42640
R3119,Golden Hub,French,London,3.6,1370,Yes,363,2016,173650
R3120,Fire Palace,Japanese,New York,4.1,910,No,280,2020,171960
R3121,Green Corner,Thai,New York,4.9,870,Yes,1425,2017,199940
R3122,Golden Kitchen,Japanese,San Francisco,4.5,1970,Yes,441,2021,116100
R3123,Royal Grill,Italian,Paris,2.6,1220,No,748,2016,158690
R3124,Blue House,Japanese,Tokyo,3.3,1780,Yes,481,2020,120690
R3125,Urban Hub,Mexican,London,3.7,480,No,1789,2018,130990
R3126,Street Palace,American,New York,3.3,1830,Yes,1341,2009,181860
R3127,Golden Lounge,Indian,Tokyo,4.3,1240,No,517,2016,105710
R3128,Red Lounge,Japanese,Dubai,4.6,920,Yes,64,1986,134920
R3129,Urban Bistro,Chinese,San Francisco,4.3,1380,Yes,46,1993,190770
R3130,Red Café,American,Toronto,5.0,1040,No,909,2022,164800
R3131,Green Hub,American,Toronto,3.2,1080,Yes,64,2013,125820
R3132,Green Grill,Japanese,Berlin,4.7,1080,Yes,533,2022,90330
R3133,Golden House,American,London,4.4,950,Yes,924,2002,28470
R3134,Golden Garden,French,Tokyo,3.4,1580,Yes,472,2006,131630
R3135,Fire Grill,Japanese,Sydney,4.3,1350,No,706,2019,195790
R3136,Golden Lounge,Italian,New York,2.8,1580,Yes,1511,1999,117040
R3137,Green Corner,Thai,Singapore,4.5,1730,No,1782,1991,140940
R3138,Spice Café,Mexican,Singapore,3.8,720,Yes,1838,1997,83320
R3139,Golden Corner,Mediterranean,Toronto,3.2,1610,Yes,725,2020,76480
R3140,Green Garden,Korean,Sydney,4.1,830,No,1244,2000,54500
R3141,Spice Café,American,Singapore,4.1,1570,Yes,1259,2005,104180
R3142,Green Lounge,Italian,Paris,3.0,500,No,1040,2012,179500
R3143,Street Bistro,Indian,Paris,2.6,550,Yes,741,1994,38070
R3144,Urban Bistro,Indian,London,3.6,290,Yes,1856,2003,145000
R3145,Street Grill,Korean,Sydney,3.9,450,Yes,1573,2001,177050
R3146,Green Garden,Mexican,Paris,4.7,390,Yes,998,1985,24180
R3147,Red Corner,American,Paris,4.8,1440,Yes,1838,1997,181220
R3148,Red Bistro,French,Toronto,3.8,630,Yes,221,2020,51550
R3149,Green Kitchen,Korean,Singapore,4.4,810,Yes,1222,2004,111100
R3150,Ocean Garden,Mexican,London,3.6,980,Yes,1108,1990,144630
R3151,Fire Garden,American,Tokyo,4.4,280,Yes,763,2007,46310
R3152,Fire Lounge,Italian,Dubai,3.0,900,Yes,1147,2008,66300
R3153,Urban Palace,Thai,New York,3.4,1090,Yes,1712,1989,88680
R3154,Urban House,French,New York,4.1,430,Yes,1651,2016,75130
R3155,Ocean Corner,Mediterranean,San Francisco,2.5,1590,Yes,1184,2001,38290
R3156,Ocean Café,Indian,Dubai,4.3,790,Yes,445,1995,118550
R3157,Green Hub,Chinese,Dubai,4.6,1030,Yes,1911,2011,179300
R3158,Green House,Italian,New York,3.5,1390,Yes,93,1988,146110
R3159,Green Garden,Indian,New York,3.6,970,No,1245,2007,58120
R3160,Fire Bistro,Japanese,Tokyo,4.6,350,Yes,788,2007,192700
R3161,Red Garden,Chinese,Sydney,4.4,480,Yes,843,2018,135310
R3162,Spice Kitchen,Indian,Sydney,3.2,1790,No,1814,2005,152360
R3163,Golden Café,Mexican,Tokyo,3.3,1380,Yes,470,2006,61470
R3164,Urban Garden,French,Singapore,4.2,540,Yes,1970,1985,47590
R3165,Royal Palace,Indian,Dubai,3.9,620,No,186,2016,129700
R3166,Fire Hub,Mediterranean,Berlin,2.9,1150,Yes,1816,2012,48760
R3167,Spice Kitchen,Thai,Dubai,3.3,1380,No,321,2002,147120
R3168,Blue House,Mexican,San Francisco,4.7,720,No,1727,1991,153320
R3169,Royal Hub,Italian,New York,4.2,390,Yes,1192,2022,119030
R3170,Red House,Italian,Dubai,5.0,1340,No,1734,1990,184390
R3171,Ocean Palace,Italian,New York,4.4,270,No,195,1998,53620
R3172,Fire House,Italian,Dubai,4.9,1410,Yes,1504,2014,130510
R3173,Ocean Kitchen,Thai,San Francisco,3.0,610,No,1989,1998,111980
R3174,Fire Corner,Indian,Singapore,4.4,960,Yes,1342,1993,70030
R3175,Spice Kitchen,American,Berlin,2.6,890,Yes,255,2015,177320
R3176,Blue Corner,Indian,Paris,4.2,1300,Yes,1862,1986,99050
R3177,Red Lounge,Japanese,Tokyo,3.7,350,Yes,1026,2002,37810
R3178,Royal Grill,French,Tokyo,3.4,880,Yes,393,1989,154120
R3179,Red Garden,Chinese,Berlin,4.7,720,Yes,1075,2010,193730
R3180,Blue House,American,Dubai,4.6,1920,Yes,294,2007,133560
R3181,Royal Bistro,American,Paris,2.6,1980,Yes,989,1996,23770
R3182,Ocean Café,Indian,San Francisco,4.0,250,Yes,997,1998,80450
R3183,Fire Grill,American,Sydney,3.4,1420,Yes,1956,1997,156100
R3184,Red Hub,Korean,Dubai,3.5,520,Yes,309,2019,186650
R3185,Spice Café,Korean,Singapore,4.6,340,No,910,1999,149260
R3186,Spice Palace,Japanese,New York,3.3,330,Yes,1469,2019,170340
R3187,Blue Hub,Chinese,London,4.9,1860,Yes,1402,2003,143560
R3188,Fire Garden,Mediterranean,Dubai,2.9,820,Yes,883,1999,89840
R3189,Ocean House,Thai,London,4.2,240,Yes,495,1992,55940
R3190,Royal Bistro,Indian,Dubai,4.2,1400,Yes,1982,2007,163580
R3191,Golden Grill,Thai,Berlin,3.1,1090,No,445,1997,146240
R3192,Red Palace,Mediterranean,London,3.3,1260,No,815,2007,85700
R3193,Blue House,Indian,Dubai,4.6,1990,Yes,1461,2015,41200
R3194,Green Café,Indian,Tokyo,4.4,350,Yes,190,2014,139850
R3195,Urban House,Chinese,London,3.3,1180,Yes,892,1986,48700
R3196,Ocean Lounge,Thai,Dubai,3.8,1850,Yes,1931,1995,27850
R3197,Urban Grill,Korean,Sydney,2.7,720,Yes,886,2009,29370
R3198,Street Lounge,Italian,New York,3.0,960,Yes,703,2013,118810
R3199,Royal Hub,Thai,Sydney,3.7,1120,Yes,349,2006,114480
R3200,Blue Lounge,French,Paris,2.7,1930,Yes,500,2003,51120
R3201,Street Lounge,French,Dubai,4.6,1170,No,504,1993,182970
R3202,Green Corner,Indian,Toronto,4.3,1170,Yes,739,2022,94370
R3203,Spice Lounge,Italian,Singapore,4.9,1620,No,1196,2013,65340
R3204,Red Bistro,Mexican,Sydney,4.2,780,Yes,1591,1994,115290
R3205,Street Lounge,Mediterranean,London,4.9,1970,Yes,465,2006,81710
R3206,Golden Garden,Japanese,Berlin,3.9,1560,Yes,1125,2008,104610
R3207,Ocean Kitchen,Italian,Singapore,4.0,450,No,114,1992,198740
R3208,Spice Corner,Japanese,Toronto,4.9,220,No,728,1990,80410
R3209,Urban Corner,Thai,San Francisco,4.1,1190,Yes,448,1991,83890
R3210,Blue Lounge,Thai,Dubai,2.6,660,Yes,1531,2004,86410
R3211,Spice Kitchen,Japanese,Berlin,4.3,240,Yes,1361,2001,116330
R3212,Fire Café,Mediterranean,Dubai,4.8,810,Yes,660,2020,187430
R3213,Royal Grill,Italian,Paris,4.5,1030,Yes,1574,1992,66770
R3214,Urban Lounge,Mexican,Toronto,4.0,1520,Yes,518,1997,71390
R3215,Red Lounge,Indian,Dubai,4.2,1570,Yes,260,2008,131570
R3216,Ocean Lounge,Chinese,London,5.0,990,Yes,974,2015,148320
R3217,Red Kitchen,Thai,Paris,2.7,820,Yes,1224,2007,171090
R3218,Green Kitchen,French,Tokyo,4.2,440,Yes,56,2001,152550
R3219,Fire Palace,Mediterranean,San Francisco,3.2,630,Yes,888,2008,56920
R3220,Red Hub,Chinese,Toronto,4.1,1720,Yes,1284,1994,102050
R3221,Spice Garden,Mexican,New York,4.0,1770,No,1027,2015,74250
R3222,Ocean Café,American,Berlin,2.9,330,Yes,784,2004,59000
R3223,Royal Grill,Indian,Sydney,3.0,1050,Yes,894,2000,138110
R3224,Urban Palace,Thai,Dubai,4.1,1900,Yes,73,1998,104620
R3225,Urban House,Indian,Berlin,2.8,1750,No,1883,1987,76130
R3226,Royal House,Chinese,Berlin,3.2,380,Yes,329,2014,189060
R3227,Spice Kitchen,Indian,New York,4.6,1210,No,869,2002,48170
R3228,Red Corner,American,New York,3.3,1890,Yes,789,1990,69500
R3229,Street Bistro,Chinese,Paris,3.7,390,Yes,1557,2004,48390
R3230,Ocean House,Thai,Toronto,4.9,980,Yes,1325,2019,163330
R3231,Street Garden,Italian,London,3.1,1580,Yes,38,2003,94910
R3232,Ocean Café,French,San Francisco,3.5,1170,Yes,1684,2010,100140
R3233,Royal Lounge,Chinese,New York,4.0,1400,Yes,446,2019,96910
R3234,Red Lounge,Korean,New York,4.4,1710,Yes,1999,1996,24420
R3235,Red Kitchen,American,Sydney,4.8,360,Yes,1630,1992,180200
R3236,Urban Grill,Chinese,Tokyo,4.8,1750,Yes,1619,2021,114130
R3237,Spice Café,Chinese,New York,4.4,690,Yes,772,1994,178090
R3238,Red House,Korean,Tokyo,3.1,290,Yes,745,2005,136410
R3239,Street Lounge,Thai,Paris,2.6,1680,Yes,1080,2013,126320
R3240,Red Palace,Chinese,London,3.5,770,Yes,1450,2015,163790
R3241,Green House,French,Berlin,2.9,1810,Yes,1626,1991,146950
R3242,Street Palace,Indian,New York,4.3,1140,Yes,460,2018,28940
R3243,Golden Hub,Thai,Dubai,4.2,1260,Yes,642,2018,140940
R3244,Blue Hub,French,Tokyo,2.6,1900,Yes,1588,2014,42530
R3245,Urban Lounge,Thai,Sydney,4.6,1580,Yes,1691,1988,40100
R3246,Blue Corner,French,San Francisco,3.1,520,Yes,1107,2014,156740
R3247,Red Lounge,American,Sydney,3.6,650,No,1086,2009,89970
R3248,Fire Palace,French,New York,4.2,1480,Yes,242,1998,127520
R3249,Green House,Japanese,Toronto,3.6,1680,Yes,1840,2008,130380
R3250,Street House,French,Berlin,3.6,810,No,1908,2015,112370
R3251,Royal Palace,Italian,London,2.7,1060,Yes,209,2023,68330
R3252,Red Bistro,Italian,Dubai,3.5,920,No,683,2012,170340
R3253,Royal Hub,Mediterranean,Toronto,4.4,200,Yes,558,2009,49340
R3254,Fire House,Japanese,Sydney,4.8,400,Yes,946,2003,145710
R3255,Royal Kitchen,Japanese,Tokyo,3.5,410,Yes,106,1988,23710
R3256,Spice Lounge,Indian,Tokyo,3.6,230,No,58,2018,173860
R3257,Green Kitchen,Japanese,Toronto,4.3,840,Yes,905,2016,89980
R3258,Red Hub,Indian,Tokyo,4.9,1980,Yes,531,2009,164640
R3259,Urban Lounge,Mediterranean,Sydney,3.2,820,Yes,49,2006,197870
R3260,Blue Corner,Mediterranean,Toronto,3.6,1620,Yes,923,2012,182570
R3261,Spice Café,American,Sydney,4.5,550,Yes,1186,2002,154060
R3262,Golden Hub,Italian,Dubai,4.0,480,Yes,1139,1991,127120
R3263,Street Kitchen,French,Berlin,2.8,1990,Yes,562,1995,193910
R3264,Ocean Grill,French,San Francisco,4.1,1930,Yes,685,1995,26670
R3265,Spice Corner,Korean,Dubai,3.0,880,No,779,1993,183250
R3266,Royal Corner,Korean,Dubai,3.8,1760,Yes,220,2019,34460
R3267,Blue House,Mexican,Tokyo,3.8,1300,No,1235,2021,178900
R3268,Blue Garden,Thai,New York,4.7,1940,Yes,442,2007,63680
R3269,Red Lounge,American,Singapore,3.7,1720,Yes,716,2017,73170
R3270,Fire Lounge,Mexican,Tokyo,3.2,1630,Yes,574,1985,50290
R3271,Urban Hub,Mexican,New York,3.1,1190,Yes,156,2004,102320
R3272,Urban House,Chinese,Sydney,4.7,600,Yes,1532,1989,150250
R3273,Spice Bistro,Chinese,Singapore,2.9,1670,No,291,2013,191610
R3274,Blue Garden,Mexican,Tokyo,3.6,1830,Yes,1343,2010,110270
R3275,Ocean Palace,Japanese,Singapore,3.0,670,Yes,764,2022,64890
R3276,Green House,Thai,Singapore,4.4,1490,Yes,1084,1987,151150
R3277,Fire Lounge,American,Paris,3.7,1760,Yes,504,2005,82700
R3278,Street Kitchen,Mexican,Berlin,3.4,1630,Yes,418,1997,162310
R3279,Street Grill,French,Paris,3.4,1820,No,1659,2015,110280
R3280,Blue Palace,Thai,New York,4.6,1300,Yes,282,2001,107160
R3281,Spice Palace,Chinese,London,3.9,810,Yes,467,2019,114430
R3282,Ocean Corner,French,Toronto,4.3,1260,Yes,1153,2007,96880
R3283,Urban Corner,Chinese,San Francisco,4.7,1250,Yes,1734,1987,62410
R3284,Royal Kitchen,Chinese,London,4.8,1510,No,55,1986,109260
R3285,Street House,Thai,Toronto,3.3,1320,Yes,1276,1987,162110
R3286,Royal Grill,Chinese,New York,4.9,870,Yes,320,2004,185520
R3287,Red Hub,Mediterranean,New York,2.6,1980,No,571,1993,158490
R3288,Red Hub,Italian,Sydney,3.4,1080,Yes,340,1988,113400
R3289,Spice Corner,Mediterranean,San Francisco,4.7,1800,Yes,20,2009,104910
R3290,Spice Lounge,Italian,Berlin,3.2,970,Yes,917,1985,135130
R3291,Royal Grill,Korean,Singapore,3.2,1710,Yes,1457,2023,70330
R3292,Street Café,Korean,Paris,3.3,940,Yes,1081,1996,25210
R3293,Urban Café,Chinese,Paris,4.0,440,Yes,1410,2008,152560
R3294,Spice Kitchen,American,New York,3.6,1750,No,1601,1993,137760
R3295,Red Corner,American,Paris,4.3,260,Yes,17,2004,147930
R3296,Blue Garden,Italian,New York,4.7,1320,Yes,993,1989,108440
R3297,Blue Corner,French,Singapore,4.2,550,Yes,1559,2004,53010
R3298,Royal Bistro,Thai,New York,3.0,290,Yes,1760,2005,118140
R3299,Urban Palace,Chinese,Sydney,4.8,1320,Yes,1403,1986,36810
R3300,Red Kitchen,Thai,Berlin,3.2,550,No,1473,2005,151160
R3301,Urban Corner,Mediterranean,Dubai,2.9,370,Yes,1790,2008,20910
R3302,Green Grill,American,Tokyo,2.7,1530,Yes,575,1993,57060
R3303,Street Bistro,Japanese,Berlin,3.9,1540,Yes,1517,2023,181470
R3304,Golden Garden,Mediterranean,Berlin,2.8,1210,No,282,2014,29600
R3305,Spice Corner,Mediterranean,London,2.8,1590,Yes,950,2002,28430
R3306,Fire Corner,Italian,San Francisco,3.3,1880,Yes,910,1994,186020
R3307,Spice Lounge,Indian,San Francisco,3.2,440,Yes,140,2005,108950
R3308,Street House,Mediterranean,Toronto,4.0,520,No,1554,2006,22460
R3309,Blue House,Chinese,Tokyo,4.5,1060,No,733,2001,152510
R3310,Street Grill,Mexican,Singapore,4.4,920,No,643,1989,142290
R3311,Ocean Hub,Mexican,Dubai,3.2,250,No,123,1990,71090
R3312,Fire Café,Chinese,Dubai,3.1,1560,Yes,541,1994,141510
R3313,Ocean Hub,Indian,San Francisco,4.9,860,Yes,1532,1986,153970
R3314,Fire Grill,Indian,Berlin,2.5,1630,Yes,1372,1991,83250
R3315,Ocean Lounge,Italian,Sydney,4.7,1120,Yes,1054,1988,120500
R3316,Blue Bistro,American,Toronto,3.0,1270,Yes,1753,2021,39120
R3317,Golden Lounge,Thai,New York,4.9,1870,No,42,2003,62210
R3318,Green Corner,Indian,Toronto,3.4,450,Yes,142,2012,93740
R3319,Blue Lounge,Japanese,London,3.6,570,Yes,929,2004,22660
R3320,Street Corner,Italian,Toronto,4.3,1820,No,1736,2014,166890
R3321,Fire Corner,Korean,Berlin,4.0,1610,Yes,984,2022,159100
R3322,Street Palace,French,Singapore,3.3,1940,Yes,35,1986,199150
R3323,Green Palace,Korean,Berlin,3.9,1220,Yes,1397,1987,121980
R3324,Blue Lounge,Italian,San Francisco,4.3,610,Yes,610,2023,65640
R3325,Ocean Lounge,Mediterranean,Singapore,2.6,1980,No,1125,2009,62280
R3326,Ocean Café,Thai,Paris,2.5,1660,Yes,554,1986,91550
R3327,Street House,French,Singapore,3.6,850,No,1271,2023,171840
R3328,Royal Bistro,Korean,Toronto,2.8,1940,Yes,27,1999,23170
R3329,Red Grill,French,Toronto,4.2,610,Yes,1307,1987,27100
R3330,Royal Grill,Japanese,Toronto,3.0,570,Yes,943,1989,133880
R3331,Ocean Palace,Japanese,Paris,3.6,1600,Yes,298,2020,106420
R3332,Spice Café,Japanese,San Francisco,3.0,1250,Yes,1060,2022,33230
R3333,Red Café,Italian,New York,3.9,1910,Yes,826,2021,137520
R3334,Fire Bistro,Thai,Tokyo,2.8,1710,Yes,1467,2011,62370
R3335,Red Corner,Italian,San Francisco,2.6,1150,Yes,1944,1989,50510
R3336,Street Garden,Mexican,Toronto,2.6,1770,Yes,117,2001,125430
R3337,Street House,Mediterranean,San Francisco,4.9,890,Yes,982,2022,76750
R3338,Spice Corner,Mediterranean,London,2.9,570,Yes,957,1996,87870
R3339,Spice Palace,Japanese,Dubai,4.3,1160,Yes,747,2015,46400
R3340,Street Garden,Mexican,Dubai,2.7,1270,No,333,2017,143170
R3341,Royal House,Indian,Tokyo,2.8,1380,No,876,2013,136400
R3342,Red Café,Indian,Tokyo,3.8,1700,No,1564,2022,93760
R3343,Street Hub,Japanese,New York,3.7,930,No,744,1987,101380
R3344,Blue Kitchen,Korean,London,4.9,760,Yes,802,2022,73620
R3345,Blue Palace,Italian,Berlin,4.9,1290,Yes,1137,2014,26940
R3346,Blue House,Japanese,San Francisco,4.4,980,No,1877,2006,123850
R3347,Red House,American,Singapore,4.0,1700,Yes,1365,2022,172010
R3348,Red House,French,Singapore,3.6,550,Yes,1395,2016,37680
R3349,Fire Bistro,Mediterranean,Berlin,3.4,760,No,1954,1994,146160
R3350,Golden Hub,Indian,Dubai,4.9,1480,Yes,298,2016,21710
R3351,Golden Palace,Chinese,Berlin,4.0,220,Yes,1477,1988,47490
R3352,Fire Grill,Indian,San Francisco,3.9,330,Yes,1070,2013,51020
R3353,Golden Grill,Mediterranean,London,3.1,530,Yes,1381,1992,190040
R3354,Ocean Hub,French,Toronto,2.6,890,No,901,2004,166070
R3355,Red Bistro,Mediterranean,Paris,4.9,880,Yes,1789,1991,72140
R3356,Red Lounge,Chinese,Toronto,3.3,1980,No,52,1985,20760
R3357,Ocean Kitchen,Japanese,Paris,3.6,1230,No,1159,2009,62370
R3358,Fire Hub,Mexican,Singapore,2.8,480,Yes,18,2010,80270
R3359,Urban Grill,Chinese,Tokyo,4.6,670,Yes,1559,1993,152410
R3360,Blue Bistro,Mediterranean,San Francisco,2.6,1130,Yes,1164,2007,123670
R3361,Golden Hub,Mediterranean,Toronto,4.6,980,No,1358,1986,170310
R3362,Golden Kitchen,American,Berlin,2.9,1360,Yes,193,2010,45440
R3363,Ocean Kitchen,American,London,4.7,1630,No,1315,1998,183710
R3364,Fire Grill,Thai,London,4.3,1570,Yes,904,2015,48570
R3365,Spice House,American,Dubai,2.9,1660,Yes,1086,2010,35530
R3366,Green Lounge,Italian,London,3.9,860,No,1586,2003,82740
R3367,Spice Garden,Mexican,London,3.3,1830,Yes,1883,2022,145560
R3368,Blue Bistro,French,Tokyo,2.9,1510,Yes,879,1989,111530
R3369,Golden Corner,Chinese,Berlin,4.6,940,Yes,542,1990,36270
R3370,Ocean Lounge,Mediterranean,Singapore,3.5,1800,No,1410,2019,135230
R3371,Blue Kitchen,Thai,London,3.5,470,No,1328,2000,30740
R3372,Blue Bistro,Thai,Singapore,2.9,1400,No,1241,2015,159900
R3373,Street Palace,French,Tokyo,3.5,280,Yes,1009,2002,194120
R3374,Blue Café,Mexican,London,4.7,1530,Yes,672,1998,190310
R3375,Royal Grill,Chinese,San Francisco,3.4,1420,Yes,1510,2009,150250
R3376,Green Café,Indian,Dubai,4.9,680,Yes,963,1999,168370
R3377,Urban Palace,American,Toronto,4.9,1100,Yes,78,2010,73030
R3378,Golden Garden,Japanese,San Francisco,2.9,1440,Yes,1876,2020,167440
R3379,Spice Palace,Thai,Sydney,2.9,950,Yes,1958,1995,157470
R3380,Ocean Grill,American,New York,4.7,1690,No,1863,2021,151070
R3381,Red Kitchen,American,London,3.5,1230,No,1470,2021,192860
R3382,Golden Lounge,Italian,Singapore,2.5,1950,No,310,1991,116950
R3383,Street Hub,Mexican,New York,3.2,1680,Yes,36,2002,70760
R3384,Red Café,Japanese,Paris,4.0,520,Yes,1661,2004,130540
R3385,Green Kitchen,Indian,London,4.5,1760,Yes,939,1986,48970
R3386,Fire Café,Mediterranean,Sydney,2.8,720,Yes,663,2010,115370
R3387,Red Grill,Italian,Tokyo,2.8,590,Yes,562,2007,106810
R3388,Ocean Garden,American,Dubai,4.8,370,No,115,2016,98510
R3389,Blue Palace,American,Sydney,4.4,1940,Yes,595,1997,165850
R3390,Spice Garden,Korean,Singapore,4.0,320,Yes,581,1997,92280
R3391,Street Corner,Japanese,Tokyo,4.4,1740,Yes,819,2001,162700
R3392,Red Garden,Japanese,Toronto,3.6,930,Yes,643,2009,173550
R3393,Spice Café,Korean,Tokyo,4.4,1150,Yes,1980,2006,75950
R3394,Spice Bistro,Japanese,London,3.4,1240,Yes,1748,2011,177970
R3395,Red Grill,American,New York,3.1,1920,Yes,1044,2001,129230
R3396,Blue Grill,Thai,New York,4.3,1500,Yes,940,2010,115990
R3397,Spice Lounge,Chinese,Singapore,3.5,1690,Yes,668,2022,84620
R3398,Golden Palace,American,Tokyo,5.0,1740,Yes,1249,1998,153070
R3399,Green Palace,Italian,Sydney,3.4,860,Yes,895,1998,83680
R3400,Green Bistro,Mexican,Singapore,4.8,520,Yes,330,1996,114060
R3401,Urban Grill,Korean,Dubai,4.8,210,No,469,1989,59420
R3402,Red House,Indian,Singapore,3.1,940,Yes,1990,2021,38000
R3403,Royal Palace,Mediterranean,Singapore,4.5,1930,Yes,1848,1988,164140
R3404,Fire Bistro,Indian,Toronto,3.6,930,No,1559,2013,122610
R3405,Golden House,American,San Francisco,4.8,1800,Yes,588,2009,43770
R3406,Street Palace,Italian,London,3.6,1540,No,1725,1988,93230
R3407,Blue Grill,American,Toronto,4.4,1620,No,886,2000,182260
R3408,Green Palace,Mexican,New York,3.7,450,Yes,763,1986,32710
R3409,Red Kitchen,Thai,New York,3.1,1580,No,169,2007,70200
R3410,Blue Palace,Mediterranean,Paris,3.0,1470,Yes,473,1988,145480
R3411,Blue Lounge,Mexican,Paris,3.6,1850,Yes,1007,2004,24340
R3412,Spice Corner,Korean,Sydney,4.4,460,No,1555,2001,57710
R3413,Spice House,Korean,New York,4.0,1540,No,1669,1990,168730
R3414,Street Bistro,American,San Francisco,4.2,1480,Yes,1306,2002,107260
R3415,Fire Palace,Italian,Toronto,3.2,400,Yes,250,2004,105720
R3416,Golden Garden,Mexican,Dubai,3.7,980,Yes,945,2023,61240
R3417,Golden Lounge,French,San Francisco,2.6,1770,Yes,973,2018,141170
R3418,Golden House,Italian,Paris,4.5,1130,Yes,968,2008,76020
R3419,Blue Kitchen,Thai,Tokyo,5.0,270,No,1688,2002,174210
R3420,Golden Kitchen,Korean,San Francisco,3.5,1020,Yes,874,2014,71670
R3421,Blue Kitchen,American,San Francisco,2.5,220,Yes,1200,1985,74860
R3422,Fire Lounge,Japanese,San Francisco,2.9,740,Yes,1602,2007,189300
R3423,Ocean Hub,Korean,San Francisco,4.1,1620,Yes,659,2013,119430
R3424,Spice Café,Mediterranean,San Francisco,4.0,550,Yes,336,2016,68240
R3425,Spice House,Chinese,Paris,4.5,250,Yes,874,1986,51150
R3426,Urban Corner,Japanese,New York,3.1,1400,No,538,2020,22180
R3427,Spice Corner,American,Singapore,4.4,610,Yes,1877,2001,21250
R3428,Red Hub,French,San Francisco,4.2,690,Yes,1306,1986,151690
R3429,Street Corner,Japanese,San Francisco,3.3,1310,No,888,1988,183250
R3430,Blue Grill,Mediterranean,London,3.9,1650,Yes,1409,2018,156900
R3431,Royal Garden,Italian,New York,2.9,690,Yes,1945,1985,146060
R3432,Spice Corner,French,Singapore,3.6,490,No,1408,2007,114150
R3433,Fire Kitchen,Korean,Dubai,4.7,580,Yes,343,1990,61800
R3434,Street House,French,Dubai,3.6,1350,Yes,1036,2000,71600
R3435,Fire Lounge,Mexican,Tokyo,4.6,1590,No,1276,1986,117660
R3436,Spice Corner,Mediterranean,Berlin,4.0,780,No,1653,1996,39420
R3437,Fire Garden,Japanese,Toronto,3.0,950,Yes,1084,2011,135320
R3438,Fire Garden,Mexican,London,4.0,1910,Yes,891,2003,126060
R3439,Urban Corner,French,New York,3.8,1510,Yes,359,2012,32540
R3440,Royal Café,Mexican,New York,3.5,1830,Yes,183,2019,29870
R3441,Golden Hub,Indian,Berlin,2.8,670,Yes,125,1988,169230
R3442,Royal Palace,Mediterranean,Tokyo,3.5,1610,No,1728,1991,101110
R3443,Golden House,Thai,Sydney,2.7,1000,Yes,370,2021,168240
R3444,Golden Lounge,Italian,Paris,2.7,680,Yes,1388,2009,140930
R3445,Green Corner,French,Tokyo,3.5,860,Yes,1699,2001,157400
R3446,Royal Grill,Mediterranean,Singapore,3.3,960,No,1792,1998,151180
R3447,Golden Lounge,Thai,Tokyo,4.8,1560,Yes,85,2021,139110
R3448,Street Garden,Thai,Berlin,3.4,400,Yes,1960,1986,170010
R3449,Royal House,American,Berlin,4.4,1240,No,765,2008,115090
R3450,Green Café,Mexican,Toronto,3.8,910,Yes,1114,1999,33710
R3451,Ocean Café,Thai,London,4.3,350,Yes,1262,2017,151630
R3452,Urban Café,Indian,San Francisco,3.2,1630,Yes,81,1996,23600
R3453,Fire Corner,Mediterranean,Dubai,4.9,470,No,1436,2003,101040
R3454,Green Café,Chinese,Berlin,3.8,1980,No,1251,1989,161860
R3455,Golden House,Chinese,Toronto,4.6,990,Yes,461,1985,105490
R3456,Spice Garden,French,Paris,3.4,760,Yes,920,1993,47830
R3457,Street Garden,Korean,Dubai,2.8,1290,Yes,1788,2023,20630
R3458,Street Garden,Mexican,Sydney,4.2,710,Yes,376,2018,58490
R3459,Spice Hub,Korean,New York,2.5,1930,No,835,2013,59380
R3460,Golden Café,Thai,Paris,3.7,1850,Yes,1623,1986,198990
R3461,Blue Corner,Mediterranean,Sydney,3.0,1030,No,679,2003,107710
R3462,Red Café,French,Dubai,4.1,670,Yes,1593,2012,146090
R3463,Blue Café,Japanese,Paris,4.9,1460,No,1345,2019,154830
R3464,Golden Garden,Thai,Toronto,3.7,1880,No,1331,2006,125230
R3465,Fire Bistro,Mexican,Sydney,4.5,1170,Yes,1057,1988,41580
R3466,Fire Corner,Chinese,New York,3.8,1370,Yes,119,1992,139610
R3467,Blue Hub,American,San Francisco,3.7,1120,Yes,61,1985,83960
R3468,Street Garden,Mediterranean,Toronto,4.8,860,No,1972,2020,42830
R3469,Street Hub,Italian,Singapore,4.7,930,Yes,1323,1991,82360
R3470,Royal Corner,Korean,New York,4.5,1030,No,1477,2009,98090
R3471,Red Hub,French,London,3.2,1740,Yes,476,2013,139580
R3472,Ocean Corner,Korean,Tokyo,3.9,1790,Yes,1292,1985,51050
R3473,Red House,Mediterranean,London,3.1,290,Yes,1357,2002,55520
R3474,Ocean House,Korean,Berlin,3.6,1870,No,1684,1988,38380
R3475,Royal Corner,Mediterranean,San Francisco,3.7,1640,Yes,1942,2004,192790
R3476,Golden Lounge,Korean,Singapore,4.6,1370,Yes,827,1992,79130
R3477,Golden Lounge,Indian,Singapore,4.7,1160,No,1371,2011,178720
R3478,Urban Café,Japanese,Tokyo,3.5,250,No,796,2023,48900
R3479,Red Corner,Thai,Sydney,2.5,1860,No,565,2019,165870
R3480,Urban Lounge,Thai,Tokyo,4.7,370,Yes,938,2009,122350
R3481,Blue Hub,Mexican,Berlin,2.9,910,Yes,1455,1998,177230
R3482,Green Garden,Italian,London,4.1,1080,Yes,268,2015,166460
R3483,Fire Garden,Italian,Singapore,2.6,610,No,1658,1989,197920
R3484,Blue Kitchen,Mexican,London,3.5,230,Yes,1772,2001,94460
R3485,Ocean Grill,American,New York,5.0,390,Yes,74,1994,138290
R3486,Fire Hub,Thai,San Francisco,2.8,470,No,172,2000,54580
R3487,Urban Garden,American,Paris,3.6,1870,Yes,1197,1988,63970
R3488,Fire Hub,Mediterranean,Berlin,3.3,1230,Yes,1711,1989,165820
R3489,Fire Bistro,Mediterranean,Paris,4.8,630,Yes,48,2004,168230
R3490,Green Lounge,Chinese,Berlin,4.7,420,Yes,674,1990,100880
R3491,Ocean Bistro,Korean,Dubai,3.1,660,Yes,329,1995,94060
R3492,Spice Corner,Italian,San Francisco,2.7,320,No,369,2001,90710
R3493,Golden House,Chinese,New York,4.1,1630,No,278,1987,150780
R3494,Urban Lounge,Japanese,San Francisco,3.3,1140,Yes,333,2000,181040
R3495,Green Garden,Mexican,Sydney,4.2,350,Yes,335,2020,70070
R3496,Street Café,Mexican,Berlin,2.6,1380,Yes,1620,2010,115670
R3497,Street Grill,Mediterranean,Paris,2.8,1840,No,266,2008,117250
R3498,Spice Palace,Thai,Berlin,4.2,1990,Yes,209,2018,121440
R3499,Fire House,American,Sydney,3.0,1360,No,1471,2004,134490
R3500,Ocean Kitchen,Italian,Berlin,4.6,290,No,619,2001,131830
R3501,Royal Kitchen,Chinese,San Francisco,2.6,1410,Yes,1137,2004,143490
R3502,Royal Kitchen,American,Toronto,3.0,570,Yes,1405,2000,113570
R3503,Spice Hub,Chinese,Berlin,5.0,630,Yes,914,1988,65610
R3504,Green Garden,Korean,Dubai,3.6,1140,Yes,173,2002,96140
R3505,Golden House,Japanese,Dubai,4.3,930,Yes,1146,2020,43580
R3506,Golden Grill,Japanese,Singapore,3.0,1320,Yes,624,2019,134300
R3507,Street Garden,American,Dubai,4.0,700,Yes,1582,2014,180410
R3508,Royal Bistro,American,Berlin,4.3,710,Yes,115,2002,151030
R3509,Green Grill,American,Berlin,3.3,1110,Yes,708,2005,122670
R3510,Spice Palace,Chinese,Toronto,4.6,780,Yes,373,2016,138590
R3511,Royal Palace,Korean,Dubai,4.0,320,Yes,1054,1989,147950
R3512,Royal Grill,Indian,London,3.5,1880,No,669,2007,123730
R3513,Urban Corner,American,Berlin,3.9,310,No,1162,2014,92570
R3514,Street Kitchen,Thai,New York,3.9,690,Yes,1516,2011,121500
R3515,Blue Hub,Italian,New York,2.9,760,Yes,708,1999,103760
R3516,Urban Kitchen,Italian,Paris,3.5,1970,Yes,1829,1998,118720
R3517,Ocean Lounge,Chinese,Toronto,3.4,1380,Yes,1232,2005,165030
R3518,Ocean Café,American,Sydney,3.5,760,Yes,756,2018,189610
R3519,Spice Grill,Mediterranean,London,4.4,270,No,1985,2010,141460
R3520,Fire Palace,Mexican,Berlin,3.7,1250,Yes,1653,2009,144690
R3521,Royal Lounge,Indian,San Francisco,4.9,1560,Yes,1554,2015,102620
R3522,Blue Kitchen,Thai,Tokyo,3.2,1390,No,970,1990,25550
R3523,Red Lounge,Korean,Tokyo,3.5,820,Yes,1453,1988,192350
R3524,Ocean House,Mediterranean,Sydney,4.5,910,Yes,1259,2008,114100
R3525,Urban Corner,Japanese,Singapore,3.9,1500,No,939,2015,56400
R3526,Ocean Grill,Mediterranean,San Francisco,3.9,320,Yes,218,2003,153680
R3527,Spice Café,Chinese,Tokyo,2.6,1560,Yes,1278,1995,39120
R3528,Royal Garden,Indian,Sydney,3.5,710,No,1321,2013,74190
R3529,Royal Bistro,French,Tokyo,3.2,810,No,1099,1989,174420
R3530,Royal Corner,French,Toronto,5.0,1380,No,1901,2002,164290
R3531,Urban House,American,Paris,3.3,1280,No,1186,1987,186500
R3532,Blue Palace,American,Singapore,4.7,270,Yes,500,1995,59160
R3533,Spice Corner,Chinese,Toronto,4.2,1140,No,1468,2005,156870
R3534,Green Bistro,Korean,San Francisco,3.4,1440,No,712,2014,168370
R3535,Green Lounge,American,Sydney,3.9,1920,No,1251,2003,174710
R3536,Royal Kitchen,Mexican,London,4.6,720,No,1462,2009,148650
R3537,Ocean House,Indian,San Francisco,4.7,820,Yes,511,2019,138850
R3538,Royal Grill,Chinese,San Francisco,2.9,1140,No,675,1996,149190
R3539,Royal Bistro,Italian,Dubai,3.3,1000,Yes,1822,2010,43260
R3540,Street Bistro,Japanese,London,3.3,760,Yes,1627,1989,48010
R3541,Fire Café,Chinese,New York,2.6,1660,Yes,230,2003,180190
R3542,Spice Garden,Chinese,Dubai,4.0,860,No,444,2011,155330
R3543,Royal Palace,French,Sydney,4.6,650,Yes,289,2022,130220
R3544,Spice Grill,Thai,New York,3.5,1130,No,1656,2013,172970
R3545,Fire Kitchen,Korean,Tokyo,4.4,1570,Yes,1125,1996,193680
R3546,Fire Café,Thai,Tokyo,4.1,1320,Yes,533,2003,84630
R3547,Fire Lounge,Mexican,San Francisco,3.4,1120,Yes,1172,1993,156320
R3548,Blue Corner,Italian,Dubai,2.9,1650,Yes,676,2002,194590
R3549,Golden Corner,French,Berlin,4.3,1590,No,1056,2013,194070
R3550,Red House,Italian,London,4.6,680,Yes,1450,1987,154530
R3551,Green Hub,Mexican,New York,4.2,420,Yes,741,2007,150660
R3552,Red Kitchen,Thai,London,2.5,810,Yes,357,2014,104710
R3553,Street Kitchen,Chinese,Dubai,3.0,300,Yes,1270,2008,194950
R3554,Ocean Corner,American,San Francisco,2.7,920,Yes,774,2021,22710
R3555,Fire Café,American,Toronto,3.9,1370,Yes,943,2021,141710
R3556,Fire Palace,Mediterranean,Tokyo,4.4,1070,Yes,192,1988,185730
R3557,Golden Kitchen,Japanese,New York,2.8,1080,Yes,517,2012,125330
R3558,Green Garden,Korean,New York,4.6,740,Yes,207,2000,141580
R3559,Fire Grill,Mexican,Sydney,3.9,1720,No,1715,1997,101420
R3560,Street Garden,Japanese,New York,4.2,280,No,1156,1992,181490
R3561,Green Grill,Korean,Dubai,4.9,310,Yes,1958,2009,69430
R3562,Spice Café,Japanese,New York,2.7,1580,Yes,1579,1986,191520
R3563,Ocean Kitchen,Thai,New York,4.8,1320,Yes,390,2014,139670
R3564,Fire Café,Korean,London,2.8,1850,Yes,834,1987,71660
R3565,Red Kitchen,Thai,San Francisco,3.5,1750,Yes,1548,2007,95890
R3566,Fire Kitchen,Chinese,Paris,4.6,270,Yes,1039,2013,67980
R3567,Urban Grill,French,New York,4.8,1940,Yes,1337,2014,172180
R3568,Urban Hub,Thai,Berlin,3.8,550,No,1647,1995,24640
R3569,Golden Garden,American,San Francisco,4.0,1440,No,201,2005,46000
R3570,Royal Palace,Japanese,Singapore,4.3,690,Yes,1409,2011,29160
R3571,Red House,Mediterranean,Sydney,4.6,1260,Yes,534,2008,116440
R3572,Red Hub,Indian,London,2.8,280,Yes,1069,2015,81260
R3573,Spice House,Korean,Sydney,4.5,860,Yes,1103,2014,91510
R3574,Urban Kitchen,Mexican,Toronto,3.7,720,Yes,298,1985,136600
R3575,Blue Kitchen,Mediterranean,New York,3.6,1010,No,114,1985,20650
R3576,Fire Grill,American,Tokyo,3.6,1290,No,1749,1992,148880
R3577,Urban Lounge,Thai,Berlin,3.8,1640,Yes,322,2018,116910
R3578,Street Café,French,London,4.9,720,No,1088,2000,159990
R3579,Green Grill,Chinese,Sydney,3.9,1750,Yes,1140,2011,91930
R3580,Urban Bistro,Indian,New York,4.9,1330,Yes,1686,1988,130010
R3581,Street Hub,Italian,Tokyo,3.0,820,Yes,1770,2003,110780
R3582,Golden Palace,Mediterranean,Tokyo,4.3,1620,Yes,316,2013,177520
R3583,Blue Kitchen,French,Toronto,4.5,380,No,1893,1987,20430
R3584,Ocean Hub,Italian,San Francisco,4.2,1430,No,830,1995,58420
R3585,Fire Lounge,Indian,Berlin,4.0,1050,Yes,45,1992,67050
R3586,Ocean Bistro,Mexican,Paris,3.9,890,No,1166,2023,156400
R3587,Red Grill,Mexican,Berlin,4.7,660,No,896,2017,180120
R3588,Royal Lounge,Japanese,Toronto,4.6,1270,Yes,1058,1992,78830
R3589,Golden Corner,Indian,Dubai,2.8,1950,Yes,1882,2009,190740
R3590,Red Café,Indian,San Francisco,4.6,390,No,1070,2008,181690
R3591,Street Palace,Italian,London,3.5,560,No,1052,2010,88420
R3592,Street Garden,French,San Francisco,3.1,1490,Yes,44,2010,103010
R3593,Street Palace,Korean,Toronto,4.7,550,Yes,1396,2001,65580
R3594,Green Garden,Italian,Toronto,3.6,1520,Yes,1451,2011,108280
R3595,Spice Kitchen,Chinese,London,4.5,830,No,1855,2013,73120
R3596,Spice Hub,Mexican,London,3.2,260,No,1463,2023,26260
R3597,Urban Grill,Mexican,London,2.5,1390,Yes,1551,1993,20690
R3598,Golden Corner,Japanese,San Francisco,3.7,410,Yes,476,1998,164320
R3599,Urban Lounge,Chinese,New York,2.8,650,No,906,1989,120420
R3600,Ocean Kitchen,Mexican,Sydney,4.4,1870,Yes,208,2014,130700
R3601,Street Corner,Italian,Singapore,3.2,1290,No,1579,2012,135440
R3602,Blue Café,Chinese,London,3.6,650,Yes,1601,2021,100590
R3603,Blue Bistro,Italian,Sydney,2.7,470,Yes,777,1992,87840
R3604,Urban Garden,Korean,Singapore,3.2,1060,Yes,1244,1999,160930
R3605,Royal House,Korean,San Francisco,4.5,540,Yes,1642,2012,136680
R3606,Spice Bistro,Mexican,Sydney,2.9,1480,No,1827,2020,45430
R3607,Green Kitchen,Mexican,London,4.1,1760,No,1534,2017,181180
R3608,Golden Palace,French,Paris,4.8,280,No,250,1990,93530
R3609,Red Hub,Korean,Toronto,4.2,280,Yes,1203,1996,153490
R3610,Ocean Corner,Mediterranean,Sydney,4.5,410,Yes,1892,1991,27680
R3611,Golden Bistro,Mediterranean,Tokyo,2.8,890,Yes,303,2012,161630
R3612,Golden Kitchen,Japanese,Tokyo,3.1,1600,No,931,1991,170950
R3613,Royal Lounge,Korean,Sydney,4.7,1660,Yes,1772,1985,46030
R3614,Urban Grill,Italian,London,4.3,1800,No,1348,2008,29910
R3615,Blue Corner,Italian,Berlin,4.1,840,No,1160,2003,122200
R3616,Street Palace,American,London,4.2,1590,Yes,477,2016,188720
R3617,Spice Kitchen,Chinese,San Francisco,3.5,620,No,1825,2014,101790
R3618,Urban Grill,Thai,London,2.6,360,No,376,1985,61520
R3619,Green Palace,Mediterranean,San Francisco,4.5,870,No,1054,2016,188950
R3620,Street Corner,Mexican,Berlin,4.2,480,Yes,325,2004,27340
R3621,Street Hub,Japanese,Paris,3.7,1540,No,767,2005,76780
R3622,Ocean Bistro,Thai,San Francisco,4.7,630,Yes,1123,2003,53090
R3623,Ocean Kitchen,Indian,Dubai,3.3,1520,Yes,1437,2014,167280
R3624,Ocean Café,Japanese,Tokyo,3.2,1530,Yes,1551,2012,67010
R3625,Red Kitchen,Indian,Toronto,4.7,260,Yes,460,2016,150600
R3626,Street Garden,Korean,Tokyo,4.5,1930,No,787,2014,120220
R3627,Royal Corner,Indian,San Francisco,3.8,730,Yes,917,2007,97190
R3628,Golden Corner,Indian,Dubai,2.8,650,Yes,1642,2011,161150
R3629,Ocean House,French,New York,3.0,1570,Yes,1183,2021,29160
R3630,Spice Corner,French,Paris,4.1,230,No,455,2010,86810
R3631,Golden Hub,French,Paris,3.5,1720,No,966,1987,133670
R3632,Green Kitchen,Korean,New York,4.6,1100,Yes,89,2015,128260
R3633,Red Kitchen,Thai,Toronto,4.9,800,No,1050,1986,66920
R3634,Spice Lounge,Japanese,Berlin,4.5,1850,Yes,147,1994,178550
R3635,Urban Bistro,Japanese,Singapore,3.4,1790,Yes,661,2022,33350
R3636,Urban Café,Mexican,Dubai,4.5,1700,No,860,2003,191450
R3637,Red Grill,French,San Francisco,3.4,1300,No,1541,2015,128920
R3638,Spice Kitchen,Korean,Singapore,2.9,560,No,561,2013,121450
R3639,Ocean Lounge,Mexican,Toronto,2.6,220,Yes,1952,2009,172030
R3640,Royal Bistro,Chinese,Berlin,3.5,320,Yes,1713,2016,23010
R3641,Green Lounge,Mexican,Paris,4.8,1810,Yes,83,2001,97400
R3642,Red Corner,Thai,San Francisco,3.1,1070,Yes,1107,2007,169030
R3643,Royal Kitchen,Mediterranean,San Francisco,3.0,950,Yes,59,2002,164270
R3644,Spice House,Indian,Berlin,4.9,270,Yes,1043,1995,47010
R3645,Golden Kitchen,French,Tokyo,2.6,1020,Yes,1136,2004,116670
R3646,Blue Hub,Mediterranean,Dubai,4.5,280,Yes,1895,1997,76440
R3647,Golden Garden,Mexican,Berlin,3.3,1750,Yes,397,2008,75200
R3648,Red Hub,Korean,London,2.6,970,No,394,2004,26680
R3649,Red Palace,Indian,London,4.8,1430,Yes,308,2012,41280
R3650,Fire Lounge,Japanese,Berlin,2.8,1650,No,348,2019,174590
R3651,Ocean House,Italian,Paris,3.9,610,Yes,1422,2005,87380
R3652,Urban Bistro,Indian,Berlin,3.2,600,Yes,483,1990,186010
R3653,Fire Hub,Thai,Sydney,2.7,1800,Yes,625,1991,109400
R3654,Urban Corner,Thai,Toronto,2.6,1080,Yes,1835,2013,62200
R3655,Fire Café,Mexican,London,2.8,960,Yes,971,2007,71390
R3656,Spice Palace,Chinese,Singapore,2.7,730,No,801,1989,27210
R3657,Royal House,Thai,Berlin,4.4,1830,Yes,1175,2006,111430
R3658,Urban Grill,Thai,London,3.7,1160,Yes,1842,1993,38810
R3659,Spice Café,Korean,Toronto,3.4,1170,Yes,1203,2016,198160
R3660,Golden Bistro,Mexican,Toronto,3.5,750,No,22,1994,89500
R3661,Fire Hub,Indian,Singapore,4.8,1190,Yes,1702,2012,119680
R3662,Red Café,Chinese,San Francisco,4.8,1640,No,458,1995,170980
R3663,Blue Corner,Mediterranean,Sydney,4.3,290,Yes,183,1991,108900
R3664,Urban Lounge,Italian,Berlin,4.7,630,Yes,1707,2014,26210
R3665,Golden Grill,French,New York,3.3,1490,Yes,1992,2022,188430
R3666,Golden Lounge,Japanese,Berlin,3.5,1610,No,1165,2018,176980
R3667,Royal Lounge,Thai,San Francisco,4.0,1880,No,1573,2012,73750
R3668,Street Bistro,Mexican,Dubai,4.1,1490,Yes,604,2016,79250
R3669,Street House,French,Tokyo,3.7,380,Yes,1930,2000,84310
R3670,Spice Lounge,Japanese,Paris,3.5,990,Yes,941,2023,29880
R3671,Golden Hub,Japanese,San Francisco,5.0,1080,Yes,1908,1985,189150
R3672,Street Bistro,Mediterranean,Toronto,4.6,200,Yes,278,2018,49170
R3673,Golden Grill,Mediterranean,New York,3.6,1490,No,1284,2007,88850
R3674,Street Hub,Mediterranean,Paris,4.3,460,No,1403,2004,56190
R3675,Golden Grill,American,London,3.2,210,Yes,627,2002,124100
R3676,Red Kitchen,American,Berlin,2.8,1980,No,782,2002,155740
R3677,Fire Corner,Japanese,Paris,3.4,1570,No,874,2005,85640
R3678,Fire Café,Mediterranean,London,3.5,380,Yes,535,1992,50600
R3679,Street Grill,Korean,Tokyo,2.5,1600,Yes,1625,2018,168260
R3680,Fire Corner,Thai,London,4.5,1950,No,897,1995,172310
R3681,Fire Hub,French,New York,3.4,1330,Yes,1539,1994,45240
R3682,Ocean Grill,French,Toronto,4.0,750,Yes,681,1992,146070
R3683,Spice Café,American,San Francisco,2.7,1970,No,187,1992,190730
R3684,Ocean House,Japanese,Singapore,2.9,1140,Yes,1700,2003,149440
R3685,Ocean Café,Mexican,San Francisco,4.7,1920,No,1580,1985,151150
R3686,Blue Grill,Indian,San Francisco,4.0,1860,Yes,268,1987,31000
R3687,Red Bistro,Indian,London,4.9,1680,Yes,269,2016,103100
R3688,Green Grill,American,Berlin,5.0,760,Yes,1168,2000,129600
R3689,Urban Garden,Mexican,Paris,3.4,1210,Yes,1494,2014,73010
R3690,Fire Café,American,Singapore,3.2,1880,Yes,1522,2012,169720
R3691,Royal Lounge,Indian,Singapore,4.6,890,Yes,652,2012,112330
R3692,Red Hub,Mexican,Paris,5.0,1010,No,90,2000,133270
R3693,Urban Bistro,Mediterranean,Paris,4.1,680,Yes,1400,2017,24960
R3694,Red Garden,Japanese,Toronto,4.5,1910,Yes,1092,2009,61740
R3695,Spice Grill,French,New York,4.5,1820,Yes,1107,2002,75300
R3696,Red Hub,Korean,Tokyo,3.4,1100,Yes,1272,2010,170980
R3697,Ocean Kitchen,Chinese,New York,3.9,240,Yes,138,1990,133240
R3698,Green Bistro,Japanese,Paris,4.6,1980,Yes,421,2022,36530
R3699,Red Hub,Mediterranean,Berlin,4.2,760,No,324,1987,92460
R3700,Red Kitchen,Indian,Sydney,2.6,1110,Yes,1407,1990,160600
R3701,Street Hub,Mediterranean,Sydney,3.3,550,No,1470,1998,157990
R3702,Ocean Lounge,American,Tokyo,2.9,1570,Yes,1171,2002,186270
R3703,Spice Bistro,Mexican,Paris,3.1,1970,Yes,464,2000,89990
R3704,Royal Corner,French,Sydney,4.8,1840,Yes,624,2008,153980
R3705,Fire Hub,Thai,Tokyo,2.6,1310,No,908,1997,87430
R3706,Ocean House,American,Singapore,3.0,1670,Yes,912,1985,46920
R3707,Ocean Grill,Japanese,Tokyo,3.3,320,Yes,1042,2022,80730
R3708,Green Grill,American,Singapore,4.0,1410,Yes,241,1998,102300
R3709,Street House,Japanese,Toronto,3.8,1280,No,620,2001,52470
R3710,Green House,Thai,Sydney,3.0,1660,No,739,1997,199990
R3711,Urban Bistro,Italian,Tokyo,2.9,1110,Yes,974,1997,20190
R3712,Urban Garden,French,Tokyo,3.1,1210,Yes,1430,1993,186040
R3713,Urban Café,Korean,Tokyo,3.8,750,No,1782,1990,161600
R3714,Red House,Korean,Berlin,3.2,640,No,1767,1990,166100
R3715,Golden Garden,Chinese,Tokyo,4.9,790,Yes,1713,2014,93210
R3716,Royal Hub,Mediterranean,Berlin,3.7,730,No,891,2021,86060
R3717,Golden Café,Italian,San Francisco,2.6,560,Yes,1607,1998,95760
R3718,Golden Kitchen,Korean,Toronto,4.3,560,Yes,327,1988,178370
R3719,Street Bistro,American,San Francisco,3.3,330,Yes,1540,2018,98280
R3720,Street House,Mediterranean,Dubai,4.1,1140,Yes,531,1986,147060
R3721,Ocean Kitchen,Italian,San Francisco,3.2,1910,Yes,1779,2001,188900
R3722,Urban Lounge,Mexican,Paris,3.9,1210,Yes,1120,1998,67410
R3723,Green Hub,Mexican,Singapore,4.4,610,Yes,1812,2001,175620
R3724,Red Corner,Mediterranean,Paris,4.8,200,Yes,725,2014,65870
R3725,Golden Hub,Japanese,New York,3.2,420,Yes,1351,2013,113610
R3726,Fire Lounge,Japanese,San Francisco,3.3,470,Yes,1366,1991,73570
R3727,Royal House,American,Sydney,3.7,1510,No,1393,1993,191230
R3728,Ocean Café,Italian,London,4.8,1880,Yes,1274,2007,119820
R3729,Royal Hub,Italian,San Francisco,4.8,370,Yes,1089,2020,106150
R3730,Spice Garden,Mediterranean,Toronto,2.7,680,Yes,1143,1998,50550
R3731,Spice Kitchen,Indian,San Francisco,2.8,660,No,1082,2004,121750
R3732,Red House,Mexican,Berlin,3.7,1340,Yes,1788,2001,145300
R3733,Green Garden,Italian,New York,2.8,580,Yes,1049,2016,177870
R3734,Fire Garden,Mediterranean,Tokyo,3.4,250,No,1106,2009,37890
R3735,Fire Lounge,Thai,New York,2.9,720,Yes,893,2014,173070
R3736,Ocean Kitchen,Chinese,New York,4.1,440,Yes,211,2011,25840
R3737,Urban Bistro,Thai,Singapore,4.9,1180,Yes,102,2011,81780
R3738,Fire Grill,French,London,5.0,840,No,1682,2015,197260
R3739,Ocean Garden,American,New York,3.4,1520,Yes,1066,2010,61900
R3740,Fire Lounge,Italian,Singapore,4.0,270,No,1633,1998,165550
R3741,Golden Lounge,French,Tokyo,4.6,580,Yes,428,2005,114000
R3742,Spice House,Korean,Paris,2.8,1300,No,1236,2012,173960
R3743,Red House,French,Tokyo,4.2,620,Yes,560,1999,130140
R3744,Golden House,Mediterranean,Sydney,3.5,1010,Yes,635,2014,138850
R3745,Spice Garden,Italian,New York,3.0,1420,Yes,854,2009,152800
R3746,Street Palace,Chinese,New York,3.5,1520,Yes,1792,1995,164690
R3747,Ocean Hub,Mediterranean,Paris,2.7,230,Yes,1888,1995,178040
R3748,Fire Kitchen,Mediterranean,Toronto,4.2,1270,No,1954,2012,67560
R3749,Ocean Grill,American,New York,3.1,1120,Yes,891,1989,80250
R3750,Spice Palace,American,London,3.3,1480,Yes,729,2012,94550
R3751,Fire Palace,Mexican,Dubai,2.8,1130,Yes,1345,1992,124970
R3752,Royal Bistro,Mexican,New York,4.7,750,Yes,953,2010,30620
R3753,Urban Hub,Japanese,Dubai,3.7,1920,No,1502,1990,120390
R3754,Ocean Grill,Indian,Tokyo,3.9,220,Yes,403,2016,115740
R3755,Street Grill,Italian,San Francisco,3.9,410,Yes,818,2016,167130
R3756,Green Corner,Italian,Toronto,3.5,750,Yes,881,1996,80660
R3757,Red Café,French,Singapore,3.0,370,Yes,1244,1990,76840
R3758,Green Garden,Italian,Berlin,4.4,1720,Yes,876,1997,129140
R3759,Blue Corner,Italian,Toronto,2.8,1950,Yes,580,2023,88380
R3760,Golden Palace,Indian,Berlin,2.8,1350,No,1189,2018,39870
R3761,Fire Café,Korean,Tokyo,4.3,1030,No,643,2007,60670
R3762,Golden Garden,Mexican,Toronto,3.0,1780,No,641,2001,61040
R3763,Fire Bistro,Mexican,Singapore,3.3,490,No,818,1985,143150
R3764,Red Bistro,Chinese,Berlin,3.7,990,Yes,331,1991,171580
R3765,Ocean Palace,Italian,Paris,3.6,850,Yes,1468,1997,108770
R3766,Red House,Indian,London,4.3,290,No,583,1998,148690
R3767,Red Palace,Mexican,Toronto,4.1,780,No,1703,2001,140580
R3768,Blue Palace,Indian,Tokyo,4.1,700,Yes,1073,2014,130170
R3769,Street Lounge,Thai,New York,4.3,1420,Yes,1787,2018,57340
R3770,Urban Palace,Korean,Singapore,3.2,1560,Yes,1073,2011,196250
R3771,Urban Café,Italian,Berlin,3.3,730,Yes,1486,2009,55000
R3772,Urban Palace,Chinese,Berlin,3.6,1000,Yes,879,2019,143300
R3773,Fire Lounge,French,London,3.3,1560,No,1223,1993,77300
R3774,Red House,Mexican,Berlin,5.0,280,Yes,755,1990,52610
R3775,Ocean Café,Thai,Dubai,4.5,1200,Yes,1048,2010,143290
R3776,Green Bistro,Indian,Sydney,2.9,1710,Yes,1157,2022,68250
R3777,Urban Bistro,American,Dubai,2.5,580,Yes,1773,2023,39810
R3778,Street Garden,Mediterranean,Berlin,2.6,1550,Yes,1932,2011,190310
R3779,Golden Hub,Italian,Singapore,3.1,1720,No,1313,2015,178760
R3780,Street House,Italian,Toronto,2.8,1290,No,946,1987,39820
R3781,Ocean Café,Thai,Tokyo,3.8,850,No,968,2008,72550
R3782,Golden Café,Indian,New York,4.6,290,Yes,57,1999,127490
R3783,Ocean Grill,Japanese,Toronto,4.3,1360,Yes,198,1990,40190
R3784,Urban Corner,Italian,Paris,3.0,1710,No,313,1995,66740
R3785,Red Kitchen,Japanese,Toronto,3.5,1020,Yes,1592,2014,100710
R3786,Blue Kitchen,American,Toronto,3.8,1780,No,1729,2019,89800
R3787,Green Grill,Thai,Tokyo,4.5,1580,No,1138,2022,127560
R3788,Ocean Garden,Indian,London,4.6,1530,Yes,378,2013,112120
R3789,Golden Corner,Indian,Berlin,4.8,890,Yes,1534,2007,172140
R3790,Fire Palace,Korean,London,3.8,1790,Yes,469,1987,122140
R3791,Blue Palace,Mediterranean,Paris,4.2,580,Yes,256,2010,56750
R3792,Spice Lounge,Mexican,San Francisco,2.8,1950,Yes,273,1998,37790
R3793,Street Kitchen,Mexican,New York,3.9,320,No,1239,2003,65370
R3794,Ocean House,French,Dubai,3.1,780,No,1540,2005,192570
R3795,Blue Kitchen,Chinese,New York,3.6,860,Yes,539,2005,138420
R3796,Urban Corner,Thai,Berlin,4.1,600,Yes,1397,1993,149820
R3797,Red Palace,American,New York,3.1,540,Yes,1796,1997,131080
R3798,Street Bistro,Indian,Sydney,2.6,1850,Yes,759,2021,112190
R3799,Urban Bistro,Mediterranean,Dubai,2.5,1000,Yes,1373,2022,58810
R3800,Spice Palace,Japanese,Paris,2.6,530,Yes,416,2008,117010
R3801,Red Garden,Thai,Berlin,2.5,950,Yes,462,2022,114340
R3802,Red Garden,French,Singapore,2.8,890,Yes,1866,1995,131090
R3803,Urban Palace,Thai,Paris,3.1,300,Yes,1910,2013,76490
R3804,Green Garden,French,Sydney,3.1,1310,Yes,823,2022,139730
R3805,Ocean Hub,Indian,Dubai,5.0,460,Yes,587,2001,93170
R3806,Urban Grill,Chinese,Tokyo,3.3,670,Yes,1881,2010,194170
R3807,Blue Lounge,French,Sydney,2.8,430,Yes,974,2010,130310
R3808,Spice Grill,Indian,Paris,3.9,370,No,1183,1996,185950
R3809,Urban House,Indian,Berlin,4.6,460,No,1226,2002,159630
R3810,Fire Grill,Chinese,San Francisco,4.2,730,Yes,1941,1993,75080
R3811,Royal Bistro,Mexican,Berlin,3.2,740,Yes,156,1987,70170
R3812,Green Grill,Thai,Dubai,3.9,1390,Yes,415,1994,101220
R3813,Street Palace,Italian,San Francisco,4.3,400,Yes,192,1986,132680
R3814,Royal Kitchen,Italian,London,4.3,1340,No,1139,1992,164180
R3815,Urban Hub,Japanese,Dubai,4.2,1810,Yes,245,2002,123910
R3816,Red Corner,Japanese,Dubai,4.7,1390,Yes,647,2023,60620
R3817,Urban Grill,Italian,Sydney,4.7,770,Yes,967,2015,160460
R3818,Urban Café,American,Berlin,3.9,1950,No,188,1998,93480
R3819,Street Garden,Italian,Paris,3.6,730,No,441,2023,99420
R3820,Golden Grill,Japanese,Tokyo,4.1,1650,Yes,1434,2017,99450
R3821,Spice Grill,Mediterranean,New York,4.5,220,No,534,2013,34930
R3822,Blue Kitchen,Japanese,Toronto,2.5,1710,Yes,752,2017,146990
R3823,Ocean Hub,American,Tokyo,5.0,1480,Yes,1573,2019,199610
R3824,Urban House,Thai,New York,3.0,250,Yes,1924,1986,199810
R3825,Blue Kitchen,Italian,London,3.7,380,Yes,332,2019,44280
R3826,Green Corner,Chinese,Paris,4.7,1050,Yes,1294,2016,131870
R3827,Spice Palace,Mediterranean,Berlin,3.1,1340,No,1645,2020,171250
R3828,Blue Corner,Indian,Singapore,3.7,1900,No,1733,2007,186960
R3829,Fire Grill,American,Dubai,2.8,1420,Yes,408,1989,126340
R3830,Golden Lounge,Japanese,Tokyo,3.5,1550,Yes,346,2000,86860
R3831,Blue Garden,Chinese,New York,2.9,1990,Yes,1333,2008,20030
R3832,Fire Palace,French,Singapore,3.4,920,Yes,128,2012,90610
R3833,Fire Palace,Mexican,Tokyo,3.4,660,No,1591,2009,110770
R3834,Blue House,Italian,Paris,5.0,1040,Yes,422,1991,143800
R3835,Street Hub,Mexican,Berlin,5.0,470,Yes,589,2022,185750
R3836,Golden Café,American,San Francisco,2.8,650,Yes,1417,1991,43800
R3837,Urban Hub,French,Tokyo,4.3,1510,Yes,1513,2006,196190
R3838,Fire Garden,French,Tokyo,2.6,1390,Yes,314,2006,97620
R3839,Urban Lounge,French,Berlin,2.6,1550,No,1716,2011,149140
R3840,Green Hub,Indian,London,2.8,1350,No,1903,2017,132250
R3841,Red Hub,American,Sydney,4.9,800,Yes,205,2016,148600
R3842,Fire Grill,Thai,Tokyo,4.9,360,No,342,2023,44030
R3843,Fire House,Mexican,Berlin,3.0,530,No,1053,2016,80210
R3844,Blue Café,Thai,Sydney,2.9,390,Yes,632,1985,87340
R3845,Blue Kitchen,Chinese,Berlin,3.1,1810,Yes,667,1994,144830
R3846,Golden Café,Korean,Berlin,3.8,620,Yes,713,1988,43690
R3847,Red Café,Mediterranean,London,3.9,290,Yes,1466,2013,44670
R3848,Red Lounge,Mediterranean,Berlin,3.1,1130,Yes,892,1991,121260
R3849,Golden Lounge,Thai,Paris,4.4,1770,Yes,1459,2022,156070
R3850,Royal Lounge,Korean,Tokyo,3.3,1340,Yes,1262,1990,32590
R3851,Green Café,Korean,New York,4.8,1720,Yes,533,1995,149680
R3852,Green Palace,Italian,New York,4.1,1460,Yes,226,1993,40540
R3853,Fire Grill,Chinese,New York,3.6,1290,Yes,999,2014,189170
R3854,Fire House,American,Berlin,4.5,1260,Yes,1624,2006,41190
R3855,Fire Garden,Korean,Singapore,4.5,1240,Yes,384,2023,199070
R3856,Ocean Palace,Japanese,Sydney,3.2,900,Yes,45,1993,128570
R3857,Golden Corner,Mediterranean,Sydney,3.3,1940,Yes,785,2022,123780
R3858,Fire Café,Japanese,Berlin,4.8,1030,No,37,2017,45890
R3859,Urban Garden,Chinese,Paris,2.9,220,Yes,1405,2010,64190
R3860,Blue Grill,Korean,Paris,2.6,650,Yes,95,2000,90920
R3861,Royal Palace,Mexican,Dubai,3.6,1830,Yes,197,1993,87440
R3862,Red Corner,Mediterranean,Berlin,4.5,450,Yes,314,2007,39400
R3863,Spice House,Italian,Toronto,4.4,1570,Yes,775,1999,184560
R3864,Ocean Café,Italian,London,4.8,1810,Yes,1455,2003,157000
R3865,Fire Kitchen,French,New York,3.8,270,No,89,2000,73570
R3866,Royal Grill,Indian,London,2.8,740,Yes,195,2009,33450
R3867,Ocean House,Korean,New York,4.0,1100,Yes,1038,2019,119780
R3868,Spice Lounge,Chinese,San Francisco,4.4,1570,No,567,1997,156160
R3869,Golden Bistro,Mediterranean,San Francisco,2.7,1330,Yes,1899,1991,112230
R3870,Royal Hub,Indian,Berlin,2.9,980,Yes,1530,2018,114220
R3871,Ocean Kitchen,Chinese,San Francisco,2.5,1200,Yes,518,1998,106020
R3872,Street Lounge,Thai,Singapore,4.0,1050,No,1647,2007,124970
R3873,Spice Grill,Korean,Dubai,4.7,640,No,980,2007,164610
R3874,Blue Corner,American,Paris,4.2,690,Yes,1035,2001,50920
R3875,Street Café,American,Singapore,5.0,830,Yes,226,1997,45910
R3876,Green Corner,Korean,London,2.7,1140,No,1570,2011,45020
R3877,Ocean House,French,London,4.8,210,Yes,266,1986,108530
R3878,Blue Garden,French,San Francisco,4.5,1920,No,1768,2021,90610
R3879,Royal Hub,American,Paris,3.3,1140,Yes,1486,2014,181610
R3880,Royal Corner,Mexican,Dubai,4.9,810,No,1457,1988,36730
R3881,Street Kitchen,Mediterranean,New York,3.2,1610,No,333,2014,153540
R3882,Green House,American,Singapore,4.7,930,Yes,1532,1987,80020
R3883,Golden House,Mexican,Dubai,4.7,1190,Yes,1614,1998,121520
R3884,Spice Grill,Indian,Tokyo,4.4,1300,Yes,206,1995,93080
R3885,Blue Corner,Mexican,Sydney,3.9,1230,Yes,513,2007,136370
R3886,Red Palace,Indian,San Francisco,2.8,340,Yes,1305,2016,24990
R3887,Fire House,Chinese,New York,3.8,330,Yes,703,1987,155900
R3888,Spice Bistro,Japanese,Tokyo,3.4,1780,Yes,968,1985,23250
R3889,Golden Café,Chinese,New York,4.5,1760,Yes,27,1993,157290
R3890,Royal Corner,American,New York,4.4,460,No,116,1993,28870
R3891,Ocean Kitchen,Indian,San Francisco,4.8,1040,Yes,1562,1996,111870
R3892,Spice House,American,New York,2.5,280,No,134,1985,56730
R3893,Ocean Palace,Korean,Dubai,4.5,390,Yes,492,2000,132320
R3894,Urban Grill,Mediterranean,Dubai,4.8,980,Yes,1627,2014,99350
R3895,Green Café,Italian,Tokyo,4.5,1960,Yes,1037,1992,29280
R3896,Golden Bistro,American,London,2.8,760,Yes,636,1994,64030
R3897,Royal Garden,Mediterranean,Paris,2.7,1630,Yes,360,2017,169920
R3898,Royal Hub,Mexican,Singapore,2.6,1190,Yes,360,2022,121140
R3899,Royal Bistro,Chinese,Singapore,4.1,940,No,658,2006,99900
R3900,Fire Palace,Mexican,Toronto,4.1,1550,Yes,1832,2000,134470
R3901,Fire Palace,Italian,San Francisco,5.0,860,No,910,2003,190080
R3902,Spice House,Indian,Berlin,3.5,380,Yes,237,1995,63440
R3903,Fire Bistro,Korean,Berlin,3.3,1240,Yes,25,1995,157540
R3904,Royal Café,Mediterranean,Tokyo,4.1,1830,Yes,1843,1998,71160
R3905,Urban House,Korean,New York,4.6,1830,No,434,2023,82370
R3906,Urban Palace,Japanese,New York,4.8,300,Yes,473,2010,114690
R3907,Blue Corner,American,San Francisco,4.5,700,No,733,2004,108780
R3908,Red Grill,Indian,Sydney,3.6,1450,Yes,1279,2004,66100
R3909,Red Lounge,Japanese,London,4.1,990,Yes,1831,1989,189160
R3910,Urban Palace,Thai,Toronto,4.6,730,Yes,803,1985,64970
R3911,Urban Corner,American,Dubai,3.7,360,Yes,186,1995,58520
R3912,Street Café,Mexican,New York,3.0,1890,Yes,552,1994,47680
R3913,Street Bistro,Chinese,Toronto,2.9,430,Yes,518,2012,41400
R3914,Golden Hub,Mediterranean,Singapore,2.5,1640,Yes,1595,2018,97240
R3915,Ocean Lounge,Italian,Sydney,4.3,670,Yes,1688,1997,189570
R3916,Fire Bistro,Italian,Dubai,2.8,1030,Yes,573,2009,199490
R3917,Green Bistro,Mexican,San Francisco,3.1,260,Yes,242,2007,152580
R3918,Spice House,French,Toronto,3.2,1610,Yes,1711,2020,119970
R3919,Royal Lounge,Italian,Tokyo,3.9,300,Yes,1071,1996,188200
R3920,Golden Garden,Mediterranean,Dubai,3.5,310,No,500,1986,126950
R3921,Street Kitchen,Mexican,San Francisco,4.2,1290,No,1026,2004,126540
R3922,Ocean Bistro,Indian,Berlin,2.6,1520,Yes,453,2000,55890
R3923,Fire House,Italian,San Francisco,2.8,1520,Yes,29,1998,33980
R3924,Red Palace,Korean,San Francisco,3.7,1470,Yes,1644,1986,117460
R3925,Blue Bistro,Mexican,Dubai,3.3,1670,No,1760,2000,96910
R3926,Fire Kitchen,Mediterranean,Sydney,3.2,730,No,1589,1988,177320
R3927,Fire Kitchen,Korean,Dubai,2.7,740,Yes,120,1997,129430
R3928,Street Kitchen,American,Paris,4.7,980,No,496,2022,159260
R3929,Red Bistro,American,London,4.2,1090,Yes,98,1985,150490
R3930,Golden Garden,Italian,Sydney,2.8,1160,Yes,1352,1993,141130
R3931,Blue Kitchen,Korean,Tokyo,2.7,1460,No,1151,2005,52660
R3932,Red Grill,Chinese,Sydney,4.9,490,No,443,2002,84080
R3933,Blue Corner,American,Singapore,4.2,430,No,1951,2016,168420
R3934,Street Kitchen,Chinese,Tokyo,3.5,1500,Yes,1272,2018,131360
R3935,Spice Lounge,Indian,Berlin,4.3,1410,Yes,81,2004,54970
R3936,Golden Corner,Mexican,Dubai,4.4,1190,No,831,1986,39740
R3937,Spice Hub,Japanese,San Francisco,4.4,1950,Yes,1938,1988,110580
R3938,Golden Kitchen,Mediterranean,Dubai,3.7,900,Yes,1432,2022,112450
R3939,Blue Bistro,Mexican,Singapore,3.6,1690,Yes,825,1991,74100
R3940,Fire Grill,Mediterranean,Toronto,2.5,330,No,413,2006,45340
R3941,Royal Garden,Korean,Singapore,4.8,670,No,1708,2004,162500
R3942,Spice Lounge,Indian,Paris,4.0,480,Yes,260,2019,52170
R3943,Golden Corner,Thai,San Francisco,3.0,690,No,878,1988,152140
R3944,Street Grill,Italian,San Francisco,4.8,1570,Yes,1228,2004,161760
R3945,Ocean Lounge,Mediterranean,New York,4.8,460,Yes,1605,2019,35550
R3946,Fire Kitchen,Mediterranean,Toronto,5.0,980,Yes,1643,2017,186590
R3947,Urban Café,Korean,New York,4.7,1150,Yes,1963,2005,50890
R3948,Red Café,Chinese,Berlin,5.0,1750,No,877,1998,167430
R3949,Ocean Bistro,Mexican,London,3.1,1560,No,1900,2015,95780
R3950,Spice Lounge,Thai,London,4.6,900,Yes,1618,2006,41720
R3951,Spice Hub,French,Dubai,4.6,990,No,1255,2014,185360
R3952,Urban Garden,Italian,London,3.1,1730,Yes,1664,2013,199880
R3953,Blue Garden,Japanese,San Francisco,2.7,1000,Yes,1215,2020,97240
R3954,Royal Grill,French,Singapore,4.9,1060,No,905,2013,122590
R3955,Red House,Mexican,Toronto,3.2,270,Yes,1763,1991,38260
R3956,Street Kitchen,Italian,Dubai,4.7,210,No,265,2016,197540
R3957,Royal Kitchen,Mediterranean,Dubai,2.5,1990,Yes,1941,1997,137390
R3958,Red Kitchen,Japanese,Toronto,2.6,1420,No,1121,1997,73220
R3959,Golden House,Chinese,San Francisco,3.7,1400,Yes,882,1998,78110
R3960,Green Bistro,Thai,Berlin,3.1,1150,Yes,1820,1990,36910
R3961,Royal Garden,Chinese,Berlin,4.2,1120,Yes,501,2000,86740
R3962,Green Bistro,Indian,Dubai,3.9,220,Yes,345,2005,128360
R3963,Royal Café,Korean,Berlin,2.7,1550,Yes,1571,2000,53900
R3964,Royal Hub,Italian,San Francisco,2.9,210,Yes,1440,1989,124730
R3965,Blue Bistro,Chinese,Paris,3.5,1340,No,642,2008,118620
R3966,Ocean Grill,French,Paris,3.0,680,No,1322,1985,20360
R3967,Golden Garden,Korean,New York,4.5,1200,No,371,1994,136080
R3968,Green Hub,Chinese,Sydney,3.5,1670,No,1474,2019,43390
R3969,Spice Palace,American,Tokyo,2.7,480,No,1063,2015,164250
R3970,Blue Corner,Indian,London,3.7,1640,Yes,928,1999,33710
R3971,Urban Lounge,Mexican,Berlin,2.7,930,No,1747,1995,26760
R3972,Street Garden,Thai,Paris,2.8,1240,No,903,1993,70720
R3973,Fire Palace,Indian,Singapore,3.1,1690,Yes,1581,1986,22520
R3974,Spice Grill,Korean,Toronto,4.6,250,Yes,646,2014,48640
R3975,Street House,American,Sydney,4.8,810,Yes,1256,2000,122080
R3976,Street House,Italian,New York,4.6,500,No,756,1985,191440
R3977,Spice Lounge,French,Tokyo,3.3,1380,Yes,1157,1990,83010
R3978,Urban Kitchen,Thai,Paris,3.2,310,No,692,1995,23920
R3979,Ocean Lounge,Thai,New York,3.9,310,Yes,1012,2017,132830
R3980,Fire Palace,Indian,Sydney,4.3,1630,Yes,1016,2001,137340
R3981,Golden Lounge,Korean,Toronto,5.0,440,No,1995,2018,29960
R3982,Fire Corner,Italian,London,2.8,1690,Yes,702,2009,91480
R3983,Fire House,Mediterranean,Paris,2.6,1100,Yes,224,2006,194840
R3984,Urban Café,American,Toronto,4.2,1070,Yes,127,2010,128910
R3985,Urban Kitchen,Mediterranean,Tokyo,4.6,950,No,236,2011,169200
R3986,Fire Palace,French,Berlin,4.6,370,Yes,900,2022,165420
R3987,Green Grill,Italian,Sydney,4.2,640,Yes,453,1993,164140
R3988,Urban Café,Italian,Tokyo,4.9,1300,Yes,558,2021,73160
R3989,Golden House,American,London,3.8,990,Yes,838,1989,132880
R3990,Royal Grill,Japanese,Toronto,4.8,870,Yes,1641,2002,147590
R3991,Royal Grill,Mediterranean,San Francisco,4.9,1590,No,1665,2006,114710
R3992,Blue Café,Chinese,London,4.6,1960,No,1470,1996,60080
R3993,Ocean Corner,Thai,Dubai,3.3,1800,No,21,2006,93730
R3994,Golden Café,Japanese,Paris,3.0,370,Yes,1155,1990,173420
R3995,Red Bistro,Chinese,Berlin,3.9,730,Yes,1580,2020,174270
R3996,Street Grill,Korean,Sydney,3.6,1310,No,498,2011,52860
R3997,Red Grill,American,Singapore,4.7,1160,Yes,1284,1999,128730
R3998,Red Hub,Korean,Toronto,2.8,460,Yes,588,2001,65170
R3999,Spice Lounge,Thai,San Francisco,3.1,970,No,1515,1987,189220
R4000,Royal Hub,Mexican,Singapore,4.4,1720,Yes,1583,1994,159940
R4001,Spice Café,Chinese,Paris,2.7,1810,No,1313,2009,86050
R4002,Urban Café,Japanese,Paris,3.3,1070,Yes,751,2005,137180
R4003,Street Café,Chinese,Sydney,3.5,730,Yes,1370,1993,173410
R4004,Green Garden,Chinese,San Francisco,4.1,1060,No,177,2008,43480
R4005,Red House,American,Paris,2.9,240,Yes,970,2016,181450
R4006,Blue Lounge,Korean,Singapore,4.7,1420,Yes,1986,1987,181200
R4007,Fire Corner,Mediterranean,San Francisco,3.6,1830,Yes,1361,2017,183620
R4008,Red Lounge,Mexican,Singapore,4.8,730,Yes,1279,1996,50910
R4009,Street Grill,American,London,3.7,1830,Yes,1624,2013,178360
R4010,Ocean Kitchen,French,Tokyo,3.2,580,No,1659,2005,90970
R4011,Fire Kitchen,American,San Francisco,2.9,1280,Yes,1334,2023,70810
R4012,Red Kitchen,Thai,New York,2.5,1510,Yes,1762,2018,69010
R4013,Urban Bistro,Mexican,Tokyo,3.8,930,Yes,209,2017,43040
R4014,Fire Lounge,Italian,Tokyo,2.8,840,Yes,1926,2016,126920
R4015,Royal Palace,French,San Francisco,3.5,1870,Yes,1533,2004,44850
R4016,Fire Garden,Indian,Berlin,4.0,560,No,873,1987,154640
R4017,Royal Corner,American,Paris,3.2,860,No,763,1988,26480
R4018,Urban Corner,Chinese,London,2.9,1300,Yes,1046,2001,124610
R4019,Golden Café,Mediterranean,Berlin,4.4,1780,Yes,1399,2001,160120
R4020,Urban Palace,Italian,Berlin,4.9,1440,Yes,1752,2003,82790
R4021,Fire Kitchen,American,New York,2.8,1060,Yes,783,1988,117430
R4022,Urban Bistro,American,Toronto,2.9,660,Yes,106,2013,46320
R4023,Blue Café,Japanese,San Francisco,4.9,1740,No,80,2001,32680
R4024,Blue Bistro,Japanese,Singapore,2.6,1980,Yes,1002,2006,37730
R4025,Royal Kitchen,Italian,Paris,4.9,1670,Yes,1848,1986,132810
R4026,Urban Lounge,Korean,Berlin,2.5,320,No,1894,1996,90200
R4027,Royal Lounge,Japanese,London,4.7,630,Yes,1775,1995,56270
R4028,Blue Grill,Chinese,Toronto,3.3,1710,Yes,366,2013,195500
R4029,Street Café,French,New York,4.8,1440,Yes,821,2004,45480
R4030,Red House,Indian,Dubai,3.3,1380,No,553,1989,35500
R4031,Spice House,Mexican,Paris,4.1,1500,Yes,1283,2009,75020
R4032,Ocean Kitchen,Indian,Dubai,2.7,1450,Yes,263,2018,84220
R4033,Street Café,Indian,Tokyo,3.1,1570,Yes,1804,1996,78460
R4034,Green Garden,Mexican,Berlin,4.4,680,No,1215,2012,91250
R4035,Fire Garden,Japanese,Sydney,3.8,1430,Yes,1885,2018,138460
R4036,Golden Grill,Italian,Paris,4.8,970,No,997,1990,108120
R4037,Urban Grill,Mexican,Singapore,3.6,1490,No,1199,2003,74070
R4038,Royal Palace,Thai,Toronto,4.7,1220,Yes,13,1996,67670
R4039,Green Lounge,Korean,London,3.6,1240,Yes,1496,2009,103620
R4040,Street Garden,French,Paris,4.9,1390,Yes,154,1997,129710
R4041,Fire Hub,Mediterranean,Singapore,4.9,500,Yes,174,2001,116080
R4042,Red Hub,Japanese,San Francisco,3.3,870,No,353,1996,165200
R4043,Urban Café,Korean,Dubai,4.7,560,Yes,1907,1987,177910
R4044,Golden Lounge,Mexican,San Francisco,4.6,430,Yes,1138,2008,29380
R4045,Golden Grill,Thai,Toronto,3.0,630,Yes,1581,1992,156720
R4046,Royal Palace,Mediterranean,New York,4.1,1020,Yes,1347,2020,122230
R4047,Street Corner,French,Berlin,2.7,600,Yes,1202,2010,51770
R4048,Red Hub,French,Paris,4.6,1980,Yes,529,1992,176840
R4049,Golden Corner,Japanese,Sydney,2.9,610,Yes,1996,2016,71000
R4050,Blue Corner,Mexican,Dubai,2.7,1270,Yes,935,2016,57960
R4051,Royal Kitchen,Korean,Dubai,3.5,590,Yes,1631,1985,119230
R4052,Ocean Bistro,Italian,Paris,3.9,670,Yes,1469,1987,196560
R4053,Spice Lounge,Korean,Tokyo,4.6,1320,Yes,618,1985,156280
R4054,Fire Garden,Korean,San Francisco,4.9,1030,Yes,521,1999,84070
R4055,Royal Bistro,French,Dubai,3.6,230,Yes,418,2004,94300
R4056,Royal Hub,Italian,Singapore,2.7,1270,Yes,445,1987,136790
R4057,Spice Grill,Italian,London,4.4,790,No,1348,1999,114490
R4058,Green Garden,Japanese,Berlin,3.9,1330,Yes,551,2021,59050
R4059,Green Palace,Mediterranean,Dubai,3.6,1860,Yes,622,2005,80460
R4060,Urban House,American,Singapore,3.3,240,Yes,1612,2023,80800
R4061,Ocean Garden,Indian,Toronto,3.8,1250,Yes,909,2007,124900
R4062,Spice Corner,Indian,Toronto,3.3,250,No,1894,2019,86840
R4063,Street Lounge,French,Berlin,4.4,330,Yes,1986,2002,41040
R4064,Street House,American,Tokyo,3.9,1450,No,1096,2001,113760
R4065,Blue Lounge,Mediterranean,Sydney,4.7,1590,Yes,1065,2015,24360
R4066,Spice House,American,Berlin,3.9,810,Yes,1632,2010,171130
R4067,Fire Kitchen,Japanese,New York,3.1,460,No,1244,2006,151180
R4068,Spice Grill,Korean,Tokyo,4.6,730,Yes,1496,2020,151280
R4069,Ocean Bistro,French,Dubai,3.9,1090,No,572,2019,166920
R4070,Street Grill,Italian,Berlin,3.0,310,Yes,584,1995,90080
R4071,Street Lounge,French,San Francisco,4.1,1550,No,1113,2011,155690
R4072,Street Grill,Indian,Toronto,3.4,930,Yes,1031,2018,108260
R4073,Ocean Kitchen,Mediterranean,Singapore,4.6,1630,Yes,352,2002,46750
R4074,Golden Bistro,American,Berlin,3.6,1990,No,1265,2011,43400
R4075,Ocean Palace,Mediterranean,San Francisco,4.3,450,Yes,1911,1988,58160
R4076,Street Café,Japanese,Tokyo,2.7,1550,Yes,622,2001,42810
R4077,Street House,French,New York,3.5,640,No,138,1990,78220
R4078,Urban Hub,Mexican,Singapore,5.0,1030,Yes,1052,1995,180370
R4079,Urban Hub,French,London,4.5,1660,Yes,366,1989,109960
R4080,Golden Corner,Italian,New York,2.9,1640,No,1452,2002,163240
R4081,Royal Café,French,Dubai,3.2,1220,Yes,968,2009,134730
R4082,Fire Kitchen,Thai,San Francisco,3.3,1430,Yes,1639,1994,100970
R4083,Urban Palace,Japanese,Berlin,4.1,1420,Yes,90,2000,189390
R4084,Green Kitchen,Chinese,Berlin,4.4,1350,Yes,1648,1994,100670
R4085,Blue Corner,Japanese,Paris,4.4,1760,Yes,1914,1994,73410
R4086,Urban House,American,Toronto,3.8,330,Yes,675,2020,171580
R4087,Red House,Chinese,Dubai,4.5,360,No,790,2005,176270
R4088,Green Garden,American,San Francisco,3.6,320,Yes,1151,1998,80290
R4089,Blue Kitchen,American,Berlin,2.8,1120,No,1887,1992,163410
R4090,Street Corner,Italian,London,3.9,820,No,1527,1985,40940
R4091,Red Café,Italian,Singapore,4.9,520,No,800,2000,128190
R4092,Royal Grill,Korean,Dubai,4.5,480,Yes,501,2010,55200
R4093,Street Café,Indian,Tokyo,3.9,560,Yes,1908,1990,184420
R4094,Royal Bistro,Korean,London,4.1,1220,Yes,234,2023,71100
R4095,Green Lounge,Korean,Singapore,4.8,1930,Yes,996,1986,155020
R4096,Golden Corner,Indian,Sydney,3.6,430,Yes,428,1993,104560
R4097,Golden Grill,Mexican,Toronto,3.3,1610,No,789,1989,37070
R4098,Ocean Café,Chinese,Dubai,4.9,1520,Yes,146,1989,158690
R4099,Ocean Café,Mediterranean,San Francisco,4.7,1440,Yes,235,1992,134790
R4100,Golden Bistro,Korean,New York,3.3,720,Yes,1367,1989,44840
R4101,Green Bistro,French,Singapore,3.7,1070,No,1262,1989,127150
R4102,Green House,French,Tokyo,3.5,1170,No,332,2001,193210
R4103,Royal Grill,American,Berlin,2.9,1330,Yes,1141,1993,28770
R4104,Spice Hub,Indian,New York,4.9,1140,Yes,821,2018,128960
R4105,Fire Grill,American,London,3.5,1770,No,454,2017,107380
R4106,Spice Garden,Thai,Toronto,4.7,1390,Yes,1950,2006,44620
R4107,Ocean House,Thai,San Francisco,3.0,920,No,16,2005,64930
R4108,Royal Lounge,Mediterranean,New York,3.9,1750,Yes,137,1999,137700
R4109,Green Bistro,Italian,Tokyo,2.6,1250,Yes,1386,1985,81350
R4110,Spice House,Italian,Singapore,4.4,450,Yes,276,1991,138230
R4111,Red Grill,Indian,San Francisco,4.0,370,No,694,2007,180490
R4112,Spice Corner,Indian,Sydney,4.1,1830,Yes,937,1990,198110
R4113,Ocean Garden,Korean,Berlin,2.6,1550,Yes,223,2004,82870
R4114,Golden Hub,Thai,Toronto,3.0,1650,Yes,256,2010,182770
R4115,Golden House,Korean,New York,2.7,770,Yes,1651,1996,158420
R4116,Fire House,Italian,Toronto,3.2,1790,No,1628,1997,141610
R4117,Royal Hub,Chinese,Toronto,4.1,1120,No,1837,1997,164030
R4118,Street Palace,Chinese,Toronto,3.9,680,Yes,1407,1986,89580
R4119,Fire Garden,Indian,Singapore,4.0,1950,No,430,2016,38230
R4120,Street Palace,American,Toronto,3.9,900,Yes,1748,2015,124680
R4121,Red Grill,Italian,Sydney,3.2,840,Yes,1074,1995,131350
R4122,Royal Kitchen,Chinese,London,3.1,520,No,726,2021,25000
R4123,Golden Palace,Italian,Tokyo,2.8,690,Yes,1381,1988,99390
R4124,Golden Bistro,Japanese,San Francisco,4.6,230,Yes,1594,2018,152770
R4125,Royal Hub,French,Sydney,4.0,1380,Yes,152,2000,157890
R4126,Fire Hub,Thai,San Francisco,3.0,1030,No,150,2015,196960
R4127,Fire House,Korean,Tokyo,2.9,1360,Yes,574,2009,67360
R4128,Fire Café,Italian,London,4.7,1830,Yes,116,2023,26080
R4129,Spice House,French,Dubai,4.4,1210,No,42,1992,132350
R4130,Green Grill,Japanese,San Francisco,4.1,1750,No,1233,1992,158870
R4131,Spice Café,Korean,San Francisco,3.5,1500,No,128,2018,52940
R4132,Green House,Italian,London,3.2,250,Yes,1833,1999,171730
R4133,Red Grill,Indian,New York,4.9,1920,Yes,238,1989,35310
R4134,Blue Palace,French,Sydney,4.5,420,Yes,1663,2003,162750
R4135,Blue House,Korean,New York,3.3,1540,No,697,1994,62160
R4136,Blue Corner,Italian,New York,4.6,1390,No,1997,1993,57060
R4137,Green Bistro,French,New York,4.4,800,No,1218,2013,132660
R4138,Ocean Grill,Japanese,Toronto,3.2,1190,Yes,839,2021,167760
R4139,Blue Kitchen,Italian,Berlin,3.6,840,Yes,1020,2003,118460
R4140,Ocean Kitchen,Italian,San Francisco,3.0,1530,Yes,859,1997,147190
R4141,Spice Palace,Italian,New York,2.8,430,Yes,1248,2000,143480
R4142,Blue Café,Mediterranean,Sydney,4.3,560,Yes,742,2014,155580
R4143,Ocean Lounge,Indian,Berlin,3.2,640,No,1163,1989,58180
R4144,Red Hub,Japanese,Berlin,4.6,1980,Yes,854,2017,100870
R4145,Green Kitchen,Korean,New York,5.0,1190,Yes,281,2003,172040
R4146,Street Corner,Mediterranean,Singapore,2.7,1210,Yes,1791,2003,54430
R4147,Red Kitchen,American,New York,3.7,1920,Yes,644,2001,176480
R4148,Fire Grill,Mediterranean,Singapore,4.5,820,No,1041,2008,30470
R4149,Green Palace,Thai,New York,4.5,480,Yes,412,2012,126450
R4150,Urban Hub,Thai,Sydney,4.4,1200,Yes,937,2021,142740
R4151,Fire House,Italian,Singapore,3.4,1280,Yes,1612,2006,99300
R4152,Blue Garden,Mediterranean,Toronto,3.6,1150,Yes,636,2023,179940
R4153,Street Grill,American,Berlin,4.0,1720,Yes,1402,2000,90580
R4154,Royal Café,Mediterranean,New York,4.9,290,Yes,1833,2019,182030
R4155,Fire Garden,Indian,Berlin,3.3,540,Yes,626,2011,82660
R4156,Street Lounge,Indian,New York,4.8,740,Yes,990,1996,125590
R4157,Golden Garden,American,San Francisco,3.2,1720,Yes,546,2012,54080
R4158,Golden House,Mediterranean,San Francisco,5.0,1920,Yes,1086,1985,153760
R4159,Red Café,French,Paris,4.2,1150,Yes,256,2023,28690
R4160,Spice Bistro,Indian,New York,3.7,1420,Yes,346,2002,71230
R4161,Urban Hub,Indian,Paris,4.0,310,No,1314,2007,189260
R4162,Fire House,Chinese,London,3.2,230,Yes,42,2006,42030
R4163,Ocean Corner,Mediterranean,London,3.2,1250,Yes,808,1988,191350
R4164,Spice Café,Indian,Berlin,2.8,1090,No,557,1995,41110
R4165,Royal Café,Japanese,Singapore,2.8,860,Yes,1376,2002,92760
R4166,Street Lounge,Mediterranean,New York,3.4,1640,Yes,900,1991,189300
R4167,Red House,Thai,Tokyo,4.4,840,Yes,1272,2005,165860
R4168,Blue Garden,Chinese,New York,4.0,1010,No,1525,2019,35710
R4169,Urban Lounge,Indian,New York,2.8,1240,No,738,2021,85840
R4170,Golden Corner,Chinese,Tokyo,4.6,1030,No,1210,2014,119490
R4171,Royal Café,Thai,London,4.0,1240,Yes,53,2001,67740
R4172,Spice Café,American,Paris,4.9,1340,No,313,2017,145610
R4173,Urban Bistro,American,Berlin,4.2,470,Yes,1703,2000,20590
R4174,Red Bistro,Mediterranean,London,2.9,350,Yes,278,1999,161020
R4175,Spice Hub,Thai,Tokyo,3.7,400,No,692,1997,197220
R4176,Spice Kitchen,Mexican,New York,4.1,960,Yes,1766,2023,90010
R4177,Urban Bistro,Mexican,London,2.6,610,Yes,409,1987,99480
R4178,Golden Bistro,Mediterranean,Sydney,2.5,730,Yes,1775,2008,176260
R4179,Ocean Garden,Italian,San Francisco,2.8,510,No,612,2007,107540
R4180,Street Bistro,Chinese,New York,3.1,1330,Yes,931,1985,111740
R4181,Blue Garden,Chinese,Dubai,3.6,570,Yes,980,2016,150460
R4182,Ocean Bistro,American,Tokyo,3.7,1330,Yes,440,2017,101010
R4183,Blue Corner,Mexican,Toronto,2.8,1850,Yes,430,2014,98790
R4184,Royal Grill,Korean,Singapore,4.2,1290,No,140,1986,98000
R4185,Red Kitchen,Indian,Toronto,4.0,1220,Yes,1443,2002,115490
R4186,Royal Bistro,Indian,London,3.2,960,Yes,1771,2014,161980
R4187,Red Hub,Indian,New York,2.5,1940,Yes,1258,2002,39620
R4188,Blue Garden,American,Singapore,2.7,1590,Yes,1176,1989,171360
R4189,Blue Corner,Thai,Singapore,3.5,720,Yes,587,1989,92460
R4190,Green House,French,Berlin,2.9,1800,Yes,549,1992,113800
R4191,Blue Grill,Mexican,Toronto,3.4,1750,No,134,1993,79650
R4192,Ocean Café,Mexican,New York,4.1,1400,Yes,1245,2016,46780
R4193,Golden Palace,Korean,Berlin,3.9,220,Yes,943,1998,153680
R4194,Ocean Corner,Chinese,Paris,3.1,1730,Yes,1461,1997,131990
R4195,Golden Garden,Italian,Toronto,3.4,730,Yes,1470,2002,73070
R4196,Green Kitchen,Mediterranean,San Francisco,4.0,590,Yes,601,1988,51430
R4197,Green Palace,Chinese,San Francisco,4.7,870,Yes,1271,2006,48000
R4198,Fire House,Thai,Berlin,4.4,1330,No,653,2004,187070
R4199,Fire Kitchen,Mediterranean,Paris,3.9,1940,Yes,337,1999,37940
R4200,Green Hub,Mexican,Sydney,3.4,1490,Yes,821,1991,124400
R4201,Golden Corner,Thai,Sydney,3.4,610,Yes,1152,1997,43420
R4202,Blue Bistro,Mediterranean,San Francisco,4.7,1810,Yes,55,2018,135920
R4203,Red Hub,Korean,Dubai,2.6,1130,Yes,93,2014,121670
R4204,Blue Grill,Korean,Tokyo,5.0,1680,Yes,803,1989,33070
R4205,Ocean Bistro,Japanese,Tokyo,4.2,1200,Yes,361,1985,175350
R4206,Spice Palace,French,Dubai,4.2,1910,Yes,1046,2015,169450
R4207,Red Palace,Korean,Berlin,2.6,1430,No,646,2004,166840
R4208,Golden Garden,Mexican,Tokyo,4.0,210,Yes,1870,2003,34550
R4209,Green Corner,Italian,Tokyo,3.7,1100,Yes,1205,2013,126210
R4210,Royal Bistro,Indian,Toronto,2.8,780,No,243,2022,73910
R4211,Blue Lounge,Japanese,Toronto,3.2,1170,Yes,1214,1994,45390
R4212,Ocean Hub,Indian,Dubai,4.7,350,No,1084,2013,56180
R4213,Blue Kitchen,French,New York,3.9,1670,Yes,790,2015,43780
R4214,Spice House,Mediterranean,Paris,3.5,1730,Yes,690,1995,147190
R4215,Red Grill,American,Berlin,2.7,350,Yes,1428,2007,31390
R4216,Golden Café,Korean,Toronto,4.3,1270,Yes,942,2014,55910
R4217,Ocean Palace,Italian,Toronto,4.3,420,Yes,1861,2009,67140
R4218,Spice Grill,French,Sydney,4.0,610,No,1833,2000,128650
R4219,Royal Kitchen,Indian,Paris,3.8,560,No,1462,2007,66670
R4220,Blue Hub,Japanese,Sydney,3.6,910,Yes,1307,2017,104570
R4221,Street House,Korean,New York,4.0,1530,No,870,2021,177570
R4222,Ocean Bistro,Mexican,Paris,3.1,1840,No,1240,2012,102930
R4223,Red Café,Korean,Tokyo,4.9,1350,Yes,157,2011,173320
R4224,Urban Palace,Japanese,Sydney,4.0,1690,Yes,309,1990,42690
R4225,Green Corner,Japanese,San Francisco,3.3,250,Yes,1965,2022,195970
R4226,Street Grill,American,Berlin,3.6,510,No,1486,2021,131840
R4227,Urban Hub,Korean,Tokyo,4.5,1640,No,558,1990,117960
R4228,Urban Hub,Korean,Paris,2.9,570,Yes,1706,2009,176600
R4229,Royal Lounge,American,San Francisco,3.2,1640,Yes,987,1997,166860
R4230,Red Hub,Thai,New York,4.2,560,No,392,2017,79950
R4231,Urban Lounge,Thai,San Francisco,3.3,1700,Yes,1820,2017,25690
R4232,Fire Corner,Mediterranean,Toronto,4.5,1960,Yes,1980,2009,35450
R4233,Royal Palace,Thai,Dubai,2.8,1960,Yes,809,1998,29080
R4234,Fire Garden,Chinese,San Francisco,4.4,800,Yes,1651,2022,64620
R4235,Royal Lounge,Korean,Singapore,2.7,960,Yes,543,1993,60830
R4236,Fire Corner,Italian,New York,2.5,1790,Yes,1266,2002,53400
R4237,Golden Corner,Korean,Tokyo,4.7,1460,Yes,1667,1999,89470
R4238,Street Hub,Chinese,Sydney,4.0,1050,No,1162,1988,90390
R4239,Royal Corner,Chinese,London,3.4,260,Yes,1855,2018,91120
R4240,Street Hub,Indian,New York,3.1,1690,Yes,1762,2022,134100
R4241,Golden Lounge,Korean,Singapore,4.0,1040,Yes,1693,2001,91550
R4242,Urban Hub,French,Toronto,3.8,250,Yes,579,1991,86700
R4243,Royal Café,Chinese,Sydney,5.0,1610,No,940,2016,69090
R4244,Urban House,Italian,Berlin,5.0,1630,No,246,2007,103970
R4245,Red Kitchen,American,London,4.1,220,Yes,1615,2004,175920
R4246,Urban Palace,Mediterranean,San Francisco,3.6,1560,Yes,975,1986,191990
R4247,Fire Lounge,Indian,Singapore,3.7,660,Yes,710,2005,184490
R4248,Royal Corner,American,San Francisco,4.2,1040,Yes,763,1996,142370
R4249,Street Palace,Indian,Berlin,2.8,1130,Yes,584,2011,40510
R4250,Urban Hub,Italian,New York,3.3,1890,Yes,1518,1994,20020
R4251,Fire Kitchen,Japanese,Dubai,2.7,1890,No,1274,1992,160260
R4252,Spice Garden,Korean,Singapore,2.7,420,Yes,966,2005,23240
R4253,Green House,Mexican,Paris,3.0,220,Yes,1026,2006,81340
R4254,Blue House,French,Tokyo,3.7,1480,Yes,1730,1997,189880
R4255,Fire Bistro,American,Paris,4.5,860,Yes,780,1996,51220
R4256,Red House,Korean,Dubai,3.7,900,Yes,1774,2001,178290
R4257,Urban Café,French,Berlin,3.3,1500,Yes,232,1993,134670
R4258,Green Garden,Japanese,Paris,2.7,1960,No,1132,1996,23460
R4259,Golden Corner,Mexican,Toronto,3.9,860,Yes,1792,1993,153690
R4260,Fire Corner,French,Singapore,3.2,740,Yes,566,2014,143460
R4261,Fire Café,French,Toronto,4.0,1510,Yes,920,1990,159970
R4262,Street Bistro,American,London,4.9,500,No,282,2009,127500
R4263,Red Café,Thai,Dubai,2.8,850,Yes,1432,2012,135810
R4264,Fire Corner,Mexican,London,3.0,1200,Yes,1550,1994,54430
R4265,Urban Hub,Korean,London,3.7,830,No,439,2012,20220
R4266,Golden Corner,Japanese,London,4.9,500,Yes,532,2013,121550
R4267,Red House,Mexican,New York,4.4,1360,No,969,2020,150740
R4268,Urban House,Italian,New York,4.7,850,Yes,1381,1995,132740
R4269,Street Grill,Thai,Dubai,3.3,1780,Yes,919,2005,87150
R4270,Urban Kitchen,Italian,Sydney,5.0,660,Yes,1584,2022,80530
R4271,Red Garden,Japanese,Paris,2.8,410,Yes,460,2010,25140
R4272,Urban Lounge,American,New York,2.6,1130,Yes,1984,2002,50390
R4273,Blue Garden,American,San Francisco,4.6,1020,Yes,1021,1988,78610
R4274,Royal House,Japanese,Toronto,4.8,650,Yes,51,1999,83360
R4275,Blue House,Indian,New York,2.7,1080,No,1748,2007,53620
R4276,Green Hub,Japanese,Berlin,2.8,1380,Yes,103,1990,54900
R4277,Street Corner,Thai,London,2.6,650,Yes,495,1991,71670
R4278,Royal Garden,Chinese,New York,2.8,200,Yes,526,1999,51780
R4279,Golden Café,American,Dubai,3.0,1150,Yes,1597,1993,199280
R4280,Street Café,Mediterranean,Toronto,4.9,1720,No,1183,2014,134210
R4281,Blue Café,Thai,Toronto,4.2,800,No,726,2012,81720
R4282,Green Grill,Thai,Sydney,4.4,1240,Yes,1845,2014,119410
R4283,Urban Grill,Thai,Tokyo,4.4,1000,Yes,508,1992,148800
R4284,Golden Corner,French,Tokyo,3.8,330,Yes,380,2019,109040
R4285,Spice Hub,Thai,Paris,4.5,640,Yes,990,2019,102580
R4286,Red House,American,San Francisco,4.0,960,No,708,2010,72600
R4287,Golden Hub,Chinese,Singapore,3.3,1860,Yes,494,2014,156570
R4288,Blue Grill,Chinese,Dubai,3.9,850,Yes,674,2019,61910
R4289,Street Bistro,Thai,Berlin,3.8,510,Yes,1416,2022,133810
R4290,Fire Garden,Italian,New York,4.6,1150,Yes,637,1995,180560
R4291,Royal Garden,American,Dubai,5.0,770,Yes,1694,2004,34670
R4292,Royal Garden,American,San Francisco,3.5,1230,No,741,2015,81010
R4293,Green Corner,Mexican,Tokyo,4.4,750,No,201,2018,95470
R4294,Fire Grill,Korean,Dubai,2.7,1530,Yes,1778,1996,47600
R4295,Urban Garden,Indian,New York,4.4,860,No,845,2012,84210
R4296,Street Café,Indian,Sydney,3.4,1970,Yes,1254,1987,146480
R4297,Blue House,Italian,Paris,2.6,1370,Yes,1080,1989,33930
R4298,Golden Grill,Indian,Sydney,3.4,570,Yes,136,1997,56930
R4299,Red Lounge,Mexican,Tokyo,4.0,1500,Yes,1836,1996,144990
R4300,Urban Corner,Japanese,London,2.8,1310,Yes,736,1985,195040
R4301,Fire Lounge,Indian,Tokyo,4.8,1520,No,1040,2003,73290
R4302,Golden Grill,American,Paris,2.7,1710,Yes,705,2013,199550
R4303,Street Bistro,Japanese,New York,4.8,730,No,1149,2023,150650
R4304,Ocean Garden,Indian,San Francisco,4.3,530,No,573,2009,179710
R4305,Street Kitchen,American,Singapore,3.3,580,Yes,375,2000,163560
R4306,Green Palace,American,Sydney,3.5,1310,No,1079,2001,191120
R4307,Ocean Garden,Thai,Tokyo,4.4,1070,Yes,402,2012,136960
R4308,Red Palace,Chinese,San Francisco,4.0,670,Yes,963,2023,189990
R4309,Street House,Italian,Sydney,4.2,680,Yes,32,1989,23700
R4310,Green Palace,Mexican,Tokyo,3.5,530,Yes,1164,1985,87670
R4311,Street Corner,French,Paris,3.7,1190,Yes,1160,1987,111390
R4312,Green Lounge,Korean,Sydney,5.0,1540,Yes,454,2008,195030
R4313,Royal House,Indian,Tokyo,3.0,370,No,786,2013,116470
R4314,Royal House,Indian,New York,3.5,890,Yes,1342,1999,44220
R4315,Royal Corner,Japanese,Paris,3.2,1330,Yes,717,1988,95900
R4316,Spice Grill,Japanese,San Francisco,4.4,530,Yes,442,1985,154550
R4317,Street House,Korean,San Francisco,4.4,700,Yes,482,1999,163410
R4318,Green House,Indian,Singapore,3.2,1240,Yes,1999,2008,115320
R4319,Fire Grill,Mediterranean,Dubai,2.7,1120,No,57,2015,155410
R4320,Red Café,Mexican,London,2.5,1610,Yes,1924,2004,174810
R4321,Fire Hub,Indian,New York,3.6,880,Yes,1115,1994,117100
R4322,Ocean House,Chinese,Paris,3.5,1080,No,1142,1995,78250
R4323,Fire Corner,Korean,Sydney,5.0,1220,No,272,2002,87600
R4324,Golden House,Mediterranean,San Francisco,3.7,1550,Yes,1900,2018,121510
R4325,Fire Hub,Mexican,New York,3.1,1620,Yes,1064,2012,109020
R4326,Blue Palace,Indian,Paris,4.7,1020,No,367,2022,25730
R4327,Fire Grill,French,Paris,3.7,300,No,577,2000,188910
R4328,Royal Grill,Thai,Sydney,4.0,1670,Yes,489,2008,42220
R4329,Fire Grill,Chinese,Paris,2.7,550,Yes,876,2023,196780
R4330,Ocean Kitchen,French,Berlin,3.5,1010,Yes,1222,1996,27870
R4331,Blue Palace,Japanese,New York,4.9,1610,Yes,1038,1991,66670
R4332,Blue Grill,Japanese,Tokyo,4.0,570,No,1319,2020,133570
R4333,Ocean Lounge,Indian,San Francisco,3.4,1080,Yes,1823,2001,148010
R4334,Blue Lounge,Japanese,San Francisco,4.1,200,No,1690,1988,80710
R4335,Urban Corner,Chinese,Tokyo,4.8,1230,Yes,1427,2021,183480
R4336,Blue Palace,Mexican,New York,3.2,840,No,1488,2017,37090
R4337,Ocean Corner,American,London,3.8,200,Yes,717,2003,182610
R4338,Street Hub,Italian,New York,4.9,1440,No,435,2010,141670
R4339,Street Grill,Korean,Toronto,2.9,790,No,1060,1995,145820
R4340,Street Palace,Mexican,Paris,4.3,440,Yes,136,2015,175900
R4341,Red Garden,American,Dubai,4.0,1100,Yes,144,1985,35100
R4342,Green Bistro,Mediterranean,Sydney,4.2,1570,Yes,1568,2020,137380
R4343,Blue House,Chinese,Berlin,3.4,690,Yes,340,2013,163740
R4344,Ocean Grill,French,Dubai,3.3,1590,No,1662,2009,55060
R4345,Street Corner,American,Tokyo,4.2,1110,Yes,401,2002,56330
R4346,Spice Kitchen,Chinese,Sydney,3.0,510,No,17,1987,198450
R4347,Red House,Thai,Sydney,3.5,520,Yes,622,2002,83520
R4348,Urban Corner,French,Sydney,3.0,450,Yes,1294,1991,41710
R4349,Fire Corner,Japanese,San Francisco,2.5,610,Yes,1232,2012,152620
R4350,Blue House,Japanese,Berlin,4.9,1970,Yes,607,2001,105940
R4351,Ocean Grill,French,San Francisco,3.6,800,Yes,1773,2009,104750
R4352,Ocean Kitchen,Mediterranean,Paris,4.9,600,No,395,2002,104320
R4353,Red Kitchen,Mediterranean,Toronto,2.9,1490,No,481,1987,66560
R4354,Ocean Palace,Mediterranean,Singapore,4.0,1180,Yes,188,2009,123870
R4355,Ocean Bistro,American,Berlin,3.0,1170,Yes,459,1991,108920
R4356,Blue Kitchen,Korean,Dubai,4.5,500,Yes,1273,1994,46700
R4357,Red House,American,Paris,4.5,1700,Yes,1557,2003,63600
R4358,Spice Bistro,Indian,New York,2.8,1340,Yes,824,1999,45480
R4359,Golden Grill,Italian,Tokyo,4.8,1750,Yes,1779,2005,90460
R4360,Urban Café,French,Toronto,3.0,1660,No,1216,2005,42060
R4361,Fire Lounge,Mexican,Paris,4.0,670,Yes,1827,2021,71790
R4362,Fire Garden,Italian,New York,5.0,210,Yes,367,2012,176760
R4363,Ocean Lounge,Thai,Toronto,4.7,1580,No,385,2016,199940
R4364,Ocean Lounge,American,New York,4.9,1910,Yes,1974,2011,188480
R4365,Green Corner,American,Berlin,3.4,1200,No,711,2007,74750
R4366,Urban Grill,Chinese,New York,2.8,1470,Yes,847,1994,116810
R4367,Street Grill,Italian,Toronto,3.0,780,Yes,1760,1990,89650
R4368,Golden Hub,Chinese,New York,3.8,1390,Yes,1803,2008,27980
R4369,Ocean Palace,Mexican,Dubai,4.5,570,Yes,547,2002,53550
R4370,Fire Hub,Chinese,Paris,2.9,1720,Yes,791,1994,145490
R4371,Urban Hub,Italian,Toronto,4.1,1260,Yes,91,1999,28590
R4372,Blue Café,French,Dubai,3.3,400,Yes,1391,2018,163340
R4373,Royal Kitchen,Thai,New York,3.4,610,Yes,194,1992,163180
R4374,Fire Lounge,American,New York,4.2,1830,Yes,297,2019,96880
R4375,Golden Corner,Mexican,Sydney,3.7,1560,No,1095,2011,123370
R4376,Spice House,American,Toronto,4.5,1590,No,892,2009,130230
R4377,Fire Kitchen,Indian,Berlin,2.9,290,Yes,516,1987,148700
R4378,Spice Palace,Thai,New York,4.5,1520,No,1495,2005,70220
R4379,Red Lounge,Korean,Tokyo,2.7,520,Yes,39,2023,95840
R4380,Ocean Hub,Chinese,San Francisco,3.0,880,Yes,1942,2016,84020
R4381,Ocean Lounge,Japanese,Singapore,4.1,990,Yes,945,2005,168520
R4382,Ocean Palace,Italian,San Francisco,4.6,1200,No,40,1993,162740
R4383,Ocean Hub,American,Berlin,3.1,480,No,1326,1985,179700
R4384,Fire Bistro,Chinese,Paris,3.3,1650,Yes,1206,1988,103420
R4385,Urban Hub,Mexican,London,3.8,1530,Yes,1647,1988,157920
R4386,Street Kitchen,American,Tokyo,3.0,720,Yes,1161,2010,94250
R4387,Spice Corner,Korean,London,4.5,1790,Yes,95,2018,134120
R4388,Fire Bistro,Thai,New York,4.4,1430,Yes,1348,2011,50210
R4389,Blue Hub,Thai,Paris,2.9,610,Yes,37,1999,62370
R4390,Spice House,American,Dubai,3.7,660,Yes,131,2016,83940
R4391,Ocean Lounge,Mexican,New York,4.4,1780,Yes,1284,1991,172930
R4392,Red Corner,Thai,London,3.3,300,No,582,1998,151940
R4393,Blue Kitchen,Thai,New York,4.1,1730,Yes,412,2007,169790
R4394,Red Garden,Korean,Singapore,2.6,1740,Yes,692,1985,191440
R4395,Urban Lounge,Italian,Sydney,4.0,1020,Yes,1476,2016,64510
R4396,Ocean Lounge,Mexican,Singapore,2.9,1280,No,281,2010,66270
R4397,Spice Palace,Mexican,Paris,4.6,460,Yes,846,1993,47390
R4398,Blue Palace,French,Dubai,3.4,810,Yes,1845,2000,122090
R4399,Urban Café,French,Singapore,3.2,1670,Yes,122,2015,87910
R4400,Red Grill,Thai,Toronto,4.6,1500,Yes,1739,1986,88670
R4401,Red Corner,Japanese,Dubai,2.6,1630,Yes,1427,2016,111080
R4402,Urban House,French,London,3.5,1220,Yes,1976,1994,59430
R4403,Blue Bistro,Thai,Singapore,3.4,630,Yes,28,2009,175230
R4404,Fire Kitchen,Mediterranean,Sydney,3.2,1120,Yes,1885,2002,54600
R4405,Blue Café,Indian,Dubai,4.8,490,Yes,614,2018,34920
R4406,Green Kitchen,Indian,New York,4.4,1870,Yes,1762,2013,56210
R4407,Spice Garden,Mexican,Sydney,2.7,1380,No,474,2008,109180
R4408,Ocean Lounge,Japanese,New York,4.3,480,No,700,1987,158420
R4409,Spice Lounge,Korean,Singapore,3.8,490,Yes,1020,1999,150530
R4410,Ocean Palace,Italian,Tokyo,4.8,1230,Yes,1942,1987,111310
R4411,Fire Grill,French,Tokyo,3.3,1290,No,1224,2015,184710
R4412,Royal Café,Mediterranean,London,3.9,510,No,1526,1994,189460
R4413,Spice Garden,Thai,Sydney,3.8,1570,No,1945,2022,32680
R4414,Blue House,Japanese,New York,3.7,700,Yes,1023,2006,116820
R4415,Street Palace,Mexican,Berlin,3.6,1550,Yes,1982,1998,75610
R4416,Fire House,French,Sydney,3.0,1980,No,172,1993,132710
R4417,Street Kitchen,Japanese,Toronto,4.4,550,No,1645,2002,66540
R4418,Ocean Lounge,French,London,3.6,740,Yes,708,1992,95120
R4419,Street Lounge,Italian,San Francisco,4.9,1820,No,304,2022,48000
R4420,Green Palace,Italian,San Francisco,3.2,550,No,588,1999,114490
R4421,Spice Grill,Korean,New York,4.2,750,Yes,1106,1999,147640
R4422,Royal Café,Indian,Tokyo,4.9,550,Yes,1777,1990,126110
R4423,Red Lounge,Chinese,Dubai,4.2,1080,Yes,710,1996,31430
R4424,Golden House,Chinese,Toronto,4.7,810,Yes,1595,2003,87030
R4425,Fire Café,French,San Francisco,4.6,1280,No,1342,1989,133570
R4426,Ocean Lounge,Korean,New York,3.4,1060,Yes,311,2011,128060
R4427,Urban Corner,Chinese,New York,4.0,1720,No,1341,1994,191310
R4428,Street Grill,Mexican,Singapore,2.9,830,No,133,1998,90940
R4429,Blue Kitchen,Chinese,Tokyo,3.8,760,Yes,678,2018,181580
R4430,Royal Corner,American,Sydney,3.1,1320,Yes,1294,1999,182190
R4431,Green House,Thai,Dubai,4.4,890,Yes,204,2013,157630
R4432,Spice Grill,Korean,Singapore,3.8,1990,Yes,851,2010,54880
R4433,Red Palace,Mexican,San Francisco,3.5,390,Yes,360,2011,142170
R4434,Red Hub,Japanese,Dubai,3.2,730,Yes,1876,1987,113370
R4435,Street Kitchen,Mexican,London,5.0,200,Yes,1801,1987,41040
R4436,Red Bistro,Indian,Tokyo,2.7,1090,Yes,1969,2019,71190
R4437,Urban Corner,Japanese,San Francisco,2.6,1570,Yes,498,2019,155100
R4438,Green Café,Mediterranean,New York,3.0,1700,Yes,209,1990,38080
R4439,Royal Garden,Thai,San Francisco,4.9,1980,No,893,1998,24090
R4440,Blue Kitchen,Thai,Berlin,4.9,1320,Yes,517,2010,26450
R4441,Spice Kitchen,Thai,Paris,4.1,1710,No,907,1987,199350
R4442,Urban Café,Thai,Paris,4.7,320,No,1613,2017,159260
R4443,Golden Corner,French,San Francisco,3.0,1760,No,455,1997,31130
R4444,Red Bistro,Thai,Berlin,4.9,1290,Yes,89,2013,184450
R4445,Green Garden,Thai,San Francisco,2.9,1100,No,754,1993,65920
R4446,Red Grill,Thai,Paris,2.8,1140,Yes,707,2016,163910
R4447,Green Hub,Korean,Singapore,2.8,620,Yes,1650,2006,178290
R4448,Red Grill,French,London,3.9,1570,No,1502,2006,116040
R4449,Fire Bistro,Italian,Paris,4.5,1780,Yes,1870,2018,119250
R4450,Red Corner,Mexican,London,3.4,930,No,1475,1994,56300
R4451,Urban Hub,Mexican,New York,4.9,330,Yes,940,2009,58690
R4452,Blue Lounge,Japanese,London,3.6,1180,Yes,663,1996,72000
R4453,Spice Kitchen,Korean,Singapore,2.9,1280,Yes,1944,1987,126830
R4454,Ocean Kitchen,American,Berlin,3.7,1810,No,911,2003,40390
R4455,Red Café,Mexican,London,4.2,1640,Yes,281,2017,150790
R4456,Red Corner,Chinese,Dubai,4.6,1680,No,1376,2010,33070
R4457,Street Garden,American,Sydney,3.6,1150,Yes,133,1997,86340
R4458,Ocean Grill,Thai,Paris,4.0,770,Yes,1256,1991,37240
R4459,Red Corner,Thai,Berlin,3.2,1550,Yes,1523,2018,66900
R4460,Spice Café,French,Toronto,4.1,1150,Yes,695,2006,44550
R4461,Golden Garden,American,New York,5.0,570,Yes,1736,2004,166620
R4462,Fire Café,Chinese,Sydney,2.6,1730,Yes,661,2007,193250
R4463,Blue Kitchen,French,Dubai,4.7,830,Yes,306,1998,90920
R4464,Street Grill,Japanese,Tokyo,3.9,1770,No,1152,2014,96880
R4465,Red Kitchen,American,Singapore,3.1,280,Yes,796,2007,120050
R4466,Street Corner,Korean,San Francisco,4.9,1400,Yes,1109,2003,50610
R4467,Red Palace,Thai,Sydney,3.7,510,Yes,630,2023,125860
R4468,Red House,Thai,Berlin,3.3,300,Yes,1664,2020,114760
R4469,Fire Café,Indian,Berlin,3.0,1810,Yes,982,1990,57630
R4470,Street House,French,Berlin,3.1,1240,Yes,890,2007,144410
R4471,Ocean Kitchen,Italian,New York,4.6,1650,Yes,1291,1994,48880
R4472,Royal House,Italian,London,4.0,1660,Yes,1565,2019,119140
R4473,Royal Bistro,French,Paris,4.8,1010,Yes,1664,2005,60060
R4474,Spice Kitchen,Korean,Tokyo,3.1,560,Yes,360,2016,194700
R4475,Red Palace,Mediterranean,San Francisco,2.8,1010,Yes,1682,2014,84990
R4476,Green Corner,French,Berlin,2.5,310,No,1310,2017,33040
R4477,Red Lounge,Korean,San Francisco,3.8,230,Yes,264,1990,133040
R4478,Fire Bistro,Japanese,Toronto,5.0,620,No,1297,1989,193980
R4479,Spice Palace,Thai,New York,4.2,1740,No,688,1999,145640
R4480,Fire House,Chinese,Berlin,3.3,700,Yes,1710,2009,139970
R4481,Street Bistro,Mediterranean,Toronto,4.7,240,No,38,1997,113180
R4482,Urban Grill,American,Tokyo,4.5,1530,Yes,476,1990,123140
R4483,Spice Kitchen,Mediterranean,Tokyo,2.5,1060,No,1068,2021,106640
R4484,Blue Hub,Chinese,Paris,4.5,1250,Yes,758,1986,71200
R4485,Royal Grill,Indian,Dubai,3.3,750,Yes,1327,2001,187990
R4486,Royal Lounge,Thai,Paris,2.9,1290,Yes,611,2008,159850
R4487,Golden Bistro,Italian,London,3.1,870,No,1236,1996,61120
R4488,Golden Lounge,Korean,San Francisco,3.7,1150,Yes,749,1998,199170
R4489,Green Hub,French,Singapore,3.6,630,No,940,1991,34620
R4490,Golden Grill,French,Tokyo,3.2,1620,No,1101,2010,161900
R4491,Blue Garden,Italian,Singapore,2.9,1090,Yes,140,2016,38650
R4492,Red Bistro,Mediterranean,New York,4.4,610,Yes,1910,2013,60090
R4493,Blue House,Thai,Sydney,5.0,1580,Yes,120,2023,133220
R4494,Street Garden,Mexican,Berlin,4.4,920,Yes,533,1993,165380
R4495,Street Garden,Korean,New York,3.2,300,No,1321,1998,97100
R4496,Golden Bistro,Japanese,Tokyo,3.1,1740,No,696,2001,51770
R4497,Urban Grill,Chinese,Toronto,3.0,770,No,840,2009,51970
R4498,Royal House,Mediterranean,San Francisco,2.8,1470,No,675,2014,44610
R4499,Red Hub,American,Singapore,3.9,400,Yes,1076,2013,159860
R4500,Royal Grill,Indian,Paris,4.0,400,Yes,884,2013,55810
R4501,Red Kitchen,French,Sydney,4.3,910,No,1750,2002,106920
R4502,Royal Palace,Mediterranean,Dubai,4.2,1480,No,1717,2015,99940
R4503,Urban House,Indian,New York,3.2,1210,Yes,1327,2003,21200
R4504,Royal Corner,Chinese,Dubai,3.3,320,Yes,294,2001,37750
R4505,Ocean Café,French,Singapore,4.2,920,No,832,1990,26060
R4506,Red House,French,Singapore,3.4,250,Yes,573,1996,93750
R4507,Green Corner,Mexican,Berlin,3.0,1310,Yes,1660,2022,28190
R4508,Royal Café,Mediterranean,Toronto,3.4,360,Yes,28,1987,134560
R4509,Urban House,Thai,Toronto,3.2,920,No,1540,2019,27830
R4510,Royal Lounge,Italian,London,2.7,310,No,556,2017,95600
R4511,Spice Hub,Italian,Paris,4.6,1050,No,57,2013,23910
R4512,Green Corner,Japanese,Tokyo,4.6,1990,Yes,1778,1987,31320
R4513,Royal Palace,American,Tokyo,3.0,1410,Yes,228,1989,127090
R4514,Ocean Kitchen,Indian,Singapore,2.7,890,Yes,1655,1998,64450
R4515,Green House,Mediterranean,New York,4.3,1270,No,775,2020,150620
R4516,Street Hub,Korean,San Francisco,3.0,710,Yes,1221,2012,160330
R4517,Blue Bistro,American,Tokyo,3.5,560,Yes,40,2016,123880
R4518,Ocean Corner,Mexican,Tokyo,2.7,1360,No,268,2002,165910
R4519,Ocean Grill,French,New York,3.1,220,Yes,1708,1997,73180
R4520,Green House,Thai,Paris,4.5,270,No,1377,1986,190600
R4521,Green Bistro,Mediterranean,Sydney,4.5,1570,Yes,317,2009,82510
R4522,Golden Garden,American,Toronto,3.0,660,Yes,1104,2004,189780
R4523,Urban Bistro,American,Berlin,3.3,1880,Yes,316,1991,133430
R4524,Street Bistro,Thai,Berlin,2.8,830,No,577,1995,53240
R4525,Red Garden,Japanese,Berlin,2.7,610,No,1132,1989,49340
R4526,Blue Garden,Indian,New York,5.0,620,Yes,30,2013,70330
R4527,Urban Palace,Indian,Berlin,4.1,1440,Yes,1930,2002,87630
R4528,Royal House,American,Singapore,3.9,1560,No,1653,1992,80860
R4529,Red Grill,Chinese,London,4.4,330,Yes,1598,2011,63330
R4530,Street Palace,American,New York,4.6,1100,Yes,1039,1986,131770
R4531,Fire Grill,American,New York,4.5,1510,Yes,240,2019,192230
R4532,Red Lounge,Thai,Toronto,2.5,210,No,91,2010,66870
R4533,Blue Hub,French,Berlin,3.0,1340,Yes,967,2007,48870
R4534,Ocean Corner,Thai,Dubai,4.1,200,Yes,226,1989,50430
R4535,Blue Lounge,Mediterranean,Sydney,3.4,940,No,344,2000,197890
R4536,Royal Kitchen,American,London,5.0,840,Yes,568,1995,81150
R4537,Red Hub,Indian,New York,4.2,1930,Yes,873,2003,183890
R4538,Green Bistro,Korean,London,4.9,1440,Yes,883,2000,104110
R4539,Street Palace,Indian,New York,3.0,1540,No,762,2016,102030
R4540,Ocean Corner,Italian,Paris,4.7,850,No,1723,1996,48420
R4541,Fire Palace,Japanese,Toronto,3.3,1620,Yes,603,1986,75040
R4542,Green Lounge,Mexican,Singapore,5.0,910,No,1832,2006,106490
R4543,Blue Bistro,Mediterranean,Paris,2.9,1350,Yes,713,2010,176750
R4544,Blue Lounge,Mediterranean,San Francisco,3.8,1400,No,934,2017,92830
R4545,Spice Lounge,Japanese,Berlin,4.5,660,Yes,1688,2008,161490
R4546,Red Garden,Korean,San Francisco,3.6,1090,No,1859,1989,39730
R4547,Golden Café,Mexican,Sydney,3.7,590,Yes,1824,2005,168330
R4548,Blue Bistro,French,Dubai,5.0,610,Yes,1967,2002,95740
R4549,Green Garden,American,Singapore,3.6,1980,No,562,2023,101430
R4550,Urban Garden,Mexican,Paris,4.0,540,Yes,1492,1989,58280
R4551,Street Bistro,Korean,London,2.6,600,Yes,792,1992,177700
R4552,Ocean Kitchen,Chinese,London,4.6,1040,No,96,2005,67370
R4553,Golden Garden,Italian,Sydney,4.1,1430,Yes,1548,1989,186230
R4554,Green Bistro,Mexican,New York,3.5,760,Yes,1756,1997,49520
R4555,Royal Café,Mexican,London,2.5,570,No,522,2003,136300
R4556,Green Corner,Italian,Berlin,4.0,1150,Yes,993,2013,192390
R4557,Golden Grill,American,Dubai,2.5,1550,Yes,1018,1986,52380
R4558,Urban Hub,Mexican,Toronto,2.5,820,No,596,2021,25530
R4559,Red Palace,Italian,Berlin,4.0,1060,No,1511,2010,130050
R4560,Golden Hub,Italian,Dubai,3.0,1510,Yes,507,2013,120770
R4561,Royal Bistro,Italian,Sydney,3.0,1950,Yes,916,1989,156120
R4562,Red Garden,Thai,Berlin,4.1,710,No,965,2016,131370
R4563,Green Corner,Korean,Toronto,2.6,570,Yes,752,2022,103860
R4564,Fire House,Thai,Toronto,3.3,1060,Yes,458,1986,93380
R4565,Urban Grill,Chinese,Tokyo,2.9,240,No,597,1989,138790
R4566,Golden Corner,French,New York,4.0,1390,Yes,269,2017,116170
R4567,Spice Palace,Thai,Sydney,4.2,890,Yes,1570,2019,173980
R4568,Ocean Grill,Thai,Berlin,4.3,1320,Yes,1233,2003,46930
R4569,Urban Grill,Korean,Singapore,3.1,430,Yes,472,1999,39710
R4570,Ocean Garden,French,Singapore,2.7,1050,Yes,1972,2019,165420
R4571,Royal Bistro,Japanese,Sydney,2.7,1640,Yes,103,1992,106910
R4572,Spice Grill,Italian,Berlin,3.6,450,No,1030,1985,154540
R4573,Blue Garden,Mediterranean,Paris,4.9,220,No,1969,2022,57730
R4574,Spice Garden,French,Paris,3.0,210,Yes,1385,2006,99090
R4575,Fire Bistro,Chinese,New York,3.1,1110,Yes,1141,2001,48660
R4576,Blue Kitchen,American,Berlin,2.8,210,No,364,2000,190700
R4577,Fire Café,Chinese,Toronto,4.0,1690,Yes,478,1985,40670
R4578,Golden Café,Italian,London,4.2,900,Yes,104,1987,188310
R4579,Green Café,French,Singapore,4.1,230,No,877,1990,119580
R4580,Red Bistro,Chinese,Berlin,4.7,570,Yes,100,1987,113160
R4581,Spice Hub,Chinese,Berlin,3.7,1220,Yes,1077,2014,186770
R4582,Street Hub,Japanese,London,2.8,890,No,1489,1995,45460
R4583,Red Kitchen,Japanese,London,3.2,710,Yes,964,2011,102670
R4584,Red Hub,French,Dubai,4.2,500,Yes,393,2006,90440
R4585,Spice Lounge,Italian,Tokyo,4.0,1730,Yes,32,1990,57750
R4586,Spice Lounge,Thai,New York,3.8,550,Yes,1735,2022,133880
R4587,Royal Palace,Indian,Singapore,4.2,1730,No,32,2015,122660
R4588,Fire Lounge,Mexican,London,4.1,1750,No,1267,1990,168210
R4589,Green Kitchen,Mediterranean,Paris,4.7,1520,Yes,1731,2004,55340
R4590,Urban Lounge,Mexican,Sydney,4.0,1340,Yes,320,1995,40530
R4591,Ocean Lounge,Korean,Paris,4.4,930,No,1450,1986,91120
R4592,Ocean Palace,Japanese,Dubai,3.1,370,Yes,1366,2015,119290
R4593,Fire Kitchen,French,Dubai,4.2,340,Yes,584,2022,121220
R4594,Blue Garden,Mexican,London,4.8,1160,Yes,112,2010,88320
R4595,Ocean Corner,Italian,Dubai,3.5,240,Yes,509,2011,105610
R4596,Spice Bistro,Mediterranean,Toronto,4.4,560,Yes,837,2015,57390
R4597,Spice Grill,Mexican,San Francisco,4.3,1230,Yes,1516,2008,23390
R4598,Fire Hub,Mediterranean,Berlin,2.6,1050,No,198,1997,48620
R4599,Green Kitchen,American,Berlin,4.0,1690,No,1881,2009,189970
R4600,Fire Grill,Italian,London,2.8,1990,Yes,469,2021,194870
R4601,Street Hub,Indian,Dubai,4.9,340,Yes,198,2009,109840
R4602,Ocean Corner,Chinese,Sydney,4.5,360,Yes,360,2013,102580
R4603,Street Hub,Mediterranean,Toronto,2.8,700,Yes,590,2015,145020
R4604,Fire Corner,Italian,New York,2.8,640,Yes,123,2023,65110
R4605,Blue Palace,Mediterranean,Dubai,4.0,1410,Yes,113,1986,93120
R4606,Spice Bistro,Mediterranean,Toronto,3.4,1750,Yes,629,1996,148390
R4607,Street Bistro,Thai,Tokyo,2.6,1680,Yes,1541,1989,25700
R4608,Blue Lounge,Thai,New York,3.9,1890,No,1378,2011,107310
R4609,Spice Kitchen,Italian,Berlin,3.5,1010,Yes,1054,2018,73560
R4610,Spice Palace,Thai,Tokyo,2.8,1640,Yes,396,1998,185000
R4611,Blue Palace,Korean,London,4.5,1540,Yes,953,1991,123900
R4612,Blue Bistro,Indian,Singapore,4.8,1080,Yes,1811,2021,92240
R4613,Fire Kitchen,French,London,4.4,1200,No,864,2020,50510
R4614,Street Hub,Italian,Sydney,4.6,590,Yes,1242,1994,160650
R4615,Spice Hub,Italian,Toronto,3.0,1870,No,1715,2013,125590
R4616,Green Café,Korean,Singapore,3.2,620,Yes,492,2000,104330
R4617,Urban Kitchen,Japanese,New York,3.0,920,No,482,2022,106560
R4618,Urban Palace,Japanese,New York,4.4,1980,Yes,1739,2005,124420
R4619,Royal Grill,Thai,Tokyo,4.9,420,Yes,868,2022,157560
R4620,Ocean Kitchen,French,Sydney,4.3,1140,Yes,951,2017,98070
R4621,Ocean Lounge,Thai,Berlin,4.7,1790,Yes,402,2013,93020
R4622,Red Corner,American,Dubai,4.1,1780,Yes,1668,2001,68810
R4623,Blue Bistro,American,Dubai,3.5,360,Yes,1722,1997,120970
R4624,Fire Café,Chinese,Singapore,3.6,1310,No,525,1990,58090
R4625,Street Lounge,American,Sydney,2.7,1220,Yes,1221,1986,107630
R4626,Red Garden,Japanese,Sydney,2.6,770,Yes,355,1992,167400
R4627,Street Corner,Indian,New York,4.2,1050,Yes,1385,2016,56410
R4628,Red Palace,American,Berlin,3.6,540,Yes,550,2020,26560
R4629,Red Bistro,Thai,Toronto,3.9,490,Yes,1631,1993,176090
R4630,Blue Hub,Mediterranean,Berlin,3.9,1980,Yes,56,2007,61100
R4631,Fire Garden,Italian,Paris,3.2,1230,Yes,1110,1991,132140
R4632,Ocean Bistro,Indian,Sydney,3.7,1840,No,352,2015,92070
R4633,Ocean Kitchen,Indian,London,3.7,1410,Yes,1224,2005,178690
R4634,Blue Hub,Thai,San Francisco,3.5,1530,Yes,552,1985,23060
R4635,Street Lounge,Italian,Sydney,4.6,530,Yes,828,1986,108960
R4636,Golden Hub,Japanese,Singapore,3.6,750,Yes,1714,1995,108690
R4637,Street Lounge,Indian,London,4.0,440,Yes,1069,2021,131040
R4638,Fire Garden,Chinese,Singapore,4.7,1340,Yes,766,2002,141850
R4639,Street Palace,Thai,Tokyo,4.7,320,Yes,1457,2008,104020
R4640,Golden House,Indian,San Francisco,4.7,820,Yes,360,2003,33960
R4641,Royal Palace,French,San Francisco,3.2,1210,Yes,197,1989,54600
R4642,Ocean House,Italian,New York,2.6,1410,Yes,1560,2013,63530
R4643,Urban Palace,American,Sydney,3.2,1390,Yes,343,2023,146210
R4644,Urban Café,Indian,New York,3.2,1520,Yes,492,1986,124720
R4645,Golden Corner,Thai,Dubai,4.8,300,Yes,1249,2001,96760
R4646,Street Kitchen,American,Singapore,4.1,1280,No,1191,1995,65440
R4647,Red Garden,Chinese,Paris,2.7,1230,No,1959,2021,51480
R4648,Spice Grill,American,Paris,2.8,1300,Yes,676,1997,142720
R4649,Ocean Corner,French,Dubai,2.9,1910,Yes,1274,2013,28270
R4650,Royal Hub,Japanese,Tokyo,4.1,880,Yes,305,2016,46550
R4651,Royal Grill,Indian,Paris,4.3,1210,Yes,1495,1992,123370
R4652,Urban Bistro,Mexican,Singapore,4.6,210,No,54,1994,147490
R4653,Spice Corner,Mexican,Paris,4.9,1870,Yes,504,2009,106910
R4654,Blue Lounge,American,Dubai,3.0,560,No,184,1995,128700
R4655,Blue Bistro,Korean,London,3.3,1370,Yes,1013,2012,112530
R4656,Golden Corner,Italian,New York,3.1,680,No,1379,2017,95250
R4657,Green Lounge,Mexican,Toronto,3.4,940,No,65,2023,155530
R4658,Spice Kitchen,Korean,Singapore,4.8,1830,No,1599,2010,54960
R4659,Spice Corner,Mexican,New York,3.9,940,Yes,350,1992,62220
R4660,Golden Palace,Korean,San Francisco,4.3,530,No,1810,2022,127160
R4661,Spice Palace,Italian,Berlin,3.7,770,Yes,1919,2010,61800
R4662,Street Grill,Mediterranean,Paris,2.6,1300,No,1784,2016,33820
R4663,Golden Palace,Mexican,Paris,2.7,1840,Yes,1866,2012,163620
R4664,Street Lounge,French,Tokyo,3.8,1150,Yes,1141,1991,61670
R4665,Fire House,Indian,New York,4.3,790,No,1743,2019,75450
R4666,Blue Hub,Korean,Berlin,3.0,1590,No,1930,1986,175810
R4667,Spice Kitchen,Indian,Paris,4.3,510,No,223,2006,179530
R4668,Royal Hub,Thai,San Francisco,4.5,1510,Yes,1532,2006,114270
R4669,Royal Hub,Thai,Tokyo,3.5,1250,No,767,1987,128220
R4670,Spice Palace,Italian,New York,4.4,520,No,1430,1992,59830
R4671,Fire Grill,Korean,Tokyo,3.5,620,Yes,559,1988,197890
R4672,Street Lounge,Chinese,New York,4.2,1310,No,506,1999,82000
R4673,Red Garden,Thai,Sydney,4.4,1260,Yes,182,2023,167610
R4674,Red Café,Italian,Sydney,5.0,280,Yes,114,1996,153190
R4675,Golden Garden,Thai,Dubai,3.4,1980,Yes,1585,2013,175900
R4676,Golden Lounge,Thai,Singapore,3.5,1330,Yes,488,1993,154970
R4677,Blue Corner,Chinese,Tokyo,2.9,1440,Yes,1432,2004,41840
R4678,Ocean Garden,Mexican,Dubai,3.0,390,Yes,443,2018,90030
R4679,Golden Corner,American,Tokyo,4.2,1860,Yes,651,2010,104100
R4680,Street Grill,Mediterranean,Paris,4.8,1700,Yes,702,2005,94300
R4681,Royal Corner,Thai,Toronto,3.5,600,Yes,1000,2007,63500
R4682,Street Corner,Thai,Tokyo,2.9,630,Yes,931,2002,158980
R4683,Street Kitchen,French,Paris,3.2,1440,Yes,203,2008,83670
R4684,Red Kitchen,Mediterranean,Berlin,3.6,540,Yes,852,2013,113780
R4685,Street Garden,Chinese,Sydney,3.2,1700,No,810,2022,37330
R4686,Fire Kitchen,Indian,Dubai,3.1,770,No,1499,2022,149880
R4687,Fire Hub,Korean,Toronto,4.3,670,Yes,1374,1997,184560
R4688,Blue Hub,Thai,San Francisco,2.5,770,Yes,68,2016,81170
R4689,Fire Hub,American,Sydney,3.8,1200,Yes,1896,2003,70420
R4690,Royal Palace,Korean,Dubai,4.5,760,Yes,1571,2001,100610
R4691,Green Bistro,Mediterranean,Toronto,3.2,1860,No,487,1986,190140
R4692,Royal Café,Korean,San Francisco,4.0,1750,Yes,1136,2002,130340
R4693,Royal House,Mexican,London,4.2,830,Yes,542,2023,28770
R4694,Fire Bistro,Thai,Paris,4.1,810,Yes,1978,2011,116420
R4695,Blue Bistro,Korean,London,3.6,1020,No,601,1998,45400
R4696,Urban Palace,Indian,Paris,3.4,1320,Yes,848,1999,20810
R4697,Spice Kitchen,Indian,New York,4.6,1310,Yes,1744,1992,197150
R4698,Royal Café,Thai,Singapore,4.4,810,Yes,1355,1993,119140
R4699,Spice Bistro,Japanese,Toronto,3.3,1130,Yes,558,2005,99550
R4700,Urban Lounge,Indian,London,2.8,1040,No,1047,2019,179230
R4701,Royal House,Korean,Singapore,2.7,450,Yes,1489,1998,168360
R4702,Fire Garden,Italian,Toronto,2.7,1980,Yes,230,2011,187400
R4703,Spice Grill,Indian,Dubai,4.0,1400,Yes,885,1992,115110
R4704,Ocean Corner,Mediterranean,New York,2.6,690,Yes,1424,2019,25790
R4705,Spice Hub,Japanese,Dubai,3.3,1340,Yes,687,2002,145870
R4706,Street Hub,Korean,Paris,4.4,550,Yes,1206,1998,26450
R4707,Fire Garden,Chinese,Singapore,3.2,1730,Yes,671,1992,177020
R4708,Green Bistro,French,Toronto,4.4,520,Yes,693,1992,82630
R4709,Green Kitchen,Chinese,Tokyo,4.4,1420,Yes,1114,2021,179280
R4710,Street Lounge,Mexican,Singapore,3.1,1190,No,345,1986,128230
R4711,Red Kitchen,French,Berlin,4.3,870,No,234,2001,104990
R4712,Green House,Mexican,San Francisco,4.4,920,No,880,1997,22330
R4713,Blue Grill,French,London,3.5,1550,Yes,44,1998,194180
R4714,Fire Kitchen,French,Toronto,3.0,420,Yes,1903,1993,149300
R4715,Golden Café,Italian,Sydney,3.8,890,Yes,197,2011,172460
R4716,Fire Garden,American,Sydney,4.8,740,Yes,1257,2004,80170
R4717,Royal Garden,Mediterranean,San Francisco,4.1,1900,No,652,2022,71210
R4718,Blue Grill,Chinese,Paris,2.9,1290,No,1919,1996,170960
R4719,Royal Palace,Indian,Singapore,4.2,1680,No,972,2006,37350
R4720,Green Corner,Korean,Singapore,3.6,1690,Yes,977,2021,62770
R4721,Urban Bistro,Japanese,Sydney,4.0,280,No,503,2023,29410
R4722,Urban Hub,Mediterranean,Singapore,4.3,1810,No,1896,2015,23490
R4723,Golden Hub,Mexican,San Francisco,3.8,1730,Yes,320,1997,34050
R4724,Urban Hub,Italian,Singapore,4.5,1480,Yes,530,1985,94640
R4725,Fire House,Mexican,Paris,4.3,1270,Yes,1614,2022,155080
R4726,Spice Café,American,London,4.0,1520,Yes,1573,1993,138190
R4727,Street House,Japanese,Berlin,2.9,1880,No,1944,2023,35450
R4728,Green Kitchen,Italian,London,4.6,1690,Yes,378,1994,98960
R4729,Ocean Garden,Mexican,Berlin,4.8,870,Yes,1508,2013,197380
R4730,Royal Lounge,American,Tokyo,2.8,1950,Yes,755,2014,138240
R4731,Green Lounge,Korean,London,3.7,850,Yes,40,1986,93300
R4732,Street House,Korean,San Francisco,3.1,1630,Yes,1860,2002,62880
R4733,Green Bistro,Mexican,New York,4.4,720,No,1265,2012,142360
R4734,Red Lounge,Mediterranean,Tokyo,4.3,1470,Yes,1883,2016,88350
R4735,Fire House,Japanese,Berlin,2.9,840,No,1007,2008,45850
R4736,Golden House,Thai,Berlin,4.7,830,No,506,2022,29000
R4737,Green Café,Mediterranean,Tokyo,3.0,870,Yes,1599,1998,159340
R4738,Red Hub,Korean,Berlin,4.5,810,No,973,2009,185110
R4739,Ocean Café,Japanese,Toronto,3.6,1000,Yes,1208,2009,71650
R4740,Blue House,American,New York,3.3,900,Yes,307,2016,126870
R4741,Blue Kitchen,Italian,San Francisco,2.9,1330,Yes,1824,2011,189670
R4742,Ocean Grill,French,Toronto,2.9,1920,Yes,1398,2016,34660
R4743,Green Café,Mexican,Berlin,4.2,710,Yes,1119,2015,106940
R4744,Green Bistro,Chinese,London,3.9,1350,No,586,2008,87500
R4745,Blue Hub,Japanese,Toronto,2.8,1440,Yes,1122,2019,31550
R4746,Fire Garden,Indian,London,2.8,1460,Yes,63,2014,99600
R4747,Spice Kitchen,American,Tokyo,2.7,840,No,1663,2017,193190
R4748,Ocean Hub,Thai,Singapore,4.4,1490,No,1394,2017,127830
R4749,Spice Grill,French,Dubai,4.3,1960,Yes,1509,2011,187390
R4750,Red Garden,Indian,Berlin,2.6,410,Yes,238,2017,71560
R4751,Street Grill,Thai,Dubai,3.9,1760,Yes,788,2017,116370
R4752,Green Bistro,Chinese,New York,2.7,1820,Yes,1864,1988,128510
R4753,Golden Hub,Korean,London,4.8,950,Yes,1567,2014,73640
R4754,Street Garden,Mediterranean,Toronto,4.8,1710,No,1983,1999,134720
R4755,Ocean Lounge,Mexican,Dubai,4.2,1130,Yes,1792,2013,59740
R4756,Ocean Palace,Italian,Paris,4.8,1770,Yes,994,2012,93040
R4757,Golden Corner,Thai,Berlin,4.5,1890,No,382,2016,32100
R4758,Red Lounge,French,Dubai,4.6,900,Yes,478,2020,108210
R4759,Royal Lounge,Japanese,Toronto,3.9,1250,Yes,429,2014,129090
R4760,Ocean House,Korean,Toronto,3.3,690,Yes,1859,2022,88240
R4761,Fire Corner,Japanese,New York,3.0,1210,No,541,1996,81980
R4762,Fire Garden,French,Sydney,3.3,1320,No,1433,1987,31070
R4763,Urban House,Japanese,San Francisco,4.1,490,No,997,1999,132690
R4764,Street Hub,Thai,Paris,2.9,310,Yes,1217,1994,69860
R4765,Golden Lounge,American,Dubai,3.1,1960,No,1894,2006,54340
R4766,Royal Hub,Japanese,San Francisco,3.7,1010,Yes,571,2007,100230
R4767,Fire Lounge,Mediterranean,Paris,3.1,650,Yes,99,1995,132460
R4768,Red Hub,Chinese,Sydney,4.0,1900,Yes,1649,2000,90610
R4769,Street Café,Italian,Dubai,4.8,1490,Yes,1739,2000,88070
R4770,Green Hub,Thai,Paris,4.4,1160,Yes,1416,1998,89730
R4771,Urban House,Indian,San Francisco,4.2,990,Yes,378,1990,21690
R4772,Spice Corner,French,London,4.0,730,Yes,1107,2001,149490
R4773,Blue Palace,Korean,Toronto,3.7,540,Yes,1302,2015,165450
R4774,Ocean Bistro,Thai,Singapore,3.0,710,No,24,1994,151990
R4775,Street Grill,American,Tokyo,4.7,1800,No,1362,2004,164760
R4776,Street Lounge,Korean,Berlin,3.1,1030,Yes,1828,1993,108230
R4777,Golden Garden,Mediterranean,Singapore,2.7,910,Yes,1425,1999,109960
R4778,Red Bistro,French,Dubai,4.4,1980,Yes,1743,2023,169720
R4779,Green Hub,Korean,Dubai,2.9,450,Yes,1467,1986,160350
R4780,Fire Palace,Japanese,Paris,3.4,800,No,353,1988,50340
R4781,Golden Garden,Thai,Toronto,2.6,1730,Yes,1228,2008,153280
R4782,Golden Lounge,Chinese,Sydney,2.8,560,Yes,1955,2002,132790
R4783,Golden Grill,French,New York,2.9,1770,Yes,1069,1995,69880
R4784,Golden Bistro,Mexican,Paris,2.6,1140,No,926,2021,91300
R4785,Ocean Bistro,Mediterranean,New York,4.1,300,Yes,214,2010,171040
R4786,Blue Lounge,Italian,Tokyo,4.6,600,Yes,1853,1992,58690
R4787,Urban Garden,French,San Francisco,3.4,1520,Yes,1684,2006,27910
R4788,Fire Palace,American,Paris,4.7,850,No,785,1989,143330
R4789,Golden Lounge,Thai,Tokyo,3.0,1600,No,1090,1986,127430
R4790,Ocean Hub,Japanese,Berlin,3.3,1720,Yes,1143,1989,58410
R4791,Spice Bistro,Italian,Paris,2.9,1910,No,695,2019,53560
R4792,Red Café,Italian,Toronto,4.1,1610,No,1529,2016,95220
R4793,Spice Corner,Mediterranean,Toronto,3.5,880,No,727,2003,69250
R4794,Spice Lounge,Korean,Dubai,4.0,780,No,234,2023,127640
R4795,Ocean Hub,American,Berlin,4.4,1990,Yes,1419,1988,140960
R4796,Spice Kitchen,Korean,Dubai,3.9,850,Yes,73,2007,87000
R4797,Street Corner,Japanese,New York,4.1,870,No,1797,2003,40940
R4798,Fire Bistro,Italian,Singapore,4.8,310,Yes,957,2010,148150
R4799,Ocean Grill,American,Sydney,3.2,870,No,970,2010,182530
R4800,Green Corner,American,Berlin,3.4,1900,Yes,1812,1991,82500
R4801,Ocean Corner,Indian,San Francisco,4.3,920,Yes,1935,2016,173620
R4802,Fire Café,Thai,Sydney,4.0,250,Yes,1385,2017,108070
R4803,Street Lounge,Italian,Sydney,2.9,340,No,1496,2010,152530
R4804,Fire Kitchen,Italian,London,3.4,610,Yes,1877,2008,141850
R4805,Ocean Corner,American,Paris,3.7,500,Yes,329,2007,90030
R4806,Fire Lounge,Korean,San Francisco,3.5,250,No,366,2022,181420
R4807,Green Lounge,Italian,Berlin,2.9,520,No,102,2010,43010
R4808,Urban Garden,American,Dubai,4.8,1760,Yes,704,2015,124220
R4809,Ocean Garden,Italian,New York,4.4,400,Yes,1333,1990,72690
R4810,Urban Hub,American,Paris,3.7,1430,Yes,1759,2015,117640
R4811,Urban Café,Indian,London,4.2,1130,No,1527,1996,132200
R4812,Golden Corner,Thai,New York,4.7,1680,Yes,1687,2001,188880
R4813,Spice Grill,American,Berlin,2.8,1190,Yes,1628,2010,167480
R4814,Blue Garden,Italian,Singapore,3.1,740,Yes,1422,1987,187870
R4815,Green Hub,Japanese,Sydney,3.9,830,Yes,1644,1999,118110
R4816,Royal Bistro,Thai,London,4.5,1050,Yes,1826,2022,49060
R4817,Ocean Kitchen,Indian,New York,2.6,1930,Yes,443,2008,138080
R4818,Urban House,American,Dubai,5.0,410,No,1135,2014,35690
R4819,Royal Bistro,Japanese,London,3.6,790,Yes,850,2020,139080
R4820,Ocean Palace,American,New York,3.4,1230,Yes,1411,2011,21390
R4821,Fire Palace,Korean,London,3.2,1580,Yes,1616,2006,66830
R4822,Blue Bistro,Italian,Dubai,2.9,660,No,1918,1986,87300
R4823,Royal Garden,French,Dubai,4.5,1780,Yes,1371,1991,131560
R4824,Spice Kitchen,Mediterranean,San Francisco,4.9,960,Yes,1033,2000,70620
R4825,Green Garden,Chinese,Toronto,3.5,370,Yes,907,2008,41720
R4826,Street House,Korean,Sydney,4.9,410,Yes,893,2014,54200
R4827,Royal House,Japanese,Paris,4.6,1640,No,787,1985,82770
R4828,Green Corner,Korean,Paris,3.7,570,Yes,501,2011,32490
R4829,Fire Garden,Mexican,Berlin,4.2,440,Yes,1675,1993,180710
R4830,Urban House,American,Tokyo,3.6,510,No,1093,1991,46970
R4831,Street Café,American,Berlin,3.9,1620,Yes,822,1989,47530
R4832,Urban Palace,Chinese,Tokyo,2.6,320,Yes,1542,2014,169030
R4833,Green Grill,Chinese,London,4.2,1970,Yes,401,2011,146260
R4834,Golden Bistro,Mexican,Tokyo,2.6,300,Yes,1987,1994,58840
R4835,Urban Grill,Italian,Toronto,4.5,320,Yes,1152,2009,92540
R4836,Green House,Mediterranean,Toronto,4.6,1160,Yes,1808,2002,20940
R4837,Urban House,French,Sydney,3.1,1970,No,1504,1991,62910
R4838,Urban Garden,French,New York,3.3,1200,Yes,1361,2015,169910
R4839,Fire Palace,Indian,Paris,3.7,570,Yes,30,2016,148090
R4840,Fire Corner,Indian,Sydney,4.0,200,Yes,1130,1995,150400
R4841,Spice Grill,Italian,Toronto,3.2,580,Yes,1848,1994,77800
R4842,Spice Garden,Indian,New York,4.0,460,No,522,2006,173410
R4843,Red Kitchen,Indian,Berlin,3.2,550,Yes,917,2015,102040
R4844,Fire Kitchen,Mexican,Paris,2.6,1790,No,724,1998,43010
R4845,Ocean House,Mexican,San Francisco,2.5,1880,Yes,953,1987,82240
R4846,Fire Café,Indian,Paris,2.8,1620,Yes,1673,2008,23720
R4847,Green Lounge,Korean,London,4.5,500,Yes,359,1998,64890
R4848,Royal Kitchen,Thai,Singapore,4.9,1460,Yes,1165,2000,162010
R4849,Spice Garden,Thai,Paris,3.6,250,Yes,555,2012,78510
R4850,Green Palace,Italian,Toronto,3.8,1080,No,608,2019,80280
R4851,Green Bistro,French,London,2.9,1990,Yes,41,1986,192000
R4852,Ocean Bistro,Chinese,Dubai,3.9,1690,No,268,2018,131310
R4853,Street Hub,Italian,Tokyo,2.9,500,Yes,485,2002,33320
R4854,Ocean Corner,Indian,Berlin,4.0,1190,Yes,1869,1991,167380
R4855,Street Grill,Mexican,San Francisco,4.8,920,Yes,834,2022,134380
R4856,Spice Grill,American,Berlin,3.0,650,Yes,1915,1991,180310
R4857,Urban Garden,Korean,Dubai,4.4,1160,No,981,1988,166610
R4858,Ocean Bistro,Japanese,Singapore,2.6,1900,Yes,929,2000,27550
R4859,Urban Hub,Mexican,Paris,3.4,200,No,42,1990,55250
R4860,Fire Bistro,Thai,Sydney,2.8,1910,Yes,908,2004,37960
R4861,Blue House,Mexican,London,3.4,760,No,397,2015,157540
R4862,Fire Kitchen,Korean,San Francisco,2.9,280,No,1831,2003,141610
R4863,Street House,Chinese,Dubai,3.4,240,Yes,1871,2006,41770
R4864,Fire House,Indian,Singapore,3.5,980,Yes,1594,2005,40500
R4865,Blue Lounge,American,Berlin,3.3,1330,Yes,807,2002,174920
R4866,Fire Bistro,Thai,Dubai,4.1,280,Yes,465,2016,78090
R4867,Fire Hub,Thai,San Francisco,4.8,1920,Yes,1627,2018,122630
R4868,Green House,Mediterranean,San Francisco,3.5,430,Yes,1177,2011,79760
R4869,Golden Garden,French,Singapore,3.0,1890,Yes,1982,2022,163380
R4870,Ocean Lounge,Chinese,Berlin,3.2,1690,No,1935,2014,141750
R4871,Golden Palace,Thai,Toronto,4.6,1220,Yes,1825,2017,36930
R4872,Urban Lounge,French,San Francisco,3.9,790,No,1916,2011,150950
R4873,Spice Café,Thai,London,3.6,1050,Yes,1637,2007,168380
R4874,Street Hub,Indian,London,2.9,1840,Yes,233,2003,49200
R4875,Golden Garden,French,Tokyo,3.6,1350,Yes,226,2015,61670
R4876,Green Garden,Korean,Berlin,3.2,1860,Yes,165,1988,110770
R4877,Red Hub,Mediterranean,Dubai,4.9,1030,No,798,2003,81390
R4878,Urban Grill,Indian,London,4.7,1090,No,1553,2022,34580
R4879,Green Kitchen,Korean,Singapore,2.7,1080,Yes,45,2006,133470
R4880,Golden House,American,Dubai,3.8,1390,No,645,1993,54100
R4881,Red Café,Chinese,Berlin,3.1,1750,Yes,18,2015,25620
R4882,Golden House,Chinese,Singapore,3.5,1620,No,1073,1994,173770
R4883,Street Garden,Japanese,Paris,4.7,250,Yes,1502,1994,89920
R4884,Street Kitchen,Japanese,New York,3.8,710,No,188,2014,142180
R4885,Royal Corner,French,London,3.3,1590,No,1674,1994,97960
R4886,Blue Kitchen,Chinese,London,3.0,380,Yes,968,2020,76590
R4887,Blue Café,French,Tokyo,4.5,940,Yes,510,2002,187280
R4888,Ocean Corner,Japanese,Toronto,4.1,1490,Yes,382,2003,47160
R4889,Urban Café,American,Tokyo,3.7,740,Yes,1101,2007,118640
R4890,Green Bistro,Thai,Berlin,3.0,340,No,979,1988,76600
R4891,Street House,Korean,Tokyo,3.3,1190,No,1699,1996,92320
R4892,Spice Kitchen,Mexican,Toronto,4.9,880,No,1457,2008,133190
R4893,Ocean Bistro,French,Toronto,3.8,1620,Yes,524,1997,195030
R4894,Green Palace,American,San Francisco,3.5,620,Yes,373,1988,121040
R4895,Blue Bistro,Korean,San Francisco,3.8,360,Yes,1923,2011,42620
R4896,Ocean Garden,Chinese,New York,4.4,1170,No,786,2022,191260
R4897,Urban Palace,Thai,Singapore,3.4,1350,Yes,1961,2023,126440
R4898,Royal Café,Korean,Paris,2.9,1710,Yes,1484,1992,176410
R4899,Spice Palace,Mediterranean,Toronto,4.0,930,Yes,1549,2010,129600
R4900,Royal Café,Japanese,Paris,4.2,1350,Yes,783,2018,93300
R4901,Ocean Lounge,Korean,London,4.3,490,Yes,338,1993,174480
R4902,Urban Palace,Mexican,Sydney,4.7,860,Yes,803,1994,27820
R4903,Blue Palace,American,New York,3.4,700,No,1931,1985,20960
R4904,Green Bistro,Thai,Berlin,2.7,790,Yes,971,1992,107780
R4905,Red Lounge,Indian,Dubai,4.9,220,No,379,1994,153740
R4906,Fire Corner,Korean,Paris,3.6,1230,Yes,606,2009,148280
R4907,Red House,Italian,Tokyo,4.1,240,No,1887,2015,183130
R4908,Ocean House,Mexican,Toronto,4.2,470,Yes,1420,2023,127780
R4909,Golden Hub,Mexican,Paris,3.9,1270,No,1580,1987,143720
R4910,Red Corner,Italian,Dubai,3.0,1580,No,1147,2023,156460
R4911,Spice Hub,Mediterranean,Toronto,4.4,1200,Yes,580,2022,44880
R4912,Golden Hub,Indian,Berlin,4.5,950,No,1071,2019,98170
R4913,Royal Hub,Japanese,Sydney,3.9,340,Yes,1578,1992,183830
R4914,Street Café,American,Tokyo,3.7,1020,No,386,1985,93960
R4915,Green Garden,Thai,Paris,2.8,670,Yes,1432,1989,100640
R4916,Urban Palace,American,San Francisco,2.7,1460,No,1236,2011,67690
R4917,Fire Café,Indian,New York,3.3,650,No,1235,2010,159860
R4918,Street Garden,American,Paris,3.3,470,Yes,109,2010,109210
R4919,Blue Hub,Italian,Paris,4.9,260,Yes,1431,1995,23160
R4920,Urban Bistro,Mexican,Dubai,4.5,1130,No,1483,2018,20750
R4921,Spice Lounge,American,Dubai,4.1,1010,No,1846,1986,132380
R4922,Golden Palace,French,New York,3.8,1070,No,825,2005,22030
R4923,Green House,Korean,Paris,2.9,1530,Yes,1973,2010,98950
R4924,Ocean Café,Indian,Singapore,4.9,870,Yes,127,1996,85670
R4925,Urban Café,Mediterranean,Berlin,3.4,740,Yes,430,1993,160460
R4926,Ocean Garden,French,Dubai,2.8,1960,Yes,1276,2007,144800
R4927,Fire House,Italian,Dubai,3.7,1370,Yes,550,1989,94600
R4928,Spice Lounge,Chinese,Singapore,4.7,1980,Yes,1260,1993,63550
R4929,Golden Hub,Italian,Toronto,4.7,1530,Yes,1534,1994,46630
R4930,Street Garden,Mediterranean,Paris,2.5,1270,Yes,1885,1994,106230
R4931,Red Hub,Mediterranean,New York,4.7,700,Yes,1246,1998,103890
R4932,Fire Kitchen,French,Dubai,3.2,570,No,939,2020,20380
R4933,Golden Kitchen,Korean,New York,2.6,1580,Yes,708,1994,170440
R4934,Royal Grill,Indian,New York,4.6,1990,Yes,122,2021,123180
R4935,Street Bistro,Japanese,Berlin,4.7,1120,Yes,382,2022,109200
R4936,Red Grill,Mexican,San Francisco,4.0,390,Yes,308,2006,81860
R4937,Spice Café,French,Dubai,3.9,290,No,1706,2007,144190
R4938,Spice Corner,Mediterranean,Tokyo,4.5,450,Yes,1052,2000,162570
R4939,Red Grill,Chinese,Toronto,4.5,670,No,785,1995,61340
R4940,Fire House,Thai,New York,4.7,1100,Yes,680,2019,57710
R4941,Golden House,Mediterranean,Dubai,3.9,1330,No,20,2004,173110
R4942,Street Corner,Korean,Toronto,4.9,330,Yes,17,2021,75380
R4943,Fire Lounge,Korean,Tokyo,5.0,1190,Yes,1186,1989,181810
R4944,Urban Garden,Mediterranean,Dubai,2.8,310,No,1658,2020,52570
R4945,Ocean Corner,Korean,Paris,4.6,1350,Yes,1693,1997,84610
R4946,Blue Grill,French,New York,3.7,1420,No,1583,2001,157750
R4947,Red Corner,Mediterranean,Tokyo,3.5,420,Yes,1168,2010,157430
R4948,Blue Garden,Mediterranean,Paris,4.0,1040,No,1406,2004,133980
R4949,Ocean Hub,Indian,New York,2.6,910,No,470,2023,180440
R4950,Red Bistro,Mexican,London,3.8,1860,No,1968,2017,167720
R4951,Green Garden,Chinese,Sydney,4.7,1410,Yes,1268,2014,99000
R4952,Spice Palace,Korean,Singapore,3.0,1560,Yes,264,2000,127900
R4953,Spice Café,Indian,New York,3.6,1140,No,595,1991,135050
R4954,Fire Palace,Japanese,Tokyo,4.8,440,No,1361,2014,196280
R4955,Royal House,Japanese,Tokyo,3.6,360,Yes,371,1986,142790
R4956,Urban Bistro,American,Sydney,3.4,1890,Yes,1407,1996,26570
R4957,Golden Garden,French,Dubai,3.6,480,Yes,1012,1985,131570
R4958,Ocean Palace,French,Singapore,3.8,860,No,797,1987,165250
R4959,Green Bistro,Italian,Toronto,4.1,1040,Yes,218,1992,146160
R4960,Red Grill,Chinese,New York,4.5,760,Yes,276,2010,79630
R4961,Fire Grill,Mediterranean,Dubai,3.6,910,Yes,665,1995,159970
R4962,Green Lounge,Korean,Paris,4.5,330,No,1006,2005,65350
R4963,Street Garden,Chinese,Toronto,3.8,580,No,563,1989,165800
R4964,Royal Grill,American,Singapore,3.3,1630,Yes,745,2010,176640
R4965,Spice House,Italian,Dubai,4.1,370,Yes,1891,2005,138180
R4966,Royal Café,Indian,San Francisco,4.3,940,No,1539,1993,39760
R4967,Green Lounge,Chinese,Toronto,3.9,1210,No,1597,2001,56690
R4968,Golden Palace,Indian,Berlin,2.6,390,Yes,430,2021,162870
R4969,Ocean Corner,Japanese,Berlin,2.9,1360,No,317,1986,29370
R4970,Royal Kitchen,Korean,New York,3.2,1930,Yes,146,2012,196730
R4971,Golden Palace,American,New York,3.2,1360,No,1452,2011,66700
R4972,Street Café,Mediterranean,New York,4.2,1920,Yes,204,1985,94210
R4973,Ocean Grill,Korean,Singapore,2.5,230,Yes,1128,1995,178140
R4974,Urban Palace,Mexican,San Francisco,4.4,1030,No,1523,2023,149530
R4975,Royal Lounge,French,Dubai,3.2,1670,Yes,1936,2002,35160
R4976,Street Garden,American,Paris,3.3,1580,Yes,1291,2011,155720
R4977,Blue Café,Chinese,London,3.8,1330,Yes,1058,1994,122740
R4978,Green Garden,Korean,Tokyo,3.0,840,Yes,1265,2020,34040
R4979,Green Corner,Thai,Paris,4.7,1650,No,1365,2005,81700
R4980,Fire Café,French,Dubai,2.7,1860,Yes,615,2012,43530
R4981,Green Lounge,French,San Francisco,3.6,630,Yes,1023,1985,139990
R4982,Spice Garden,Thai,Singapore,4.6,1370,Yes,871,1998,129380
R4983,Green Bistro,Italian,Toronto,4.0,1190,Yes,230,2004,25800
R4984,Red Corner,Italian,Paris,3.2,370,Yes,306,1993,102930
R4985,Urban Café,Thai,Toronto,3.6,1940,No,1236,2011,65500
R4986,Green House,Mexican,London,4.3,1780,Yes,1020,1988,144800
R4987,Spice Grill,Japanese,Dubai,4.9,1470,No,1981,2021,22980
R4988,Golden Palace,Thai,San Francisco,4.7,1860,Yes,352,2002,61160
R4989,Royal Bistro,Japanese,Dubai,3.4,570,Yes,602,2015,184280
R4990,Fire House,Korean,Tokyo,5.0,1940,Yes,1238,2023,96470
R4991,Golden Bistro,Mexican,Singapore,2.5,1550,Yes,1994,1994,45430
R4992,Green Café,American,Tokyo,2.6,1230,No,901,1993,67780
R4993,Ocean Lounge,Japanese,Dubai,4.6,320,Yes,86,2012,165580
R4994,Fire Lounge,French,Tokyo,3.0,740,Yes,1583,2012,173830
R4995,Spice Corner,Korean,Sydney,2.7,1070,No,716,1997,186710
R4996,Golden Palace,French,Dubai,3.1,1040,Yes,1075,2002,25160
R4997,Blue Lounge,Mexican,San Francisco,3.6,1280,Yes,1488,1996,42010
R4998,Golden Bistro,Japanese,Paris,4.3,620,No,1215,1992,85770
R4999,Red Hub,Indian,San Francisco,4.1,1510,Yes,766,2007,146290
R5000,Ocean Grill,Mexican,Sydney,3.1,900,No,1228,1989,101020
