EmployeeID,FullName,Age,Gender,Department,JobRole,Salary,ContractType,Phone,City,Rating,Attrition,ExperienceYears,,
E0001,Farhan Verma,46,Male,Marketing,Digital Marketer,46800,Full-Time,9953197648,Mumbai,3.5,No,8,,
E0002,Neha Chavan,54,Male,IT,Senior Developer,64000,Full-Time,9940517697,Mumbai,3.7,No,1,,
E0003,Priya Rao,52,female,Sales,Account Manager,57600,Intern,9683822661,Ahmedabad,4,No,12,,
E0004,Amit Chavan,39,Female,Marketing,Coordinator,41300,Full-Time,9107565505,Hyderabad,3.8,No,3,,
E0005,Lakshmi Iyer,32,Female,Sales,Manager,59200,Contract,9296444831,Delhi,,Yes,9,,
E0006,Lakshmi Iyer,48,Male,Operations,Operations Manager,53900,Full-Time,9663903139,Hyderabad,3.5,No,8,,
E0007,Amit Verma,32,Male,Operations,Supervisor,64200,Full-Time,9085514807,Ahmedabad,4.1,No,2,,
E0008,Priya Yadav,25,male,Sales,Account Manager,55700,Intern,9471299543,Ahmedabad,3.9,No,4,,
E0009,Vinay Kumar,39,male,Sales,Manager,29800,Full-Time,9955842038,Delhi,3.9,No,3,,
E0010,Pooja Desai,47,Female,Operations,Coordinator,49500,Contract,,Jaipur,5.3,No,5,,
E0011,Neha S,51,Female,Marketing,Executive,43500,Contract,,Bangalore,3.2,No,4,,
E0012,Priya Bansal,54,Male,Marketing,Digital Marketer,61100,Full-Time,9732099201,Delhi,3.9,Yes,0,,
E0013,Pooja Mehta,49,Male,Operations,Coordinator,,Full-Time,9921069125,Ahmedabad,3.3,No,0,,
E0014,Sanjay Sharma,22,Male,HR,HR Manager,42100,Full-Time,9939529940,Bangalore,4.1,Yes,4,,
E0015,Sara Ghosh,50,Male,IT,DevOps Engineer,,Full-Time,9828274235,Mumbai,3.7,No,9,,
E0016,Anita Bansal,26,Male,IT,Senior Developer,95700,Contract,,Bangalore,4.2,No,4,,
E0017,Divya Desai,30,female,IT,Data Analyst,,Full-Time,,Chennai,3.7,No,5,,
E0018,Kavya S,52,Female,IT,Data Analyst,68600,Full-Time,9894200395,Jaipur,4.7,Yes,10,,
E0019,Arjun Gupta,48,Female,HR,HR Manager,45500,Full-Time,9885359884,Pune,4.1,No,12,,
E0020,Vinay Singh,38,Female,Finance,Accountant,64200,Full-Time,9379698473,Delhi,5,No,7,,
E0021,Amit Chavan,43,Female,Operations,Operations Manager,52900,Contract,,Bangalore,4.4,No,6,,
E0022,Kavya Joseph,29,Female,Sales,Account Manager,41500,Full-Time,9005611150,Jaipur,4.2,No,8,,
E0023,Sanjay Sharma,43,Female,HR,Recruiter,58300,Full-Time,9972673788,Jaipur,3.5,No,13,,
E0024,Varun Siddiqui,50,male,Operations,Supervisor,46800,Intern,9641369078,Kochi,5.4,No,6,,
E0025,Rohan Chavan,58,Female,Operations,Coordinator,41200,Full-Time,9035977513,Kochi,3.7,No,5,,
E0026,Divya Iyer,59,Male,HR,HR Manager,49800,Full-Time,9878109269,Nashik,,Yes,12,,
E0027,Arjun Ghosh,23,Male,Operations,Coordinator,51900,Full-Time,9884042116,Mumbai,4.1,No,11,,
E0028,Sneha Khan,41,Female,Operations,Operations Manager,39800,Full-Time,9002847413,Kochi,3.4,No,13,,
E0029,Amit Kumar,25,Male,Marketing,Coordinator,35200,Full-Time,9491145649,Hyderabad,4,No,7,,
E0030,Divya Siddiqui,40,Female,HR,HR Assistant,30700,Full-Time,9902444120,Jaipur,3.8,No,8,,
E0031,Priya Patil,43,Female,HR,Recruiter,68400,Full-Time,9581985752,Jaipur,3.5,No,9,,
E0032,Lakshmi Yadav,52,FEMALE,Marketing,Executive,46900,Contract,9904878437,Mumbai,3.1,No,1,,
E0033,Rohan Rao,27,Male,Operations,Operations Manager,51700,Contract,,Jaipur,4.2,Yes,7,,
E0034,Pooja Khan,37,Male,Operations,Supervisor,70400,Full-Time,,Delhi,4.2,No,3,,
E0035,Ishaan Yadav,59,Male,Operations,Operations Manager,49100,Full-Time,9002288865,Pune,3.9,Yes,0,,
E0036,Meera Rao,46,Female,IT,Developer,98500,Contract,9351833548,Kochi,4,No,2,,
E0037,Nikhil Nair,42,Male,Sales,Account Manager,45200,Full-Time,9115504217,Pune,3.1,No,,,
E0038,Lakshmi Siddiqui,59,Female,Sales,Account Manager,59400,Full-Time,9765964919,Pune,5.1,No,3,,
E0039,Neha Reddy,22,FEMALE,IT,Data Analyst,45200,Contract,9960255829,Jaipur,4.3,No,14,,
E0040,Arjun Malhotra,,male,Finance,Analyst,48300,Intern,,Hyderabad,4.9,No,4,,
E0041,Ishaan Rao,,Female,Sales,Executive,66200,Full-Time,9537892754,Mumbai,3.9,No,6,,
E0042,Rahul Malhotra,37,Female,IT,Developer,65300,Contract,9198775034,Pune,3.9,No,9,,
E0043,Vinay Khan,56,Male,marketing,Executive,46800,Full-Time,9559238325,Hyderabad,3.7,No,10,,
E0044,Arjun Chopra,34,Female,Operations,Coordinator,81200,Full-Time,9576484995,Bangalore,3.7,No,1,,
E0045,Priya Patil,47,Female,HR,Recruiter,42800,Full-Time,9712002509,Pune,4.7,Yes,8,,
E0046,Kavya Mehta,39,Female,FINANCE,Financial Controller,62100,Full-Time,,Bangalore,3.4,Yes,2,,
E0047,Sunil Singh,32,Male,Finance,Accountant,79700,Contract,9886327329,Hyderabad,,No,7,,
E0048,Rahul Joseph,29,FEMALE,HR,HR Assistant,52300,Contract,9042052568,Kochi,,No,11,,
E0049,Rahul Khan,39,Male,Sales,Manager,73300,Full-Time,9978135716,Delhi,4.4,No,11,,
E0050,Divya Patil,54,Male,marketing,Coordinator,67300,Contract,9715217166,Kochi,4,No,14,,
E0051,Sunil Reddy,,Fmail,Operations,Coordinator,55500,Full-Time,9127045123,Chennai,3.9,No,6,,
E0052,Rohan Shaikh,47,Female,HR,Recruiter,48400,Full-Time,9277914959,Kochi,4.2,No,5,,
E0053,Ishaan Patil,22,Female,Operations,Supervisor,49700,Full-Time,9992234876,Nashik,3.9,No,13,,
E0054,Sara Singh,55,Male,Operations,Supervisor,45200,Full-Time,9474029938,Ahmedabad,4.1,No,7,,
E0055,Meera Sharma,49,Male,Operations,Operations Manager,65000,Full-Time,9713136030,Ahmedabad,3.1,No,14,,
E0056,Vinay Khan,58,Male,HR,HR Manager,44600,Full-Time,9092664812,Hyderabad,3.9,No,0,,
E0057,Amit Sharma,31,Male,Operations,Coordinator,68700,Contract,,Jaipur,3.5,No,10,,
E0058,Lakshmi Yadav,25,Female,Marketing,Digital Marketer,34600,Full-Time,9707026941,Hyderabad,3.2,No,11,,
E0059,Kiran Khan,45,Male,HR,HR Assistant,57900,Full-Time,9732210908,Ahmedabad,3.9,No,13,,
E0060,Sanjay Patil,36,Male,HR,HR Assistant,59800,Contract,9992128031,Pune,4.5,No,5,,
E0061,Arjun Chavan,58,Female,Sales,Manager,34100,Full-Time,9863509307,Delhi,4,No,7,,
E0062,Vinay Ghosh,30,Male,Marketing,Coordinator,36400,Full-Time,,Mumbai,4,Yes,,,
E0063,Divya Reddy,40,Male,Sales,Account Manager,37300,Full-Time,9453510698,Bangalore,,No,10,,
E0064,Farhan Siddiqui,50,Female,IT,Developer,95100,Full-Time,9385175579,Bangalore,4,No,2,,
E0065,Kavya Mehta,39,male,FINANCE,Financial Controller,69900,Contract,9617987296,Hyderabad,3.8,Yes,7,,
E0066,Neha Khan,32,Female,Sales,Executive,29300,Full-Time,9703795346,Pune,,No,4,,
E0067,Priya Malhotra,58,Female,Marketing,Digital Marketer,57000,Contract,9382499938,Jaipur,3.3,No,4,,
E0068,Ishaan Singh,25,Male,Operations,Operations Manager,59900,Full-Time,9268285130,Jaipur,4.3,No,7,,
E0069,Kiran S,48,male,IT,Developer,88500,Full-Time,9129609157,Pune,4.1,No,2,,
E0070,Vinay Chavan,49,Male,Operations,Coordinator,57000,Full-Time,9505106719,Kochi,4.7,No,1,,
E0071,Rohan Verma,36,Female,IT,Data Analyst,81800,Full-Time,9814282158,Bangalore,,Yes,5,,
E0072,Sara Reddy,32,FEMALE,it,DevOps Engineer,66200,Full-Time,9701082855,Hyderabad,4.8,No,14,,
E0073,Pooja Kumar,44,Female,HR,HR Manager,27000,Full-Time,9491703111,Jaipur,4.1,No,12,,
E0074,Rohan Iyer,59,Female,Finance,Financial Controller,46600,Full-Time,9992270575,Ahmedabad,5.1,Yes,6,,
E0075,Sneha Chopra,,Male,Finance,Analyst,44200,Full-Time,9721513456,Pune,,Yes,4,,
E0076,Sunil Gupta,47,Female,Marketing,Coordinator,60100,Full-Time,,Nashik,5.2,No,2,,
E0077,Lakshmi Chopra,23,male,Finance,Analyst,56500,Contract,9120533296,Nashik,3.9,No,11,,
E0078,Lakshmi Mehta,50,female,HR,Recruiter,56600,Full-Time,9840240349,Chennai,4.3,Yes,12,,
E0079,Priya Iyer,34,Male,Operations,Coordinator,55300,Full-Time,9391780553,Ahmedabad,4.6,No,8,,
E0080,Arjun Malhotra,52,Female,Finance,Financial Controller,68900,Full-Time,9593035031,Kochi,4.1,No,2,,
E0081,Varun Ghosh,50,Male,IT,Developer,91500,Full-Time,9519959060,Kochi,4.2,Yes,2,,
E0082,Vinay Reddy,27,Male,Finance,Financial Controller,68300,Contract,9938502614,Chennai,4.2,No,,,
E0083,Sanjay Iyer,51,Male,Operations,Operations Manager,27000,Full-Time,9256976949,Jaipur,3.3,No,1,,
E0084,Nikhil Nair,36,Female,Finance,Accountant,69900,Full-Time,9851661376,Delhi,,No,,,
E0085,Ishaan Iyer,57,male,Marketing,Coordinator,52700,Intern,9020569886,Chennai,4.3,Yes,10,,
E0086,Sanjay Singh,36,Female,marketing,Executive,47500,Full-Time,9391200891,Mumbai,3.7,No,0,,
E0087,Sneha Reddy,52,MALE,Sales,Account Manager,40300,Full-Time,9117581968,Delhi,4,No,9,,
E0088,Rohan Shaikh,36,Male,Finance,Financial Controller,62900,Full-Time,9410705774,Hyderabad,4.9,Yes,7,,
E0089,Divya Malhotra,54,Female,Operations,Supervisor,68000,Full-Time,9990111539,Pune,4,No,11,,
E0090,Aisha Desai,54,Female,IT,Developer,83900,Full-Time,9037154163,Bangalore,3.5,No,4,,
E0091,Divya Joseph,51,Female,Sales,Account Manager,54500,Full-Time,9129045494,Hyderabad,,No,5,,
E0092,Meera Patil,49,MALE,Sales,Account Manager,48600,Full-Time,9877944618,Pune,5.1,No,5,,
E0093,Aisha Singh,57,Female,Sales,Account Manager,37900,Contract,9531313617,Bangalore,3.9,Yes,0,,
E0094,Rahul Rao,52,Female,IT,DevOps Engineer,80900,Full-Time,9874813223,Mumbai,3.6,No,11,,
E0095,Sneha Malhotra,38,Female,Sales,Manager,45500,Full-Time,9424337297,Ahmedabad,4.1,Yes,6,,
E0096,Rohan Malhotra,48,Female,IT,Data Analyst,65600,Full-Time,9946488957,Delhi,4.7,Yes,9,,
E0097,Varun Sharma,39,Male,Finance,Analyst,52500,Full-Time,9879681813,Bangalore,3.9,No,7,,
E0098,Sneha Gupta,38,Male,IT,Tester,61900,Full-Time,9106617128,Chennai,3.8,Yes,8,,
E0099,Anita Shaikh,59,Female,Marketing,Digital Marketer,34100,Contract,9267537882,Hyderabad,,No,2,,
E0100,Pooja Nair,55,Male,IT,Tester,47300,Full-Time,9011544478,Ahmedabad,3.6,No,15,,
E0101,Rahul Desai,46,Female,Marketing,Executive,62600,Full-Time,9744221729,Nashik,4.2,No,7,,
E0102,Sneha Yadav,32,Female,Sales,Account Manager,44100,Full-Time,9847123968,Bangalore,5,Yes,12,,
E0103,Anita Desai,42,Female,Operations,Coordinator,35600,Full-Time,9715970817,Bangalore,4.4,No,9,,
E0104,Kiran Ghosh,47,Female,Marketing,Executive,55400,Full-Time,9971374907,Mumbai,5.4,No,8,,
E0105,Lakshmi Iyer,47,Male,HR,Recruiter,38700,Full-Time,9848732723,Kochi,4.2,No,7,,
E0106,Priya Joseph,,Female,Finance,Analyst,73300,Full-Time,,Hyderabad,4.5,Yes,10,,
E0107,Meera Khan,42,Male,Operations,Supervisor,49900,Full-Time,9240394716,Jaipur,4.1,No,10,,
E0108,Aisha Reddy,24,Female,HR,HR Manager,44000,Intern,9369838122,Hyderabad,,Yes,4,,
E0109,Priya Siddiqui,24,FEMALE,Finance,Analyst,65500,Full-Time,9545974473,Mumbai,3.9,No,1,,
E0110,Ishaan Sharma,38,Female,IT,Data Analyst,61900,Full-Time,9672466912,Pune,4.7,No,13,,
E0111,Varun Desai,38,Male,Operations,Supervisor,43400,Contract,9640923487,Bangalore,3.8,No,5,,
E0112,Divya Malhotra,58,Female,Finance,Analyst,50400,Intern,,Ahmedabad,2.5,No,8,,
E0113,Sanjay Bansal,40,Male,HR,Recruiter,,Full-Time,9375770259,Delhi,3.7,No,7,,
E0114,Farhan Rao,27,Male,HR,Recruiter,45000,Full-Time,9398272326,Bangalore,4.4,No,11,,
E0115,Meera Reddy,31,Female,Operations,Supervisor,45300,Full-Time,9294999579,Hyderabad,4.2,No,9,,
E0116,Sara Malhotra,32,Male,Operations,Coordinator,55100,Full-Time,9940217951,Kochi,3.6,No,5,,
E0117,Meera Joseph,22,FEMALE,FINANCE,Financial Controller,78600,Full-Time,9524643048,Mumbai,4.1,Yes,,,
E0118,Anita Reddy,34,Female,Operations,Coordinator,43300,Contract,9794737270,Bangalore,3.7,Yes,5,,
E0119,Ishaan S,42,Female,Finance,Analyst,54800,Full-Time,9710825414,Delhi,3.4,No,4,,
E0120,Rahul Verma,45,Fmail,Operations,Coordinator,49800,Full-Time,9015700806,Mumbai,3.6,No,1,,
E0121,Sara Mehta,47,FEMALE,Marketing,Executive,38100,Full-Time,9403913274,Ahmedabad,4.8,No,3,,
E0122,Varun Verma,46,Male,HR,HR Assistant,33900,Full-Time,9940668330,Kochi,4,No,9,,
E0123,Sara Chavan,22,Male,Marketing,Coordinator,44100,Full-Time,9921211610,Bangalore,3.9,No,3,,
E0124,Sanjay Kumar,42,Male,it,Developer,,Full-Time,9334337803,Pune,3.5,Yes,6,,
E0125,Lakshmi Gupta,50,Female,Operations,Coordinator,65600,Contract,9977562999,Nashik,,No,,,
E0126,Lakshmi Ghosh,42,Male,IT,Tester,54400,Full-Time,9041924012,Delhi,4.1,No,,,
E0127,Kavya Desai,23,Male,IT,Tester,69000,Contract,9124883359,Kochi,4.4,Yes,4,,
E0128,Sneha Bansal,59,Male,HR,HR Manager,53300,Full-Time,9446318052,Delhi,3.3,Yes,7,,
E0129,Arjun Malhotra,30,female,IT,Data Analyst,63100,Full-Time,9476943511,Hyderabad,3.9,No,5,,
E0130,Neha Chopra,,Male,IT,Data Analyst,66300,Full-Time,9121934393,Delhi,4.2,Yes,8,,
E0131,Farhan Nair,33,Female,Operations,Operations Manager,60100,Full-Time,9548141778,Mumbai,3.5,Yes,4,,
E0132,Arjun Joseph,38,female,Sales,Account Manager,66600,Full-Time,,Hyderabad,4.2,Yes,4,,
E0133,Sneha Singh,51,Male,IT,Data Analyst,73000,Contract,9750442350,Nashik,3.7,No,2,,
E0134,Amit Chopra,27,Male,Marketing,Digital Marketer,46500,Full-Time,9283532199,Pune,3.6,Yes,15,,
E0135,Vinay Desai,26,Female,IT,Senior Developer,58100,Full-Time,9212315374,Pune,3.4,No,7,,
E0136,Sara Rao,38,Female,HR,Recruiter,29600,Full-Time,9336474315,Bangalore,4.3,Yes,4,,
E0137,Lakshmi Reddy,,Female,IT,DevOps Engineer,45600,Contract,9083938542,Bangalore,,No,1,,
E0138,Vinay Joseph,47,Male,Sales,Manager,46400,Full-Time,9325292519,Hyderabad,4.4,No,8,,
E0139,Neha Shaikh,42,Female,MARKETING,Digital Marketer,49000,Full-Time,9156964758,Chennai,4.1,No,0,,
E0140,Lakshmi Rao,27,Male,Finance,Analyst,53000,Full-Time,9377012219,Jaipur,3.2,No,3,,
E0141,Kavya Bansal,48,Male,operations,Coordinator,67800,Contract,9242484037,Mumbai,4.7,No,,,
E0142,Sunil Chavan,41,FEMALE,Sales,Executive,58300,Full-Time,9698090047,Delhi,2.2,No,13,,
E0143,Kiran Sharma,25,Male,Marketing,Coordinator,52800,Full-Time,9288355603,Ahmedabad,,No,2,,
E0144,Sanjay Joseph,28,Male,OPERATIONS,Coordinator,51600,Contract,9724574278,Jaipur,4.8,Yes,1,,
E0145,Sunil Nair,40,MALE,IT,Developer,66000,Intern,9352443637,Hyderabad,4.3,No,14,,
E0146,Vinay Rao,31,female,Sales,Executive,51700,Full-Time,9192037108,Pune,2.8,Yes,1,,
E0147,Anita Malhotra,44,Female,IT,Tester,79100,Full-Time,9483822557,Kochi,4.9,No,8,,
E0148,Farhan Mehta,33,Female,Finance,Accountant,60000,Intern,9710177801,Delhi,4.3,No,1,,
E0149,Pooja Gupta,56,Female,Finance,Financial Controller,73900,Full-Time,9164467394,Bangalore,4.2,No,2,,
E0150,Meera Singh,28,FEMALE,Marketing,Digital Marketer,59800,Full-Time,9769506711,Delhi,2.6,No,2,,
E0151,Nikhil Shaikh,32,Male,HR,HR Manager,38300,Full-Time,9880735233,Kochi,4.7,No,15,,
E0152,Kavya Nair,23,Female,Operations,Operations Manager,56100,Full-Time,9519699141,Nashik,4,No,0,,
E0153,Aisha Mehta,23,Female,Marketing,Executive,57700,Full-Time,9805969057,Chennai,3.6,Yes,4,,
E0154,Sara Khan,46,Male,Finance,Financial Controller,54900,Full-Time,9837629419,Delhi,3.5,No,8,,
E0155,Amit Yadav,56,Female,IT,DevOps Engineer,73000,Full-Time,,Mumbai,4.1,No,6,,
E0156,Vinay Shaikh,53,Female,Marketing,Executive,42400,Contract,9116793256,Hyderabad,,No,11,,
E0157,Kavya Patil,55,Female,IT,Developer,65700,Full-Time,,Pune,4.5,Yes,13,,
E0158,Sunil Gupta,41,Male,HR,HR Manager,61000,Full-Time,9302830713,Kochi,4.6,Yes,9,,
E0159,Amit Mehta,22,Male,IT,Senior Developer,57800,Full-Time,,Hyderabad,4.4,No,6,,
E0160,Rahul Patil,53,Male,Marketing,Coordinator,32700,Full-Time,9138985437,Chennai,2.7,No,3,,
E0161,Arjun Chopra,43,Male,Finance,Financial Controller,52800,Full-Time,9233026290,Jaipur,4.1,No,2,,
E0162,Arjun Sharma,29,Male,Finance,Financial Controller,63900,Full-Time,9122883797,Hyderabad,3.5,No,8,,
E0163,Nikhil Sharma,30,Male,HR,HR Assistant,54300,Full-Time,9363935214,Nashik,3.9,Yes,1,,
E0164,Priya Nair,36,Male,Sales,Manager,51900,Full-Time,9467036858,Nashik,3.7,No,7,,
E0165,Rahul Nair,35,Female,IT,Senior Developer,70100,Full-Time,9911885093,Ahmedabad,3.6,No,10,,
E0166,Lakshmi Joseph,49,Male,Sales,Executive,55000,Full-Time,9232810892,Ahmedabad,3.6,Yes,1,,
E0167,Divya Verma,41,Male,Finance,Analyst,59500,Full-Time,9158807215,Nashik,3.7,No,7,,
E0168,Sara Singh,24,Male,Operations,Operations Manager,52600,Full-Time,9812717490,Jaipur,2.9,No,6,,
E0169,Priya Rao,43,Male,Marketing,Executive,53900,Full-Time,9653005954,Hyderabad,4.2,No,1,,
E0170,Kiran Nair,33,Female,marketing,Coordinator,50700,Full-Time,9341710623,Hyderabad,4.1,No,3,,
E0171,Nikhil S,43,Male,Sales,Executive,70000,Full-Time,9783567739,Ahmedabad,3.5,No,0,,
E0172,Sanjay Mehta,32,Female,HR,HR Assistant,51700,Full-Time,,Ahmedabad,4.1,No,12,,
E0173,Farhan Yadav,28,Male,Marketing,Digital Marketer,33800,Full-Time,9228857128,Jaipur,4.6,No,5,,
E0174,Vinay Joseph,39,Male,Operations,Operations Manager,60100,Contract,9723582500,Chennai,4,No,7,,
E0175,Vinay Ghosh,51,Male,HR,Recruiter,51100,Contract,9235144818,Jaipur,3.5,Yes,11,,
E0176,Sara Gupta,37,Male,marketing,Coordinator,46400,Full-Time,9501110353,Delhi,3.1,Yes,7,,
E0177,Rohan Iyer,34,male,Sales,Account Manager,34700,Full-Time,,Delhi,4.6,No,11,,
E0178,Neha Reddy,26,Male,Marketing,Executive,61000,Full-Time,9335678155,Pune,4.6,Yes,9,,
E0179,Vinay Reddy,31,MALE,Marketing,Coordinator,46600,Full-Time,9026454336,Nashik,4.3,No,2,,
E0180,Nikhil S,57,Female,Operations,Coordinator,30300,Full-Time,9291627413,Pune,4.7,No,,,
E0181,Neha Chavan,25,male,Sales,Executive,51000,Full-Time,9317699175,Kochi,3.5,No,2,,
E0182,Sanjay Nair,28,Female,Operations,Coordinator,55200,Full-Time,9167276816,Ahmedabad,5.2,No,5,,
E0183,Varun Malhotra,50,FEMALE,Operations,Operations Manager,47600,Full-Time,9685048612,Delhi,4.7,No,10,,
E0184,Neha Kumar,39,Female,IT,DevOps Engineer,87700,Contract,9538474652,Nashik,4.7,Yes,11,,
E0185,Rohan S,38,Male,Marketing,Coordinator,51100,Full-Time,9506634730,Hyderabad,3,No,10,,
E0186,Anita Yadav,49,Fmail,IT,Senior Developer,71700,Full-Time,9329143669,Kochi,3.9,Yes,6,,
E0187,Anita Joseph,22,Female,Sales,Account Manager,54300,Intern,9112183304,Ahmedabad,3.3,No,2,,
E0188,Farhan S,34,Male,Operations,Operations Manager,49900,Full-Time,9872222126,Chennai,4.1,No,13,,
E0189,Anita Verma,39,Female,Marketing,Executive,37700,Full-Time,,Hyderabad,,No,7,,
E0190,Farhan Singh,56,Female,Sales,Executive,51000,Full-Time,9764109236,Kochi,4,No,10,,
E0191,Pooja Nair,31,Male,Finance,Analyst,71800,Full-Time,9016125216,Hyderabad,3.7,No,1,,
E0192,Vinay Siddiqui,48,MALE,Marketing,Digital Marketer,47100,Full-Time,9514900284,Hyderabad,4.5,No,8,,
E0193,Pooja Verma,46,Fmail,Sales,Account Manager,40500,Full-Time,,Jaipur,4.4,No,10,,
E0194,Pooja S,57,Male,Finance,Accountant,88700,Full-Time,9066175946,Chennai,,No,11,,
E0195,Sara S,48,Female,Marketing,Digital Marketer,52400,Full-Time,9418115221,Delhi,,No,15,,
E0196,Amit Yadav,30,Male,HR,HR Assistant,44600,Full-Time,9176598400,Hyderabad,,Yes,5,,
E0197,Varun Desai,45,Male,Sales,Executive,,Contract,9103825807,Nashik,4.1,No,10,,
E0198,Varun Rao,39,Male,Marketing,Digital Marketer,35400,Full-Time,9149222373,Bangalore,3.5,No,11,,
E0199,Lakshmi Malhotra,27,Female,HR,HR Manager,29100,Full-Time,9894602801,Hyderabad,4.3,Yes,13,,
E0200,Sanjay Malhotra,28,FEMALE,HR,HR Assistant,45800,Contract,9299351667,Kochi,3.7,No,3,,
E0201,Sara Chavan,27,female,IT,Data Analyst,62300,Full-Time,9214001443,Bangalore,4.7,No,9,,
E0202,Rahul Sharma,22,Male,HR,Recruiter,36800,Full-Time,9007309020,Bangalore,3.4,No,0,,
E0203,Sara Iyer,42,Female,HR,Recruiter,37300,Full-Time,,Mumbai,4.2,No,5,,
E0204,Sunil Joseph,50,Male,HR,HR Manager,53700,Full-Time,,Delhi,5,No,14,,
E0205,Varun Rao,43,Female,Finance,Accountant,29300,Contract,9887158733,Mumbai,,Yes,2,,
E0206,Nikhil S,,Female,HR,HR Assistant,51900,Full-Time,9132585136,Ahmedabad,3.9,Yes,10,,
E0207,Kiran Yadav,34,Male,marketing,Executive,,Full-Time,9542902184,Hyderabad,4.4,No,2,,
E0208,Lakshmi Mehta,57,Female,HR,HR Manager,,Full-Time,9898071064,Kochi,,No,11,,
E0209,Amit Ghosh,46,Female,Marketing,Executive,49700,Full-Time,9915550426,Kochi,3.8,Yes,3,,
E0210,Pooja Siddiqui,30,Male,Operations,Operations Manager,60900,Full-Time,9694875159,Mumbai,4.8,No,10,,
E0211,Neha Singh,59,Female,marketing,Coordinator,54900,Contract,9130667239,Pune,3.6,Yes,6,,
E0212,Anita Rao,,Female,Operations,Operations Manager,58600,Contract,9930327707,Jaipur,3.7,No,,,
E0213,Divya Chavan,53,Male,HR,HR Manager,28300,Full-Time,9525243708,Kochi,4.4,No,8,,
E0214,Neha Gupta,33,Male,HR,HR Manager,26800,Full-Time,9027773348,Delhi,4.7,Yes,4,,
E0215,Pooja Iyer,58,Female,Sales,Manager,71500,Full-Time,9629498796,Pune,3.6,No,4,,
E0216,Nikhil Singh,45,male,Finance,Financial Controller,60700,Full-Time,9440900401,Pune,4.4,No,2,,
E0217,Arjun Chopra,52,Male,Sales,Executive,38300,Contract,9899112848,Pune,3.1,No,12,,
E0218,Farhan Chopra,23,Female,Marketing,Coordinator,50200,Full-Time,9529387804,Bangalore,4.2,No,3,,
E0219,Varun Chavan,30,Female,Sales,Manager,62400,Contract,9867645739,Nashik,4.1,No,9,,
E0220,Farhan Desai,36,Female,Marketing,Digital Marketer,60800,Full-Time,9039246221,Ahmedabad,4.4,No,10,,
E0221,Aisha Malhotra,,male,IT,DevOps Engineer,51500,Full-Time,9965643318,Hyderabad,4.6,No,4,,
E0222,Neha Patil,34,Male,Finance,Financial Controller,61500,Full-Time,9795574453,Mumbai,3,No,9,,
E0223,Vinay Yadav,24,Male,hr,HR Manager,46000,Full-Time,9224872929,Nashik,4.4,Yes,14,,
E0224,Arjun Singh,33,Female,Sales,Manager,53900,Full-Time,9243231931,Ahmedabad,3.4,No,5,,
E0225,Divya Siddiqui,43,Female,Sales,Account Manager,48100,Contract,9947401705,Ahmedabad,4.9,No,8,,
E0226,Vinay Verma,,Male,HR,HR Manager,38100,Full-Time,,Kochi,4.1,No,8,,
E0227,Anita Singh,50,Male,OPERATIONS,Operations Manager,48100,Full-Time,9179957888,Jaipur,4.4,No,12,,
E0228,Kiran Nair,53,Female,Marketing,Executive,52400,Full-Time,9571759294,Pune,3.8,No,5,,
E0229,Sanjay Nair,43,Male,Finance,Accountant,69500,Full-Time,,Jaipur,4,No,3,,
E0230,Sunil S,44,male,HR,HR Assistant,29400,Contract,9709211943,Kochi,,No,10,,
E0231,Sunil Shaikh,38,Female,Finance,Financial Controller,51300,Full-Time,9647344760,Mumbai,2.8,Yes,2,,
E0232,Divya Mehta,32,Male,Operations,Coordinator,45200,Full-Time,9963008115,Ahmedabad,3.8,No,0,,
E0233,Kiran Bansal,22,Mlae,Operations,Coordinator,60000,Full-Time,9169279581,Hyderabad,4.1,No,,,
E0234,Amit Sharma,59,Male,IT,Data Analyst,63800,Contract,9735221389,Ahmedabad,4.4,No,8,,
E0235,Amit Iyer,43,Male,IT,Developer,67500,Full-Time,9056060985,Mumbai,4.2,No,8,,
E0236,Pooja Chavan,42,Female,Marketing,Coordinator,54500,Full-Time,9640048086,Delhi,3.4,No,8,,
E0237,Amit Khan,22,Female,Operations,Supervisor,75100,Full-Time,9220191084,Kochi,3.8,No,12,,
E0238,Aisha Rao,32,MALE,Operations,Supervisor,51500,Full-Time,9975899673,Chennai,3.9,No,1,,
E0239,Pooja Malhotra,49,Female,Finance,Financial Controller,64200,Full-Time,9615048823,Nashik,3.8,No,2,,
E0240,Varun Singh,36,Male,IT,Developer,59200,Full-Time,9378010965,Mumbai,3.9,Yes,4,,
E0241,Sara Chavan,24,Female,HR,Recruiter,50300,Full-Time,9081283270,Ahmedabad,3.8,No,12,,
E0242,Lakshmi Sharma,46,Female,OPERATIONS,Coordinator,73300,Intern,9951169293,Kochi,,No,0,,
E0243,Pooja Sharma,29,female,Marketing,Digital Marketer,53200,Full-Time,,Mumbai,3.4,No,9,,
E0244,Anita Shaikh,41,Female,Finance,Accountant,73200,Full-Time,9498954708,Nashik,3.9,Yes,10,,
E0245,Rohan Malhotra,34,Female,Operations,Coordinator,81600,Full-Time,9047141262,Nashik,4.2,Yes,6,,
E0246,Nikhil Rao,32,Male,Operations,Coordinator,39200,Full-Time,9497729466,Chennai,4.3,No,2,,
E0247,Vinay S,47,Female,IT,Senior Developer,87300,Full-Time,9845761697,Ahmedabad,3.8,No,1,,
E0248,Rahul Reddy,40,Male,Sales,Account Manager,65600,Full-Time,9391348497,Delhi,3.4,Yes,13,,
E0249,Kavya Khan,48,Female,Operations,Coordinator,52200,Full-Time,9008446450,Delhi,3.3,No,3,,
E0250,Divya Reddy,27,Female,Operations,Supervisor,61600,Full-Time,9775841122,Hyderabad,5.3,No,2,,
E0251,Sunil Reddy,34,Female,Sales,Manager,54700,Full-Time,9594533688,Kochi,4.1,No,8,,
E0252,Sunil Desai,51,Male,Sales,Account Manager,50200,Contract,9610584575,Ahmedabad,4,No,7,,
E0253,Divya Nair,56,Male,finance,Accountant,63100,Full-Time,9700354420,Hyderabad,4.3,No,13,,
E0254,Pooja Sharma,23,Male,Operations,Coordinator,57700,Full-Time,9226562583,Chennai,2.7,Yes,,,
E0255,Kavya Malhotra,37,Female,Sales,Executive,47000,Contract,9365996681,Hyderabad,3.5,No,2,,
E0256,Anita S,49,Male,Sales,Manager,57700,Full-Time,9689295910,Nashik,5.1,No,0,,
E0257,Rohan Chopra,55,female,IT,Tester,77800,Full-Time,9762304215,Kochi,3.6,Yes,15,,
E0258,Farhan Ghosh,43,Female,Finance,Analyst,62200,Contract,9819542796,Kochi,4.1,Yes,9,,
E0259,Priya Ghosh,23,Male,Sales,Executive,66800,Intern,9574248309,Ahmedabad,3.5,Yes,8,,
E0260,Nikhil Mehta,29,Male,Finance,Financial Controller,47700,Contract,9784258967,Kochi,4.6,No,3,,
E0261,Farhan Joseph,41,Female,Marketing,Coordinator,54100,Full-Time,9825790931,Delhi,4.2,Yes,14,,
E0262,Varun Patil,45,Female,Operations,Coordinator,44000,Contract,9442415952,Nashik,4.3,No,1,,
E0263,Sneha Singh,48,Mlae,Operations,Supervisor,55400,Contract,9227820464,Pune,5,No,9,,
E0264,Divya Iyer,57,Male,IT,Tester,75600,Contract,9299169308,Hyderabad,4.4,Yes,3,,
E0265,Nikhil Verma,,Female,Operations,Coordinator,45700,Full-Time,9197487548,Ahmedabad,4.9,No,6,,
E0266,Aisha Malhotra,40,Male,IT,Data Analyst,91200,Full-Time,9489975134,Jaipur,3.7,No,2,,
E0267,Sunil S,55,Male,HR,Recruiter,48500,Full-Time,,Chennai,3.8,No,12,,
E0268,Neha Joseph,28,Male,Finance,Analyst,55700,Full-Time,9252603546,Delhi,4.3,No,6,,
E0269,Vinay Kumar,28,Female,marketing,Digital Marketer,44100,Full-Time,9714360772,Ahmedabad,4,Yes,5,,
E0270,Vinay Kumar,,Male,Operations,Coordinator,47100,Full-Time,9651122093,Delhi,4.3,No,12,,
E0271,Anita Yadav,22,Female,HR,HR Manager,40800,Full-Time,9351946344,Kochi,4.2,No,6,,
E0272,Sunil Patil,44,Female,HR,Recruiter,35800,Contract,9164332961,Pune,3.8,No,6,,
E0273,Divya Reddy,56,Female,HR,HR Manager,39700,Contract,9068494486,Hyderabad,3.2,No,10,,
E0274,Rahul Bansal,34,female,Finance,Financial Controller,43800,Full-Time,9503940428,Mumbai,4,No,4,,
E0275,Meera Chavan,51,female,IT,Tester,87800,Contract,9188915123,Nashik,3.5,No,9,,
E0276,Divya Gupta,49,Female,Marketing,Coordinator,35800,Full-Time,9795676366,Hyderabad,4,Yes,13,,
E0277,Anita Chopra,37,female,Marketing,Coordinator,36000,Full-Time,9079221742,Delhi,,No,1,,
E0278,Farhan Bansal,,Male,Marketing,Digital Marketer,54100,Full-Time,9920288015,Jaipur,4.7,No,13,,
E0279,Neha Iyer,47,Female,Marketing,Digital Marketer,53000,Full-Time,,Ahmedabad,3.6,No,1,,
E0280,Arjun Malhotra,57,Female,Sales,Manager,54400,Full-Time,9584970242,Mumbai,3.5,No,1,,
E0281,Lakshmi Chopra,22,Female,Sales,Account Manager,36500,Full-Time,9671191843,Ahmedabad,3.4,No,9,,
E0282,Arjun Khan,44,Male,HR,HR Manager,43600,Contract,9266288341,Ahmedabad,4,No,11,,
E0283,Kavya Kumar,42,Male,SALES,Manager,70700,Full-Time,,Mumbai,3.5,No,9,,
E0284,Arjun Nair,48,Male,Sales,Manager,57900,Full-Time,9647848119,Bangalore,3.6,No,2,,
E0285,Varun Chavan,43,female,Sales,Manager,58700,Intern,,Jaipur,4.3,Yes,13,,
E0286,Rahul Chopra,37,FEMALE,Marketing,Coordinator,66400,Contract,9002244877,Pune,2.5,No,14,,
E0287,Amit Joseph,38,Male,Operations,Coordinator,60600,Full-Time,9583218280,Chennai,3.8,No,8,,
E0288,Divya Joseph,39,Female,HR,Recruiter,51700,Full-Time,9144157296,Ahmedabad,,No,10,,
E0289,Pooja Sharma,31,Female,IT,Senior Developer,30600,Full-Time,9976103126,Kochi,5.1,No,11,,
E0290,Kavya Khan,42,FEMALE,Sales,Account Manager,39800,Full-Time,9814892544,Delhi,3.6,No,13,,
E0291,Rahul Malhotra,54,Male,Finance,Accountant,52700,Full-Time,9206236004,Nashik,,Yes,8,,
E0292,Ishaan Khan,39,Male,HR,Recruiter,56700,Full-Time,9913773116,Pune,4.1,No,13,,
E0293,Anita Shaikh,41,Female,HR,Recruiter,39400,Full-Time,,Pune,3.2,No,11,,
E0294,Sara Malhotra,54,Female,Sales,Account Manager,50700,Full-Time,9002275959,Mumbai,4.2,No,8,,
E0295,Lakshmi Singh,42,Male,Sales,Account Manager,46200,Full-Time,9066713688,Pune,,Yes,1,,
E0296,Farhan Joseph,24,Female,HR,Recruiter,35500,Full-Time,9417702370,Pune,3.5,No,4,,
E0297,Rohan Joseph,52,Female,it,DevOps Engineer,67400,Full-Time,9915232249,Nashik,3.1,No,5,,
E0298,Kavya Chavan,46,Male,IT,Data Analyst,110000,Full-Time,9763378188,Chennai,4.1,No,2,,
E0299,Varun Joseph,26,Female,Operations,Coordinator,40600,Full-Time,9777462818,Pune,3.2,No,6,,
E0300,Divya Yadav,55,Male,Operations,Supervisor,67600,Intern,9371659149,Nashik,4.3,No,2,,
E0301,Amit Mehta,36,Female,Operations,Supervisor,54300,Contract,9224661738,Delhi,4.3,No,5,,
E0302,Ishaan Shaikh,49,Male,Sales,Executive,47300,Full-Time,9522762896,Nashik,3.6,No,0,,
E0303,Kiran Ghosh,30,Male,Sales,Executive,,Full-Time,9035066568,Mumbai,5.2,No,3,,
E0304,Nikhil Siddiqui,24,Male,Operations,Operations Manager,37400,Full-Time,9231366512,Mumbai,4.1,No,4,,
E0305,Ishaan Reddy,56,Female,Finance,Accountant,72500,Intern,9562761906,Jaipur,4.1,No,9,,
E0306,Priya Chopra,38,Female,IT,DevOps Engineer,58000,Full-Time,9469459385,Mumbai,4.1,No,12,,
E0307,Sneha Reddy,55,Female,Finance,Analyst,54900,Intern,9036213871,Nashik,4.2,No,,,
E0308,Rahul Patil,28,Female,Sales,Executive,55400,Full-Time,9284457158,Kochi,3.6,No,10,,
E0309,Neha Patil,41,Male,Sales,Executive,50300,Intern,9132253243,Chennai,4,No,14,,
E0310,Kavya Iyer,37,male,IT,Senior Developer,78800,Contract,9104579479,Nashik,4.2,No,8,,
E0311,Varun Singh,39,Male,Finance,Analyst,79600,Full-Time,9660867824,Mumbai,4.2,No,10,,
E0312,Amit Ghosh,35,Female,Finance,Analyst,79000,Full-Time,,Hyderabad,3.5,No,11,,
E0313,Pooja Bansal,26,Female,IT,DevOps Engineer,75900,Full-Time,9916234389,Delhi,,Yes,5,,
E0314,Pooja Khan,41,Female,Operations,Supervisor,50600,Full-Time,9745872061,Kochi,4.5,Yes,14,,
E0315,Rohan Nair,,Female,Sales,Account Manager,40300,Full-Time,9366375327,Ahmedabad,3.4,No,12,,
E0316,Anita Nair,48,MALE,IT,Data Analyst,69800,Full-Time,9153502630,Hyderabad,3.9,No,,,
E0317,Sanjay Reddy,33,Female,Finance,Analyst,89900,Full-Time,9677259261,Mumbai,3.4,Yes,5,,
E0318,Varun Malhotra,,FEMALE,Sales,Manager,37100,Full-Time,9345423603,Chennai,5.4,No,11,,
E0319,Ishaan Siddiqui,33,male,Operations,Coordinator,46000,Full-Time,9092434775,Nashik,5,No,,,
E0320,Anita Desai,45,female,Marketing,Coordinator,46700,Full-Time,9516804603,Pune,4,No,12,,
E0321,Priya Kumar,31,Male,Marketing,Executive,54700,Full-Time,9207388191,Pune,4,No,6,,
E0322,Anita S,40,Male,Operations,Coordinator,47900,Full-Time,9991391711,Chennai,3.6,No,1,,
E0323,Ishaan Patil,51,Male,Finance,Analyst,52600,Full-Time,9807506775,Jaipur,,No,10,,
E0324,Vinay Singh,34,Male,Finance,Analyst,74800,Contract,9135009047,Ahmedabad,,No,0,,
E0325,Pooja Chopra,34,FEMALE,Sales,Account Manager,39600,Full-Time,9272241432,Jaipur,3.7,No,6,,
E0326,Divya Khan,51,Male,hr,Recruiter,53300,Full-Time,9167249475,Mumbai,3.8,No,6,,
E0327,Arjun Shaikh,46,Female,HR,Recruiter,48000,Full-Time,9492437080,Pune,5.9,No,11,,
E0328,Divya Siddiqui,33,Male,Marketing,Digital Marketer,57900,Full-Time,9912207601,Delhi,4.3,No,4,,
E0329,Sunil Siddiqui,29,Male,Marketing,Executive,61100,Full-Time,,Ahmedabad,2.9,No,13,,
E0330,Sanjay Bansal,26,Male,Sales,Executive,55100,Intern,9251772430,Delhi,4.2,No,7,,
E0331,Rohan Chavan,59,Female,marketing,Coordinator,41900,Full-Time,9603048634,Ahmedabad,4.4,No,6,,
E0332,Nikhil Khan,23,Female,Marketing,Coordinator,30700,Full-Time,9843756400,Nashik,5.2,Yes,0,,
E0333,Amit Siddiqui,45,Male,Sales,Account Manager,41000,Contract,9020381741,Jaipur,2.8,No,6,,
E0334,Nikhil Khan,44,Female,Finance,Analyst,77900,Full-Time,,Hyderabad,,No,1,,
E0335,Kiran Mehta,29,Female,Operations,Supervisor,76200,Full-Time,9828348329,Jaipur,4.2,No,4,,
E0336,Kavya Patil,58,Male,HR,Recruiter,42200,Full-Time,9154165047,Hyderabad,3.2,Yes,8,,
E0337,Rohan Chavan,34,male,Sales,Account Manager,43400,Full-Time,9931119887,Delhi,3.8,No,5,,
E0338,Pooja Ghosh,35,Male,Finance,Financial Controller,50900,Contract,9450552097,Ahmedabad,4.6,No,,,
E0339,Vinay Verma,45,Male,HR,HR Manager,39400,Full-Time,9292361219,Delhi,3.4,Yes,11,,
E0340,Vinay Verma,57,Female,Sales,Account Manager,59600,Contract,9562877465,Mumbai,3.5,No,1,,
E0341,Neha Reddy,36,Male,Operations,Supervisor,64900,Contract,,Nashik,3.9,No,6,,
E0342,Nikhil Malhotra,28,Female,Marketing,Digital Marketer,54700,Contract,,Hyderabad,3.5,No,5,,
E0343,Amit Siddiqui,,Male,HR,HR Manager,52300,Full-Time,9690642356,Chennai,3.9,No,1,,
E0344,Neha Sharma,45,FEMALE,Operations,Supervisor,30500,Full-Time,9152174015,Jaipur,4.3,No,4,,
E0345,Rohan Gupta,32,Female,Operations,Supervisor,55800,Full-Time,9413329279,Bangalore,3.9,No,6,,
E0346,Kavya Nair,41,Male,IT,Tester,72300,Full-Time,9696586365,Kochi,4.2,Yes,15,,
E0347,Farhan Kumar,32,Female,HR,HR Assistant,,Contract,,Mumbai,3.9,No,4,,
E0348,Meera Iyer,28,female,HR,Recruiter,67400,Intern,9503800809,Hyderabad,4.5,No,7,,
E0349,Sanjay Yadav,50,MALE,Sales,Account Manager,43200,Full-Time,9582910917,Chennai,,Yes,7,,
E0350,Aisha Shaikh,51,Male,Finance,Accountant,71000,Full-Time,9167871499,Hyderabad,4.2,No,3,,
E0351,Lakshmi Rao,45,Female,HR,HR Manager,38800,Full-Time,9092073273,Jaipur,,No,11,,
E0352,Sunil Nair,50,Male,Operations,Operations Manager,25000,Full-Time,9866387881,Chennai,4.3,No,13,,
E0353,Lakshmi Verma,,Male,HR,HR Manager,55200,Full-Time,9052078898,Mumbai,4.5,No,2,,
E0354,Amit Shaikh,34,female,HR,HR Assistant,47200,Full-Time,9576677565,Mumbai,4.3,No,13,,
E0355,Arjun Shaikh,34,Male,FINANCE,Analyst,68000,Full-Time,9733345638,Hyderabad,4.9,No,3,,
E0356,Meera Iyer,39,Female,Sales,Account Manager,74900,Full-Time,9620988584,Bangalore,4,No,4,,
E0357,Sunil Kumar,46,Male,Operations,Coordinator,59200,Full-Time,9210924068,Delhi,4.1,No,7,,
E0358,Divya Sharma,39,MALE,Marketing,Executive,36600,Full-Time,9621665251,Delhi,4.4,No,6,,
E0359,Kavya Iyer,38,Female,IT,Tester,44500,Intern,,Delhi,4.2,No,11,,
E0360,Kavya S,30,Female,Marketing,Executive,53200,Full-Time,9459028507,Jaipur,5,No,,,
E0361,Kavya Nair,27,Male,Finance,Financial Controller,69100,Full-Time,9556787782,Jaipur,4,No,2,,
E0362,Sneha Yadav,33,Male,Operations,Operations Manager,50100,Full-Time,9835202250,Chennai,3.7,No,8,,
E0363,Kavya Ghosh,31,Female,Finance,Financial Controller,57700,Contract,9769324548,Nashik,3.8,No,10,,
E0364,Lakshmi Khan,23,Male,HR,Recruiter,49600,Full-Time,9071236672,Mumbai,,No,1,,
E0365,Sara S,36,Male,HR,HR Manager,42500,Full-Time,9286366635,Hyderabad,4.6,No,5,,
E0366,Rahul Siddiqui,23,Male,Sales,Manager,63800,Full-Time,9385401555,Jaipur,,No,9,,
E0367,Farhan Ghosh,27,Male,Sales,Manager,53800,Contract,9709148577,Jaipur,3.8,Yes,14,,
E0368,Vinay Desai,58,Female,Sales,Executive,49600,Full-Time,9212099384,Chennai,5,No,2,,
E0369,Sneha Patil,56,Mlae,IT,Developer,71900,Full-Time,9457415087,Bangalore,,Yes,3,,
E0370,Kavya Singh,30,Male,HR,HR Assistant,42400,Contract,9983472025,Delhi,4.4,Yes,14,,
E0371,Meera Shaikh,27,Female,Finance,Accountant,50400,Full-Time,,Ahmedabad,2.9,Yes,4,,
E0372,Lakshmi Shaikh,41,Male,Sales,Executive,85400,Full-Time,9073400506,Bangalore,3.5,No,8,,
E0373,Rohan Shaikh,32,Male,Operations,Operations Manager,68400,Full-Time,9142295407,Pune,4,No,1,,
E0374,Aisha Malhotra,,FEMALE,Finance,Financial Controller,84500,Full-Time,,Chennai,2.5,No,14,,
E0375,Amit Joseph,33,Female,Marketing,Digital Marketer,46900,Full-Time,9971704626,Kochi,4,No,3,,
E0376,Sanjay Siddiqui,53,Female,Operations,Supervisor,37000,Full-Time,,Mumbai,,No,5,,
E0377,Anita Ghosh,32,Female,IT,Data Analyst,46100,Full-Time,9066934537,Ahmedabad,2.7,No,12,,
E0378,Farhan Bansal,38,Female,Sales,Manager,57700,Full-Time,9071276760,Kochi,4.5,No,13,,
E0379,Vinay Bansal,,Male,Operations,Coordinator,53900,Contract,9441218633,Chennai,3.7,No,3,,
E0380,Sneha Iyer,,Male,Finance,Financial Controller,73400,Full-Time,9544492250,Ahmedabad,2.4,No,5,,
E0381,Ishaan Bansal,27,Male,Marketing,Coordinator,39000,Intern,,Hyderabad,4.4,No,9,,
E0382,Rahul Joseph,58,Male,it,Data Analyst,83900,Full-Time,9123181244,Mumbai,4.2,No,4,,
E0383,Sneha Chopra,53,Female,Finance,Accountant,55900,Full-Time,9110184010,Kochi,4.6,No,13,,
E0384,Pooja Chavan,,FEMALE,Operations,Coordinator,59500,Full-Time,9734098157,Nashik,2.7,No,4,,
E0385,Lakshmi Verma,41,Female,IT,Tester,63700,Intern,9498294856,Delhi,3.3,No,1,,
E0386,Vinay Yadav,28,Female,Marketing,Coordinator,52900,Full-Time,9053784669,Ahmedabad,5.2,Yes,1,,
E0387,Divya Reddy,30,Male,Finance,Analyst,69400,Full-Time,9448783245,Hyderabad,4.6,No,3,,
E0388,Varun Kumar,34,Male,Marketing,Executive,36700,Full-Time,9976917347,Mumbai,3.4,No,7,,
E0389,Arjun Khan,32,Female,Finance,Analyst,43800,Full-Time,9223517482,Nashik,4.6,No,12,,
E0390,Lakshmi Iyer,23,Female,Operations,Supervisor,71300,Intern,9611852119,Jaipur,3.9,No,10,,
E0391,Vinay Joseph,59,male,Finance,Financial Controller,47900,Full-Time,9321005111,Nashik,3.5,No,14,,
E0392,Kiran Rao,49,Fmail,Operations,Operations Manager,57400,Full-Time,9186613656,Mumbai,3.6,Yes,7,,
E0393,Divya Siddiqui,47,Male,Operations,Supervisor,32700,Full-Time,9631583882,Nashik,4.3,No,0,,
E0394,Sneha Malhotra,43,Female,Marketing,Digital Marketer,50700,Full-Time,9944226977,Delhi,4.1,No,12,,
E0395,Pooja Yadav,39,Male,HR,HR Assistant,63900,Full-Time,9067965510,Delhi,4.3,No,3,,
E0396,Nikhil Verma,23,Female,Marketing,Executive,47500,Contract,9402932663,Hyderabad,4.9,Yes,1,,
E0397,Sneha Singh,54,Female,Operations,Supervisor,68800,Contract,9108920658,Delhi,3.9,Yes,11,,
E0398,Neha Iyer,43,male,Finance,Accountant,62500,Contract,9309213191,Delhi,,No,6,,
E0399,Rahul Chopra,33,Male,Sales,Executive,58500,Full-Time,9059728121,Pune,4,No,11,,
E0400,Priya Yadav,,Male,Marketing,Coordinator,34900,Full-Time,9813486158,Chennai,3.8,No,0,,
E0401,Priya Mehta,42,Male,Operations,Supervisor,53000,Full-Time,9586263426,Bangalore,4,No,1,,
E0402,Neha Rao,35,Female,HR,HR Manager,44700,Full-Time,9435627644,Mumbai,4.7,No,2,,
E0403,Kavya Singh,25,Mlae,HR,HR Assistant,54800,Contract,9151304742,Mumbai,5,No,9,,
E0404,Pooja Kumar,33,Male,HR,HR Assistant,44800,Full-Time,,Bangalore,3.8,No,8,,
E0405,Farhan Reddy,52,Female,Sales,Executive,59000,Full-Time,9973703607,Chennai,3.5,No,4,,
E0406,Farhan Reddy,53,FEMALE,finance,Accountant,87400,Full-Time,9259315795,Chennai,3.3,No,1,,
E0407,Neha Iyer,51,Female,Sales,Manager,65000,Full-Time,9236544660,Mumbai,4.2,Yes,5,,
E0408,Anita Sharma,27,Male,Marketing,Digital Marketer,41200,Full-Time,9354454701,Jaipur,4.6,No,7,,
E0409,Sunil Mehta,55,female,Sales,Manager,36900,Contract,9844145564,Kochi,4.6,No,6,,
E0410,Nikhil Singh,27,Female,Marketing,Executive,39100,Full-Time,9340134033,Mumbai,4,No,6,,
E0411,Priya Sharma,23,Male,Marketing,Coordinator,46300,Full-Time,9332513307,Mumbai,,Yes,12,,
E0412,Pooja Malhotra,22,Male,Marketing,Executive,54200,Intern,9644803728,Delhi,5,Yes,,,
E0413,Rohan Chopra,44,Female,Sales,Executive,61200,Contract,9805849905,Hyderabad,4.4,No,0,,
E0414,Neha Sharma,41,Female,HR,HR Assistant,44700,Full-Time,9077283373,Jaipur,3.6,No,3,,
E0415,Varun Reddy,41,Female,Marketing,Coordinator,36600,Full-Time,9427750964,Jaipur,3.9,No,3,,
E0416,Aisha Singh,25,Female,HR,HR Assistant,52400,Full-Time,9134407535,Delhi,,No,13,,
E0417,Varun Yadav,25,Female,Finance,Financial Controller,59600,Full-Time,9939887759,Nashik,5.2,No,4,,
E0418,Sneha Verma,44,Female,Sales,Executive,37600,Full-Time,9903721352,Mumbai,3.9,No,11,,
E0419,Divya Sharma,25,Female,Sales,Manager,61900,Contract,9034131245,Pune,,No,11,,
E0420,Ishaan Singh,58,FEMALE,IT,Tester,54000,Full-Time,9876462643,Ahmedabad,,No,12,,
E0421,Pooja Kumar,25,Male,finance,Accountant,63700,Full-Time,9904682788,Kochi,3.4,No,13,,
E0422,Kavya Yadav,43,Female,IT,Tester,65700,Full-Time,9317544553,Bangalore,4,No,6,,
E0423,Amit Yadav,23,Male,Operations,Coordinator,70200,Contract,9660822794,Kochi,5.2,No,0,,
E0424,Sanjay Desai,54,Female,Marketing,Coordinator,61500,Full-Time,9504229513,Chennai,3.1,Yes,5,,
E0425,Anita Patil,38,female,IT,Tester,65100,Full-Time,9172892580,Kochi,4.4,No,10,,
E0426,Farhan Rao,45,Male,Marketing,Executive,39300,Full-Time,,Chennai,,Yes,1,,
E0427,Sunil Iyer,34,Male,HR,HR Manager,47500,Full-Time,9370955150,Jaipur,3.3,Yes,4,,
E0428,Aisha Chopra,,Female,OPERATIONS,Supervisor,46300,Full-Time,9050500559,Pune,4.8,No,1,,
E0429,Vinay Iyer,30,Female,IT,Developer,55900,Full-Time,9851561187,Kochi,3.8,No,,,
E0430,Ishaan Shaikh,37,Female,Sales,Executive,49900,Full-Time,9332539401,Chennai,3,Yes,12,,
E0431,Anita Verma,33,Female,sales,Account Manager,62300,Full-Time,9034070672,Nashik,3.8,No,7,,
E0432,Pooja Shaikh,52,Female,IT,Senior Developer,80600,Full-Time,9877172211,Hyderabad,5.3,No,12,,
E0433,Sneha Desai,40,Male,Marketing,Digital Marketer,48000,Full-Time,9385807230,Kochi,3.2,No,2,,
E0434,Kavya Mehta,57,Female,Sales,Account Manager,51100,Full-Time,9826736029,Pune,4.5,No,1,,
E0435,Anita Khan,52,Female,Finance,Analyst,60600,Full-Time,9651422781,Chennai,4.9,No,8,,
E0436,Sunil Khan,52,Male,Finance,Financial Controller,61200,Full-Time,9785981738,Jaipur,3.7,Yes,2,,
E0437,Sunil Shaikh,35,Male,Sales,Manager,46500,Full-Time,,Pune,4.4,No,7,,
E0438,Arjun Nair,37,Male,finance,Analyst,55700,Full-Time,9363320049,Jaipur,3.6,No,8,,
E0439,Varun Yadav,31,Female,Sales,Manager,53000,Full-Time,9760333805,Ahmedabad,4.1,No,14,,
E0440,Vinay Sharma,,Male,HR,HR Manager,34100,Full-Time,,Kochi,3.2,No,1,,
E0441,Sara Bansal,51,Female,Operations,Operations Manager,,Full-Time,9817993027,Chennai,5.6,No,12,,
E0442,Aisha Ghosh,29,Female,IT,Data Analyst,92100,Contract,9791801879,Hyderabad,4,No,10,,
E0443,Divya Desai,44,Male,operations,Coordinator,66400,Contract,9952075109,Pune,3.4,No,10,,
E0444,Kiran Shaikh,34,Male,operations,Supervisor,53100,Intern,9471700717,Kochi,4.2,No,0,,
E0445,Arjun Chopra,27,Male,Finance,Accountant,63500,Full-Time,9660069362,Ahmedabad,4,No,12,,
E0446,Rohan Mehta,39,Male,MARKETING,Executive,48100,Intern,9763351880,Delhi,4.5,Yes,3,,
E0447,Amit Patil,,Female,IT,Developer,76100,Contract,9352084326,Hyderabad,4.2,No,0,,
E0448,Sara Singh,23,Female,HR,HR Manager,51000,Full-Time,9874523100,Kochi,4.9,No,13,,
E0449,Neha Chavan,55,Female,Sales,Manager,54600,Full-Time,9641109187,Ahmedabad,3.4,No,8,,
E0450,Ishaan Mehta,55,Male,HR,Recruiter,52600,Full-Time,9063692051,Mumbai,3.6,Yes,5,,
E0451,Aisha Khan,,Male,Sales,Account Manager,35700,Contract,9636917953,Pune,3.9,No,10,,
E0452,Farhan Nair,,Male,IT,Data Analyst,84900,Full-Time,9266384218,Ahmedabad,3.8,Yes,11,,
E0453,Nikhil Chavan,26,Male,Finance,Analyst,76800,Full-Time,9956776180,Delhi,5,No,11,,
E0454,Neha Rao,38,Male,Marketing,Coordinator,54200,Full-Time,9154345263,Mumbai,4.4,No,2,,
E0455,Priya Kumar,41,Male,Marketing,Digital Marketer,40500,Full-Time,9430620197,Chennai,3.6,No,4,,
E0456,Neha Rao,52,Male,HR,Recruiter,42800,Full-Time,9205173207,Nashik,4,Yes,8,,
E0457,Sunil Joseph,,Male,Operations,Supervisor,45600,Intern,9564005575,Kochi,3.8,No,11,,
E0458,Kiran Siddiqui,29,Female,IT,Tester,63700,Full-Time,9750846936,Mumbai,,No,14,,
E0459,Sanjay Desai,22,Male,HR,Recruiter,45500,Full-Time,9702360237,Pune,2.7,Yes,12,,
E0460,Sunil Desai,58,Female,Sales,Account Manager,46100,Full-Time,,Ahmedabad,4,No,11,,
E0461,Sanjay Sharma,47,Male,IT,Senior Developer,57700,Full-Time,9202110402,Chennai,3.5,No,9,,
E0462,Lakshmi Siddiqui,37,Male,Sales,Manager,39100,Full-Time,,Chennai,,No,,,
E0463,Kiran Singh,35,Female,Marketing,Coordinator,51800,Full-Time,9340369980,Pune,4.1,No,2,,
E0464,Arjun Joseph,52,Male,Finance,Accountant,55200,Full-Time,9671033784,Nashik,4.3,No,15,,
E0465,Aisha Chavan,51,Male,Operations,Operations Manager,44200,Contract,9619430195,Hyderabad,,No,8,,
E0466,Varun Singh,56,Male,Sales,Account Manager,27700,Full-Time,9430079036,Jaipur,4,Yes,,,
E0467,Meera Mehta,48,Male,Operations,Coordinator,50600,Intern,9279711457,Hyderabad,4.4,No,5,,
E0468,Nikhil Malhotra,38,Male,Finance,Financial Controller,25800,Full-Time,9643405225,Chennai,3.2,No,7,,
E0469,Sara Desai,58,Female,Marketing,Digital Marketer,59400,Full-Time,9000454923,Jaipur,3.6,No,2,,
E0470,Kavya Chopra,31,Male,IT,Tester,81100,Full-Time,9645336043,Jaipur,4.9,No,14,,
E0471,Anita Nair,,Female,Marketing,Digital Marketer,65500,Full-Time,9478939132,Chennai,3.8,No,3,,
E0472,Sara Gupta,27,Male,IT,Senior Developer,73900,Full-Time,9774586927,Mumbai,3.7,No,9,,
E0473,Rahul Rao,43,Female,IT,DevOps Engineer,73700,Full-Time,,Kochi,4.4,No,2,,
E0474,Kavya Mehta,54,Male,Marketing,Executive,63400,Full-Time,9696402070,Ahmedabad,4.4,No,,,
E0475,Sanjay Chopra,38,Female,Operations,Coordinator,40700,Contract,9246986592,Bangalore,4,Yes,0,,
E0476,Anita Gupta,54,Female,Marketing,Digital Marketer,61800,Full-Time,9364127657,Ahmedabad,4.4,Yes,4,,
E0477,Sanjay Sharma,54,Female,Sales,Executive,48800,Intern,9376659342,Hyderabad,4.4,No,6,,
E0478,Rohan Mehta,37,Female,Finance,Accountant,36400,Full-Time,9027373398,Hyderabad,4.4,No,2,,
E0479,Sara Nair,22,Female,HR,HR Assistant,37200,Full-Time,9702773122,Bangalore,4.7,No,9,,
E0480,Sunil Reddy,,male,Operations,Supervisor,48100,Full-Time,9809092804,Mumbai,4.1,No,,,
E0481,Priya Ghosh,42,Male,IT,Senior Developer,81500,Contract,9322746054,Kochi,3.8,No,7,,
E0482,Anita Yadav,56,Male,MARKETING,Executive,60300,Full-Time,9593136980,Nashik,3.2,Yes,4,,
E0483,Aisha Patil,41,Male,Operations,Operations Manager,62100,Full-Time,9638895080,Bangalore,3.7,Yes,4,,
E0484,Neha Chopra,29,Male,Finance,Analyst,62100,Full-Time,9020691730,Ahmedabad,2.8,No,2,,
E0485,Priya Chavan,48,Male,Operations,Operations Manager,56500,Contract,9863342413,Delhi,4,No,9,,
E0486,Vinay Singh,57,Female,HR,HR Assistant,35300,Contract,9457027688,Nashik,3.9,No,4,,
E0487,Neha Patil,53,Male,HR,HR Manager,55500,Contract,9481589203,Jaipur,,No,10,,
E0488,Kavya Khan,54,Female,Operations,Coordinator,,Full-Time,9074528481,Jaipur,3.4,No,6,,
E0489,Nikhil Sharma,44,Fmail,Marketing,Executive,49900,Full-Time,9291442747,Kochi,4.7,No,8,,
E0490,Varun Patil,36,Male,Finance,Analyst,34000,Full-Time,9390285104,Delhi,4.4,No,,,
E0491,Lakshmi Gupta,47,Female,IT,DevOps Engineer,66700,Contract,9305053387,Pune,3.9,No,5,,
E0492,Arjun Sharma,45,Male,IT,Senior Developer,80000,Full-Time,9492347904,Ahmedabad,,No,3,,
E0493,Vinay Verma,46,Male,IT,DevOps Engineer,63300,Contract,9554211370,Ahmedabad,5.2,Yes,0,,
E0494,Vinay Shaikh,38,Female,HR,HR Assistant,34800,Full-Time,9140729816,Hyderabad,3.6,No,14,,
E0495,Priya Nair,28,female,HR,HR Manager,30600,Full-Time,9397819903,Hyderabad,3.6,No,5,,
E0496,Rahul Joseph,57,Male,IT,Developer,80400,Full-Time,9233122232,Jaipur,3.1,No,6,,
E0497,Sunil Desai,59,Male,IT,Tester,67200,Full-Time,9528627223,Pune,4.4,No,10,,
E0498,Priya Yadav,56,Female,Operations,Supervisor,74000,Full-Time,9215109866,Pune,4.2,No,10,,
E0499,Vinay Chopra,58,Female,finance,Financial Controller,69100,Full-Time,9916980169,Mumbai,4.2,No,2,,
E0500,Divya Patil,39,Female,sales,Executive,50100,Contract,9263862974,Hyderabad,4.4,No,9,,
E0501,Meera Kumar,25,Male,Sales,Manager,58400,Full-Time,9822418611,Mumbai,4.1,No,15,,
E0502,Farhan Chavan,45,Male,Marketing,Digital Marketer,57600,Full-Time,,Mumbai,2.3,No,2,,
E0503,Aisha Siddiqui,57,Male,HR,HR Manager,42200,Contract,9680672576,Kochi,3.4,No,2,,
E0504,Kavya Khan,31,Female,Finance,Accountant,82900,Full-Time,9843139778,Delhi,4.4,No,1,,
E0505,Amit Kumar,32,Female,Marketing,Executive,60400,Full-Time,9390372979,Mumbai,4.1,No,14,,
E0506,Aisha Joseph,58,Male,Operations,Operations Manager,53300,Full-Time,9778146466,Pune,3.9,No,0,,
E0507,Kavya Yadav,,Female,Sales,Executive,37900,Full-Time,,Bangalore,3.7,No,9,,
E0508,Rohan Kumar,56,Female,Operations,Supervisor,46000,Full-Time,,Nashik,4.4,No,14,,
E0509,Anita Sharma,36,Female,Marketing,Executive,59800,Contract,9536711000,Mumbai,3.9,No,12,,
E0510,Varun Verma,41,Female,HR,Recruiter,43200,Contract,9843358981,Mumbai,3.3,Yes,7,,
E0511,Nikhil Nair,37,Male,Sales,Manager,44900,Full-Time,9564152183,Bangalore,3.9,No,6,,
E0512,Divya Mehta,43,Male,Sales,Account Manager,46200,Full-Time,9477898745,Delhi,3,No,8,,
E0513,Ishaan Siddiqui,59,Female,HR,HR Manager,45000,Full-Time,9620286998,Ahmedabad,4.5,No,3,,
E0514,Meera Yadav,42,Male,Operations,Supervisor,40100,Contract,,Jaipur,,No,5,,
E0515,Divya Nair,52,Female,HR,Recruiter,48700,Full-Time,9034498701,Ahmedabad,3.3,Yes,10,,
E0516,Sanjay Patil,38,Female,Sales,Account Manager,53600,Full-Time,9465638265,Nashik,4,No,6,,
E0517,Lakshmi Mehta,41,Male,HR,HR Manager,49100,Full-Time,9444028810,Mumbai,4.2,No,,,
E0518,Varun Singh,48,Male,FINANCE,Financial Controller,56500,Full-Time,9786650119,Kochi,4,Yes,1,,
E0519,Arjun Desai,52,Male,IT,Tester,77300,Contract,9525752953,Chennai,3.5,Yes,11,,
E0520,Ishaan Ghosh,23,Female,HR,HR Manager,28300,Full-Time,9497725640,Hyderabad,4.5,No,13,,
E0521,Farhan Chavan,52,Female,HR,HR Assistant,31000,Full-Time,9155879597,Ahmedabad,3,No,,,
E0522,Farhan Siddiqui,43,Male,Operations,Coordinator,28700,Full-Time,9712544368,Chennai,3.7,No,5,,
E0523,Nikhil Bansal,49,Male,Marketing,Digital Marketer,51300,Full-Time,9545133530,Kochi,2.8,Yes,,,
E0524,Sara Patil,44,Female,Marketing,Digital Marketer,63300,Full-Time,9886640485,Jaipur,,No,7,,
E0525,Sneha Bansal,39,Male,HR,HR Manager,46600,Full-Time,9280619675,Bangalore,3.5,No,5,,
E0526,Neha Chopra,28,Female,Operations,Operations Manager,50900,Full-Time,9025353096,Bangalore,4.7,No,6,,
E0527,Priya Patil,22,Mlae,Operations,Coordinator,65700,Full-Time,9012440633,Mumbai,4.8,Yes,5,,
E0528,Arjun Bansal,33,Male,Marketing,Coordinator,53300,Full-Time,9480464446,Hyderabad,3.8,Yes,12,,
E0529,Lakshmi Malhotra,45,Female,Operations,Coordinator,58300,Full-Time,9736673842,Jaipur,3.9,No,0,,
E0530,Arjun Khan,,Male,IT,Data Analyst,65100,Contract,9321435121,Kochi,3.9,No,,,
E0531,Kiran Reddy,34,Male,IT,Tester,54200,Full-Time,9007306031,Chennai,,No,7,,
E0532,Arjun Iyer,,Female,IT,DevOps Engineer,75700,Full-Time,9119312055,Ahmedabad,3.9,No,3,,
E0533,Sneha Iyer,36,Male,Finance,Financial Controller,57500,Full-Time,9685746678,Jaipur,4.6,No,,,
E0534,Sunil S,52,Female,IT,Data Analyst,65700,Full-Time,9201821683,Hyderabad,4.6,No,2,,
E0535,Sara Nair,45,male,Operations,Supervisor,47100,Full-Time,9738022541,Hyderabad,4,No,13,,
E0536,Sanjay Patil,30,Male,IT,Data Analyst,78400,Full-Time,9835445631,Mumbai,3.9,No,6,,
E0537,Lakshmi Verma,58,Male,HR,HR Assistant,52400,Full-Time,9983935095,Delhi,5.3,No,,,
E0538,Rohan Gupta,58,Male,HR,Recruiter,45500,Contract,9595179006,Nashik,,No,13,,
E0539,Arjun Shaikh,43,male,IT,Tester,60900,Full-Time,9853705682,Ahmedabad,2.9,No,11,,
E0540,Arjun Khan,44,male,Finance,Accountant,84100,Full-Time,9527398450,Kochi,3.8,No,9,,
E0541,Ishaan Singh,24,Female,Marketing,Coordinator,,Full-Time,9898066134,Nashik,4.7,No,,,
E0542,Kavya Siddiqui,,Male,Operations,Supervisor,56700,Full-Time,9772213515,Hyderabad,4.4,Yes,3,,
E0543,Nikhil Chavan,31,Male,HR,Recruiter,42000,Intern,9728325267,Bangalore,3.9,No,4,,
E0544,Aisha Kumar,37,Male,HR,Recruiter,38300,Contract,9277983738,Ahmedabad,3.8,No,,,
E0545,Arjun Rao,45,Male,HR,Recruiter,44800,Contract,9874690973,Chennai,4.3,No,1,,
E0546,Divya Joseph,39,Female,HR,Recruiter,44700,Full-Time,9932745631,Chennai,4.7,No,4,,
E0547,Anita Patil,28,Female,Finance,Accountant,68600,Full-Time,9772675853,Mumbai,3,No,1,,
E0548,Anita Gupta,46,Male,finance,Financial Controller,67100,Full-Time,9891824197,Jaipur,4.9,No,13,,
E0549,Vinay Rao,,Mlae,Finance,Analyst,60500,Full-Time,9508022918,Chennai,3.8,No,6,,
E0550,Lakshmi Siddiqui,41,Female,Marketing,Digital Marketer,49100,Full-Time,,Ahmedabad,,No,11,,
E0551,Sanjay Reddy,49,Male,IT,Developer,79800,Full-Time,,Bangalore,3.9,No,10,,
E0552,Aisha S,22,FEMALE,Sales,Executive,31300,Full-Time,9957283956,Chennai,4.2,No,10,,
E0553,Sanjay Chopra,43,Male,IT,Tester,83200,Full-Time,9662036616,Kochi,4,No,1,,
E0554,Sanjay Ghosh,50,Male,Finance,Financial Controller,63400,Full-Time,9158057496,Pune,4.1,No,15,,
E0555,Neha Gupta,53,Male,HR,HR Manager,43400,Full-Time,9957973254,Ahmedabad,3.9,No,5,,
E0556,Pooja Malhotra,50,Female,Marketing,Coordinator,30000,Full-Time,9129789318,Delhi,3.9,No,6,,
E0557,Lakshmi S,29,male,HR,Recruiter,34500,Full-Time,9573916409,Ahmedabad,3.4,Yes,,,
E0558,Farhan Iyer,39,Female,HR,Recruiter,44400,Contract,9309741122,Ahmedabad,4.7,No,10,,
E0559,Divya Reddy,59,Male,Operations,Supervisor,66400,Full-Time,9140214999,Bangalore,4.6,No,6,,
E0560,Sneha Reddy,,Male,HR,HR Assistant,34500,Intern,9374664129,Delhi,2.7,Yes,5,,
E0561,Divya Ghosh,41,Female,Sales,Account Manager,59700,Full-Time,,Mumbai,4,No,3,,
E0562,Rahul Khan,30,Male,IT,DevOps Engineer,54000,Full-Time,9107711983,Chennai,3.4,Yes,,,
E0563,Farhan Verma,56,Male,Finance,Analyst,70400,Full-Time,9023332617,Delhi,4.2,No,1,,
E0564,Sanjay Ghosh,,Male,Operations,Supervisor,74400,Full-Time,9035787381,Ahmedabad,4.1,No,12,,
E0565,Priya Mehta,29,Male,IT,Developer,56800,Full-Time,9493820779,Kochi,4.8,Yes,5,,
E0566,Pooja Ghosh,57,MALE,Sales,Executive,42600,Full-Time,9116805941,Nashik,3.7,No,1,,
E0567,Anita S,25,Female,Marketing,Coordinator,44200,Full-Time,9128540745,Chennai,3.2,No,2,,
E0568,Varun Sharma,54,Male,HR,Recruiter,46400,Full-Time,9101712413,Kochi,4.3,No,1,,
E0569,Kavya Nair,47,FEMALE,Finance,Analyst,54300,Contract,9448505631,Delhi,,No,14,,
E0570,Neha Bansal,24,Female,IT,Tester,67500,Full-Time,9636726137,Ahmedabad,4.6,Yes,14,,
E0571,Rahul Shaikh,59,Female,Operations,Supervisor,43100,Full-Time,9072890061,Nashik,4.7,No,6,,
E0572,Meera Shaikh,58,Female,IT,Senior Developer,82900,Full-Time,9883822903,Bangalore,3.8,No,2,,
E0573,Sunil Patil,45,Male,IT,DevOps Engineer,77900,Contract,9647736747,Jaipur,3.8,No,2,,
E0574,Neha Bansal,26,Male,Operations,Coordinator,44400,Full-Time,9004035422,Delhi,4,No,8,,
E0575,Meera Bansal,44,Female,IT,Data Analyst,72100,Full-Time,9572551151,Bangalore,3.5,No,3,,
E0576,Sanjay Sharma,58,Female,Marketing,Executive,50100,Full-Time,9050152017,Hyderabad,4,Yes,10,,
E0577,Divya Desai,44,Female,Sales,Manager,58500,Full-Time,9901070932,Ahmedabad,4,No,10,,
E0578,Ishaan S,59,Female,Marketing,Digital Marketer,49600,Full-Time,9197963491,Kochi,3,Yes,1,,
E0579,Rahul Ghosh,55,female,HR,HR Manager,44600,Contract,9864561470,Mumbai,4.2,No,7,,
E0580,Sanjay Reddy,24,Male,Marketing,Executive,49300,Full-Time,9808590951,Pune,,No,3,,
E0581,Neha Singh,41,Male,Sales,Account Manager,27100,Full-Time,9272019892,Nashik,2.9,No,8,,
E0582,Vinay Desai,38,Male,IT,Developer,71100,Full-Time,9007326154,Ahmedabad,3.9,Yes,6,,
E0583,Pooja Patil,47,Female,Operations,Coordinator,56600,Intern,9342770056,Jaipur,5.8,Yes,7,,
E0584,Ishaan Bansal,27,FEMALE,Finance,Accountant,74600,Intern,9917740192,Nashik,4.2,No,8,,
E0585,Farhan S,46,Female,Operations,Operations Manager,47400,Full-Time,9155923692,Kochi,5.5,Yes,2,,
E0586,Sunil Nair,48,Mlae,SALES,Account Manager,58800,Full-Time,9771792032,Mumbai,3.6,No,12,,
E0587,Lakshmi Singh,58,Female,Finance,Accountant,74200,Full-Time,9118891887,Delhi,4,No,9,,
E0588,Priya Yadav,40,Male,Marketing,Coordinator,40200,Full-Time,,Pune,3.8,No,9,,
E0589,Priya Nair,44,Male,FINANCE,Financial Controller,68100,Full-Time,9929595504,Bangalore,4.8,No,10,,
E0590,Anita Verma,26,Male,marketing,Executive,51300,Contract,9240010401,Kochi,4.4,No,9,,
E0591,Meera Malhotra,54,Male,Marketing,Digital Marketer,57800,Full-Time,9031475967,Bangalore,3.4,No,8,,
E0592,Sanjay Siddiqui,38,Mlae,Sales,Account Manager,49400,Full-Time,9004033698,Kochi,4,No,3,,
E0593,Nikhil S,48,Female,Operations,Coordinator,51800,Full-Time,9026254315,Mumbai,3.8,No,9,,
E0594,Pooja Singh,59,Male,Operations,Operations Manager,57600,Intern,9897058072,Mumbai,4.4,No,2,,
E0595,Rahul Sharma,57,Female,Sales,Manager,62700,Contract,9635471141,Chennai,3.8,No,8,,
E0596,Varun Iyer,50,Male,Finance,Financial Controller,65100,Full-Time,9662812080,Mumbai,2.8,Yes,6,,
E0597,Lakshmi S,57,Female,hr,HR Manager,35600,Contract,9620043773,Chennai,4,Yes,13,,
E0598,Priya Verma,34,Mlae,marketing,Coordinator,45600,Full-Time,9813408944,Kochi,4.1,No,11,,
E0599,Vinay S,48,Female,IT,Tester,51400,Full-Time,9594582919,Jaipur,4.2,No,,,
E0600,Nikhil Kumar,46,Female,sales,Manager,54000,Full-Time,,Chennai,5,No,2,,
E0601,Rahul Reddy,26,Male,HR,HR Assistant,45100,Full-Time,9009809836,Ahmedabad,3.1,No,13,,
E0602,Sanjay Shaikh,47,Female,Finance,Analyst,74600,Full-Time,9127577009,Kochi,4,Yes,3,,
E0603,Lakshmi Siddiqui,35,Male,Finance,Analyst,79300,Full-Time,9685650705,Pune,4.4,No,6,,
E0604,Kiran Kumar,44,Male,Sales,Manager,55400,Full-Time,9342655570,Hyderabad,,No,5,,
E0605,Sunil Rao,48,Female,Marketing,Executive,55900,Contract,9612027737,Jaipur,3,No,15,,
E0606,Vinay Malhotra,37,FEMALE,Sales,Executive,52500,Full-Time,9684366417,Delhi,4.7,No,9,,
E0607,Nikhil Shaikh,51,female,Finance,Accountant,63300,Full-Time,9711587608,Bangalore,4.1,Yes,,,
E0608,Anita Shaikh,59,Female,HR,HR Manager,58700,Full-Time,9796858635,Chennai,4.6,No,,,
E0609,Anita Gupta,34,Female,Sales,Executive,56300,Full-Time,9524073313,Delhi,4.4,No,13,,
E0610,Sara Rao,37,Male,it,Tester,72200,Full-Time,9576192830,Kochi,4,No,12,,
E0611,Arjun Kumar,59,Male,Finance,Accountant,70000,Full-Time,9389675359,Delhi,3.1,No,6,,
E0612,Kiran Iyer,22,Female,Sales,Manager,49200,Full-Time,9788416083,Kochi,3.2,No,,,
E0613,Aisha Nair,58,FEMALE,HR,HR Assistant,32400,Full-Time,9359433851,Delhi,4.3,Yes,1,,
E0614,Sunil Chavan,45,Male,Operations,Coordinator,48800,Full-Time,9971146671,Delhi,4.1,No,3,,
E0615,Kavya Khan,50,Male,Sales,Manager,39500,Intern,9902731948,Jaipur,2.8,No,14,,
E0616,Aisha Malhotra,38,Fmail,Finance,Financial Controller,57600,Full-Time,9530013123,Bangalore,,No,1,,
E0617,Varun Ghosh,32,Female,Sales,Manager,63200,Full-Time,9863908038,Kochi,3.9,No,9,,
E0618,Varun S,51,MALE,Sales,Executive,46700,Full-Time,9403240743,Nashik,3.8,No,13,,
E0619,Amit Rao,41,male,IT,Senior Developer,72500,Full-Time,9888912276,Nashik,,No,6,,
E0620,Rohan S,44,Male,HR,HR Manager,54400,Full-Time,9032521961,Jaipur,2.9,Yes,4,,
E0621,Nikhil Sharma,36,Male,IT,Developer,65200,Full-Time,9615054292,Hyderabad,3.9,No,14,,
E0622,Aisha Ghosh,,Female,IT,Senior Developer,83400,Full-Time,9276687774,Delhi,4.4,Yes,,,
E0623,Vinay Reddy,49,Female,IT,Data Analyst,82600,Full-Time,9923022732,Delhi,4.5,No,8,,
E0624,Nikhil Ghosh,,Female,IT,DevOps Engineer,53700,Full-Time,9924437958,Nashik,3.8,No,11,,
E0625,Varun Joseph,52,Female,Operations,Operations Manager,37200,Intern,9241311714,Delhi,,No,8,,
E0626,Nikhil Desai,30,Female,IT,Data Analyst,67300,Contract,9113075883,Mumbai,,No,1,,
E0627,Varun Joseph,54,Female,Sales,Account Manager,59200,Full-Time,9515412711,Hyderabad,,No,7,,
E0628,Anita Kumar,42,Male,Marketing,Coordinator,47800,Full-Time,9582853250,Hyderabad,3.4,No,0,,
E0629,Arjun Patil,50,Male,Operations,Coordinator,66700,Full-Time,9690327474,Nashik,,No,,,
E0630,Kiran Chopra,59,Female,Sales,Manager,50400,Contract,9872456743,Delhi,3.8,No,14,,
E0631,Vinay Shaikh,47,MALE,Finance,Accountant,82900,Full-Time,,Ahmedabad,3.3,No,2,,
E0632,Sunil Rao,50,Male,Operations,Coordinator,65300,Contract,,Delhi,4.1,No,,,
E0633,Divya Nair,54,female,IT,Data Analyst,80700,Full-Time,9910436978,Chennai,3.6,No,6,,
E0634,Meera Rao,22,Male,Sales,Account Manager,,Full-Time,9665336994,Jaipur,,Yes,12,,
E0635,Rohan Bansal,58,Female,Operations,Operations Manager,42000,Full-Time,9696208662,Delhi,3.8,No,13,,
E0636,Meera S,30,Male,Finance,Financial Controller,50100,Full-Time,,Kochi,5.1,Yes,1,,
E0637,Nikhil Yadav,36,Male,Operations,Operations Manager,53200,Full-Time,9937699761,Ahmedabad,4,No,11,,
E0638,Rahul Desai,22,Female,Sales,Manager,54700,Full-Time,9804444718,Chennai,4.3,No,3,,
E0639,Sneha Reddy,56,Male,Sales,Manager,52300,Full-Time,9296489783,Bangalore,4.2,No,11,,
E0640,Priya Iyer,35,MALE,Finance,Financial Controller,46400,Full-Time,,Chennai,4.3,No,3,,
E0641,Lakshmi Joseph,25,Male,Marketing,Coordinator,67800,Intern,9610743834,Delhi,3.8,Yes,8,,
E0642,Amit Patil,27,MALE,HR,HR Assistant,54000,Full-Time,9149592481,Kochi,4.4,No,3,,
E0643,Vinay Khan,24,Female,IT,Tester,76800,Full-Time,9223509818,Hyderabad,4,No,8,,
E0644,Rohan Desai,47,Female,Operations,Coordinator,69400,Full-Time,9334685647,Bangalore,4.1,Yes,6,,
E0645,Divya S,55,Male,Finance,Financial Controller,46800,Full-Time,9660184694,Pune,2.9,No,7,,
E0646,Kavya Malhotra,24,Female,HR,HR Manager,54200,Full-Time,9899799752,Hyderabad,4,Yes,12,,
E0647,Ishaan Rao,23,Male,IT,Data Analyst,78900,Contract,9794166270,Chennai,5.1,Yes,8,,
E0648,Amit Singh,51,Male,Finance,Financial Controller,72200,Full-Time,9958875956,Jaipur,3.1,No,1,,
E0649,Pooja Rao,22,Female,Marketing,Coordinator,53000,Full-Time,9174146137,Nashik,3.8,No,11,,
E0650,Amit Gupta,42,FEMALE,Sales,Executive,44000,Full-Time,9115140760,Ahmedabad,2.9,No,11,,
E0651,Ishaan Iyer,55,Male,Finance,Accountant,48300,Contract,9800720761,Mumbai,4.6,No,3,,
E0652,Ishaan Ghosh,22,Male,Operations,Supervisor,66400,Full-Time,9146188444,Mumbai,4.4,No,4,,
E0653,Meera Iyer,46,Mlae,Finance,Financial Controller,60800,Full-Time,9207063718,Delhi,3.5,No,3,,
E0654,Neha Mehta,42,Male,Operations,Supervisor,42300,Full-Time,,Kochi,3.8,No,10,,
E0655,Divya Shaikh,49,Male,HR,HR Assistant,51000,Full-Time,9545874693,Ahmedabad,3.5,No,8,,
E0656,Vinay Kumar,56,Female,Finance,Analyst,82500,Full-Time,9148571037,Delhi,4.7,No,5,,
E0657,Lakshmi Chopra,55,Female,Operations,Operations Manager,45200,Full-Time,,Ahmedabad,4.1,No,0,,
E0658,Sara Bansal,57,female,Sales,Manager,38500,Full-Time,9305104555,Chennai,3.4,No,0,,
E0659,Ishaan Reddy,47,Male,HR,HR Assistant,25000,Full-Time,9173999111,Chennai,3.8,No,9,,
E0660,Lakshmi Gupta,33,Male,HR,Recruiter,52000,Full-Time,,Bangalore,4.4,Yes,7,,
E0661,Sneha Yadav,23,Male,Finance,Accountant,72500,Full-Time,,Jaipur,3.9,No,12,,
E0662,Varun S,27,Female,Sales,Executive,62100,Full-Time,9647833245,Hyderabad,4.3,Yes,4,,
E0663,Aisha Iyer,51,Female,Finance,Analyst,77100,Contract,9213179128,Mumbai,4.6,No,0,,
E0664,Nikhil Ghosh,24,Male,HR,HR Manager,52600,Full-Time,9279323740,Jaipur,4.2,No,8,,
E0665,Priya Verma,35,Female,HR,HR Manager,57600,Full-Time,9036969919,Delhi,2.5,No,7,,
E0666,Arjun Nair,,Female,Marketing,Digital Marketer,45300,Full-Time,9288312676,Chennai,3.8,Yes,13,,
E0667,Divya Rao,49,Male,Operations,Operations Manager,39000,Full-Time,9296968442,Jaipur,4.6,No,13,,
E0668,Kiran Chopra,29,Female,Sales,Manager,62300,Full-Time,9993675615,Delhi,4.6,No,14,,
E0669,Kavya Reddy,41,Female,Finance,Accountant,75300,Contract,9950382317,Chennai,3.3,Yes,0,,
E0670,Neha Mehta,27,Male,Operations,Supervisor,56600,Full-Time,9531705191,Ahmedabad,,No,6,,
E0671,Neha Yadav,52,Male,HR,HR Manager,44400,Full-Time,9767279256,Ahmedabad,4.1,No,9,,
E0672,Sanjay Gupta,41,Male,Finance,Accountant,69500,Full-Time,9192342698,Nashik,4.3,No,3,,
E0673,Meera Rao,42,Female,Marketing,Digital Marketer,46000,Full-Time,9786413726,Ahmedabad,3.3,No,8,,
E0674,Amit Yadav,27,Female,Sales,Account Manager,46100,Full-Time,9523203388,Bangalore,3.9,No,12,,
E0675,Sunil Reddy,38,Male,Sales,Executive,54500,Full-Time,9169671671,Hyderabad,3.6,No,6,,
E0676,Varun S,33,Female,Operations,Coordinator,62200,Contract,,Nashik,3.7,No,0,,
E0677,Divya Sharma,42,Female,HR,Recruiter,56500,Full-Time,9103756174,Delhi,4.4,No,12,,
E0678,Arjun Rao,58,Male,IT,Developer,80100,Full-Time,9010979222,Mumbai,2.9,No,5,,
E0679,Rahul Sharma,48,Male,HR,Recruiter,,Full-Time,9346517021,Mumbai,3.9,Yes,3,,
E0680,Sneha Bansal,50,Male,hr,Recruiter,43200,Full-Time,9832895885,Mumbai,,No,2,,
E0681,Divya S,37,FEMALE,Operations,Operations Manager,53600,Full-Time,9929851280,Kochi,5.1,Yes,4,,
E0682,Sanjay Shaikh,30,Female,HR,HR Manager,38000,Full-Time,9416002141,Pune,,No,0,,
E0683,Kavya Yadav,54,Female,Operations,Operations Manager,33700,Full-Time,9587733031,Pune,,No,3,,
E0684,Sara Mehta,39,Male,Marketing,Digital Marketer,65900,Full-Time,9087264720,Delhi,4.6,No,8,,
E0685,Varun Chopra,29,Female,Operations,Operations Manager,53500,Full-Time,9114928452,Ahmedabad,3.4,No,6,,
E0686,Priya Nair,51,Female,SALES,Manager,49600,Full-Time,9345027031,Chennai,3.7,Yes,13,,
E0687,Farhan Bansal,34,Female,Marketing,Coordinator,48400,Full-Time,9083702645,Kochi,,No,10,,
E0688,Sara Singh,35,Female,Marketing,Executive,55800,Full-Time,9858976897,Mumbai,4,No,0,,
E0689,Vinay Nair,52,Male,IT,Data Analyst,85500,Full-Time,9895418192,Pune,4.1,No,,,
E0690,Sara Joseph,46,Male,Sales,Executive,56200,Full-Time,9199969964,Delhi,4.9,Yes,9,,
E0691,Neha Gupta,42,Male,Marketing,Digital Marketer,45800,Full-Time,9107105439,Delhi,,No,6,,
E0692,Priya Khan,,male,Operations,Supervisor,67700,Full-Time,9946813466,Hyderabad,4.4,No,2,,
E0693,Meera Rao,57,Female,IT,Tester,60500,Full-Time,9150236414,Chennai,3.6,No,1,,
E0694,Sanjay Siddiqui,39,Female,Finance,Financial Controller,45000,Full-Time,9569827413,Ahmedabad,3.8,Yes,7,,
E0695,Kiran Chopra,59,Male,Sales,Account Manager,37400,Full-Time,,Delhi,3.7,No,9,,
E0696,Kavya S,46,Male,IT,Data Analyst,68200,Full-Time,,Pune,3.1,Yes,4,,
E0697,Kavya Malhotra,49,Male,IT,Tester,74600,Contract,9422788330,Kochi,3.5,No,11,,
E0698,Anita Nair,,Male,HR,HR Manager,48900,Full-Time,,Chennai,3.9,No,10,,
E0699,Lakshmi Yadav,42,Male,hr,HR Manager,41200,Full-Time,9847318373,Kochi,4.5,Yes,13,,
E0700,Lakshmi Singh,37,Mlae,Marketing,Coordinator,34700,Contract,9967275099,Kochi,5.3,Yes,1,,
E0701,Kavya Reddy,,Fmail,Operations,Coordinator,30000,Full-Time,9375759476,Mumbai,3.8,No,,,
E0702,Kavya Gupta,,Male,Operations,Operations Manager,41400,Full-Time,9495442550,Delhi,,No,1,,
E0703,Vinay Reddy,,Female,Sales,Manager,64000,Contract,,Ahmedabad,,No,7,,
E0704,Lakshmi Joseph,49,Female,Sales,Executive,45000,Contract,9786376756,Mumbai,3.8,Yes,8,,
E0705,Pooja Siddiqui,35,Male,Operations,Supervisor,37100,Full-Time,9288514414,Hyderabad,3.2,No,1,,
E0706,Amit Nair,27,Male,Sales,Account Manager,48200,Full-Time,9920655249,Hyderabad,3.9,No,13,,
E0707,Amit Iyer,51,Male,Operations,Supervisor,74500,Full-Time,9649293347,Delhi,,No,0,,
E0708,Kavya Malhotra,49,Female,Marketing,Executive,52800,Full-Time,,Kochi,,No,4,,
E0709,Sneha Joseph,53,Male,IT,Tester,96600,Full-Time,9164960813,Bangalore,2.8,No,2,,
E0710,Sunil Nair,44,Male,Sales,Executive,46800,Full-Time,9429375004,Kochi,3.6,No,3,,
E0711,Pooja Bansal,37,Male,Sales,Manager,42200,Full-Time,9583566139,Nashik,3.5,No,10,,
E0712,Sneha Reddy,28,Female,HR,HR Assistant,44000,Full-Time,9440523219,Nashik,3,No,3,,
E0713,Arjun Iyer,22,Female,Operations,Coordinator,72400,Full-Time,9107116213,Jaipur,4.4,No,2,,
E0714,Kavya Nair,33,Female,IT,DevOps Engineer,77100,Full-Time,,Kochi,4.3,No,3,,
E0715,Pooja Desai,41,male,Finance,Analyst,39100,Full-Time,9000555234,Mumbai,,No,5,,
E0716,Sneha Malhotra,23,Female,Sales,Account Manager,33500,Full-Time,9081883170,Bangalore,5,No,8,,
E0717,Divya Patil,44,Female,HR,Recruiter,69900,Contract,9954676393,Kochi,4.6,No,11,,
E0718,Lakshmi Ghosh,35,MALE,Operations,Coordinator,,Contract,9732543864,Jaipur,,Yes,13,,
E0719,Amit Shaikh,30,Male,Operations,Operations Manager,49200,Full-Time,,Pune,3.5,No,2,,
E0720,Sunil Rao,39,Female,HR,Recruiter,54700,Full-Time,9642478487,Jaipur,4.3,No,3,,
E0721,Vinay Verma,25,Female,Operations,Operations Manager,69500,Intern,9426229094,Chennai,4.9,No,8,,
E0722,Ishaan S,24,Female,Marketing,Coordinator,50200,Contract,9204426885,Bangalore,4.1,Yes,5,,
E0723,Aisha S,32,Female,Finance,Analyst,67600,Full-Time,,Bangalore,4,No,2,,
E0724,Rahul Gupta,40,Male,Sales,Executive,43800,Full-Time,9088873758,Kochi,4.6,No,2,,
E0725,Vinay Patil,,Male,Finance,Accountant,66300,Full-Time,9101076458,Ahmedabad,4.4,No,,,
E0726,Sunil Singh,53,Female,IT,DevOps Engineer,85300,Full-Time,9757906133,Hyderabad,3.9,No,,,
E0727,Pooja Chopra,48,Male,Operations,Supervisor,47600,Contract,9738183912,Mumbai,4.4,No,8,,
E0728,Farhan Siddiqui,53,Female,Finance,Accountant,49200,Full-Time,9747570847,Delhi,4.2,No,1,,
E0729,Rohan Joseph,36,Male,IT,Tester,64500,Full-Time,9731363184,Bangalore,3.9,No,6,,
E0730,Rahul Chopra,34,Female,HR,HR Manager,46300,Full-Time,9731077242,Hyderabad,3.7,No,13,,
E0731,Neha Singh,29,Male,Operations,Supervisor,46900,Contract,9372686522,Ahmedabad,3.3,Yes,9,,
E0732,Pooja Mehta,33,Male,Operations,Operations Manager,39000,Full-Time,9938509438,Kochi,4.2,No,14,,
E0733,Farhan Shaikh,32,Female,HR,HR Manager,32800,Full-Time,,Chennai,3.6,No,0,,
E0734,Pooja Joseph,56,Male,HR,HR Manager,59100,Full-Time,,Hyderabad,2.9,No,7,,
E0735,Divya Shaikh,43,Female,HR,Recruiter,36900,Full-Time,9725779530,Delhi,3.5,Yes,9,,
E0736,Aisha S,25,Female,Sales,Manager,49700,Full-Time,9799752379,Mumbai,4,Yes,4,,
E0737,Aisha S,30,Male,HR,Recruiter,58200,Contract,9171538005,Nashik,4.5,No,4,,
E0738,Kavya Mehta,41,Female,Marketing,Executive,52500,Full-Time,9610761572,Pune,4.2,No,8,,
E0739,Divya Nair,45,female,HR,Recruiter,43300,Full-Time,9196060123,Pune,,No,10,,
E0740,Lakshmi Khan,48,Male,Marketing,Executive,51900,Full-Time,9357217949,Mumbai,4.6,No,2,,
E0741,Rahul Gupta,46,Female,IT,Tester,73300,Full-Time,9808674356,Chennai,4.2,No,0,,
E0742,Sneha Gupta,25,Male,Operations,Coordinator,60100,Full-Time,9061280751,Ahmedabad,3.8,No,8,,
E0743,Neha Gupta,52,MALE,FINANCE,Accountant,54000,Full-Time,9902251993,Pune,3.8,No,5,,
E0744,Rahul Siddiqui,30,Male,Marketing,Executive,49000,Full-Time,9621462150,Hyderabad,2.8,Yes,10,,
E0745,Sneha Patil,47,Female,Sales,Account Manager,42600,Contract,9704034331,Hyderabad,3.7,No,10,,
E0746,Rohan Mehta,37,MALE,IT,DevOps Engineer,82200,Contract,9907605240,Bangalore,4,No,6,,
E0747,Varun Kumar,48,Male,MARKETING,Coordinator,55700,Full-Time,9946520588,Mumbai,4.8,No,2,,
E0748,Arjun Yadav,39,Male,IT,Senior Developer,74700,Full-Time,9780736764,Delhi,2.9,No,,,
E0749,Kiran Mehta,55,Male,Operations,Coordinator,42800,Contract,9137343966,Hyderabad,3.9,Yes,12,,
E0750,Rohan S,47,Female,Operations,Operations Manager,46700,Contract,9507528616,Jaipur,2.4,No,0,,
E0751,Ishaan Mehta,42,Male,HR,HR Manager,51700,Full-Time,9663398431,Chennai,3.7,No,13,,
E0752,Lakshmi Bansal,50,Male,HR,HR Manager,26700,Full-Time,9415815275,Chennai,3.9,No,7,,
E0753,Sneha Ghosh,25,Female,FINANCE,Financial Controller,26300,Contract,9754914169,Bangalore,4.7,No,14,,
E0754,Rahul Khan,51,Male,IT,Tester,39800,Contract,9201766928,Mumbai,5,No,4,,
E0755,Farhan Verma,31,Female,IT,DevOps Engineer,80200,Full-Time,,Hyderabad,4.1,No,,,
E0756,Priya Kumar,22,Female,Operations,Coordinator,46500,Full-Time,9353353710,Delhi,,No,8,,
E0757,Rohan Chopra,42,male,HR,HR Manager,47600,Full-Time,9755929665,Mumbai,4.2,No,8,,
E0758,Varun Mehta,23,Female,Operations,Supervisor,56100,Contract,9429410927,Bangalore,3.9,No,,,
E0759,Sara Sharma,23,Male,IT,Developer,69200,Full-Time,,Ahmedabad,3.7,No,12,,
E0760,Varun Kumar,39,Male,Operations,Operations Manager,63500,Full-Time,9648564775,Ahmedabad,4.1,No,8,,
E0761,Rahul Joseph,25,Female,HR,HR Assistant,40100,Full-Time,9872175272,Hyderabad,,No,2,,
E0762,Meera Joseph,36,Female,HR,HR Manager,37600,Contract,9886816488,Delhi,4,No,5,,
E0763,Ishaan Iyer,56,Male,HR,HR Manager,36600,Full-Time,,Hyderabad,4.1,No,2,,
E0764,Farhan Rao,,Female,Finance,Analyst,78900,Full-Time,9645479513,Bangalore,3.5,No,,,
E0765,Divya Malhotra,41,Male,HR,HR Manager,45800,Full-Time,9755230463,Kochi,3.7,No,,,
E0766,Sara S,33,Female,Finance,Analyst,64100,Full-Time,9540633503,Jaipur,3.9,No,5,,
E0767,Meera Reddy,57,Female,Marketing,Coordinator,31600,Full-Time,9251047339,Jaipur,3.9,No,13,,
E0768,Nikhil Mehta,26,Female,Finance,Accountant,89000,Full-Time,9906274603,Pune,,No,10,,
E0769,Lakshmi Khan,52,Female,Sales,Account Manager,69600,Full-Time,9356833799,Jaipur,3.6,No,4,,
E0770,Lakshmi Patil,43,Female,Finance,Accountant,65200,Full-Time,9697158432,Mumbai,4.4,No,5,,
E0771,Divya S,34,Female,HR,HR Assistant,56700,Full-Time,9279842056,Delhi,,No,7,,
E0772,Amit Nair,22,Male,Operations,Operations Manager,57000,Contract,9201942167,Jaipur,4.4,No,7,,
E0773,Amit Mehta,28,Male,Finance,Analyst,71900,Full-Time,9974205624,Jaipur,3.9,No,11,,
E0774,Sara Chopra,33,Male,HR,HR Assistant,38700,Full-Time,9690911114,Bangalore,3.7,Yes,4,,
E0775,Lakshmi Mehta,29,Female,Marketing,Digital Marketer,58000,Full-Time,9595054726,Kochi,4,No,11,,
E0776,Sanjay Iyer,38,Male,Finance,Accountant,66200,Full-Time,9205873352,Pune,3.5,Yes,12,,
E0777,Sara Gupta,26,female,HR,Recruiter,39900,Full-Time,9468079963,Mumbai,3.2,No,13,,
E0778,Divya Shaikh,55,Female,Finance,Accountant,52900,Full-Time,9029115551,Nashik,4.2,No,13,,
E0779,Anita Verma,41,Female,Operations,Supervisor,68300,Full-Time,9463263155,Delhi,4.5,Yes,10,,
E0780,Rohan Patil,51,Female,it,Data Analyst,52400,Full-Time,9795534787,Pune,4.1,No,14,,
E0781,Lakshmi Chopra,29,Mlae,IT,Senior Developer,78100,Contract,9816516156,Mumbai,4.3,No,8,,
E0782,Sara Desai,53,Male,Operations,Coordinator,37400,Full-Time,9272953172,Hyderabad,,No,11,,
E0783,Farhan Kumar,59,Female,Finance,Accountant,70600,Full-Time,9182614962,Chennai,2.2,No,2,,
E0784,Rahul Shaikh,41,Male,Finance,Accountant,71900,Full-Time,9419912299,Jaipur,4.3,Yes,1,,
E0785,Varun Khan,29,Female,IT,Tester,71100,Full-Time,9141415911,Hyderabad,,No,5,,
E0786,Farhan Chavan,36,Female,Marketing,Coordinator,63800,Full-Time,9369080342,Chennai,4.5,No,10,,
E0787,Arjun Reddy,29,male,Operations,Operations Manager,52600,Full-Time,9207475971,Jaipur,4.2,No,10,,
E0788,Vinay Ghosh,43,Female,HR,HR Manager,53000,Full-Time,9982569519,Delhi,5.2,No,15,,
E0789,Priya Chopra,55,FEMALE,FINANCE,Financial Controller,89300,Full-Time,9502333347,Bangalore,3.8,No,5,,
E0790,Rahul Shaikh,24,Male,Finance,Financial Controller,55900,Full-Time,9552852983,Delhi,4.4,No,3,,
E0791,Priya Patil,26,Male,Operations,Operations Manager,69800,Intern,,Bangalore,3.9,No,13,,
E0792,Meera Joseph,40,Female,finance,Analyst,62400,Contract,9102786933,Nashik,4.2,No,1,,
E0793,Kavya Joseph,48,Female,Marketing,Digital Marketer,50200,Full-Time,9486523079,Jaipur,3.8,No,8,,
E0794,Amit Mehta,51,Female,IT,Senior Developer,98900,Intern,9718654633,Mumbai,3.5,No,5,,
E0795,Sneha Shaikh,29,male,MARKETING,Coordinator,,Full-Time,9719160868,Delhi,3.1,No,7,,
E0796,Vinay Verma,57,Female,Sales,Account Manager,35700,Intern,9300128110,Ahmedabad,2.9,Yes,2,,
E0797,Nikhil Chopra,36,Male,Operations,Coordinator,42500,Contract,,Mumbai,3.6,Yes,9,,
E0798,Neha Chavan,22,female,Finance,Accountant,80100,Full-Time,9099944492,Pune,4.4,No,4,,
E0799,Lakshmi Siddiqui,24,Male,HR,HR Manager,44300,Contract,9610615723,Jaipur,,Yes,13,,
E0800,Nikhil Sharma,22,Male,Sales,Manager,52100,Full-Time,,Jaipur,,Yes,4,,
E0801,Rahul Mehta,34,Female,HR,HR Assistant,48600,Full-Time,9898991868,Nashik,3.2,No,14,,
E0802,Neha Rao,46,Female,Finance,Financial Controller,73600,Contract,9378081678,Kochi,,No,11,,
E0803,Vinay Malhotra,37,Female,Sales,Executive,60000,Full-Time,9444448700,Chennai,4.4,Yes,13,,
E0804,Aisha Sharma,22,Male,Finance,Financial Controller,90800,Full-Time,9145101059,Nashik,4.2,No,6,,
E0805,Sunil Singh,35,Male,Finance,Analyst,85100,Contract,9722971036,Jaipur,4.9,No,13,,
E0806,Meera Reddy,,Male,Finance,Financial Controller,57800,Full-Time,9349358057,Mumbai,2.9,No,,,
E0807,Sanjay Joseph,56,Male,Marketing,Coordinator,47500,Full-Time,9362285039,Kochi,3.6,No,2,,
E0808,Ishaan Khan,46,Female,Marketing,Coordinator,61900,Full-Time,9316133990,Chennai,4.4,No,8,,
E0809,Sara Sharma,27,Male,Finance,Financial Controller,56400,Full-Time,9700344610,Bangalore,3.5,Yes,,,
E0810,Sanjay Mehta,42,Female,HR,HR Manager,40800,Full-Time,9468622689,Bangalore,3,No,10,,
E0811,Rohan Chavan,33,Mlae,Sales,Executive,48300,Full-Time,9989575536,Pune,3.9,No,9,,
E0812,Sneha Malhotra,34,Male,HR,Recruiter,46300,Full-Time,9809816153,Chennai,4.5,Yes,11,,
E0813,Pooja Siddiqui,40,Female,HR,HR Assistant,,Full-Time,9769261519,Delhi,3.6,No,12,,
E0814,Farhan Yadav,55,Male,IT,DevOps Engineer,100400,Full-Time,,Kochi,3.8,Yes,8,,
E0815,Kavya Patil,36,Male,IT,Tester,45900,Full-Time,9777718153,Bangalore,,No,6,,
E0816,Rohan Chavan,30,Male,marketing,Digital Marketer,39000,Full-Time,9065660856,Nashik,4.4,No,13,,
E0817,Sneha Siddiqui,23,Female,Sales,Manager,,Full-Time,9246298943,Ahmedabad,4.8,No,9,,
E0818,Kavya Reddy,59,FEMALE,Marketing,Digital Marketer,34900,Contract,9131640045,Nashik,5.2,No,13,,
E0819,Rohan Patil,28,Male,Marketing,Digital Marketer,49600,Contract,9256377191,Jaipur,2.9,No,0,,
E0820,Kiran Rao,42,Female,HR,Recruiter,54200,Full-Time,9638333611,Pune,4.1,No,8,,
E0821,Varun Chopra,51,Female,Marketing,Digital Marketer,57000,Full-Time,9253285410,Delhi,5.1,Yes,0,,
E0822,Rahul S,52,Female,Marketing,Executive,72600,Contract,9668770912,Pune,4.7,No,11,,
E0823,Arjun Desai,38,Female,Sales,Account Manager,52900,Intern,9911509911,Nashik,3.5,No,5,,
E0824,Sara Desai,51,Female,IT,Tester,62300,Intern,9011611374,Chennai,3.2,No,7,,
E0825,Anita Sharma,32,Female,HR,HR Assistant,50300,Full-Time,9880552928,Nashik,5.2,No,14,,
E0826,Lakshmi Gupta,25,Male,MARKETING,Executive,60400,Contract,9228901894,Pune,4.8,No,8,,
E0827,Sanjay S,28,Female,Sales,Executive,60800,Full-Time,9814519682,Delhi,,Yes,10,,
E0828,Lakshmi Desai,49,Female,Finance,Accountant,63300,Full-Time,9003916358,Hyderabad,3.5,No,1,,
E0829,Aisha Sharma,53,Male,IT,Senior Developer,54000,Full-Time,9962570565,Pune,3.8,No,0,,
E0830,Farhan Reddy,46,Female,Operations,Coordinator,49000,Contract,9765069936,Delhi,4.5,No,6,,
E0831,Arjun Nair,33,Male,Finance,Financial Controller,57000,Full-Time,9972990268,Pune,4.1,No,,,
E0832,Vinay Bansal,49,Female,HR,HR Manager,44300,Full-Time,9510137044,Kochi,4.1,No,1,,
E0833,Amit Mehta,27,male,IT,Developer,71000,Full-Time,9593496319,Bangalore,3.6,No,7,,
E0834,Priya Bansal,45,Female,Sales,Manager,51700,Intern,9113589646,Kochi,3.9,Yes,8,,
E0835,Arjun Gupta,34,Fmail,IT,DevOps Engineer,55600,Full-Time,9805611529,Delhi,4.3,No,11,,
E0836,Sara Sharma,29,MALE,IT,Data Analyst,39300,Full-Time,,Jaipur,4.3,Yes,10,,
E0837,Meera Yadav,53,Male,Operations,Coordinator,55400,Intern,,Delhi,2.8,No,4,,
E0838,Kavya Yadav,27,Female,Operations,Operations Manager,52200,Full-Time,9346738086,Nashik,3.5,No,,,
E0839,Sara Rao,41,Female,Operations,Supervisor,40600,Full-Time,9658655587,Jaipur,2.7,No,2,,
E0840,Sunil Iyer,25,Female,Sales,Account Manager,55800,Full-Time,9061383639,Hyderabad,4.3,No,5,,
E0841,Kiran Kumar,58,Male,Finance,Analyst,62600,Intern,9502857755,Delhi,4,No,7,,
E0842,Kiran Reddy,30,Male,Finance,Analyst,61800,Full-Time,9137731056,Nashik,,Yes,9,,
E0843,Varun Shaikh,44,Male,HR,Recruiter,47900,Full-Time,9754882082,Kochi,3.8,No,7,,
E0844,Farhan Kumar,59,Female,IT,Tester,93600,Full-Time,9883737987,Ahmedabad,4,Yes,,,
E0845,Pooja Yadav,36,Female,Marketing,Coordinator,63000,Full-Time,9845462735,Nashik,4.2,No,8,,
E0846,Meera Patil,29,Male,Sales,Executive,47600,Full-Time,9386189233,Pune,4,No,13,,
E0847,Sanjay Mehta,38,Female,Marketing,Digital Marketer,40300,Contract,9550559583,Mumbai,4.2,No,13,,
E0848,Pooja Khan,48,Female,IT,Data Analyst,72400,Full-Time,9065655900,Nashik,3.5,No,11,,
E0849,Vinay Patil,57,Male,finance,Accountant,65600,Full-Time,9530967454,Chennai,3.8,No,13,,
E0850,Sneha Gupta,38,Male,IT,Developer,77700,Full-Time,9444843569,Bangalore,2.5,No,10,,
E0851,Sneha Yadav,55,FEMALE,Finance,Analyst,59000,Full-Time,9817995889,Bangalore,3,No,,,
E0852,Ishaan Verma,57,Male,IT,DevOps Engineer,97000,Full-Time,9402288812,Hyderabad,,No,12,,
E0853,Sunil Reddy,54,Female,IT,Tester,67400,Full-Time,9929734019,Chennai,3.8,No,1,,
E0854,Priya Desai,,Female,HR,HR Manager,41600,Contract,9259736922,Bangalore,4.9,No,0,,
E0855,Kavya Reddy,23,Male,Operations,Coordinator,60000,Contract,9624328770,Chennai,4,No,10,,
E0856,Nikhil Chopra,31,Female,IT,Data Analyst,74000,Contract,9756669731,Chennai,4.2,No,8,,
E0857,Kiran Singh,54,Male,Operations,Coordinator,49600,Full-Time,9384958131,Nashik,4,Yes,8,,
E0858,Sneha Chavan,24,Male,Sales,Account Manager,29600,Intern,9265747067,Nashik,4.4,No,10,,
E0859,Sara Rao,40,Female,Marketing,Executive,53800,Full-Time,9437000342,Mumbai,4.3,No,9,,
E0860,Anita Chopra,29,FEMALE,IT,DevOps Engineer,66200,Full-Time,9495958132,Ahmedabad,4.1,No,11,,
E0861,Varun Rao,51,Female,Operations,Operations Manager,,Contract,9328412243,Kochi,4.2,No,7,,
E0862,Pooja Mehta,42,Female,Finance,Financial Controller,78000,Full-Time,9454902873,Hyderabad,3.8,No,10,,
E0863,Rahul Patil,41,Female,Marketing,Executive,48000,Contract,9909477576,Nashik,3.6,No,11,,
E0864,Sanjay Malhotra,54,Male,HR,Recruiter,44400,Full-Time,9281286559,Delhi,3.8,No,0,,
E0865,Priya Mehta,30,female,Marketing,Digital Marketer,58100,Full-Time,9248798301,Nashik,3.8,No,4,,
E0866,Arjun Rao,52,Female,Operations,Operations Manager,61600,Full-Time,9181187191,Pune,4.2,No,13,,
E0867,Kavya Iyer,23,Female,HR,Recruiter,,Full-Time,9532829046,Kochi,,No,9,,
E0868,Arjun Verma,58,Male,Operations,Coordinator,61900,Full-Time,9653690302,Hyderabad,4.7,No,4,,
E0869,Kiran Kumar,24,Female,HR,HR Assistant,58100,Full-Time,,Jaipur,4.6,Yes,9,,
E0870,Varun Mehta,48,Female,IT,DevOps Engineer,57900,Full-Time,9228362569,Kochi,3.9,No,8,,
E0871,Ishaan Singh,56,Male,Sales,Manager,66400,Full-Time,9495914531,Chennai,3.2,No,5,,
E0872,Sanjay Sharma,36,Female,Sales,Executive,72900,Full-Time,9176365239,Ahmedabad,3.9,No,6,,
E0873,Nikhil Gupta,57,FEMALE,Marketing,Coordinator,43000,Full-Time,9496651596,Kochi,4.2,No,8,,
E0874,Farhan Yadav,26,Male,Marketing,Coordinator,37500,Contract,,Delhi,3.7,No,10,,
E0875,Varun Iyer,30,Female,IT,DevOps Engineer,73900,Full-Time,,Chennai,4.6,No,3,,
E0876,Nikhil Khan,,Male,Marketing,Digital Marketer,45800,Full-Time,9346191293,Pune,3.7,No,0,,
E0877,Amit Malhotra,43,Female,Sales,Executive,77800,Full-Time,9821619049,Kochi,2.9,Yes,2,,
E0878,Arjun Iyer,,Female,HR,HR Manager,37700,Full-Time,9358679256,Kochi,3.7,No,7,,
E0879,Lakshmi Reddy,47,Male,HR,HR Assistant,45400,Intern,9803100097,Kochi,,No,9,,
E0880,Sneha Singh,31,Female,IT,Data Analyst,56800,Full-Time,9571418326,Kochi,4.3,No,4,,
E0881,Varun Singh,37,Female,Marketing,Executive,28500,Full-Time,9381268367,Ahmedabad,3.1,No,15,,
E0882,Ishaan Ghosh,23,male,HR,Recruiter,42000,Intern,9286769642,Ahmedabad,3.7,Yes,1,,
E0883,Anita Joseph,45,Female,HR,HR Manager,43200,Full-Time,9075448806,Nashik,3.7,No,,,
E0884,Sanjay Singh,39,Female,Sales,Manager,60000,Full-Time,9482882462,Delhi,3.4,No,7,,
E0885,Farhan Chavan,59,Male,Operations,Coordinator,53800,Full-Time,9893909166,Chennai,4.6,No,2,,
E0886,Aisha Patil,,female,Operations,Operations Manager,60600,Full-Time,9369682261,Hyderabad,3.4,No,4,,
E0887,Aisha Verma,57,Male,Sales,Executive,48500,Full-Time,9978109575,Chennai,,Yes,1,,
E0888,Amit Desai,,Male,OPERATIONS,Supervisor,62400,Full-Time,9416355696,Ahmedabad,3.1,No,14,,
E0889,Kavya Bansal,59,male,HR,HR Assistant,25000,Full-Time,9123680619,Kochi,3.5,No,1,,
E0890,Neha Shaikh,32,Female,IT,Developer,61000,Full-Time,9672921066,Mumbai,4.2,No,11,,
E0891,Pooja Sharma,29,Female,Operations,Coordinator,70000,Full-Time,9797033639,Bangalore,3.7,No,13,,
E0892,Priya Singh,32,Male,HR,Recruiter,25000,Full-Time,9678517646,Mumbai,,No,12,,
E0893,Amit Sharma,30,Female,HR,HR Manager,44500,Full-Time,9464721290,Bangalore,3.9,No,1,,
E0894,Farhan Shaikh,32,female,Finance,Financial Controller,85500,Full-Time,9825634671,Mumbai,,No,2,,
E0895,Divya Joseph,41,Female,IT,DevOps Engineer,82100,Full-Time,9308547918,Ahmedabad,3.6,No,13,,
E0896,Neha Reddy,46,Female,Marketing,Coordinator,61200,Contract,,Delhi,3.7,No,1,,
E0897,Pooja Joseph,31,Female,Finance,Financial Controller,,Contract,9960834345,Bangalore,4.5,No,13,,
E0898,Farhan Nair,48,Male,marketing,Digital Marketer,55500,Full-Time,9727860177,Hyderabad,5.3,No,13,,
E0899,Amit Bansal,35,Male,Marketing,Coordinator,29300,Full-Time,9657461587,Jaipur,3.3,No,2,,
E0900,Farhan Joseph,36,Male,IT,Tester,69200,Full-Time,9202985004,Ahmedabad,4,No,7,,
E0901,Rahul Sharma,56,FEMALE,HR,Recruiter,39800,Full-Time,9378902732,Ahmedabad,4,No,3,,
E0902,Rohan Gupta,48,Male,Marketing,Executive,64100,Contract,9817589844,Jaipur,3,Yes,6,,
E0903,Sara Gupta,59,MALE,Sales,Account Manager,66700,Full-Time,,Kochi,4.1,No,4,,
E0904,Aisha Iyer,24,Male,hr,HR Assistant,38200,Full-Time,9804553392,Ahmedabad,5.2,Yes,11,,
E0905,Ishaan Nair,40,Female,Operations,Supervisor,51400,Full-Time,9239510304,Ahmedabad,4.5,Yes,3,,
E0906,Neha Sharma,37,Female,Operations,Coordinator,72500,Contract,9486676127,Pune,3,No,0,,
E0907,Rohan Siddiqui,31,Female,Operations,Supervisor,46600,Full-Time,9594895240,Jaipur,5.3,Yes,,,
E0908,Farhan Gupta,48,Fmail,IT,Senior Developer,81800,Full-Time,9485499436,Hyderabad,4.4,No,5,,
E0909,Kavya Kumar,28,female,marketing,Coordinator,54800,Full-Time,9767631048,Chennai,4.1,No,10,,
E0910,Ishaan Yadav,46,MALE,Sales,Account Manager,39000,Full-Time,9130201064,Nashik,4.8,No,5,,
E0911,Kavya Chavan,39,Male,Sales,Account Manager,50300,Full-Time,9020519067,Hyderabad,3.7,Yes,,,
E0912,Divya Kumar,28,Male,HR,Recruiter,37900,Intern,9817348620,Jaipur,4.5,No,13,,
E0913,Ishaan Patil,30,Female,IT,Tester,54700,Full-Time,9888047837,Nashik,3.6,Yes,12,,
E0914,Lakshmi Nair,43,Female,Sales,Executive,32200,Full-Time,9690151532,Jaipur,4.4,Yes,3,,
E0915,Ishaan Desai,51,Female,IT,DevOps Engineer,94800,Full-Time,9296434711,Kochi,3.9,No,1,,
E0916,Meera S,33,Male,IT,Data Analyst,76300,Intern,9884732642,Bangalore,4.1,No,7,,
E0917,Lakshmi Sharma,47,Female,IT,Senior Developer,72000,Full-Time,9381105051,Bangalore,,No,11,,
E0918,Lakshmi Rao,55,Male,IT,Senior Developer,96300,Intern,9389891325,Kochi,4.6,No,12,,
E0919,Priya Reddy,59,Female,HR,HR Assistant,46400,Contract,9154605677,Hyderabad,,No,,,
E0920,Vinay Malhotra,45,Female,Sales,Account Manager,49400,Full-Time,9431682675,Pune,5,No,4,,
E0921,Rahul Chopra,43,Male,Sales,Manager,40700,Contract,9928498827,Nashik,4.1,Yes,,,
E0922,Meera Malhotra,35,FEMALE,Operations,Coordinator,67800,Full-Time,9545548718,Delhi,3.7,Yes,4,,
E0923,Priya Chopra,28,Female,IT,Senior Developer,70800,Intern,9696024431,Pune,3.6,No,11,,
E0924,Ishaan Bansal,26,FEMALE,Sales,Manager,49600,Intern,9261171821,Mumbai,4,No,13,,
E0925,Sanjay Bansal,50,Male,Marketing,Coordinator,49400,Intern,,Pune,4.2,Yes,11,,
E0926,Lakshmi Mehta,29,Female,HR,Recruiter,55200,Full-Time,9662912023,Kochi,3.6,No,12,,
E0927,Arjun Kumar,54,female,Finance,Analyst,83100,Full-Time,9038536737,Delhi,5.4,No,0,,
E0928,Amit Patil,38,Male,Finance,Analyst,64800,Contract,9669545336,Bangalore,4,No,,,
E0929,Sneha S,33,Female,IT,Senior Developer,81600,Full-Time,9026688003,Jaipur,3.6,No,7,,
E0930,Farhan Malhotra,58,Male,Finance,Financial Controller,92500,Full-Time,,Mumbai,4.6,No,12,,
E0931,Varun Khan,32,Male,Sales,Account Manager,36700,Full-Time,,Pune,3.4,No,,,
E0932,Divya Khan,28,Female,IT,DevOps Engineer,94500,Contract,9817928327,Hyderabad,3.6,No,2,,
E0933,Neha Iyer,28,Female,HR,HR Assistant,55700,Contract,9601931625,Bangalore,5,No,8,,
E0934,Kiran Patil,52,Female,Operations,Operations Manager,26200,Contract,9754720743,Bangalore,3.3,No,12,,
E0935,Arjun Shaikh,25,Male,Finance,Analyst,63000,Full-Time,9402502902,Delhi,3.9,No,0,,
E0936,Meera Khan,45,Female,Finance,Accountant,56900,Full-Time,9720175981,Bangalore,,No,3,,
E0937,Aisha Singh,,Male,HR,HR Manager,38800,Full-Time,9828786582,Hyderabad,4,Yes,4,,
E0938,Lakshmi Patil,47,Male,Sales,Manager,71300,Full-Time,9028086165,Mumbai,4.7,No,11,,
E0939,Rohan Sharma,46,Female,Operations,Operations Manager,40000,Full-Time,9292521301,Ahmedabad,3.8,No,7,,
E0940,Kavya S,49,Male,Sales,Account Manager,81600,Full-Time,9784781310,Ahmedabad,4.7,No,13,,
E0941,Sanjay Bansal,,Male,Marketing,Executive,52000,Full-Time,9997862134,Delhi,3.5,No,14,,
E0942,Kiran Desai,35,Female,Finance,Accountant,62900,Full-Time,9323356182,Mumbai,3.1,No,7,,
E0943,Neha Gupta,26,Male,Marketing,Digital Marketer,56100,Full-Time,,Chennai,4.6,Yes,8,,
E0944,Sneha Joseph,46,Male,IT,Data Analyst,74100,Full-Time,9563302205,Mumbai,4.5,No,10,,
E0945,Nikhil Siddiqui,25,Female,Operations,Operations Manager,59200,Full-Time,9007134361,Nashik,3.3,No,6,,
E0946,Kiran Nair,54,Male,Operations,Supervisor,42700,Full-Time,9183614225,Pune,3.3,No,11,,
E0947,Varun Desai,43,Female,Operations,Coordinator,59000,Full-Time,9619191099,Delhi,3.7,No,6,,
E0948,Sunil Singh,,Female,Finance,Financial Controller,58000,Full-Time,9459397677,Kochi,4.5,No,6,,
E0949,Varun Shaikh,48,Female,Sales,Executive,66600,Full-Time,9495578578,Kochi,4,No,10,,
E0950,Meera S,41,Male,Sales,Account Manager,44500,Contract,9901246110,Bangalore,3.2,No,7,,
E0951,Nikhil Kumar,52,Male,Finance,Accountant,61900,Full-Time,,Pune,3,No,4,,
E0952,Priya Verma,45,Female,marketing,Coordinator,51700,Full-Time,9451641560,Delhi,4,No,12,,
E0953,Meera Iyer,28,Female,HR,HR Assistant,50100,Contract,9376774356,Mumbai,4.1,No,10,,
E0954,Kiran Shaikh,50,Male,Marketing,Digital Marketer,44300,Full-Time,,Pune,3.9,No,0,,
E0955,Sneha Ghosh,36,Male,HR,HR Manager,34600,Full-Time,9521786572,Mumbai,3.8,No,3,,
E0956,Aisha Verma,58,Male,HR,HR Manager,43300,Full-Time,9252111584,Hyderabad,4.7,No,7,,
E0957,Lakshmi S,22,Mlae,Sales,Account Manager,39800,Full-Time,9608164076,Pune,4.2,Yes,10,,
E0958,Farhan Bansal,55,female,HR,HR Manager,44600,Full-Time,9095320590,Mumbai,3.2,No,11,,
E0959,Rahul Singh,37,female,IT,Tester,64700,Full-Time,9392273561,Chennai,4.3,No,14,,
E0960,Pooja Singh,57,Female,HR,Recruiter,25800,Full-Time,9856786506,Bangalore,4.3,No,2,,
E0961,Kavya Desai,28,MALE,Marketing,Coordinator,48300,Contract,,Jaipur,3.8,No,13,,
E0962,Priya Rao,46,Female,HR,Recruiter,56300,Full-Time,9050968144,Bangalore,4.4,No,9,,
E0963,Arjun Patil,28,Fmail,IT,Tester,72400,Full-Time,9274370738,Chennai,3.7,No,9,,
E0964,Rohan Bansal,40,Male,marketing,Executive,46800,Full-Time,9788680040,Nashik,4.1,No,14,,
E0965,Nikhil Malhotra,55,female,Finance,Financial Controller,74300,Full-Time,9445266346,Mumbai,4,No,,,
E0966,Rohan Mehta,44,Male,Operations,Coordinator,53700,Contract,9016957604,Kochi,,No,2,,
E0967,Lakshmi Singh,47,Female,Marketing,Coordinator,37500,Full-Time,9329971017,Pune,3,No,11,,
E0968,Lakshmi Nair,54,Male,IT,Data Analyst,80300,Full-Time,9080668976,Nashik,3.3,No,0,,
E0969,Nikhil Mehta,31,Female,IT,Tester,76000,Full-Time,9681938693,Delhi,3.8,No,14,,
E0970,Nikhil Siddiqui,40,FEMALE,HR,HR Assistant,39300,Full-Time,,Delhi,3.7,No,12,,
E0971,Sara Reddy,34,Male,Operations,Operations Manager,59300,Contract,9811830477,Pune,3.5,No,1,,
E0972,Lakshmi Nair,25,Male,Operations,Supervisor,37200,Contract,9601915872,Bangalore,4.2,No,7,,
E0973,Divya Reddy,27,Male,IT,Tester,71000,Full-Time,9656224182,Nashik,3.8,Yes,3,,
E0974,Meera Iyer,49,Male,Finance,Financial Controller,60700,Full-Time,,Jaipur,3.8,No,6,,
E0975,Aisha Desai,56,Female,Operations,Operations Manager,42000,Contract,9827306281,Bangalore,3.7,Yes,7,,
E0976,Neha Ghosh,58,Female,Sales,Account Manager,41100,Full-Time,9454669372,Ahmedabad,,Yes,11,,
E0977,Rohan Shaikh,53,Female,IT,Tester,56400,Full-Time,9362708667,Mumbai,3.3,No,4,,
E0978,Rohan Yadav,31,Female,Marketing,Executive,43800,Full-Time,9973125862,Ahmedabad,3.9,Yes,4,,
E0979,Anita Mehta,41,Female,IT,Tester,53600,Full-Time,9627346957,Ahmedabad,4.5,No,8,,
E0980,Sunil Desai,41,Male,HR,HR Assistant,35900,Full-Time,9528324050,Kochi,3.3,No,4,,
E0981,Kavya Desai,59,MALE,Operations,Supervisor,57900,Full-Time,9037953360,Mumbai,4.3,No,7,,
E0982,Divya S,23,FEMALE,Finance,Accountant,62200,Full-Time,9354030346,Chennai,4.3,No,11,,
E0983,Sneha Khan,50,Male,Operations,Coordinator,49200,Full-Time,9989185269,Nashik,,No,,,
E0984,Priya Iyer,52,Male,Finance,Accountant,57700,Full-Time,9464970872,Chennai,4.3,No,,,
E0985,Sunil Mehta,58,Male,IT,Developer,85800,Contract,9051936454,Bangalore,4,No,13,,
E0986,Divya Bansal,51,Male,Finance,Accountant,53800,Full-Time,9152999770,Bangalore,4.6,No,1,,
E0987,Anita Sharma,25,Female,Sales,Manager,40700,Intern,,Jaipur,4.6,No,4,,
E0988,Pooja Chavan,57,Male,Finance,Financial Controller,85000,Full-Time,9129152425,Mumbai,5.1,No,4,,
E0989,Sara Singh,43,Female,Sales,Manager,33100,Full-Time,9640577686,Mumbai,4,No,,,
E0990,Lakshmi S,34,Male,Finance,Financial Controller,66200,Full-Time,9491986154,Chennai,5.3,No,8,,
E0991,Nikhil Kumar,27,Female,Finance,Financial Controller,67400,Full-Time,9890530891,Ahmedabad,4.8,Yes,,,
E0992,Rahul Mehta,42,Male,OPERATIONS,Supervisor,56300,Full-Time,,Bangalore,3.9,No,12,,
E0993,Priya Gupta,52,Male,IT,Senior Developer,78100,Full-Time,9119966103,Jaipur,3.8,No,6,,
E0994,Priya Ghosh,59,Female,IT,DevOps Engineer,72200,Contract,9547481892,Ahmedabad,4.7,No,10,,
E0995,Nikhil Malhotra,30,Female,Marketing,Coordinator,57200,Contract,9375879404,Hyderabad,5,No,3,,
E0996,Sunil Khan,59,Female,HR,HR Manager,35300,Full-Time,9211002862,Nashik,4.6,No,10,,
E0997,Lakshmi Shaikh,57,Male,Sales,Manager,,Full-Time,9302438591,Kochi,,No,8,,
E0998,Varun Siddiqui,36,Female,Operations,Supervisor,53800,Full-Time,9933824936,Chennai,4,No,7,,
E0999,Neha Joseph,23,Female,Operations,Operations Manager,62100,Full-Time,9300339239,Kochi,,No,3,,
E1000,Pooja Bansal,54,Female,HR,Recruiter,42000,Full-Time,9002224358,Hyderabad,4.2,No,13,,
E1001,Nikhil Sharma,42,Female,Sales,Executive,52300,Full-Time,9179639456,Jaipur,4.7,No,13,,
E1002,Ishaan Ghosh,46,Male,HR,Recruiter,45200,Full-Time,9210027824,Delhi,4.6,No,2,,
E1003,Sunil Ghosh,53,Female,Marketing,Coordinator,41500,Full-Time,9369401014,Jaipur,2.8,No,6,,
E1004,Nikhil Khan,32,male,HR,HR Manager,38800,Full-Time,9811063771,Kochi,4.8,No,12,,
E1005,Meera Siddiqui,48,Female,HR,HR Assistant,57700,Full-Time,9337808258,Bangalore,4.6,No,13,,
E1006,Kavya Ghosh,30,Male,Operations,Supervisor,50300,Intern,9274719423,Bangalore,3.9,No,8,,
E1007,Sunil Desai,53,Female,Sales,Manager,56100,Full-Time,9775126552,Kochi,3.7,No,1,,
E1008,Meera Gupta,42,Female,OPERATIONS,Coordinator,39700,Full-Time,,Delhi,4.2,No,4,,
E1009,Rahul Patil,27,Male,Marketing,Digital Marketer,26700,Full-Time,9348391443,Pune,4.5,No,11,,
E1010,Ishaan Yadav,33,Male,Sales,Manager,56300,Contract,,Bangalore,3.3,Yes,5,,
E1011,Rohan Chavan,25,Male,Sales,Executive,61300,Contract,9574109432,Hyderabad,,No,12,,
E1012,Vinay Verma,,Female,Operations,Supervisor,61700,Full-Time,,Pune,5.5,No,,,
E1013,Sneha Yadav,52,Female,IT,DevOps Engineer,62100,Full-Time,9547637271,Mumbai,4,Yes,1,,
E1014,Sanjay Gupta,44,Mlae,Marketing,Executive,45700,Full-Time,9336783617,Mumbai,3.2,No,9,,
E1015,Nikhil Malhotra,35,Male,HR,HR Manager,43300,Full-Time,,Delhi,4.6,No,,,
E1016,Rahul Chavan,26,Male,Marketing,Digital Marketer,75000,Full-Time,9336792889,Chennai,4.1,No,11,,
E1017,Sunil Ghosh,58,female,HR,HR Assistant,35100,Full-Time,9226516214,Ahmedabad,5.2,No,14,,
E1018,Pooja Mehta,50,Male,Marketing,Executive,33600,Full-Time,9931216536,Nashik,3.6,No,11,,
E1019,Ishaan Gupta,45,Female,Operations,Supervisor,49800,Full-Time,9515177097,Jaipur,,Yes,3,,
E1020,Anita Khan,36,Female,IT,DevOps Engineer,84200,Full-Time,9945591518,Ahmedabad,4,No,9,,
E1021,Sunil Sharma,42,Male,IT,Data Analyst,58200,Full-Time,9689165261,Bangalore,3.3,No,9,,
E1022,Divya Sharma,40,Female,HR,Recruiter,54700,Full-Time,9912966455,Pune,4.7,No,4,,
E1023,Vinay Malhotra,29,Female,Marketing,Digital Marketer,52200,Full-Time,9507919017,Delhi,4.2,No,12,,
E1024,Arjun Khan,48,Male,Finance,Analyst,74500,Full-Time,,Bangalore,4.4,Yes,9,,
E1025,Sanjay Siddiqui,47,Female,Sales,Account Manager,58800,Full-Time,9550475868,Delhi,4.7,No,,,
E1026,Rohan Malhotra,43,Female,IT,Tester,79300,Full-Time,,Ahmedabad,3.5,No,0,,
E1027,Varun Nair,53,Male,Marketing,Coordinator,44900,Full-Time,9879963990,Mumbai,4.2,Yes,1,,
E1028,Kavya Chopra,48,Male,HR,Recruiter,64600,Full-Time,9863484314,Nashik,3.8,No,5,,
E1029,Lakshmi Ghosh,47,female,Finance,Financial Controller,75400,Full-Time,9783027750,Pune,3.7,No,10,,
E1030,Varun Verma,46,Female,Operations,Operations Manager,52800,Full-Time,9524494650,Chennai,4.3,No,12,,
E1031,Rahul Reddy,22,MALE,Sales,Account Manager,42500,Full-Time,,Kochi,3.9,No,11,,
E1032,Sneha Gupta,42,Male,FINANCE,Financial Controller,56900,Full-Time,9500558923,Bangalore,3.9,No,13,,
E1033,Anita Singh,29,Male,Operations,Supervisor,46100,Full-Time,9503111562,Nashik,5.3,No,7,,
E1034,Meera Khan,53,Male,Finance,Accountant,38500,Full-Time,9559725886,Chennai,3.4,No,6,,
E1035,Nikhil Iyer,25,Female,IT,Data Analyst,78900,Full-Time,9895846810,Hyderabad,4.3,Yes,6,,
E1036,Priya Khan,28,Female,Operations,Operations Manager,57600,Full-Time,,Nashik,4.1,No,9,,
E1037,Varun Khan,37,Female,Sales,Manager,45000,Full-Time,9721604554,Delhi,4.4,No,13,,
E1038,Kiran Bansal,36,Male,IT,Tester,54700,Full-Time,9245050111,Nashik,3.9,No,,,
E1039,Farhan Yadav,50,Male,Finance,Analyst,79400,Intern,,Hyderabad,2.6,No,8,,
E1040,Divya Patil,28,Female,finance,Accountant,63300,Intern,9155897409,Chennai,3.1,No,7,,
E1041,Divya Gupta,43,male,Sales,Executive,51500,Full-Time,9499088139,Kochi,4.3,No,4,,
E1042,Kavya Nair,22,Female,Sales,Manager,63100,Full-Time,9088528423,Pune,4.1,Yes,7,,
E1043,Amit Bansal,33,Female,operations,Coordinator,44100,Full-Time,9020733646,Kochi,4,No,7,,
E1044,Aisha Chopra,57,Male,Finance,Analyst,74200,Full-Time,9732558592,Jaipur,3.2,No,11,,
E1045,Rahul Bansal,32,Male,Operations,Supervisor,50300,Full-Time,,Mumbai,3.8,No,5,,
E1046,Pooja Ghosh,29,Male,Sales,Executive,34500,Contract,9273974350,Mumbai,3.8,No,14,,
E1047,Lakshmi Chopra,53,Male,Marketing,Coordinator,25000,Intern,,Bangalore,4.6,No,11,,
E1048,Ishaan Siddiqui,44,Female,Operations,Supervisor,40800,Full-Time,9350949156,Mumbai,4.3,Yes,3,,
E1049,Neha S,52,Male,Finance,Financial Controller,48500,Full-Time,9228373564,Ahmedabad,4.2,No,2,,
E1050,Neha Singh,50,Female,MARKETING,Digital Marketer,53500,Full-Time,9362592836,Delhi,3.5,No,6,,
E1051,Kavya Shaikh,27,Female,Sales,Account Manager,42800,Full-Time,9403887377,Hyderabad,4.5,No,10,,
E1052,Aisha Chavan,52,Male,Operations,Supervisor,51200,Full-Time,9077244054,Delhi,4.6,No,0,,
E1053,Meera Rao,57,Male,Operations,Operations Manager,,Full-Time,9264106987,Chennai,,Yes,4,,
E1054,Sunil Nair,34,Female,IT,Developer,83800,Contract,9439326665,Nashik,3.1,No,13,,
E1055,Rahul Sharma,34,Mlae,Operations,Operations Manager,70700,Contract,9714659439,Nashik,,Yes,,,
E1056,Sanjay Ghosh,34,Male,finance,Accountant,76300,Contract,9966159027,Delhi,4.3,No,15,,
E1057,Lakshmi Malhotra,22,Mlae,Operations,Operations Manager,56000,Contract,9494869078,Nashik,4.3,No,2,,
E1058,Sneha Verma,29,Female,Marketing,Coordinator,36100,Full-Time,9728518958,Jaipur,4,No,,,
E1059,Meera Gupta,24,Male,it,Senior Developer,70100,Intern,9238215008,Jaipur,3.6,Yes,11,,
E1060,Sara Chopra,,Male,HR,HR Manager,64400,Full-Time,9126985910,Mumbai,3.6,No,9,,
E1061,Divya Sharma,,Male,finance,Financial Controller,71100,Full-Time,9746789177,Nashik,4.4,No,1,,
E1062,Kiran Siddiqui,49,Female,HR,HR Manager,32300,Full-Time,9436580255,Mumbai,,No,13,,
E1063,Ishaan Shaikh,56,female,Operations,Coordinator,57300,Contract,9536997970,Mumbai,,No,10,,
E1064,Sunil Khan,58,Female,Operations,Coordinator,63100,Full-Time,9704809041,Jaipur,4.2,No,12,,
E1065,Sneha S,22,Female,IT,DevOps Engineer,87900,Full-Time,9907266878,Nashik,2.6,No,0,,
E1066,Sanjay Ghosh,52,Male,HR,HR Assistant,43500,Full-Time,9559650983,Hyderabad,3.4,No,12,,
E1067,Pooja Yadav,31,male,Marketing,Digital Marketer,42200,Full-Time,9746677069,Kochi,4.4,Yes,12,,
E1068,Ishaan Nair,43,Female,IT,Data Analyst,62600,Contract,9972720454,Delhi,3.7,Yes,9,,
E1069,Nikhil Nair,31,Female,Sales,Executive,53400,Full-Time,9277098424,Hyderabad,5.1,No,13,,
E1070,Amit Bansal,44,Fmail,IT,DevOps Engineer,45900,Full-Time,9648978242,Pune,3.9,No,3,,
E1071,Kiran Shaikh,35,female,Sales,Account Manager,49600,Full-Time,9836326215,Bangalore,3.5,Yes,11,,
E1072,Rahul Shaikh,29,male,HR,Recruiter,44400,Full-Time,,Kochi,3.6,No,2,,
E1073,Farhan Chavan,42,Male,Marketing,Digital Marketer,56700,Full-Time,9455777505,Delhi,3.9,No,4,,
E1074,Rohan Verma,25,Female,Sales,Executive,63200,Full-Time,9111572401,Pune,3.8,No,12,,
E1075,Kavya Joseph,53,male,Finance,Accountant,46000,Full-Time,9208511764,Delhi,,No,0,,
E1076,Pooja Chavan,36,Male,IT,Tester,81200,Full-Time,9238660907,Kochi,3.8,No,5,,
E1077,Aisha Rao,53,Female,HR,Recruiter,53400,Full-Time,9908672925,Kochi,3.9,No,5,,
E1078,Sanjay Gupta,57,Male,HR,HR Manager,56300,Full-Time,9785430220,Nashik,4.6,Yes,11,,
E1079,Sneha Bansal,33,Female,IT,Tester,61800,Full-Time,9592875348,Delhi,3.9,No,10,,
E1080,Meera Gupta,35,Male,IT,Developer,,Full-Time,,Jaipur,4.6,No,7,,
E1081,Sneha Joseph,39,Female,Operations,Supervisor,68100,Full-Time,,Mumbai,3.9,No,3,,
E1082,Amit Siddiqui,33,Male,HR,HR Assistant,55000,Contract,9905829367,Chennai,,No,1,,
E1083,Sanjay Patil,26,Male,Sales,Executive,49300,Full-Time,9941394911,Jaipur,4.7,No,10,,
E1084,Meera Desai,25,Female,HR,Recruiter,51500,Full-Time,9624934912,Hyderabad,3.8,No,3,,
E1085,Sanjay Verma,59,FEMALE,Operations,Supervisor,53500,Full-Time,9965926589,Pune,3.8,No,11,,
E1086,Vinay Desai,25,Female,Sales,Account Manager,52800,Full-Time,9364624371,Mumbai,4.8,No,10,,
E1087,Varun Gupta,,Male,HR,HR Assistant,33100,Full-Time,9355864573,Jaipur,3.7,No,3,,
E1088,Pooja Kumar,28,Female,Operations,Supervisor,34600,Full-Time,9228473668,Mumbai,4.6,No,8,,
E1089,Aisha Sharma,29,Male,IT,Developer,63000,Full-Time,9069850544,Nashik,4.7,No,14,,
E1090,Farhan Mehta,40,Female,HR,Recruiter,32900,Full-Time,9066272671,Ahmedabad,4.2,Yes,4,,
E1091,Kavya Desai,33,Female,Marketing,Executive,68100,Full-Time,9065719796,Chennai,5,Yes,11,,
E1092,Vinay Iyer,34,Female,Operations,Supervisor,,Full-Time,9244857680,Kochi,3.8,No,7,,
E1093,Vinay Malhotra,36,Female,Finance,Analyst,60200,Full-Time,9395167801,Pune,4,No,1,,
E1094,Priya Verma,45,Male,Finance,Accountant,65400,Full-Time,9030209796,Nashik,4.4,No,15,,
E1095,Sara Reddy,40,Male,IT,Data Analyst,89600,Full-Time,9313663679,Chennai,3.9,No,12,,
E1096,Varun Verma,42,Male,IT,Data Analyst,62800,Full-Time,,Pune,4.6,No,14,,
E1097,Aisha Rao,58,Male,Operations,Operations Manager,49500,Full-Time,9989352340,Mumbai,3.5,No,0,,
E1098,Ishaan Malhotra,53,Male,Finance,Financial Controller,47900,Full-Time,9847667330,Ahmedabad,3.2,No,1,,
E1099,Ishaan Mehta,,Male,IT,DevOps Engineer,67200,Full-Time,9335137697,Chennai,4.1,No,13,,
E1100,Ishaan Desai,35,male,Sales,Manager,48300,Full-Time,9493346852,Chennai,4.7,No,12,,
E1101,Sunil Kumar,55,Female,HR,HR Manager,47100,Full-Time,9994480356,Ahmedabad,3.9,Yes,13,,
E1102,Arjun Gupta,45,Male,HR,Recruiter,48800,Full-Time,9598229605,Chennai,4.5,No,7,,
E1103,Sunil Reddy,26,Male,Operations,Operations Manager,72800,Full-Time,9958942876,Delhi,4.1,No,0,,
E1104,Vinay Iyer,58,Female,HR,HR Manager,64700,Full-Time,9097122384,Kochi,4,No,0,,
E1105,Sunil Siddiqui,37,Male,Finance,Accountant,58900,Full-Time,9965133529,Nashik,4.7,No,6,,
E1106,Varun Rao,46,Male,Sales,Executive,44000,Full-Time,9239776830,Chennai,4,No,9,,
E1107,Lakshmi Joseph,41,Male,Sales,Account Manager,59700,Intern,9613329644,Jaipur,3.2,No,,,
E1108,Sara Patil,34,Female,Marketing,Coordinator,40000,Intern,9606394730,Pune,4.6,No,11,,
E1109,Vinay Khan,50,Male,Operations,Operations Manager,73100,Full-Time,9071737697,Bangalore,4.2,Yes,,,
E1110,Arjun Malhotra,56,Female,Finance,Accountant,71300,Contract,9530505289,Nashik,3.3,No,11,,
E1111,Ishaan Siddiqui,57,Female,it,Senior Developer,83800,Full-Time,9917093089,Nashik,,Yes,7,,
E1112,Sanjay Nair,56,Female,Operations,Operations Manager,65100,Contract,9529687715,Pune,4.4,Yes,4,,
E1113,Kavya Malhotra,56,Mlae,Marketing,Executive,67600,Full-Time,9466683804,Hyderabad,,No,2,,
E1114,Farhan Reddy,38,Male,Finance,Financial Controller,71000,Contract,9156288035,Pune,4.7,No,15,,
E1115,Sara Mehta,40,Female,Marketing,Coordinator,50300,Full-Time,9262029114,Bangalore,3.8,No,8,,
E1116,Sara Rao,36,Female,HR,HR Manager,45300,Full-Time,9443890883,Hyderabad,3.8,No,0,,
E1117,Varun Chavan,40,Male,IT,Tester,87600,Full-Time,9653777162,Hyderabad,2.9,No,6,,
E1118,Varun Sharma,32,Male,Sales,Account Manager,41500,Full-Time,,Chennai,3.7,No,,,
E1119,Farhan Siddiqui,36,Female,HR,HR Manager,35000,Full-Time,9229426413,Delhi,4.4,No,9,,
E1120,Nikhil Chavan,23,Female,HR,Recruiter,61000,Full-Time,9204471564,Bangalore,4,Yes,4,,
E1121,Meera Verma,52,female,Operations,Coordinator,52400,Full-Time,9035303316,Chennai,4.5,No,14,,
E1122,Kiran Kumar,,Male,Marketing,Coordinator,47700,Contract,9064652693,Hyderabad,3.1,Yes,4,,
E1123,Kavya Iyer,33,Female,IT,DevOps Engineer,54800,Full-Time,9873401908,Bangalore,5.8,Yes,3,,
E1124,Kiran Desai,29,Female,Sales,Manager,55100,Intern,9936371119,Delhi,,No,,,
E1125,Anita Mehta,25,female,IT,DevOps Engineer,72200,Full-Time,9555889621,Pune,4.8,Yes,4,,
E1126,Divya Reddy,25,female,IT,Developer,80500,Full-Time,9021594668,Hyderabad,4.4,No,10,,
E1127,Sanjay S,43,Male,HR,HR Assistant,48600,Full-Time,9330584474,Mumbai,4.6,No,2,,
E1128,Farhan Mehta,38,Female,Marketing,Executive,39200,Contract,9197030862,Chennai,3.8,No,10,,
E1129,Sara Rao,32,Female,IT,Senior Developer,64500,Full-Time,9017771176,Kochi,4,No,13,,
E1130,Nikhil Joseph,49,Male,Sales,Manager,53400,Full-Time,9256636360,Jaipur,4,No,0,,
E1131,Neha Yadav,34,Female,Finance,Financial Controller,81000,Full-Time,9970138876,Mumbai,3,No,11,,
E1132,Vinay Gupta,59,Female,Sales,Manager,59500,Full-Time,9851760878,Nashik,4.9,No,7,,
E1133,Ishaan Kumar,41,Male,Marketing,Digital Marketer,61700,Contract,9823864972,Jaipur,4.5,No,,,
E1134,Ishaan Singh,45,Male,MARKETING,Executive,47100,Full-Time,9244210606,Mumbai,,No,6,,
E1135,Farhan Patil,25,Male,Finance,Financial Controller,51000,Full-Time,9494221862,Pune,,No,6,,
E1136,Anita Shaikh,40,Female,IT,Data Analyst,66800,Intern,9303595281,Bangalore,3.9,No,2,,
E1137,Lakshmi Patil,29,Female,IT,Data Analyst,51900,Full-Time,9101867674,Ahmedabad,3.6,Yes,0,,
E1138,Vinay Patil,52,Female,Operations,Supervisor,51200,Full-Time,9066738129,Mumbai,3.7,Yes,13,,
E1139,Anita Singh,55,Female,Operations,Supervisor,43700,Full-Time,9882505891,Kochi,3.9,No,3,,
E1140,Kavya Nair,,Male,Marketing,Coordinator,,Full-Time,9669629007,Hyderabad,3.5,No,6,,
E1141,Aisha Ghosh,30,Male,Finance,Financial Controller,38500,Full-Time,9216894241,Delhi,3.6,No,5,,
E1142,Meera Ghosh,48,Male,Operations,Coordinator,57300,Full-Time,9511212937,Nashik,3.6,Yes,4,,
E1143,Arjun Iyer,46,Female,IT,Tester,71900,Full-Time,9840422613,Kochi,,No,3,,
E1144,Sunil Patil,,Female,Marketing,Coordinator,63400,Full-Time,9831839109,Ahmedabad,4.5,No,2,,
E1145,Kiran Gupta,25,Male,HR,HR Manager,53000,Full-Time,9088608448,Delhi,3.4,No,5,,
E1146,Kavya Iyer,38,male,Operations,Supervisor,44300,Full-Time,,Hyderabad,4.3,No,9,,
E1147,Sara Nair,,Female,Finance,Accountant,79200,Full-Time,9818329930,Nashik,,Yes,13,,
E1148,Pooja Desai,29,Male,Operations,Operations Manager,46600,Full-Time,9867290065,Pune,2.7,Yes,,,
E1149,Neha Shaikh,49,Male,HR,Recruiter,51400,Full-Time,9516948867,Mumbai,4.3,No,2,,
E1150,Rohan Ghosh,23,Male,HR,HR Manager,39100,Contract,9634480829,Jaipur,3.7,No,12,,
E1151,Priya Gupta,41,Male,Marketing,Coordinator,58800,Contract,9929982721,Delhi,4.3,Yes,5,,
E1152,Sara Nair,53,Fmail,HR,Recruiter,51800,Full-Time,9074030623,Kochi,4.5,No,7,,
E1153,Farhan Bansal,45,Female,IT,Developer,33800,Full-Time,9637688935,Pune,4,No,12,,
E1154,Amit Patil,22,Male,HR,HR Manager,54500,Full-Time,9107173123,Mumbai,4.1,No,9,,
E1155,Divya Reddy,52,Male,Sales,Executive,33900,Full-Time,9128051577,Chennai,4.5,Yes,13,,
E1156,Rohan Khan,27,Male,Operations,Operations Manager,56800,Full-Time,9352154708,Ahmedabad,4.5,Yes,10,,
E1157,Vinay Chavan,24,Male,operations,Coordinator,46600,Full-Time,9354199785,Chennai,4.5,No,3,,
E1158,Amit Siddiqui,39,female,HR,Recruiter,50400,Full-Time,9140002894,Jaipur,,No,14,,
E1159,Lakshmi Nair,55,Female,IT,DevOps Engineer,68500,Full-Time,9816460069,Kochi,3.9,No,13,,
E1160,Kiran Patil,41,Male,it,Developer,92800,Full-Time,9074567301,Jaipur,4.8,No,2,,
E1161,Nikhil Verma,44,Male,Sales,Manager,64200,Full-Time,9197380986,Bangalore,4.7,No,,,
E1162,Aisha Desai,54,Male,IT,Tester,59300,Full-Time,9285947186,Mumbai,4,No,6,,
E1163,Kiran Khan,25,Female,IT,Developer,86300,Full-Time,9825878885,Kochi,3.6,No,9,,
E1164,Sara Kumar,51,Fmail,Sales,Executive,44100,Full-Time,9032083335,Pune,4.3,No,13,,
E1165,Sara Joseph,49,MALE,Finance,Analyst,42800,Full-Time,9400044606,Delhi,,Yes,5,,
E1166,Arjun Siddiqui,55,Female,IT,Data Analyst,30900,Full-Time,,Hyderabad,3.8,No,6,,
E1167,Sunil Verma,35,Male,Finance,Financial Controller,64800,Full-Time,9992625674,Jaipur,4.7,No,,,
E1168,Kavya Shaikh,48,Male,Operations,Operations Manager,60900,Full-Time,9696382658,Pune,4.3,No,4,,
E1169,Ishaan Rao,46,Female,HR,HR Assistant,28200,Full-Time,9637827176,Jaipur,4.2,No,14,,
E1170,Rahul Bansal,43,Male,Sales,Manager,66700,Full-Time,9387426585,Nashik,2.6,No,8,,
E1171,Ishaan Ghosh,35,Female,Finance,Accountant,67500,Full-Time,9924619617,Jaipur,5.3,No,0,,
E1172,Kiran Siddiqui,33,Female,Finance,Financial Controller,72200,Full-Time,9770219345,Kochi,4.2,No,,,
E1173,Vinay Nair,41,Female,Sales,Account Manager,62400,Contract,,Jaipur,3.4,Yes,1,,
E1174,Rohan Patil,23,Male,IT,Developer,58300,Full-Time,9087680757,Bangalore,2.7,Yes,2,,
E1175,Pooja Gupta,56,female,Finance,Accountant,,Contract,9545695255,Mumbai,4.2,No,3,,
E1176,Sunil Nair,42,Male,HR,HR Manager,32700,Contract,9051508064,Nashik,3.8,No,2,,
E1177,Ishaan Bansal,58,Female,Finance,Analyst,70200,Full-Time,,Jaipur,2.7,Yes,3,,
E1178,Kavya Sharma,48,Female,Marketing,Digital Marketer,36900,Full-Time,9896973125,Mumbai,4.7,Yes,13,,
E1179,Sanjay Patil,28,Male,Finance,Accountant,57600,Full-Time,9627445032,Ahmedabad,,No,14,,
E1180,Sanjay S,,Male,HR,Recruiter,43000,Full-Time,9647991857,Delhi,4.3,No,1,,
E1181,Aisha Malhotra,45,Male,Operations,Supervisor,74800,Full-Time,9851290032,Kochi,,No,5,,
E1182,Varun Ghosh,47,Male,Operations,Supervisor,66100,Full-Time,9086264947,Mumbai,3.6,No,1,,
E1183,Farhan Sharma,58,Male,IT,Tester,52000,Full-Time,9876646303,Bangalore,4.1,No,1,,
E1184,Meera S,47,Female,Sales,Account Manager,55300,Full-Time,9885152878,Mumbai,4,No,7,,
E1185,Farhan Yadav,35,Male,Finance,Financial Controller,73300,Contract,9638688959,Mumbai,3.8,No,13,,
E1186,Meera Yadav,44,Male,IT,Data Analyst,74600,Full-Time,9516123290,Pune,3.5,No,9,,
E1187,Sara Iyer,38,Male,HR,HR Assistant,51500,Full-Time,9965484359,Chennai,4.5,Yes,5,,
E1188,Sara Bansal,25,FEMALE,Finance,Accountant,53800,Contract,9217644062,Mumbai,4.9,No,8,,
E1189,Varun Bansal,52,Female,IT,Senior Developer,89300,Full-Time,9851497438,Bangalore,4.2,No,6,,
E1190,Neha Sharma,33,Female,HR,Recruiter,52300,Full-Time,9905862692,Delhi,3.3,No,14,,
E1191,Arjun Nair,35,Female,HR,HR Assistant,48400,Full-Time,9815930448,Jaipur,3.6,No,,,
E1192,Ishaan Siddiqui,52,Female,Operations,Operations Manager,64600,Full-Time,9121035804,Kochi,3.6,Yes,10,,
E1193,Sneha Mehta,49,Male,Operations,Operations Manager,50500,Contract,9124240983,Ahmedabad,,Yes,4,,
E1194,Rahul Khan,52,Fmail,HR,HR Assistant,47700,Full-Time,9798788259,Mumbai,4.4,No,11,,
E1195,Rahul Nair,54,Female,HR,HR Assistant,41800,Full-Time,9128354304,Mumbai,3.7,No,10,,
E1196,Pooja Joseph,59,Male,Marketing,Coordinator,37300,Full-Time,9707569495,Delhi,4.3,No,2,,
E1197,Sara Desai,30,Female,IT,Tester,90200,Full-Time,9676831400,Chennai,4.2,No,8,,
E1198,Arjun Joseph,23,Male,Operations,Coordinator,60300,Full-Time,9237622440,Jaipur,3.7,No,12,,
E1199,Kavya Chopra,31,Male,IT,Developer,89200,Full-Time,9668761333,Nashik,4.1,No,0,,
E1200,Pooja S,26,Male,HR,HR Assistant,49800,Full-Time,9499287616,Nashik,4.6,No,8,,
E1201,Rohan Patil,45,Male,HR,Recruiter,54700,Full-Time,9842679073,Chennai,4.1,No,9,,
E1202,Vinay Yadav,,FEMALE,Sales,Executive,63500,Intern,9697288358,Kochi,3.9,No,8,,
E1203,Nikhil Desai,33,Male,Marketing,Executive,61800,Full-Time,9943429576,Nashik,3.7,No,12,,
E1204,Lakshmi Mehta,22,Male,Marketing,Executive,40500,Full-Time,9573886172,Kochi,4,No,10,,
E1205,Divya Rao,22,Male,operations,Coordinator,47500,Full-Time,9222073557,Hyderabad,4.7,No,9,,
E1206,Anita Shaikh,36,Female,HR,HR Assistant,53700,Contract,9010418342,Mumbai,,Yes,0,,
E1207,Varun Sharma,38,Female,Marketing,Coordinator,53900,Full-Time,9301360990,Delhi,4.1,No,4,,
E1208,Farhan Singh,37,Male,IT,DevOps Engineer,94900,Full-Time,9656610473,Jaipur,4.1,Yes,5,,
E1209,Neha Chopra,52,Male,Sales,Executive,43400,Full-Time,9992151931,Nashik,5.2,No,13,,
E1210,Neha Malhotra,59,Female,Marketing,Digital Marketer,50200,Full-Time,9979190519,Ahmedabad,4.3,No,6,,
E1211,Vinay Iyer,43,Female,IT,DevOps Engineer,88300,Full-Time,9879923025,Jaipur,5,No,4,,
E1212,Lakshmi Mehta,55,Female,Sales,Account Manager,49500,Contract,9327892621,Chennai,3.5,No,1,,
E1213,Anita Singh,,Male,Finance,Accountant,56900,Full-Time,9679834974,Jaipur,4.2,Yes,6,,
E1214,Sanjay Malhotra,53,Male,HR,Recruiter,30600,Full-Time,9994310946,Ahmedabad,5.1,No,5,,
E1215,Neha Joseph,,Male,operations,Supervisor,71400,Full-Time,,Mumbai,3.2,No,12,,
E1216,Arjun Singh,24,Male,Sales,Manager,65100,Full-Time,9400383393,Nashik,3.7,Yes,11,,
E1217,Lakshmi Verma,48,Female,SALES,Executive,60900,Intern,9471950320,Ahmedabad,3.5,Yes,14,,
E1218,Sneha Khan,23,Male,Operations,Operations Manager,59800,Full-Time,9884927417,Hyderabad,3.6,No,,,
E1219,Lakshmi Shaikh,35,Male,IT,Tester,77800,Full-Time,9455415409,Jaipur,3.2,No,5,,
E1220,Nikhil Sharma,47,Female,HR,HR Assistant,49200,Full-Time,9544605271,Delhi,4.8,No,13,,
E1221,Arjun Mehta,24,Mlae,IT,Developer,80200,Full-Time,9223028733,Hyderabad,3.5,No,2,,
E1222,Pooja Iyer,35,Female,Operations,Coordinator,50800,Contract,9130831699,Chennai,4.4,No,7,,
E1223,Lakshmi Gupta,26,female,Marketing,Executive,38500,Full-Time,,Bangalore,4.2,No,11,,
E1224,Sneha Malhotra,41,FEMALE,finance,Financial Controller,83000,Full-Time,9567430724,Delhi,3.4,Yes,,,
E1225,Vinay Nair,59,Female,IT,DevOps Engineer,71200,Contract,9193579913,Jaipur,4,No,4,,
E1226,Vinay Chavan,37,Fmail,HR,HR Manager,28300,Full-Time,,Hyderabad,4.5,No,8,,
E1227,Meera Ghosh,22,Male,Finance,Analyst,44600,Full-Time,9036032340,Pune,4.3,No,7,,
E1228,Sanjay Siddiqui,39,Female,Sales,Account Manager,55300,Full-Time,9286681277,Bangalore,4.1,Yes,0,,
E1229,Kavya Joseph,50,Female,finance,Financial Controller,88200,Full-Time,9860992423,Hyderabad,5.2,No,6,,
E1230,Neha Iyer,51,Male,Finance,Accountant,69700,Full-Time,9337404155,Mumbai,3.5,No,13,,
E1231,Farhan Sharma,25,Male,Sales,Account Manager,63800,Full-Time,9858792138,Chennai,4.8,No,9,,
E1232,Sanjay Chopra,25,Male,HR,HR Manager,42400,Full-Time,9597421109,Pune,3.3,No,9,,
E1233,Sneha Ghosh,28,Female,Operations,Operations Manager,49700,Full-Time,9689772869,Pune,,No,,,
E1234,Sunil Verma,28,Female,Marketing,Coordinator,45000,Full-Time,9766162286,Mumbai,5.3,No,1,,
E1235,Kiran Joseph,53,Female,Sales,Manager,42000,Contract,,Kochi,4.4,No,1,,
E1236,Priya Rao,49,Male,finance,Financial Controller,90500,Full-Time,9112238961,Bangalore,,No,8,,
E1237,Sara Mehta,57,Female,IT,Senior Developer,56100,Full-Time,9723115118,Ahmedabad,,No,,,
E1238,Kiran Joseph,48,Female,Operations,Operations Manager,63100,Contract,9753407002,Chennai,4.5,No,15,,
E1239,Nikhil Patil,35,Male,Operations,Operations Manager,59700,Contract,9762807264,Jaipur,3.4,No,0,,
E1240,Kavya Shaikh,45,Female,IT,DevOps Engineer,80500,Full-Time,9811565738,Kochi,,No,6,,
E1241,Pooja Singh,32,female,HR,HR Assistant,39200,Full-Time,9188722868,Delhi,3.5,No,12,,
E1242,Rahul Patil,36,Male,HR,HR Manager,49700,Full-Time,9078907359,Chennai,4.3,No,1,,
E1243,Ishaan Yadav,24,Female,Operations,Operations Manager,71400,Full-Time,9168070584,Chennai,4.6,Yes,13,,
E1244,Kiran Kumar,36,Male,Marketing,Executive,44900,Full-Time,9356196960,Chennai,5.1,No,8,,
E1245,Rahul Rao,,Male,Operations,Operations Manager,47100,Contract,,Hyderabad,3.5,No,15,,
E1246,Rohan Chopra,57,Male,HR,HR Assistant,44000,Intern,9988269718,Jaipur,3.9,No,3,,
E1247,Sunil Bansal,44,Female,Operations,Coordinator,,Full-Time,9867540572,Jaipur,3.9,No,6,,
E1248,Kavya Chavan,31,Female,IT,Developer,75100,Full-Time,9317580745,Mumbai,3.8,Yes,10,,
E1249,Sanjay Chavan,43,Female,Sales,Manager,47700,Full-Time,9797990634,Bangalore,4.5,No,4,,
E1250,Ishaan Desai,55,Male,Marketing,Digital Marketer,56400,Full-Time,9233098218,Nashik,4.6,No,9,,
E1251,Sara Iyer,50,MALE,Finance,Analyst,71000,Full-Time,9733518086,Ahmedabad,6.1,No,0,,
E1252,Nikhil Verma,44,Male,IT,Data Analyst,88900,Full-Time,9138105319,Bangalore,3.5,No,1,,
E1253,Kiran Ghosh,49,Male,HR,HR Manager,54100,Full-Time,9577518446,Hyderabad,4.8,No,,,
E1254,Farhan Mehta,25,Female,HR,Recruiter,63300,Full-Time,9609285509,Kochi,4.1,No,7,,
E1255,Anita Nair,45,Male,Marketing,Executive,,Full-Time,9446707341,Bangalore,4.1,Yes,5,,
E1256,Sunil Rao,56,Female,HR,HR Manager,71700,Full-Time,9074754954,Bangalore,3.7,No,13,,
E1257,Meera Gupta,56,Female,HR,HR Assistant,40500,Full-Time,9448121253,Hyderabad,5.2,No,15,,
E1258,Ishaan Yadav,22,Male,Operations,Coordinator,59600,Full-Time,9677095365,Jaipur,3.5,No,7,,
E1259,Varun Iyer,27,male,Sales,Manager,72400,Full-Time,9820285745,Bangalore,,No,11,,
E1260,Kiran Rao,46,Male,IT,Developer,95400,Contract,9763049219,Ahmedabad,5.6,No,1,,
E1261,Sanjay Mehta,39,Female,finance,Accountant,60400,Full-Time,9045938507,Delhi,3.8,Yes,10,,
E1262,Farhan Rao,23,Female,Sales,Executive,58700,Full-Time,9915731479,Hyderabad,3.7,No,1,,
E1263,Farhan Chavan,58,Male,Marketing,Executive,45700,Full-Time,9104567740,Kochi,4.1,No,6,,
E1264,Vinay Nair,,Female,HR,HR Assistant,42000,Full-Time,9273591467,Mumbai,4.9,No,,,
E1265,Neha Nair,35,Female,Finance,Financial Controller,88200,Contract,9391391161,Pune,3.9,No,5,,
E1266,Varun Kumar,41,Female,HR,HR Assistant,29200,Contract,9848127991,Hyderabad,4.6,Yes,15,,
E1267,Rohan Gupta,55,FEMALE,HR,HR Assistant,47800,Full-Time,9953671615,Ahmedabad,3.3,No,2,,
E1268,Pooja Bansal,49,Male,Finance,Accountant,61500,Full-Time,,Ahmedabad,3.2,Yes,11,,
E1269,Sara Desai,47,Female,FINANCE,Analyst,86800,Full-Time,9193071369,Pune,3.8,No,6,,
E1270,Sara Gupta,56,Male,Marketing,Executive,27700,Full-Time,9448277985,Hyderabad,4.5,Yes,8,,
E1271,Aisha Iyer,35,Male,MARKETING,Coordinator,51000,Full-Time,9706206443,Hyderabad,4.9,Yes,7,,
E1272,Kiran Patil,48,Male,Operations,Supervisor,55100,Full-Time,9716093473,Jaipur,4.7,No,8,,
E1273,Anita Nair,,Female,Sales,Manager,68600,Full-Time,9278592792,Pune,4.6,No,12,,
E1274,Nikhil Shaikh,,Male,Marketing,Executive,55700,Full-Time,9709814163,Hyderabad,4,Yes,2,,
E1275,Sunil Rao,40,Male,OPERATIONS,Coordinator,45600,Full-Time,9861077049,Pune,3.6,No,6,,
E1276,Lakshmi S,,Male,HR,HR Assistant,45400,Full-Time,9064058461,Nashik,4,No,3,,
E1277,Meera Siddiqui,42,Male,Marketing,Executive,63700,Full-Time,9567684585,Mumbai,3.7,Yes,8,,
E1278,Nikhil Patil,32,Female,HR,HR Assistant,55100,Full-Time,9925122561,Kochi,4.7,No,1,,
E1279,Arjun Khan,43,MALE,Operations,Operations Manager,81600,Full-Time,,Ahmedabad,4.7,No,11,,
E1280,Vinay Gupta,40,Female,Finance,Accountant,87200,Full-Time,9814288011,Hyderabad,4.2,No,8,,
E1281,Vinay Bansal,52,Female,Marketing,Executive,43800,Intern,9129915976,Kochi,3.4,No,9,,
E1282,Ishaan Patil,44,Female,Marketing,Coordinator,43900,Full-Time,9375504674,Nashik,2.8,No,11,,
E1283,Lakshmi Yadav,43,FEMALE,Marketing,Digital Marketer,49900,Full-Time,9556488412,Delhi,3.3,No,1,,
E1284,Neha Mehta,51,Male,HR,HR Assistant,38100,Full-Time,9725700599,Bangalore,3.3,No,2,,
E1285,Anita Gupta,39,Mlae,Marketing,Digital Marketer,35900,Full-Time,9009163512,Hyderabad,4.2,No,0,,
E1286,Lakshmi Shaikh,50,Female,Marketing,Digital Marketer,62400,Intern,9890577151,Bangalore,3.3,No,13,,
E1287,Meera Shaikh,25,male,Operations,Coordinator,50100,Full-Time,9146270652,Bangalore,4.5,No,7,,
E1288,Sunil Chopra,35,Female,IT,Data Analyst,66900,Contract,9799083795,Nashik,3.8,No,,,
E1289,Rohan S,42,Female,Sales,Executive,25000,Full-Time,9189397478,Kochi,,Yes,11,,
E1290,Rahul Khan,48,Fmail,HR,HR Assistant,41800,Full-Time,9849492212,Ahmedabad,4.5,Yes,4,,
E1291,Divya Ghosh,23,Male,Operations,Operations Manager,42600,Intern,9550692128,Kochi,,No,7,,
E1292,Divya Bansal,30,Female,Sales,Executive,37800,Full-Time,9359863354,Delhi,4.8,No,13,,
E1293,Rohan Nair,35,Male,IT,Senior Developer,68400,Intern,9550266476,Delhi,4.6,No,,,
E1294,Rahul Mehta,,Male,Marketing,Coordinator,47700,Contract,9741291850,Pune,4.2,Yes,14,,
E1295,Kavya Iyer,36,Female,HR,Recruiter,50800,Full-Time,9479002501,Chennai,4.4,No,13,,
E1296,Sara Rao,54,Female,Marketing,Executive,56800,Full-Time,9560499193,Nashik,5,No,8,,
E1297,Sara Joseph,42,Female,Marketing,Executive,55000,Full-Time,9283284082,Delhi,3.5,No,9,,
E1298,Nikhil Yadav,32,female,Finance,Accountant,62500,Contract,9714204036,Hyderabad,3.8,No,0,,
E1299,Neha Joseph,35,MALE,Marketing,Executive,41700,Full-Time,9929338908,Nashik,3.8,No,10,,
E1300,Meera Chavan,31,Female,Finance,Financial Controller,69200,Full-Time,9787868785,Delhi,4.2,No,10,,
E1301,Anita Bansal,24,Male,Operations,Supervisor,47200,Full-Time,9835486496,Ahmedabad,4.4,No,1,,
E1302,Kavya Nair,49,Male,Finance,Financial Controller,77500,Full-Time,,Pune,4.4,No,6,,
E1303,Anita Verma,23,Male,Operations,Supervisor,60300,Full-Time,9685194462,Hyderabad,4.8,No,2,,
E1304,Nikhil Rao,59,Female,HR,Recruiter,53000,Full-Time,9319377414,Mumbai,4.5,Yes,1,,
E1305,Anita Singh,27,Female,FINANCE,Accountant,,Contract,,Mumbai,3.5,No,5,,
E1306,Sara Bansal,59,Female,Marketing,Executive,45600,Full-Time,9839299512,Nashik,4.7,No,0,,
E1307,Lakshmi Iyer,29,Female,HR,HR Manager,29400,Full-Time,9814112244,Jaipur,,No,1,,
E1308,Priya Reddy,,Female,IT,Tester,66700,Full-Time,9308674996,Chennai,4.5,No,13,,
E1309,Pooja Chavan,53,MALE,Marketing,Coordinator,35900,Full-Time,9980073163,Hyderabad,4.4,Yes,13,,
E1310,Vinay Joseph,56,female,Sales,Manager,53200,Contract,9065715414,Mumbai,4.3,No,4,,
E1311,Priya Yadav,57,Male,Marketing,Digital Marketer,52000,Full-Time,9164753115,Bangalore,4.1,No,6,,
E1312,Vinay Verma,35,Female,Marketing,Executive,51900,Full-Time,9180889748,Kochi,3.6,No,3,,
E1313,Lakshmi Rao,59,Female,HR,Recruiter,28000,Full-Time,9231320301,Delhi,3.8,Yes,15,,
E1314,Lakshmi Nair,49,MALE,IT,Tester,41400,Full-Time,9318106211,Kochi,4.2,No,5,,
E1315,Lakshmi Mehta,26,Male,IT,Senior Developer,66800,Full-Time,9141762879,Delhi,4.9,No,2,,
E1316,Meera Yadav,32,Male,IT,DevOps Engineer,79600,Full-Time,,Kochi,4.2,No,14,,
E1317,Farhan Chavan,57,Male,Marketing,Coordinator,57100,Full-Time,9673082354,Delhi,3.5,No,14,,
E1318,Pooja Patil,56,MALE,Operations,Coordinator,,Full-Time,9116732721,Bangalore,,No,7,,
E1319,Pooja Chopra,48,Male,Finance,Financial Controller,65400,Full-Time,9122113187,Chennai,4.1,No,8,,
E1320,Sara Chavan,34,Female,MARKETING,Digital Marketer,31700,Intern,9884918801,Delhi,4,No,6,,
E1321,Vinay Khan,22,Male,Marketing,Coordinator,61200,Full-Time,9113042281,Bangalore,4.5,No,1,,
E1322,Sneha Yadav,43,Female,Finance,Analyst,88200,Full-Time,9407694461,Bangalore,4.4,No,12,,
E1323,Vinay Gupta,38,Female,HR,HR Manager,44700,Full-Time,9481421678,Nashik,3.7,No,5,,
E1324,Meera S,33,Male,IT,Senior Developer,83300,Full-Time,9224726932,Kochi,,No,7,,
E1325,Vinay Ghosh,58,Male,Sales,Executive,70400,Full-Time,,Mumbai,4.1,No,5,,
E1326,Pooja Bansal,55,Male,marketing,Executive,52100,Full-Time,9258994885,Hyderabad,3.5,No,7,,
E1327,Kavya Gupta,23,Female,Operations,Supervisor,58000,Full-Time,9637349853,Kochi,3.8,No,12,,
E1328,Varun Desai,59,FEMALE,finance,Analyst,66200,Full-Time,9771888826,Hyderabad,4.2,No,6,,
E1329,Meera Ghosh,39,Female,Operations,Coordinator,46500,Full-Time,9057717314,Hyderabad,5.2,No,11,,
E1330,Meera Joseph,30,Female,Marketing,Digital Marketer,50900,Full-Time,9385109104,Pune,3.8,Yes,1,,
E1331,Kavya Desai,43,FEMALE,marketing,Digital Marketer,46300,Full-Time,9741455582,Mumbai,5,No,6,,
E1332,Pooja Verma,44,Female,Marketing,Executive,50400,Intern,9789773154,Mumbai,5,No,,,
E1333,Priya Malhotra,24,Female,Marketing,Executive,54900,Full-Time,9347733407,Ahmedabad,2.8,No,8,,
E1334,Nikhil Siddiqui,38,Male,IT,Developer,50500,Full-Time,9793925896,Jaipur,4,Yes,1,,
E1335,Divya Gupta,25,FEMALE,Marketing,Coordinator,58500,Contract,9281570932,Delhi,3.8,No,6,,
E1336,Aisha Khan,56,Male,HR,HR Assistant,38000,Full-Time,9812098202,Ahmedabad,3.5,No,14,,
E1337,Aisha Sharma,,Male,IT,Tester,66700,Contract,9111850916,Delhi,3.1,No,0,,
E1338,Sneha Gupta,22,Male,Sales,Account Manager,36000,Contract,9837981118,Nashik,2.8,Yes,5,,
E1339,Amit Yadav,42,Female,Sales,Account Manager,39000,Intern,9242145184,Chennai,3.5,No,,,
E1340,Kiran Joseph,31,Male,HR,HR Manager,29200,Intern,9594730219,Nashik,3.9,Yes,,,
E1341,Arjun Desai,23,male,IT,Developer,91800,Full-Time,9442403033,Chennai,4.6,No,8,,
E1342,Pooja Reddy,23,Female,Sales,Executive,67700,Full-Time,9206287449,Chennai,,No,6,,
E1343,Amit Mehta,23,Female,Marketing,Coordinator,42300,Full-Time,9181484847,Mumbai,4.3,No,13,,
E1344,Lakshmi Malhotra,44,Male,Finance,Financial Controller,78300,Full-Time,9192803340,Jaipur,4.5,No,7,,
E1345,Kavya Malhotra,31,Female,Marketing,Executive,62600,Full-Time,9487841726,Hyderabad,4.7,No,5,,
E1346,Nikhil Ghosh,37,Female,Marketing,Executive,38800,Full-Time,9831434731,Hyderabad,3.6,No,5,,
E1347,Sara Gupta,26,Male,Sales,Manager,45900,Contract,9387019169,Jaipur,4.2,Yes,1,,
E1348,Pooja Bansal,28,Female,HR,Recruiter,39700,Full-Time,9698845156,Delhi,3.2,No,10,,
E1349,Sara Gupta,55,female,IT,Developer,63100,Full-Time,9915169410,Ahmedabad,4.3,No,8,,
E1350,Divya Chopra,50,Male,IT,Developer,74600,Full-Time,9783238637,Jaipur,,No,,,
E1351,Pooja Singh,30,Female,Finance,Accountant,71500,Full-Time,9092973399,Hyderabad,3.7,Yes,10,,
E1352,Kavya Chopra,45,Female,HR,HR Manager,34600,Contract,9192032149,Nashik,4.3,No,0,,
E1353,Lakshmi Gupta,,FEMALE,sales,Manager,43500,Full-Time,9669114571,Hyderabad,4.5,No,10,,
E1354,Anita Rao,,Female,Finance,Accountant,63300,Full-Time,9130253625,Hyderabad,,Yes,5,,
E1355,Rohan Nair,46,Female,IT,Senior Developer,83300,Full-Time,9708162583,Delhi,4.1,No,,,
E1356,Ishaan Malhotra,44,Male,Finance,Financial Controller,58200,Full-Time,9846452816,Hyderabad,3.7,No,8,,
E1357,Sanjay Yadav,38,MALE,HR,Recruiter,42500,Full-Time,9997127454,Hyderabad,4.9,No,12,,
E1358,Arjun Mehta,54,Female,HR,HR Manager,43100,Full-Time,9076739427,Ahmedabad,,Yes,10,,
E1359,Sanjay Siddiqui,34,Female,HR,HR Manager,59900,Full-Time,9243688051,Chennai,3.8,No,12,,
E1360,Pooja Singh,26,Female,Sales,Account Manager,41400,Contract,9988068266,Hyderabad,4.4,No,0,,
E1361,Farhan Desai,35,Female,HR,HR Manager,52700,Full-Time,9665053433,Nashik,3.1,No,4,,
E1362,Meera Kumar,29,MALE,Operations,Coordinator,66600,Full-Time,9861555368,Jaipur,3.6,No,0,,
E1363,Sara Malhotra,28,Female,Sales,Manager,43700,Full-Time,9230653831,Chennai,3.6,No,3,,
E1364,Rohan Verma,58,Female,Marketing,Digital Marketer,49100,Full-Time,9659204586,Mumbai,,No,6,,
E1365,Amit Sharma,51,Female,Operations,Operations Manager,47800,Full-Time,9114756696,Bangalore,4,No,2,,
E1366,Arjun Mehta,22,Female,Marketing,Coordinator,66700,Intern,9891200166,Mumbai,3.8,No,10,,
E1367,Rahul Chopra,57,Male,Marketing,Digital Marketer,62000,Full-Time,9854326381,Mumbai,,No,1,,
E1368,Neha Singh,,Female,IT,Data Analyst,62300,Full-Time,9768223301,Jaipur,4.8,Yes,12,,
E1369,Divya Singh,40,Mlae,IT,DevOps Engineer,104500,Full-Time,9089071256,Hyderabad,4.3,Yes,0,,
E1370,Priya Reddy,25,Female,IT,Senior Developer,72300,Contract,9286672717,Pune,3.9,No,7,,
E1371,Anita Gupta,,Female,Marketing,Digital Marketer,59300,Contract,9785822067,Nashik,4,No,7,,
E1372,Anita Khan,55,Female,Operations,Coordinator,60300,Full-Time,9434429361,Nashik,3.8,Yes,2,,
E1373,Sunil Rao,54,Male,IT,Senior Developer,69500,Full-Time,,Pune,3.7,No,5,,
E1374,Sanjay S,29,Male,Operations,Coordinator,51100,Full-Time,9820088652,Kochi,4.1,No,6,,
E1375,Sunil Singh,,Male,IT,Tester,71600,Full-Time,9351668024,Pune,3.5,No,4,,
E1376,Vinay Yadav,57,male,Sales,Account Manager,,Full-Time,9620488968,Bangalore,,No,8,,
E1377,Kavya Sharma,59,Male,Sales,Account Manager,48900,Full-Time,9470194536,Hyderabad,4,No,,,
E1378,Varun S,43,Female,IT,Tester,67000,Full-Time,9588173704,Delhi,3.9,No,12,,
E1379,Neha Rao,35,female,finance,Accountant,87600,Full-Time,9075882293,Hyderabad,3,No,15,,
E1380,Ishaan Gupta,27,Male,Sales,Account Manager,51600,Contract,9412229188,Hyderabad,4.3,No,8,,
E1381,Nikhil Kumar,50,FEMALE,IT,Senior Developer,76400,Full-Time,9870486528,Ahmedabad,3.7,No,4,,
E1382,Kiran Shaikh,45,Female,Marketing,Executive,61900,Full-Time,9384545185,Chennai,3.3,No,13,,
E1383,Vinay Bansal,26,Female,IT,Data Analyst,68400,Full-Time,9043032116,Ahmedabad,3.7,No,3,,
E1384,Pooja Reddy,41,Female,Marketing,Digital Marketer,58400,Full-Time,9014628433,Pune,4.3,No,12,,
E1385,Sunil S,43,Female,Finance,Analyst,44700,Full-Time,9749950210,Ahmedabad,,No,6,,
E1386,Varun Kumar,58,Male,IT,Developer,53200,Full-Time,9548267384,Kochi,3.7,No,7,,
E1387,Sanjay Chavan,47,Female,Sales,Account Manager,30100,Full-Time,9829440682,Mumbai,,No,7,,
E1388,Divya Desai,,Male,IT,DevOps Engineer,60800,Contract,,Kochi,3.7,No,15,,
E1389,Amit Sharma,35,Male,HR,HR Assistant,59600,Full-Time,9510594702,Nashik,3.1,No,10,,
E1390,Pooja Bansal,57,Male,Marketing,Digital Marketer,43300,Full-Time,9876667915,Chennai,3.3,No,0,,
E1391,Anita Rao,28,Male,Operations,Operations Manager,51000,Full-Time,9380179700,Chennai,3.6,No,11,,
E1392,Sanjay Rao,35,Fmail,Marketing,Digital Marketer,60300,Full-Time,9887964865,Hyderabad,3.1,No,13,,
E1393,Neha Rao,47,Female,IT,Developer,83600,Full-Time,9720635437,Ahmedabad,3.9,No,7,,
E1394,Priya Shaikh,52,Female,HR,HR Assistant,42800,Full-Time,9804999302,Hyderabad,,No,5,,
E1395,Arjun Bansal,48,Male,HR,HR Assistant,45800,Full-Time,9123412144,Hyderabad,5,Yes,14,,
E1396,Sara Ghosh,25,Male,Finance,Financial Controller,61300,Full-Time,9229374089,Hyderabad,4.7,Yes,8,,
E1397,Vinay Yadav,31,Male,Sales,Account Manager,59800,Full-Time,9370978655,Delhi,4.8,No,10,,
E1398,Priya Verma,56,MALE,sales,Account Manager,59900,Full-Time,9235750878,Ahmedabad,4.9,No,5,,
E1399,Ishaan Khan,49,Female,Marketing,Executive,45200,Full-Time,9973555534,Mumbai,,No,6,,
E1400,Divya Iyer,,Female,Marketing,Coordinator,44200,Full-Time,,Mumbai,,No,7,,
E1401,Neha Iyer,33,Female,Marketing,Digital Marketer,47300,Full-Time,9072576067,Pune,4,No,2,,
E1402,Anita Sharma,25,Female,sales,Manager,46500,Full-Time,9166397200,Kochi,3,Yes,3,,
E1403,Sneha Bansal,38,Male,Marketing,Digital Marketer,59200,Contract,9752929796,Delhi,3,No,12,,
E1404,Vinay Mehta,56,Male,HR,HR Assistant,37000,Contract,9672685719,Mumbai,4,No,11,,
E1405,Aisha Mehta,52,Female,Marketing,Coordinator,42800,Full-Time,9468330548,Mumbai,3.1,No,9,,
E1406,Varun Shaikh,25,MALE,Sales,Account Manager,49100,Full-Time,9928494432,Nashik,4.7,No,10,,
E1407,Nikhil Joseph,55,Male,Operations,Coordinator,50100,Full-Time,,Mumbai,4.1,No,13,,
E1408,Aisha Shaikh,50,Male,Operations,Operations Manager,54100,Full-Time,9555040809,Ahmedabad,3.2,No,0,,
E1409,Varun Chopra,24,male,Finance,Analyst,70100,Full-Time,9701707526,Ahmedabad,4,No,7,,
E1410,Rahul Chopra,34,Female,IT,Tester,78000,Full-Time,9714755347,Hyderabad,2.2,No,9,,
E1411,Kiran Desai,40,Female,Sales,Manager,51600,Contract,9805462025,Nashik,4.3,No,6,,
E1412,Rohan Chavan,32,Female,IT,Senior Developer,95300,Full-Time,9637650619,Nashik,,No,,,
E1413,Farhan S,32,Male,Marketing,Digital Marketer,54500,Full-Time,9855398473,Mumbai,5.6,No,2,,
E1414,Sara Kumar,51,Female,IT,Data Analyst,68100,Full-Time,9405440819,Chennai,3.7,No,10,,
E1415,Sunil Verma,22,Male,Operations,Coordinator,53600,Contract,9821476002,Chennai,4.3,No,9,,
E1416,Neha Malhotra,24,Female,HR,HR Assistant,56100,Full-Time,9746198337,Pune,4.1,No,13,,
E1417,Meera Ghosh,24,Female,Sales,Executive,41100,Full-Time,9923384863,Ahmedabad,3.8,No,,,
E1418,Sunil Chopra,54,FEMALE,Finance,Analyst,66200,Full-Time,9407850128,Ahmedabad,2.9,No,12,,
E1419,Aisha Gupta,51,Female,Marketing,Digital Marketer,47100,Full-Time,,Pune,3.7,No,7,,
E1420,Nikhil Joseph,28,female,HR,HR Assistant,32700,Full-Time,9125151870,Mumbai,3.6,No,10,,
E1421,Vinay Malhotra,42,Male,Finance,Accountant,55300,Full-Time,9130592001,Mumbai,4.1,No,0,,
E1422,Amit Mehta,44,Female,Marketing,Executive,46000,Full-Time,9781047587,Delhi,,No,5,,
E1423,Divya Kumar,48,Mlae,IT,Data Analyst,92200,Full-Time,9011038308,Mumbai,4.1,No,7,,
E1424,Neha Malhotra,46,Female,Operations,Supervisor,75300,Full-Time,9000124244,Delhi,3.9,No,12,,
E1425,Pooja Chopra,38,Female,Sales,Account Manager,52900,Full-Time,,Mumbai,3.1,No,8,,
E1426,Nikhil Joseph,56,female,Marketing,Coordinator,53200,Full-Time,9166363637,Mumbai,,No,,,
E1427,Sunil Bansal,55,Female,Finance,Analyst,49000,Contract,9038711909,Nashik,5,Yes,5,,
E1428,Meera Khan,,Female,Marketing,Digital Marketer,52700,Full-Time,9297605925,Delhi,4,Yes,5,,
E1429,Lakshmi Desai,55,Female,Marketing,Digital Marketer,51000,Full-Time,9984769696,Pune,3.8,No,6,,
E1430,Rohan Reddy,29,Male,IT,DevOps Engineer,83700,Full-Time,9943889428,Chennai,3.5,No,11,,
E1431,Kiran Chavan,47,Male,Sales,Executive,53800,Full-Time,,Delhi,3.3,No,0,,
E1432,Pooja Chopra,26,Male,IT,Data Analyst,67900,Full-Time,9496120429,Chennai,3.1,No,15,,
E1433,Rohan Mehta,34,Fmail,Sales,Account Manager,55700,Full-Time,9082774509,Kochi,,No,5,,
E1434,Lakshmi Chopra,,Male,Marketing,Executive,47300,Full-Time,9548333664,Kochi,4.2,No,12,,
E1435,Meera Bansal,45,Male,it,DevOps Engineer,69000,Full-Time,9026728482,Jaipur,4.4,No,,,
E1436,Nikhil Iyer,48,Male,HR,Recruiter,60100,Full-Time,9004392288,Pune,,No,4,,
E1437,Kiran Gupta,,Mlae,Marketing,Executive,53800,Full-Time,9170782440,Nashik,4,Yes,9,,
E1438,Aisha Ghosh,36,Female,hr,Recruiter,31000,Full-Time,9116309538,Pune,3.8,No,10,,
E1439,Priya Gupta,32,Male,Operations,Operations Manager,54200,Full-Time,9266974992,Chennai,3.6,No,8,,
E1440,Vinay Desai,44,Female,HR,Recruiter,39900,Full-Time,9248208073,Pune,4.1,No,9,,
E1441,Lakshmi Ghosh,47,Female,Finance,Financial Controller,85900,Full-Time,9799901464,Mumbai,4.9,Yes,11,,
E1442,Priya Ghosh,49,Male,IT,Data Analyst,78000,Full-Time,9625397766,Chennai,4.2,No,14,,
E1443,Sara Iyer,22,Female,Marketing,Coordinator,55900,Full-Time,9066713122,Delhi,4,No,5,,
E1444,Sanjay Patil,48,Female,Marketing,Executive,67600,Full-Time,9597555537,Mumbai,5.4,No,12,,
E1445,Priya Patil,29,Male,Marketing,Digital Marketer,56500,Full-Time,9233562982,Mumbai,,Yes,7,,
E1446,Rohan Joseph,53,Male,IT,DevOps Engineer,76400,Full-Time,9390929083,Jaipur,4.4,No,9,,
E1447,Neha Desai,53,Female,Marketing,Executive,68400,Full-Time,9115266310,Pune,4.6,No,3,,
E1448,Kavya Khan,38,Female,Sales,Executive,48500,Full-Time,9573855272,Delhi,3.8,No,2,,
E1449,Sunil Mehta,40,Female,Operations,Coordinator,53300,Full-Time,9051239700,Bangalore,4.8,No,2,,
E1450,Kavya Iyer,42,Female,HR,Recruiter,,Full-Time,9876854531,Bangalore,3.3,Yes,,,
E1451,Ishaan Siddiqui,53,Male,HR,HR Manager,31800,Contract,9320333520,Pune,3.8,No,8,,
E1452,Rohan Chopra,33,Male,IT,Developer,71300,Full-Time,9990012492,Hyderabad,,No,6,,
E1453,Sara Ghosh,30,Male,Marketing,Coordinator,51100,Full-Time,9783145729,Nashik,4.3,Yes,,,
E1454,Rohan Yadav,23,Female,Operations,Coordinator,75300,Full-Time,9405308666,Pune,3.4,Yes,9,,
E1455,Priya Iyer,59,Male,Finance,Financial Controller,56500,Full-Time,9687619632,Bangalore,3.7,No,5,,
E1456,Aisha Nair,26,Male,Finance,Analyst,83100,Full-Time,9863519396,Kochi,4.4,No,14,,
E1457,Vinay Sharma,33,Male,IT,Developer,70300,Full-Time,9392753426,Bangalore,3.3,No,3,,
E1458,Farhan Iyer,59,male,Sales,Executive,34400,Full-Time,9784438052,Bangalore,4.3,No,9,,
E1459,Sanjay Kumar,46,Female,IT,DevOps Engineer,67000,Full-Time,9412247601,Pune,,Yes,5,,
E1460,Amit Rao,45,Male,HR,HR Manager,36400,Intern,9245618557,Ahmedabad,3.5,No,2,,
E1461,Pooja Khan,48,Male,IT,Developer,86600,Full-Time,9213872365,Bangalore,4.3,No,8,,
E1462,Nikhil Sharma,39,Male,IT,Senior Developer,48900,Contract,9315367535,Mumbai,4.1,No,4,,
E1463,Neha Verma,38,Female,IT,Data Analyst,65100,Full-Time,9998126099,Delhi,4,No,4,,
E1464,Neha Bansal,52,Male,Operations,Operations Manager,63800,Full-Time,9140543672,Jaipur,3.8,Yes,7,,
E1465,Sunil S,41,Male,IT,DevOps Engineer,76300,Full-Time,,Jaipur,3.5,No,8,,
E1466,Divya Siddiqui,34,Male,Finance,Financial Controller,,Full-Time,9929300752,Hyderabad,3.2,No,10,,
E1467,Anita Rao,51,Fmail,Sales,Manager,50800,Full-Time,9466628495,Mumbai,3.8,No,12,,
E1468,Pooja Malhotra,49,Male,IT,Developer,65200,Intern,9165139978,Hyderabad,4,No,9,,
E1469,Anita Verma,40,Male,IT,Senior Developer,107500,Intern,,Hyderabad,3.8,No,9,,
E1470,Ishaan S,42,FEMALE,IT,DevOps Engineer,56300,Full-Time,,Jaipur,3.9,No,3,,
E1471,Meera Nair,47,Female,Marketing,Coordinator,49800,Full-Time,9884102782,Hyderabad,4,No,,,
E1472,Arjun Khan,37,Female,Sales,Executive,44000,Full-Time,,Nashik,3.4,No,10,,
E1473,Priya Khan,42,Male,HR,Recruiter,52400,Full-Time,9058189874,Jaipur,4.1,No,1,,
E1474,Aisha Shaikh,29,female,Marketing,Coordinator,28800,Full-Time,9858288306,Bangalore,3.8,No,8,,
E1475,Nikhil Rao,25,Male,Sales,Executive,55500,Full-Time,9807149157,Mumbai,,Yes,7,,
E1476,Neha Iyer,40,Female,Operations,Supervisor,54900,Full-Time,9454063358,Chennai,4.4,No,6,,
E1477,Vinay Sharma,22,Female,Operations,Coordinator,41200,Full-Time,,Kochi,4,No,14,,
E1478,Kavya Kumar,34,Male,Marketing,Executive,58800,Contract,9264261568,Kochi,4.9,No,7,,
E1479,Vinay Khan,56,Female,HR,Recruiter,28600,Full-Time,9348364449,Nashik,4.3,No,7,,
E1480,Sara Shaikh,37,Male,IT,Data Analyst,85400,Full-Time,9479623213,Ahmedabad,4.5,No,6,,
E1481,Pooja S,37,Female,Sales,Account Manager,75200,Full-Time,9595164831,Nashik,4.3,Yes,9,,
E1482,Anita Patil,43,female,HR,Recruiter,37600,Full-Time,9904559649,Hyderabad,3.6,No,14,,
E1483,Rahul Bansal,34,Male,Sales,Executive,54900,Full-Time,9345602919,Chennai,4.3,No,12,,
E1484,Kiran Ghosh,45,Male,IT,DevOps Engineer,59500,Contract,9036784183,Nashik,4.1,No,7,,
E1485,Sneha Mehta,34,male,Finance,Analyst,68500,Full-Time,9920448191,Pune,4.3,No,1,,
E1486,Anita Joseph,35,Female,Marketing,Executive,58500,Full-Time,9175609564,Chennai,4.9,No,12,,
E1487,Ishaan Khan,36,male,Operations,Operations Manager,73000,Full-Time,9060670779,Hyderabad,,Yes,13,,
E1488,Farhan Khan,47,MALE,Operations,Coordinator,53600,Full-Time,9856675509,Ahmedabad,5.4,No,9,,
E1489,Farhan Joseph,45,Male,Operations,Supervisor,43800,Full-Time,9664916361,Kochi,,No,1,,
E1490,Amit Iyer,34,Female,HR,HR Manager,38200,Full-Time,9228999879,Pune,3.1,No,14,,
E1491,Pooja Desai,59,Female,Sales,Account Manager,53600,Full-Time,9890001580,Kochi,4.3,No,4,,
E1492,Amit Rao,38,Female,HR,HR Assistant,56500,Full-Time,9559834203,Bangalore,4.9,No,1,,
E1493,Divya Patil,42,female,Marketing,Executive,57300,Full-Time,9441047226,Chennai,3.3,No,0,,
E1494,Ishaan Nair,45,Female,HR,Recruiter,37000,Full-Time,9478435916,Nashik,5,Yes,0,,
E1495,Rahul Malhotra,25,Male,Sales,Account Manager,48500,Full-Time,9203248926,Pune,4,No,2,,
E1496,Varun Ghosh,26,Female,IT,Data Analyst,75900,Full-Time,9437595070,Chennai,4.2,No,3,,
E1497,Meera Nair,24,male,Sales,Manager,35000,Full-Time,9560857632,Chennai,4,Yes,13,,
E1498,Arjun Shaikh,35,Female,IT,Senior Developer,62200,Full-Time,9357473539,Jaipur,3.9,No,9,,
E1499,Arjun Rao,34,Female,HR,HR Manager,30200,Contract,9603808534,Chennai,3.9,No,13,,
E1500,Arjun Siddiqui,47,Male,HR,HR Manager,70300,Full-Time,9096016344,Nashik,2.6,No,8,,
E1501,Meera Desai,27,Female,Marketing,Coordinator,42100,Full-Time,9093401384,Chennai,3.6,No,13,,
E1502,Neha S,38,Male,IT,Data Analyst,60000,Full-Time,9127314458,Chennai,4,No,10,,
E1503,Amit Verma,59,Female,IT,Tester,81300,Full-Time,9035119738,Delhi,3.6,No,12,,
E1504,Amit Joseph,41,Female,Marketing,Executive,61600,Full-Time,9585074288,Jaipur,2.9,No,12,,
E1505,Ishaan S,38,Male,Finance,Financial Controller,100900,Full-Time,9992088890,Jaipur,5,No,,,
E1506,Sneha Yadav,44,Female,Operations,Supervisor,59800,Full-Time,9632775112,Bangalore,4,No,1,,
E1507,Ishaan Khan,45,Male,IT,Data Analyst,57900,Full-Time,9817602572,Bangalore,4.3,No,2,,
E1508,Rahul Ghosh,22,Female,operations,Coordinator,33300,Full-Time,9530514812,Hyderabad,3.7,Yes,12,,
E1509,Kiran Yadav,59,Male,IT,Tester,65800,Contract,9311108028,Chennai,3.7,No,13,,
E1510,Amit Siddiqui,27,Male,Marketing,Executive,50900,Full-Time,9303275787,Mumbai,3.6,No,11,,
E1511,Arjun Singh,35,Female,Sales,Account Manager,64900,Full-Time,,Kochi,3.6,No,12,,
E1512,Kavya Patil,33,female,IT,Data Analyst,,Full-Time,9433399175,Delhi,4,No,0,,
E1513,Divya Yadav,31,Male,Marketing,Executive,48400,Full-Time,9303670388,Mumbai,3.3,No,8,,
E1514,Kavya Chopra,43,Female,HR,HR Assistant,42200,Full-Time,9649163299,Mumbai,4,No,10,,
E1515,Arjun Mehta,53,Male,Finance,Accountant,58700,Full-Time,9528242467,Chennai,3.3,No,15,,
E1516,Arjun Bansal,50,Male,Finance,Financial Controller,61600,Contract,9813628627,Delhi,4.9,No,6,,
E1517,Rohan Iyer,23,Male,Operations,Coordinator,37900,Full-Time,,Mumbai,,No,5,,
E1518,Ishaan S,50,Male,Sales,Executive,60700,Full-Time,9013859670,Jaipur,4.5,Yes,2,,
E1519,Sneha Reddy,53,female,Finance,Analyst,67300,Full-Time,9004306869,Ahmedabad,4.6,No,5,,
E1520,Kavya Kumar,50,Female,Operations,Coordinator,33700,Full-Time,9049712268,Delhi,4,No,6,,
E1521,Arjun Mehta,31,Female,Marketing,Digital Marketer,42800,Contract,9457757703,Delhi,4.2,No,,,
E1522,Sanjay Gupta,56,Female,Finance,Analyst,63700,Full-Time,9238576558,Ahmedabad,3.9,No,3,,
E1523,Sneha Nair,59,MALE,Finance,Accountant,,Full-Time,9259136095,Jaipur,3.6,No,,,
E1524,Vinay Khan,59,Female,Finance,Accountant,72400,Contract,9500637117,Delhi,3.6,No,15,,
E1525,Vinay Joseph,29,Male,HR,HR Manager,40000,Full-Time,9900624005,Ahmedabad,5.2,No,1,,
E1526,Meera Joseph,,female,Operations,Operations Manager,68000,Full-Time,9318466339,Ahmedabad,4,Yes,3,,
E1527,Aisha Nair,28,Male,it,Tester,80800,Full-Time,9835346179,Ahmedabad,3.8,No,10,,
E1528,Farhan Joseph,43,Female,Sales,Executive,51000,Full-Time,,Jaipur,3.9,No,6,,
E1529,Sunil Sharma,26,Male,Sales,Manager,52500,Contract,9774776248,Chennai,4.1,No,2,,
E1530,Ishaan Sharma,33,Female,Finance,Analyst,71800,Full-Time,9338566129,Delhi,2.8,No,8,,
E1531,Ishaan Kumar,32,female,Sales,Manager,50300,Full-Time,9653782299,Bangalore,5.2,No,1,,
E1532,Arjun Khan,33,Male,Marketing,Executive,39700,Full-Time,9843244198,Bangalore,4.1,No,3,,
E1533,Ishaan Verma,33,Female,HR,HR Assistant,57400,Full-Time,9386008247,Bangalore,3.6,No,12,,
E1534,Sara Iyer,51,Female,Finance,Financial Controller,,Full-Time,9340432208,Hyderabad,3.4,No,1,,
E1535,Kavya Shaikh,33,Female,Sales,Manager,55000,Full-Time,9185536881,Kochi,4.3,No,,,
E1536,Sara Khan,43,Female,HR,HR Manager,43200,Full-Time,9823838110,Ahmedabad,2.7,No,5,,
E1537,Ishaan Reddy,27,Male,IT,Developer,91800,Full-Time,9860392455,Jaipur,3.4,No,7,,
E1538,Divya Singh,31,Male,Marketing,Executive,54700,Contract,9667690069,Nashik,4.2,No,13,,
E1539,Rahul Khan,31,Male,operations,Supervisor,47400,Contract,9619448749,Bangalore,2.8,No,9,,
E1540,Rohan Mehta,48,Male,Operations,Supervisor,44300,Full-Time,9705294250,Ahmedabad,4.9,No,9,,
E1541,Neha Patil,23,Female,HR,HR Assistant,46200,Full-Time,9310218446,Kochi,3.5,Yes,13,,
E1542,Lakshmi Mehta,45,Male,HR,Recruiter,43100,Contract,,Mumbai,4.4,Yes,2,,
E1543,Divya Chopra,58,Female,MARKETING,Coordinator,62800,Full-Time,9721691074,Ahmedabad,3.3,No,3,,
E1544,Neha Yadav,56,Male,IT,DevOps Engineer,63800,Contract,,Nashik,3.5,Yes,3,,
E1545,Farhan Rao,39,Female,Operations,Operations Manager,71800,Intern,9073148630,Mumbai,4.7,Yes,1,,
E1546,Sara Verma,51,Male,Marketing,Coordinator,,Full-Time,9312101433,Nashik,4.2,No,9,,
E1547,Sara Rao,28,FEMALE,MARKETING,Coordinator,33800,Full-Time,9447569194,Jaipur,4.4,No,7,,
E1548,Sunil Patil,53,Male,Operations,Coordinator,33000,Full-Time,9349874954,Mumbai,4,No,9,,
E1549,Sanjay Reddy,53,Female,IT,Developer,89900,Full-Time,9671426683,Bangalore,,No,3,,
E1550,Neha Rao,34,Male,Operations,Supervisor,59600,Intern,9970024523,Chennai,4,No,10,,
E1551,Divya Sharma,34,Male,FINANCE,Accountant,65200,Full-Time,9481851982,Nashik,4.3,No,10,,
E1552,Nikhil Yadav,,Male,Operations,Coordinator,59800,Full-Time,9421961138,Ahmedabad,3.9,No,1,,
E1553,Ishaan Sharma,,male,finance,Analyst,50400,Full-Time,,Nashik,4.6,No,,,
E1554,Sunil S,25,Male,finance,Accountant,51900,Full-Time,9068347804,Pune,4.1,No,0,,
E1555,Kiran Siddiqui,38,Female,IT,Developer,78800,Contract,9362214017,Hyderabad,3.6,Yes,9,,
E1556,Nikhil S,48,Female,HR,HR Manager,39900,Full-Time,9213752364,Nashik,3.3,No,0,,
E1557,Sara Mehta,49,MALE,IT,Senior Developer,,Full-Time,9796207335,Chennai,3.8,Yes,11,,
E1558,Divya Reddy,49,Male,Operations,Coordinator,55800,Full-Time,9332871211,Pune,4,No,8,,
E1559,Nikhil Ghosh,43,Female,IT,Tester,86800,Full-Time,9150780541,Bangalore,4.6,No,4,,
E1560,Rahul Yadav,59,female,Sales,Manager,39000,Full-Time,9687332407,Jaipur,4.7,No,12,,
E1561,Kiran Bansal,51,Male,Operations,Coordinator,75700,Contract,9910463232,Pune,4.2,No,7,,
E1562,Divya Joseph,28,Male,Operations,Operations Manager,62600,Full-Time,9344308565,Kochi,4,No,14,,
E1563,Lakshmi Iyer,44,Female,Finance,Financial Controller,72200,Full-Time,9396479054,Jaipur,4,Yes,6,,
E1564,Amit Khan,28,Male,IT,DevOps Engineer,49400,Full-Time,9609105902,Jaipur,3.8,No,4,,
E1565,Anita Chavan,56,Female,finance,Analyst,62700,Full-Time,9434797453,Chennai,3,No,10,,
E1566,Priya Iyer,34,Male,Sales,Account Manager,61600,Contract,,Nashik,,No,3,,
E1567,Pooja Desai,25,Male,Operations,Supervisor,41400,Full-Time,9806742489,Ahmedabad,3.8,Yes,1,,
E1568,Meera Verma,47,Male,HR,HR Manager,62500,Contract,9092584276,Mumbai,4.7,Yes,13,,
E1569,Arjun Chopra,22,Female,IT,Senior Developer,69300,Full-Time,9963486386,Nashik,4.4,No,3,,
E1570,Arjun Gupta,24,FEMALE,HR,HR Assistant,36600,Full-Time,9428698922,Pune,4.3,No,9,,
E1571,Priya Bansal,24,Male,Operations,Supervisor,60800,Full-Time,9786697077,Kochi,4.4,No,,,
E1572,Meera Kumar,30,Male,Sales,Manager,85300,Intern,9908187522,Bangalore,4,No,13,,
E1573,Pooja Chavan,55,FEMALE,Marketing,Executive,51900,Full-Time,9415373446,Pune,4.8,Yes,15,,
E1574,Pooja Chavan,32,Female,Finance,Analyst,66000,Full-Time,9755957403,Delhi,4.6,No,4,,
E1575,Lakshmi Bansal,41,Male,Finance,Accountant,86600,Full-Time,9978750095,Hyderabad,,No,3,,
E1576,Ishaan Reddy,40,Male,HR,HR Assistant,41200,Full-Time,9355892122,Bangalore,4.4,No,12,,
E1577,Rahul Iyer,45,Male,Sales,Manager,79700,Full-Time,9413354118,Chennai,3.3,No,13,,
E1578,Rahul Siddiqui,29,Male,Finance,Financial Controller,58700,Full-Time,9044643581,Kochi,3.8,No,4,,
E1579,Aisha Nair,28,Female,Sales,Account Manager,48300,Full-Time,9015949789,Delhi,4.3,No,6,,
E1580,Vinay S,23,Male,Sales,Executive,56900,Full-Time,9447182326,Jaipur,4.5,Yes,12,,
E1581,Kavya Kumar,48,Female,IT,Data Analyst,69600,Full-Time,9263399656,Mumbai,,Yes,9,,
E1582,Amit Nair,34,Male,IT,Developer,89000,Full-Time,9822225225,Mumbai,3.1,No,3,,
E1583,Aisha Chavan,25,Female,IT,Data Analyst,83100,Full-Time,9869230397,Ahmedabad,4.3,No,1,,
E1584,Nikhil Sharma,22,Male,IT,DevOps Engineer,43300,Intern,9106417952,Pune,4.4,No,14,,
E1585,Sunil Gupta,27,Male,HR,HR Assistant,59100,Contract,9321601490,Chennai,3.8,Yes,3,,
E1586,Kavya Sharma,36,Female,Operations,Operations Manager,58200,Full-Time,9673697152,Pune,4.3,No,13,,
E1587,Rohan Reddy,49,Male,Finance,Financial Controller,39800,Full-Time,9320478249,Chennai,3.2,No,14,,
E1588,Aisha Bansal,50,Female,Sales,Account Manager,66400,Full-Time,9850851823,Pune,4.9,No,8,,
E1589,Ishaan Sharma,31,Female,Sales,Executive,52900,Full-Time,9955402858,Bangalore,4,No,10,,
E1590,Farhan Chopra,36,Female,HR,Recruiter,66600,Full-Time,9481321360,Bangalore,4.7,No,,,
E1591,Vinay Desai,29,male,Marketing,Executive,69600,Full-Time,9195497410,Nashik,4.1,No,9,,
E1592,Arjun Mehta,42,Female,Marketing,Executive,59300,Full-Time,9187100210,Bangalore,,No,5,,
E1593,Kavya Chopra,39,female,Operations,Supervisor,50200,Full-Time,9450529109,Chennai,3.2,Yes,6,,
E1594,Sara Shaikh,28,Male,Sales,Manager,73700,Contract,9792707121,Chennai,5.2,No,6,,
E1595,Priya Rao,53,Male,Sales,Manager,34100,Contract,9384468743,Delhi,4.2,No,0,,
E1596,Pooja Chavan,28,Male,Operations,Supervisor,70400,Full-Time,9241674679,Nashik,3.7,No,8,,
E1597,Aisha Sharma,48,Female,Marketing,Coordinator,42600,Contract,9310661799,Jaipur,,No,12,,
E1598,Meera Siddiqui,29,Mlae,Sales,Account Manager,63700,Full-Time,9254419762,Jaipur,4.2,No,11,,
E1599,Ishaan Mehta,47,Male,Finance,Financial Controller,57900,Contract,9478089353,Ahmedabad,3.2,No,6,,
E1600,Sunil Yadav,40,Female,Operations,Operations Manager,52400,Full-Time,9491819367,Ahmedabad,4.8,No,3,,
E1601,Nikhil Joseph,,Female,HR,Recruiter,56900,Full-Time,9164027132,Bangalore,4.6,No,9,,
E1602,Lakshmi Desai,53,Mlae,Marketing,Coordinator,44900,Full-Time,9097531793,Hyderabad,,No,10,,
E1603,Ishaan Patil,,Female,Finance,Financial Controller,56700,Full-Time,9344017048,Pune,3.4,No,8,,
E1604,Kavya Chopra,25,Male,Sales,Account Manager,55200,Full-Time,9455889038,Bangalore,4.2,No,4,,
E1605,Farhan Verma,46,Female,IT,DevOps Engineer,50300,Full-Time,9671367388,Jaipur,3.5,No,13,,
E1606,Arjun Yadav,35,Male,Finance,Accountant,63700,Full-Time,,Delhi,4.3,No,,,
E1607,Arjun Khan,40,Male,IT,Tester,92000,Full-Time,9789799153,Chennai,4.9,No,9,,
E1608,Ishaan Singh,58,Female,IT,Senior Developer,73400,Full-Time,9560428178,Mumbai,3.5,No,8,,
E1609,Kavya Gupta,39,Female,Marketing,Digital Marketer,52600,Full-Time,9709159258,Chennai,3.3,No,10,,
E1610,Farhan Chopra,32,Female,Marketing,Digital Marketer,,Full-Time,9095081668,Pune,,No,0,,
E1611,Nikhil Nair,52,Male,HR,HR Manager,50800,Full-Time,,Kochi,4.7,No,6,,
E1612,Lakshmi Siddiqui,29,Female,Finance,Analyst,71500,Full-Time,9145409661,Jaipur,4.6,No,11,,
E1613,Sara Joseph,59,Male,HR,HR Assistant,55300,Full-Time,9410771612,Chennai,4.4,No,5,,
E1614,Pooja Yadav,39,Female,Sales,Executive,59700,Full-Time,9914409618,Chennai,3.8,No,3,,
E1615,Farhan Mehta,51,Male,HR,HR Manager,25000,Contract,9954473797,Ahmedabad,3.7,No,4,,
E1616,Vinay Bansal,58,Female,Sales,Executive,49400,Full-Time,,Delhi,3.6,No,5,,
E1617,Priya Mehta,33,Female,HR,HR Manager,48100,Full-Time,9030894968,Delhi,4.5,No,11,,
E1618,Divya Ghosh,58,Female,Finance,Analyst,41500,Contract,9729019031,Jaipur,4.2,Yes,11,,
E1619,Rohan Ghosh,30,Female,Finance,Accountant,57500,Full-Time,9818071688,Ahmedabad,4,No,12,,
E1620,Arjun Singh,43,Male,Finance,Accountant,71700,Full-Time,9475646194,Nashik,,No,1,,
E1621,Sanjay Shaikh,22,Male,Finance,Accountant,67900,Full-Time,9810689770,Hyderabad,2.7,No,6,,
E1622,Ishaan Shaikh,44,Male,IT,Senior Developer,72400,Full-Time,9688962320,Delhi,4.2,No,1,,
E1623,Amit Ghosh,52,Male,Marketing,Executive,46200,Full-Time,9322333594,Chennai,3.8,No,0,,
E1624,Kiran Kumar,28,Female,Marketing,Executive,52500,Full-Time,9300711131,Bangalore,4.1,No,13,,
E1625,Priya Rao,44,Female,Operations,Operations Manager,74300,Full-Time,9445274766,Jaipur,4.5,No,11,,
E1626,Pooja Desai,59,Male,IT,Senior Developer,64800,Full-Time,9207127139,Kochi,4.2,No,3,,
E1627,Sara Yadav,47,Female,Finance,Financial Controller,53900,Full-Time,9003878291,Mumbai,3.7,No,14,,
E1628,Farhan Yadav,23,Male,IT,Data Analyst,83800,Full-Time,9972776785,Mumbai,,No,14,,
E1629,Sneha Khan,59,Fmail,HR,HR Manager,39500,Full-Time,9589865348,Chennai,4.7,No,0,,
E1630,Arjun Shaikh,26,female,HR,HR Assistant,51100,Full-Time,9753269459,Jaipur,3.7,No,2,,
E1631,Lakshmi Kumar,33,Female,Finance,Financial Controller,66100,Full-Time,9446670245,Hyderabad,2.3,No,1,,
E1632,Priya Desai,25,Female,Marketing,Digital Marketer,49900,Full-Time,9538067330,Bangalore,3.5,No,6,,
E1633,Sara Desai,22,Male,Finance,Financial Controller,67700,Full-Time,9091823492,Pune,3.3,No,,,
E1634,Amit Nair,55,Female,Sales,Executive,47000,Full-Time,,Kochi,4.2,No,12,,
E1635,Ishaan S,47,Male,Operations,Supervisor,64600,Full-Time,9811933637,Chennai,,No,0,,
E1636,Sunil Rao,38,MALE,Operations,Operations Manager,48100,Contract,9368515268,Mumbai,3.3,No,6,,
E1637,Sara Malhotra,48,Male,Operations,Operations Manager,56200,Full-Time,9401142376,Mumbai,3.7,No,13,,
E1638,Vinay Gupta,52,Male,HR,Recruiter,39300,Full-Time,9373087384,Chennai,3.6,Yes,11,,
E1639,Ishaan Kumar,37,Female,Finance,Analyst,84900,Full-Time,9226964012,Mumbai,3.4,No,11,,
E1640,Meera Bansal,29,Female,Finance,Accountant,64900,Full-Time,9240728114,Chennai,3.6,No,7,,
E1641,Varun Nair,25,Male,IT,Senior Developer,69100,Full-Time,9364204498,Mumbai,4.4,No,1,,
E1642,Amit Bansal,32,Male,Sales,Manager,58000,Full-Time,9660333319,Chennai,3.3,No,9,,
E1643,Sanjay Gupta,22,Male,Operations,Coordinator,75100,Full-Time,,Chennai,3.8,No,3,,
E1644,Sara Yadav,28,MALE,Marketing,Executive,40200,Full-Time,9501793667,Bangalore,,No,11,,
E1645,Meera Iyer,37,Female,HR,HR Manager,27000,Contract,9095115466,Bangalore,3.5,No,10,,
E1646,Priya Shaikh,57,Female,Operations,Operations Manager,58800,Full-Time,9952254687,Delhi,4,No,1,,
E1647,Lakshmi Yadav,41,Female,Marketing,Digital Marketer,37700,Intern,9606739427,Hyderabad,3.3,No,14,,
E1648,Priya Siddiqui,32,Female,Marketing,Executive,44700,Full-Time,9047932968,Bangalore,3.6,No,11,,
E1649,Kavya Yadav,40,Female,Finance,Analyst,82800,Full-Time,9737932373,Chennai,3.6,No,14,,
E1650,Meera Joseph,49,FEMALE,finance,Analyst,55500,Contract,9609766539,Mumbai,3.6,Yes,0,,
E1651,Vinay Khan,38,Female,IT,Senior Developer,68600,Full-Time,9102276733,Chennai,4.7,No,2,,
E1652,Nikhil Patil,34,Female,Marketing,Digital Marketer,73600,Full-Time,9222885177,Kochi,3.8,No,10,,
E1653,Farhan Nair,27,FEMALE,IT,Tester,81100,Full-Time,9049355996,Bangalore,3.6,No,11,,
E1654,Vinay Chopra,46,Male,HR,HR Manager,48500,Full-Time,,Delhi,3.9,Yes,6,,
E1655,Ishaan Sharma,53,Female,Operations,Supervisor,55900,Full-Time,,Jaipur,4.4,Yes,10,,
E1656,Arjun Joseph,26,Fmail,IT,DevOps Engineer,43500,Full-Time,9982842187,Mumbai,4.7,No,8,,
E1657,Nikhil Iyer,50,Male,Finance,Analyst,45300,Full-Time,9640911497,Pune,4.1,No,6,,
E1658,Anita Joseph,54,Female,Finance,Financial Controller,,Full-Time,9746362200,Hyderabad,4.7,Yes,3,,
E1659,Kiran Gupta,34,Female,Marketing,Digital Marketer,,Full-Time,9353156114,Kochi,4.2,No,14,,
E1660,Farhan Verma,33,MALE,Operations,Operations Manager,71200,Contract,9854636789,Chennai,4.4,No,8,,
E1661,Divya Ghosh,33,Male,HR,Recruiter,48900,Contract,9519451376,Pune,4.4,No,,,
E1662,Ishaan Chopra,30,Male,IT,Tester,66800,Full-Time,9787043942,Chennai,3.8,No,11,,
E1663,Meera Reddy,31,FEMALE,HR,HR Assistant,36000,Full-Time,,Nashik,4.2,Yes,8,,
E1664,Rohan Reddy,55,Male,hr,Recruiter,55000,Full-Time,9946629855,Bangalore,3.5,No,13,,
E1665,Anita Reddy,52,Female,Finance,Accountant,60700,Full-Time,9433256585,Ahmedabad,,No,12,,
E1666,Rahul Malhotra,44,Female,Finance,Analyst,54800,Contract,9921810477,Delhi,3.8,No,8,,
E1667,Priya Chavan,28,Female,Operations,Coordinator,46200,Full-Time,9845793530,Ahmedabad,3.8,No,12,,
E1668,Anita Yadav,40,Female,Finance,Analyst,49000,Full-Time,9291890429,Ahmedabad,3.8,No,8,,
E1669,Varun Siddiqui,,Male,Operations,Coordinator,67500,Full-Time,9604637411,Delhi,4.5,No,0,,
E1670,Aisha Khan,42,Female,Sales,Account Manager,51200,Full-Time,9119162641,Mumbai,3.8,No,10,,
E1671,Lakshmi Reddy,36,Female,Marketing,Executive,40300,Full-Time,9170244059,Pune,3,Yes,9,,
E1672,Meera Chavan,25,male,Marketing,Executive,57400,Full-Time,9645107481,Chennai,4.2,No,1,,
E1673,Rahul Kumar,36,female,Sales,Executive,42300,Full-Time,9863110373,Pune,5.6,Yes,12,,
E1674,Rohan Nair,27,male,Finance,Accountant,66100,Full-Time,9270661496,Delhi,4.1,No,,,
E1675,Vinay Joseph,52,Male,Finance,Analyst,76700,Contract,9081589675,Kochi,3.9,No,9,,
E1676,Divya Desai,51,Female,Operations,Operations Manager,48800,Full-Time,9951460936,Nashik,3.9,No,11,,
E1677,Rohan Sharma,,Male,Marketing,Coordinator,39100,Contract,9237206045,Kochi,4.1,No,,,
E1678,Priya Patil,24,MALE,Sales,Account Manager,,Full-Time,9750603643,Jaipur,3.8,No,8,,
E1679,Sanjay Mehta,30,Male,HR,Recruiter,,Full-Time,9924812739,Nashik,3.6,No,14,,
E1680,Arjun Gupta,42,Female,Operations,Supervisor,54400,Full-Time,9617425926,Kochi,5.7,No,14,,
E1681,Rahul Chavan,49,Male,HR,Recruiter,40100,Full-Time,9735750527,Ahmedabad,4.1,No,1,,
E1682,Varun Kumar,31,female,Finance,Financial Controller,54600,Contract,9834597634,Mumbai,4.3,No,1,,
E1683,Neha Joseph,29,Female,IT,Tester,55600,Full-Time,9713589840,Jaipur,3.5,No,13,,
E1684,Priya Khan,52,Male,Finance,Financial Controller,66300,Full-Time,9563334215,Nashik,5,No,8,,
E1685,Lakshmi Kumar,54,Female,Sales,Executive,69300,Full-Time,9387407717,Hyderabad,3.8,No,4,,
E1686,Aisha Yadav,37,Mlae,IT,Tester,74600,Full-Time,9892472782,Jaipur,3.1,No,14,,
E1687,Rohan Patil,27,Female,Finance,Accountant,45400,Full-Time,9752765621,Ahmedabad,4.6,No,3,,
E1688,Lakshmi S,52,Male,Marketing,Executive,46100,Full-Time,9503198943,Mumbai,4.7,Yes,10,,
E1689,Meera Joseph,58,Female,Operations,Operations Manager,66800,Full-Time,9273464602,Delhi,3,No,2,,
E1690,Sanjay Gupta,52,Female,Finance,Accountant,68000,Full-Time,9531995589,Ahmedabad,4,No,9,,
E1691,Vinay Verma,25,Male,IT,Tester,,Full-Time,9011378597,Bangalore,5,Yes,11,,
E1692,Anita Desai,28,male,Marketing,Coordinator,55800,Full-Time,9693461453,Bangalore,3.6,Yes,0,,
E1693,Lakshmi Chopra,30,Female,Marketing,Coordinator,61200,Full-Time,9646734664,Jaipur,2.7,No,3,,
E1694,Priya Reddy,31,Female,it,DevOps Engineer,78300,Full-Time,9790092321,Mumbai,3.9,No,4,,
E1695,Nikhil Reddy,24,Male,IT,DevOps Engineer,56600,Full-Time,9088549834,Kochi,2.2,No,7,,
E1696,Rahul Singh,57,Female,Operations,Coordinator,52300,Full-Time,9471266257,Pune,3.9,No,7,,
E1697,Sneha Chopra,30,Male,it,Developer,89000,Full-Time,9482423490,Hyderabad,,Yes,6,,
E1698,Farhan Yadav,35,Female,Marketing,Executive,41000,Full-Time,9779696554,Chennai,4.3,No,4,,
E1699,Varun Iyer,29,Male,Sales,Manager,45700,Full-Time,9045518679,Ahmedabad,3.7,Yes,12,,
E1700,Sara Siddiqui,41,MALE,Sales,Executive,66000,Full-Time,9222335966,Bangalore,4.5,No,15,,
E1701,Lakshmi Verma,28,Female,Finance,Analyst,73800,Full-Time,9002916146,Mumbai,4,No,7,,
E1702,Sara Gupta,43,Male,Sales,Executive,42800,Full-Time,9936310804,Bangalore,5.1,No,9,,
E1703,Nikhil Desai,30,Male,HR,HR Assistant,35200,Full-Time,9199184661,Pune,2.9,No,2,,
E1704,Arjun Mehta,56,Male,HR,Recruiter,53800,Full-Time,9802252320,Hyderabad,4.3,No,12,,
E1705,Meera Patil,47,Male,IT,Data Analyst,77000,Full-Time,9933938850,Chennai,,No,10,,
E1706,Priya Gupta,24,Female,operations,Operations Manager,68900,Full-Time,9483491557,Nashik,3.8,No,6,,
E1707,Neha Singh,57,Male,Marketing,Coordinator,55500,Full-Time,9987013092,Bangalore,,Yes,11,,
E1708,Arjun Khan,36,Male,Sales,Account Manager,46400,Full-Time,9101229784,Chennai,4,No,13,,
E1709,Sunil Nair,34,Male,Finance,Analyst,61100,Contract,9991286580,Jaipur,3.9,No,9,,
E1710,Amit Shaikh,43,Male,Marketing,Digital Marketer,45800,Full-Time,9358308195,Hyderabad,4.3,No,15,,
E1711,Varun Chopra,41,MALE,Finance,Analyst,49600,Full-Time,,Pune,4.1,Yes,10,,
E1712,Lakshmi Singh,48,Male,Sales,Manager,86800,Full-Time,9447843267,Mumbai,4.1,No,4,,
E1713,Pooja Nair,31,Female,IT,Developer,67800,Contract,9300803715,Chennai,5.6,No,2,,
E1714,Sara Desai,48,Female,finance,Analyst,79900,Full-Time,9800139959,Jaipur,5.2,No,7,,
E1715,Arjun Verma,38,MALE,Sales,Executive,,Full-Time,9746917856,Mumbai,3.6,No,12,,
E1716,Sneha Verma,43,Female,Operations,Supervisor,40100,Full-Time,9748513249,Pune,3.9,No,11,,
E1717,Amit Rao,43,FEMALE,Marketing,Digital Marketer,72600,Full-Time,9860840236,Ahmedabad,4.2,No,6,,
E1718,Lakshmi Chavan,32,Male,Marketing,Executive,52800,Full-Time,9584827559,Kochi,3.8,No,3,,
E1719,Vinay Mehta,37,Female,Sales,Executive,50100,Full-Time,9196678149,Nashik,,No,3,,
E1720,Sara Mehta,40,Male,HR,HR Assistant,44100,Full-Time,9809413760,Pune,4.6,Yes,12,,
E1721,Vinay Patil,38,Male,HR,HR Assistant,29900,Contract,9719198440,Mumbai,4.3,No,2,,
E1722,Amit Nair,50,Female,HR,HR Manager,48000,Full-Time,9068919519,Pune,4.7,Yes,,,
E1723,Anita Mehta,25,Female,IT,Senior Developer,76500,Contract,9682679940,Hyderabad,3.7,No,,,
E1724,Aisha Kumar,40,Male,hr,Recruiter,36900,Contract,9665323179,Kochi,5,No,3,,
E1725,Aisha Shaikh,53,Mlae,Finance,Financial Controller,82200,Full-Time,9721635373,Nashik,3.8,No,4,,
E1726,Lakshmi Joseph,45,Female,marketing,Digital Marketer,81100,Full-Time,9642251683,Hyderabad,3.9,No,,,
E1727,Lakshmi Chopra,43,Male,Sales,Manager,40800,Full-Time,9430486182,Mumbai,3.8,No,10,,
E1728,Kavya Shaikh,45,Female,IT,Tester,76300,Full-Time,9854129166,Jaipur,4.1,No,3,,
E1729,Aisha Malhotra,39,Female,Marketing,Digital Marketer,52900,Contract,9812545409,Hyderabad,4.7,No,11,,
E1730,Sneha Desai,48,Male,Finance,Analyst,99700,Full-Time,9721215968,Ahmedabad,3.8,No,10,,
E1731,Kiran Mehta,59,Male,Marketing,Digital Marketer,55900,Full-Time,9307265168,Mumbai,4.6,No,14,,
E1732,Sunil Patil,35,Male,Sales,Account Manager,66700,Full-Time,,Hyderabad,3.3,No,5,,
E1733,Farhan Singh,38,Female,MARKETING,Executive,50700,Full-Time,9599010727,Mumbai,4.1,No,3,,
E1734,Kavya Kumar,44,Female,Operations,Operations Manager,52700,Full-Time,,Chennai,3.3,No,10,,
E1735,Rahul Bansal,47,Female,FINANCE,Financial Controller,49800,Full-Time,9844950252,Ahmedabad,4.2,No,14,,
E1736,Lakshmi Gupta,28,Female,HR,HR Manager,38400,Full-Time,9320720950,Bangalore,4,No,6,,
E1737,Lakshmi Joseph,32,Female,Finance,Accountant,49300,Full-Time,9217909950,Pune,3.4,No,13,,
E1738,Sneha Kumar,48,Male,IT,DevOps Engineer,77800,Full-Time,9384804660,Pune,,No,7,,
E1739,Sneha Rao,46,Female,HR,Recruiter,44700,Full-Time,9133635950,Bangalore,3.8,No,1,,
E1740,Amit Gupta,40,Female,Operations,Coordinator,64600,Contract,9366687135,Mumbai,4.1,No,12,,
E1741,Nikhil Malhotra,45,Fmail,HR,Recruiter,25000,Full-Time,9246850260,Mumbai,4.8,No,13,,
E1742,Rahul Gupta,36,MALE,Finance,Analyst,57600,Contract,9911439723,Bangalore,4.7,No,13,,
E1743,Sunil Iyer,46,Female,Sales,Manager,60900,Contract,9488901320,Jaipur,3.6,No,6,,
E1744,Vinay Shaikh,41,Male,Operations,Operations Manager,55800,Full-Time,9575827456,Kochi,3.3,No,,,
E1745,Sunil Ghosh,28,Female,HR,Recruiter,52300,Full-Time,9798005929,Ahmedabad,3.5,No,1,,
E1746,Kavya Singh,54,MALE,Finance,Analyst,75400,Contract,9861314986,Nashik,3.3,Yes,,,
E1747,Kavya Ghosh,34,Female,IT,Senior Developer,62100,Full-Time,9266220106,Jaipur,3.9,No,12,,
E1748,Rahul Joseph,46,Female,HR,HR Assistant,58300,Full-Time,9130538785,Delhi,,No,5,,
E1749,Rohan Iyer,33,Female,IT,DevOps Engineer,51600,Full-Time,,Delhi,,No,10,,
E1750,Priya S,41,FEMALE,Marketing,Digital Marketer,37200,Full-Time,9755866480,Mumbai,4.8,No,11,,
E1751,Ishaan Singh,25,Female,Finance,Financial Controller,59700,Full-Time,9239919852,Chennai,3.7,No,6,,
E1752,Kiran Desai,,Female,Finance,Financial Controller,59500,Full-Time,,Hyderabad,4,Yes,8,,
E1753,Amit Mehta,47,Male,HR,HR Assistant,47300,Full-Time,9890352314,Hyderabad,,No,2,,
E1754,Priya Ghosh,55,Female,Marketing,Coordinator,37200,Contract,9654286672,Chennai,4.3,No,9,,
E1755,Sunil Nair,59,Female,HR,HR Assistant,37900,Full-Time,9483306314,Nashik,3.5,No,8,,
E1756,Aisha Gupta,,Female,Operations,Supervisor,72100,Full-Time,,Nashik,4.1,No,12,,
E1757,Anita Joseph,37,Female,Finance,Analyst,63600,Full-Time,9396896094,Mumbai,,Yes,1,,
E1758,Sanjay Shaikh,36,Male,IT,DevOps Engineer,71900,Full-Time,9498166337,Hyderabad,3.3,No,,,
E1759,Amit Chavan,30,female,Sales,Account Manager,56100,Full-Time,9624243063,Chennai,3.9,No,8,,
E1760,Amit Chopra,43,Female,Finance,Financial Controller,73200,Full-Time,,Chennai,4,Yes,8,,
E1761,Pooja Desai,49,FEMALE,HR,Recruiter,42300,Contract,9744664005,Chennai,3.5,No,9,,
E1762,Neha Kumar,24,Male,SALES,Manager,,Intern,,Hyderabad,2.9,Yes,13,,
E1763,Neha Bansal,44,Female,Marketing,Executive,70000,Full-Time,,Jaipur,3.3,Yes,10,,
E1764,Vinay Patil,38,Male,Operations,Supervisor,53900,Full-Time,9481397094,Delhi,4,No,10,,
E1765,Divya Kumar,46,Mlae,Sales,Account Manager,51800,Full-Time,9259691602,Kochi,4.3,No,4,,
E1766,Sunil Joseph,53,male,Operations,Coordinator,66400,Contract,9032158188,Hyderabad,3.8,No,12,,
E1767,Sara Patil,55,male,IT,Developer,63000,Full-Time,9631618365,Pune,,No,15,,
E1768,Divya Shaikh,44,Male,Marketing,Executive,53300,Full-Time,9849871013,Pune,4.3,No,4,,
E1769,Farhan Patil,37,Male,Operations,Coordinator,59300,Full-Time,9709998341,Nashik,4.4,Yes,6,,
E1770,Arjun Kumar,55,Male,MARKETING,Digital Marketer,42300,Full-Time,9424988287,Delhi,4.2,Yes,1,,
E1771,Neha Reddy,24,Male,Finance,Accountant,65800,Full-Time,9163005897,Chennai,4.2,Yes,,,
E1772,Meera Kumar,57,Female,IT,Senior Developer,38600,Contract,9353987816,Delhi,,No,13,,
E1773,Kiran Desai,37,Male,IT,Senior Developer,74600,Full-Time,9881289586,Chennai,3.1,No,5,,
E1774,Pooja Singh,29,Female,Operations,Supervisor,47500,Contract,9531833146,Mumbai,3.6,No,8,,
E1775,Rahul S,58,Male,Operations,Supervisor,40700,Full-Time,9437514405,Pune,4.6,No,1,,
E1776,Aisha Iyer,57,Male,HR,Recruiter,47600,Full-Time,9058044119,Ahmedabad,3.3,No,10,,
E1777,Varun Desai,56,Male,hr,Recruiter,32900,Full-Time,9804296225,Bangalore,2.6,No,5,,
E1778,Aisha Gupta,23,Male,IT,Developer,80700,Full-Time,9570119531,Mumbai,4.7,No,4,,
E1779,Pooja Siddiqui,48,Male,OPERATIONS,Coordinator,62800,Contract,,Mumbai,4,No,13,,
E1780,Anita Malhotra,50,Male,Marketing,Digital Marketer,52000,Full-Time,,Pune,3.5,Yes,0,,
E1781,Anita Ghosh,49,Female,Sales,Manager,35300,Full-Time,9473357001,Jaipur,4,No,,,
E1782,Pooja Siddiqui,34,Male,Sales,Executive,70500,Full-Time,9568437828,Mumbai,3.9,No,15,,
E1783,Amit Ghosh,59,FEMALE,Sales,Manager,63300,Full-Time,9712393869,Kochi,3.6,No,9,,
E1784,Arjun Joseph,44,Male,Marketing,Executive,55400,Full-Time,9626998303,Hyderabad,4,Yes,13,,
E1785,Divya Ghosh,22,Female,operations,Coordinator,57200,Full-Time,9092087246,Ahmedabad,3.4,No,5,,
E1786,Sanjay Ghosh,53,Female,HR,Recruiter,42400,Full-Time,9754417758,Hyderabad,3.2,Yes,4,,
E1787,Farhan Khan,52,Female,Sales,Account Manager,45600,Intern,9437183519,Jaipur,4,No,12,,
E1788,Arjun Verma,46,Female,Finance,Accountant,62900,Full-Time,9906530657,Jaipur,4.4,No,8,,
E1789,Anita Chopra,25,Male,Sales,Account Manager,60400,Full-Time,9078344383,Mumbai,3.9,No,14,,
E1790,Neha Gupta,38,Female,Operations,Supervisor,47800,Full-Time,9621130567,Hyderabad,3.5,No,0,,
E1791,Meera Malhotra,57,Male,IT,Tester,68900,Contract,9082298311,Ahmedabad,4.5,No,11,,
E1792,Lakshmi Chopra,,Male,Marketing,Executive,41400,Contract,9284569943,Mumbai,4.2,No,10,,
E1793,Kavya S,23,Female,IT,Data Analyst,80000,Full-Time,9520743265,Bangalore,4.8,Yes,11,,
E1794,Rohan Shaikh,31,Female,Operations,Operations Manager,57300,Full-Time,9419725188,Delhi,2.6,No,0,,
E1795,Arjun Nair,,Male,Operations,Operations Manager,59900,Full-Time,9249914602,Pune,4.4,No,4,,
E1796,Kiran Chopra,44,Female,HR,Recruiter,49800,Contract,9146116641,Delhi,4,Yes,13,,
E1797,Farhan Joseph,33,Male,Marketing,Digital Marketer,51700,Full-Time,9155748337,Ahmedabad,3,No,3,,
E1798,Rohan Mehta,42,Female,HR,HR Assistant,51900,Full-Time,9101233178,Bangalore,4.2,No,6,,
E1799,Anita Joseph,31,Female,Marketing,Executive,53600,Full-Time,9283358233,Nashik,4.3,No,5,,
E1800,Anita Rao,39,Female,SALES,Account Manager,67600,Full-Time,9548104288,Mumbai,3.7,Yes,14,,
E1801,Sunil Rao,59,Male,HR,HR Assistant,54800,Full-Time,9950318443,Ahmedabad,4.1,No,13,,
E1802,Pooja Nair,48,Male,IT,Tester,64600,Full-Time,9560220178,Nashik,4.9,No,13,,
E1803,Pooja Ghosh,28,Male,Sales,Executive,,Full-Time,9275350871,Bangalore,3,No,1,,
E1804,Sara Mehta,25,Female,Finance,Financial Controller,39000,Full-Time,9334423254,Ahmedabad,4.8,No,8,,
E1805,Sunil Ghosh,45,Male,IT,Developer,65400,Full-Time,9547358409,Hyderabad,,No,15,,
E1806,Sunil Singh,42,Female,Sales,Account Manager,47100,Full-Time,9971755958,Jaipur,4.2,No,11,,
E1807,Ishaan Shaikh,46,Male,Sales,Executive,60100,Full-Time,9902280109,Kochi,2.9,No,9,,
E1808,Neha Khan,23,Male,HR,HR Manager,38800,Full-Time,9730468765,Hyderabad,3.9,No,0,,
E1809,Kavya S,58,male,Sales,Executive,45000,Full-Time,9335501949,Hyderabad,4.2,No,13,,
E1810,Rohan Mehta,46,Male,sales,Executive,53700,Full-Time,9267699434,Pune,4,No,10,,
E1811,Sunil Iyer,40,Male,SALES,Account Manager,63000,Full-Time,9886990213,Pune,,No,14,,
E1812,Sanjay Kumar,44,Female,Marketing,Executive,53700,Full-Time,9920488420,Chennai,,No,4,,
E1813,Arjun Sharma,38,Female,SALES,Manager,65100,Full-Time,9034284366,Hyderabad,4.5,No,11,,
E1814,Vinay S,40,Female,Sales,Executive,59200,Contract,9537227567,Mumbai,4.2,Yes,4,,
E1815,Amit Khan,32,Male,HR,Recruiter,42800,Full-Time,9462013581,Pune,3.6,No,0,,
E1816,Meera Yadav,49,Female,Finance,Accountant,46000,Full-Time,,Kochi,3.1,No,0,,
E1817,Ishaan Chopra,35,Male,IT,Tester,70000,Full-Time,9129872686,Bangalore,3,No,,,
E1818,Priya Chopra,,Female,Sales,Manager,59200,Contract,9849560785,Nashik,4.3,No,2,,
E1819,Sanjay Verma,36,Male,MARKETING,Executive,51900,Full-Time,9080038768,Kochi,4.7,No,3,,
E1820,Anita Kumar,31,Female,Marketing,Executive,49600,Full-Time,9643158019,Bangalore,3.3,No,8,,
E1821,Varun Siddiqui,48,Male,Sales,Manager,39700,Intern,9320272529,Chennai,3.3,Yes,6,,
E1822,Aisha Ghosh,26,Female,HR,HR Manager,39500,Full-Time,,Pune,4,No,,,
E1823,Nikhil Reddy,24,Mlae,Operations,Coordinator,49800,Full-Time,,Bangalore,,No,12,,
E1824,Lakshmi Singh,30,FEMALE,operations,Operations Manager,69900,Intern,,Ahmedabad,4,No,15,,
E1825,Rahul Malhotra,33,Male,Marketing,Digital Marketer,51900,Full-Time,9671483090,Kochi,3.9,Yes,13,,
E1826,Varun Rao,,Female,Operations,Supervisor,48900,Full-Time,9379319447,Jaipur,3.5,No,9,,
E1827,Farhan Nair,36,Male,HR,HR Manager,39000,Full-Time,9912663986,Mumbai,3,Yes,13,,
E1828,Arjun Nair,50,Female,Operations,Operations Manager,59900,Full-Time,9091139871,Nashik,2.4,No,7,,
E1829,Aisha Chopra,45,Female,HR,Recruiter,63300,Intern,9578630127,Nashik,4,No,,,
E1830,Sanjay Siddiqui,25,Female,Marketing,Coordinator,63600,Full-Time,9863223953,Bangalore,3.7,No,1,,
E1831,Rahul Singh,,Male,Marketing,Digital Marketer,53400,Intern,9324698048,Pune,4.6,No,,,
E1832,Nikhil Siddiqui,42,Female,Marketing,Coordinator,57900,Full-Time,9106210424,Pune,3.6,No,3,,
E1833,Meera Sharma,33,Male,Operations,Operations Manager,46300,Full-Time,9827095439,Mumbai,4.5,No,5,,
E1834,Varun Iyer,,Female,Finance,Financial Controller,62500,Full-Time,9090172085,Kochi,3.3,No,10,,
E1835,Pooja Khan,40,Female,Sales,Executive,64200,Full-Time,9393469581,Bangalore,4.6,No,1,,
E1836,Kavya Ghosh,55,Female,IT,Tester,64500,Full-Time,,Ahmedabad,4.4,No,12,,
E1837,Sara Iyer,,Female,Operations,Operations Manager,59400,Full-Time,9392096623,Kochi,4.1,No,,,
E1838,Pooja Siddiqui,44,Female,Marketing,Digital Marketer,52700,Full-Time,,Mumbai,4.4,No,12,,
E1839,Sneha Rao,44,male,IT,Data Analyst,84000,Contract,9125754697,Hyderabad,3.4,No,10,,
E1840,Farhan Yadav,27,Female,HR,HR Assistant,40200,Full-Time,9042091234,Kochi,4.4,No,6,,
E1841,Sara Khan,44,Female,Finance,Analyst,70200,Full-Time,9855931691,Delhi,3.1,Yes,8,,
E1842,Sara Joseph,,Male,Finance,Financial Controller,64800,Contract,9169842136,Ahmedabad,,No,0,,
E1843,Lakshmi Shaikh,58,Female,HR,Recruiter,53200,Contract,9443081776,Nashik,4.4,No,13,,
E1844,Sara Desai,29,Male,Marketing,Digital Marketer,44100,Full-Time,9500705161,Nashik,4.3,Yes,10,,
E1845,Sara Gupta,26,Male,Marketing,Digital Marketer,50300,Full-Time,9179777565,Jaipur,3.7,No,7,,
E1846,Sunil Bansal,41,female,Finance,Accountant,67000,Contract,9513893705,Nashik,4.7,Yes,11,,
E1847,Vinay Reddy,57,Female,Marketing,Executive,62200,Full-Time,9714491867,Bangalore,3.7,No,12,,
E1848,Vinay Yadav,30,Male,Operations,Coordinator,47400,Full-Time,9794765334,Kochi,3.8,Yes,8,,
E1849,Priya Desai,50,Male,it,Tester,64300,Full-Time,9688867690,Jaipur,4.2,Yes,3,,
E1850,Ishaan Ghosh,22,Female,OPERATIONS,Operations Manager,56300,Full-Time,9229095564,Nashik,5,No,5,,
E1851,Aisha Kumar,49,Male,SALES,Manager,37900,Full-Time,9094377761,Nashik,,No,0,,
E1852,Vinay Yadav,37,Male,Sales,Account Manager,49900,Full-Time,9250326448,Mumbai,3.7,Yes,12,,
E1853,Arjun Desai,31,Female,Finance,Accountant,65200,Contract,9564994287,Kochi,3.6,No,2,,
E1854,Nikhil Rao,31,Male,Sales,Manager,28200,Contract,9936149982,Hyderabad,3.4,Yes,3,,
E1855,Amit Mehta,30,Male,it,Tester,74600,Contract,9451912915,Kochi,3.6,No,2,,
E1856,Sanjay Khan,45,Female,Finance,Analyst,54300,Contract,9283897443,Pune,5,No,15,,
E1857,Amit Kumar,55,Male,Operations,Operations Manager,58600,Contract,9642833032,Delhi,3.6,No,6,,
E1858,Kavya Yadav,39,Male,HR,Recruiter,51600,Full-Time,9611786689,Mumbai,3.9,No,10,,
E1859,Ishaan Yadav,27,Male,HR,HR Assistant,35400,Full-Time,9980855976,Bangalore,4.3,No,2,,
E1860,Rohan Desai,57,Male,Finance,Financial Controller,73900,Contract,9458461004,Mumbai,3.5,No,4,,
E1861,Divya Shaikh,41,Male,Operations,Coordinator,51600,Full-Time,9828413353,Nashik,3.9,No,5,,
E1862,Pooja Verma,55,Male,Finance,Analyst,79700,Full-Time,9622083923,Kochi,3.5,No,9,,
E1863,Priya Malhotra,,Female,Sales,Executive,55900,Intern,9496615162,Kochi,,No,14,,
E1864,Rohan Reddy,32,Female,HR,HR Assistant,65800,Full-Time,9707274735,Mumbai,2.5,No,12,,
E1865,Rahul Desai,56,Male,HR,Recruiter,51700,Contract,9506249298,Ahmedabad,4.6,Yes,6,,
E1866,Arjun Chavan,23,Female,Operations,Supervisor,35900,Full-Time,9867898415,Pune,,No,14,,
E1867,Farhan Patil,38,Male,IT,Senior Developer,88500,Full-Time,9189227307,Nashik,3.5,No,7,,
E1868,Anita Verma,35,Female,IT,Senior Developer,59700,Full-Time,9270439144,Pune,4.1,No,7,,
E1869,Kiran Yadav,53,Male,Finance,Financial Controller,60800,Full-Time,9400954671,Delhi,5.2,No,1,,
E1870,Sara Bansal,56,Male,OPERATIONS,Operations Manager,61100,Full-Time,9504387264,Ahmedabad,4.6,No,11,,
E1871,Sunil Yadav,40,Female,Operations,Coordinator,37300,Full-Time,9906311104,Pune,4.5,No,0,,
E1872,Sara Siddiqui,51,Female,Operations,Operations Manager,64500,Full-Time,,Bangalore,4.1,No,11,,
E1873,Sara Singh,46,Female,HR,HR Assistant,62300,Contract,9051015239,Chennai,,No,1,,
E1874,Neha Yadav,33,Female,Marketing,Executive,66800,Contract,9003597148,Bangalore,4,No,6,,
E1875,Anita Desai,44,Fmail,HR,HR Manager,38500,Full-Time,9897814494,Chennai,3.7,No,3,,
E1876,Arjun Desai,23,Female,Sales,Account Manager,63800,Full-Time,9424888909,Chennai,3.2,Yes,5,,
E1877,Meera Yadav,28,Female,finance,Financial Controller,75700,Contract,9407756028,Bangalore,3.8,Yes,10,,
E1878,Rahul Reddy,25,Male,IT,Senior Developer,76600,Full-Time,9108945187,Bangalore,3.4,No,10,,
E1879,Amit Shaikh,27,Male,HR,HR Manager,34300,Full-Time,9296135485,Delhi,5.1,No,15,,
E1880,Meera Patil,30,Male,Finance,Accountant,52400,Contract,9899300867,Pune,4,No,7,,
E1881,Divya Gupta,,Female,IT,Tester,60400,Full-Time,9488795501,Hyderabad,3.7,No,13,,
E1882,Rahul Khan,27,Male,Finance,Financial Controller,69500,Full-Time,9896390890,Kochi,3.9,No,9,,
E1883,Farhan S,46,Male,IT,Data Analyst,70900,Intern,9133295917,Hyderabad,4.8,No,10,,
E1884,Lakshmi Yadav,44,FEMALE,HR,Recruiter,46400,Full-Time,9680253179,Bangalore,4.6,Yes,8,,
E1885,Rohan Desai,42,Male,Finance,Accountant,76800,Full-Time,9477608257,Delhi,4.9,Yes,8,,
E1886,Arjun Kumar,32,Male,finance,Financial Controller,77600,Full-Time,9064467639,Pune,3.1,Yes,1,,
E1887,Nikhil Gupta,30,Female,Marketing,Digital Marketer,55500,Full-Time,9376768973,Pune,4.6,No,8,,
E1888,Ishaan Bansal,56,Female,Marketing,Coordinator,37100,Full-Time,9268746827,Hyderabad,5.9,No,4,,
E1889,Arjun Patil,59,Female,Finance,Analyst,55700,Contract,9806457202,Mumbai,4.3,Yes,15,,
E1890,Amit Yadav,52,Male,Sales,Executive,48600,Contract,9923962282,Nashik,2.9,Yes,0,,
E1891,Arjun Malhotra,48,Male,Finance,Analyst,93300,Contract,,Hyderabad,3.8,No,5,,
E1892,Amit Nair,37,Male,Sales,Executive,39700,Full-Time,9583563573,Ahmedabad,4.8,No,3,,
E1893,Sunil Gupta,39,Male,Operations,Coordinator,31000,Full-Time,9311596427,Pune,,No,3,,
E1894,Priya Yadav,30,male,Sales,Executive,,Full-Time,9995415900,Jaipur,4.8,No,3,,
E1895,Neha Chavan,28,Female,Finance,Financial Controller,78300,Full-Time,9060998275,Bangalore,,Yes,0,,
E1896,Ishaan Chopra,23,Male,Sales,Account Manager,58700,Full-Time,,Jaipur,,Yes,12,,
E1897,Neha Yadav,26,MALE,Operations,Coordinator,73100,Full-Time,9603088427,Bangalore,3.7,No,13,,
E1898,Ishaan Nair,,Male,HR,Recruiter,56200,Full-Time,9315867789,Ahmedabad,4.4,Yes,13,,
E1899,Kavya Bansal,56,Male,Operations,Coordinator,47400,Contract,9474846587,Kochi,3.7,No,7,,
E1900,Kavya Patil,23,female,Operations,Operations Manager,60000,Contract,9136188276,Jaipur,3.4,No,14,,
E1901,Sneha Gupta,32,Female,Operations,Coordinator,48400,Full-Time,9238554974,Bangalore,4.6,No,,,
E1902,Nikhil Ghosh,42,Male,Operations,Supervisor,36100,Full-Time,9356045243,Chennai,4.1,No,9,,
E1903,Arjun Iyer,28,Male,Marketing,Digital Marketer,44500,Full-Time,9327835932,Pune,3.2,No,5,,
E1904,Divya Khan,33,Female,Marketing,Executive,48600,Full-Time,9725638927,Kochi,3.6,No,10,,
E1905,Divya Verma,36,Female,Marketing,Executive,50900,Full-Time,9631801202,Delhi,4.2,No,7,,
E1906,Sanjay Nair,57,Female,Sales,Manager,40600,Contract,9868734431,Delhi,3.6,No,12,,
E1907,Amit Chopra,22,Male,Operations,Supervisor,60600,Full-Time,9735474452,Delhi,,No,11,,
E1908,Neha Patil,50,Male,Operations,Coordinator,54700,Full-Time,9090582503,Ahmedabad,3.2,No,4,,
E1909,Pooja Bansal,31,Female,IT,DevOps Engineer,61600,Full-Time,9742514451,Chennai,4.2,No,10,,
E1910,Neha Chopra,59,Female,Sales,Account Manager,52300,Full-Time,9506824747,Ahmedabad,4.2,No,10,,
E1911,Neha Yadav,23,Female,IT,Data Analyst,76200,Full-Time,9118702441,Nashik,4,No,5,,
E1912,Arjun Rao,25,Female,Operations,Coordinator,,Contract,9344965292,Mumbai,4.1,No,3,,
E1913,Rahul Chavan,44,Male,IT,Developer,82000,Full-Time,,Kochi,5.1,No,13,,
E1914,Pooja Bansal,49,Male,Finance,Financial Controller,74400,Full-Time,9365284163,Bangalore,3.3,No,3,,
E1915,Aisha Verma,46,Female,Marketing,Coordinator,49100,Full-Time,9126588038,Bangalore,3.6,Yes,10,,
E1916,Sneha Nair,58,MALE,Marketing,Digital Marketer,67700,Contract,9777269746,Kochi,4.9,No,5,,
E1917,Aisha Sharma,56,Female,IT,Data Analyst,80400,Full-Time,9870287451,Kochi,2.9,No,1,,
E1918,Pooja Siddiqui,53,Male,HR,HR Assistant,42200,Full-Time,9438264241,Chennai,3.2,No,15,,
E1919,Nikhil Malhotra,41,Male,IT,Data Analyst,84200,Full-Time,9716467103,Nashik,5.2,Yes,9,,
E1920,Nikhil Shaikh,31,Male,Marketing,Coordinator,65300,Contract,9819458412,Hyderabad,3.9,No,12,,
E1921,Sunil Ghosh,56,Female,Sales,Account Manager,31200,Full-Time,9793053015,Bangalore,4,No,11,,
E1922,Rahul Patil,58,FEMALE,IT,Senior Developer,91900,Full-Time,,Ahmedabad,3.9,No,,,
E1923,Ishaan Sharma,48,Male,Operations,Operations Manager,81400,Full-Time,9984118451,Ahmedabad,,No,0,,
E1924,Farhan Nair,53,MALE,Sales,Manager,44000,Full-Time,9843507039,Kochi,3.3,Yes,9,,
E1925,Meera Sharma,37,Male,HR,Recruiter,48300,Full-Time,9998300883,Jaipur,,Yes,5,,
E1926,Vinay Yadav,49,Male,Operations,Coordinator,55200,Full-Time,9180035426,Ahmedabad,3.3,No,13,,
E1927,Rohan Kumar,40,Female,Sales,Manager,47200,Full-Time,,Chennai,,Yes,4,,
E1928,Sunil S,31,Male,Operations,Supervisor,53800,Contract,9273613563,Hyderabad,3.7,No,14,,
E1929,Lakshmi Desai,44,Female,HR,Recruiter,50900,Contract,9217077249,Mumbai,4.5,No,8,,
E1930,Aisha Singh,42,Female,HR,HR Assistant,37800,Contract,9282352410,Chennai,4.2,No,12,,
E1931,Kiran Gupta,33,Female,hr,Recruiter,57900,Contract,9329127525,Mumbai,3.7,Yes,12,,
E1932,Lakshmi Bansal,25,Female,it,Tester,73300,Full-Time,9086817992,Mumbai,4.6,No,6,,
E1933,Divya Ghosh,23,Female,HR,HR Assistant,45800,Intern,9223248608,Nashik,4.7,No,4,,
E1934,Pooja Sharma,54,Male,Sales,Executive,,Full-Time,9445228812,Pune,4.3,No,0,,
E1935,Varun Khan,57,Male,Sales,Account Manager,44300,Intern,9416236233,Pune,4.3,Yes,4,,
E1936,Vinay S,27,Male,Operations,Operations Manager,,Full-Time,9818257962,Bangalore,4.1,No,3,,
E1937,Pooja Verma,45,female,Sales,Account Manager,56900,Full-Time,9475833020,Delhi,4.5,No,13,,
E1938,Aisha Singh,52,Male,Marketing,Executive,59700,Full-Time,9370365773,Delhi,3.8,No,5,,
E1939,Kavya Kumar,27,male,HR,HR Manager,41600,Full-Time,9786494005,Hyderabad,3.8,Yes,,,
E1940,Meera Ghosh,50,Male,Marketing,Coordinator,,Contract,9532594937,Chennai,3.7,No,11,,
E1941,Aisha Yadav,35,Male,Finance,Accountant,77500,Full-Time,9553331240,Jaipur,3.3,No,10,,
E1942,Sanjay Nair,24,Female,HR,HR Manager,46200,Full-Time,9583616557,Delhi,3,No,9,,
E1943,Lakshmi Khan,57,Male,HR,HR Manager,34600,Full-Time,9125256259,Pune,3.7,Yes,1,,
E1944,Meera Mehta,22,Female,Operations,Operations Manager,69700,Full-Time,,Chennai,2.9,No,7,,
E1945,Sneha Chavan,58,Male,Sales,Executive,55500,Full-Time,9302254024,Chennai,5,No,12,,
E1946,Ishaan Patil,42,Female,Operations,Operations Manager,60900,Contract,9266181779,Delhi,4.9,No,9,,
E1947,Sara Khan,46,Female,Finance,Financial Controller,65200,Intern,9429832864,Hyderabad,3.5,No,14,,
E1948,Varun S,42,Female,HR,HR Manager,40400,Full-Time,9093661177,Nashik,3.6,No,6,,
E1949,Kiran Sharma,43,Male,Finance,Financial Controller,52600,Full-Time,9975420923,Bangalore,4.7,Yes,8,,
E1950,Amit Chavan,38,Female,Sales,Manager,73500,Full-Time,9109818791,Hyderabad,3.4,Yes,2,,
E1951,Sunil Kumar,53,Female,Operations,Coordinator,57800,Full-Time,9224494053,Kochi,3.2,No,3,,
E1952,Priya Kumar,,Female,Operations,Operations Manager,49100,Full-Time,9604027730,Ahmedabad,3.4,No,13,,
E1953,Lakshmi Mehta,53,Male,IT,Data Analyst,66900,Full-Time,9197297274,Chennai,4,Yes,13,,
E1954,Kavya Mehta,57,female,Marketing,Executive,40000,Full-Time,9782919940,Ahmedabad,4.3,No,11,,
E1955,Priya Iyer,54,Male,Marketing,Coordinator,34600,Full-Time,9326249574,Hyderabad,3.3,Yes,0,,
E1956,Farhan Mehta,42,Male,Operations,Coordinator,66300,Full-Time,,Jaipur,4,No,9,,
E1957,Varun Shaikh,50,Male,Sales,Executive,70300,Intern,9662001297,Nashik,4.2,No,12,,
E1958,Aisha Nair,28,Female,Sales,Manager,51000,Contract,9735292774,Ahmedabad,,No,2,,
E1959,Aisha Nair,59,Female,Sales,Manager,56900,Full-Time,9028298397,Mumbai,4.8,Yes,4,,
E1960,Anita Khan,52,Female,IT,Developer,82700,Full-Time,9422182016,Delhi,3.5,No,5,,
E1961,Anita Siddiqui,40,Male,Sales,Executive,63000,Full-Time,9831931500,Ahmedabad,3.4,Yes,11,,
E1962,Divya Kumar,50,Female,Marketing,Executive,39800,Contract,,Bangalore,,Yes,13,,
E1963,Aisha Ghosh,30,Mlae,Operations,Operations Manager,55300,Full-Time,,Mumbai,3.6,No,,,
E1964,Sunil Singh,31,Female,HR,Recruiter,45900,Full-Time,9761102159,Nashik,,Yes,1,,
E1965,Vinay Reddy,24,Female,Finance,Analyst,49800,Full-Time,9488497241,Chennai,4.5,No,7,,
E1966,Sanjay Gupta,36,Female,Finance,Financial Controller,49400,Full-Time,,Jaipur,4,No,4,,
E1967,Vinay Patil,37,Fmail,Finance,Financial Controller,48300,Full-Time,9418115534,Nashik,5,Yes,14,,
E1968,Meera Gupta,23,Male,HR,HR Assistant,,Full-Time,9106627155,Chennai,4.6,No,8,,
E1969,Farhan S,24,Female,Marketing,Coordinator,47800,Full-Time,9298033412,Chennai,3.8,No,,,
E1970,Farhan Joseph,43,Male,Operations,Supervisor,46100,Contract,9290725399,Nashik,3,Yes,2,,
E1971,Priya Joseph,35,Mlae,Finance,Financial Controller,,Full-Time,9541110526,Nashik,4.6,No,11,,
E1972,Vinay Sharma,35,Male,Sales,Account Manager,56000,Full-Time,9585527504,Kochi,4.7,No,4,,
E1973,Sneha Chopra,56,Male,Marketing,Digital Marketer,44700,Full-Time,9604746596,Bangalore,3.8,No,13,,
E1974,Priya Rao,43,Male,Sales,Account Manager,56000,Full-Time,9132966604,Pune,4,No,,,
E1975,Kavya Patil,45,Female,OPERATIONS,Operations Manager,52200,Full-Time,,Hyderabad,4.1,Yes,10,,
E1976,Meera Nair,41,Male,IT,Developer,71400,Full-Time,9340765754,Kochi,3.4,No,,,
E1977,Lakshmi Yadav,52,Male,HR,Recruiter,50200,Contract,9071768526,Ahmedabad,4.1,Yes,0,,
E1978,Varun Patil,34,Female,IT,Senior Developer,52500,Full-Time,9782077013,Kochi,4.1,Yes,1,,
E1979,Ishaan Sharma,39,Male,Sales,Account Manager,37200,Full-Time,9665272674,Pune,4.7,No,6,,
E1980,Divya Ghosh,59,Male,Sales,Executive,43500,Full-Time,9801150222,Mumbai,4.4,Yes,14,,
E1981,Farhan Nair,24,Male,SALES,Account Manager,43600,Full-Time,9107206664,Hyderabad,3.4,No,3,,
E1982,Vinay Ghosh,53,Male,Sales,Manager,48800,Full-Time,9630602104,Nashik,4.3,Yes,12,,
E1983,Divya Kumar,55,Female,IT,Senior Developer,70500,Full-Time,9461190510,Delhi,4.1,No,12,,
E1984,Anita Kumar,46,Male,IT,Senior Developer,65700,Full-Time,9960779283,Ahmedabad,4.3,No,,,
E1985,Meera Desai,35,Female,HR,Recruiter,51000,Full-Time,9632626201,Nashik,3.2,No,7,,
E1986,Farhan Singh,31,Female,Operations,Supervisor,61500,Full-Time,9389688480,Pune,4.1,No,12,,
E1987,Priya Mehta,,Female,IT,Senior Developer,67400,Full-Time,9271009980,Chennai,3.8,No,3,,
E1988,Arjun Siddiqui,55,Male,HR,HR Manager,46600,Full-Time,9076821974,Ahmedabad,3.4,No,7,,
E1989,Vinay Khan,47,Male,Operations,Operations Manager,52700,Full-Time,9071916295,Jaipur,4.3,No,13,,
E1990,Meera Bansal,56,female,Operations,Supervisor,40300,Full-Time,9677869827,Jaipur,3.8,No,,,
E1991,Meera Bansal,46,Female,Marketing,Digital Marketer,44300,Full-Time,9107617487,Bangalore,4.1,No,5,,
E1992,Sanjay Chopra,29,Male,HR,HR Manager,61200,Intern,9553490805,Jaipur,4.2,No,1,,
E1993,Varun Ghosh,34,Male,Operations,Supervisor,63600,Full-Time,9034740508,Kochi,3.9,No,2,,
E1994,Sanjay Nair,52,Female,Marketing,Coordinator,41800,Full-Time,9463800347,Pune,4.5,No,7,,
E1995,Pooja Desai,32,female,Finance,Financial Controller,70200,Full-Time,9589060007,Ahmedabad,4.4,No,8,,
E1996,Sunil Yadav,48,Male,Sales,Executive,54300,Full-Time,,Nashik,4.2,No,7,,
E1997,Pooja Sharma,22,Male,HR,Recruiter,48900,Full-Time,9519742648,Chennai,3.7,No,8,,
E1998,Farhan Mehta,30,MALE,Marketing,Executive,46500,Intern,9870696248,Kochi,4.5,No,0,,
E1999,Sara Chavan,34,Female,Marketing,Digital Marketer,75100,Full-Time,9379481487,Nashik,4,No,1,,
E2000,Divya Verma,34,Male,Marketing,Coordinator,51700,Contract,,Chennai,4.7,No,13,,
