TransactionID,Date,CustomerID,CustomerName,AgeGroup,Gender,Region,Country,City,ProductID,ProductName,Category,Quantity,SalesAmount,CostPrice,Profit,DiscountPercent,PaymentMode,SalesChannel
T10001,2024-04-12,C100,Emily Clark,50+,Female,North America,Canada,Vancouver,P303,Washing Machine,Appliances,4,3640,2384.31,1255.69,0.19,UPI,In-Store
T10002,2024-01-21,C101,Maria Gomez,50+,Male,North America,Mexico,Monterrey,P112,Mobile Phone,Electronics,3,513,331.81,181.19,0.01,Debit Card,In-Store
T10003,2024-03-28,C102,Priya Nair,36-50,Female,Asia,India,Bengaluru,P303,Washing Machine,Appliances,1,1173,754.07,418.93,0.16,Cash,Online
T10004,2024-02-22,C103,Rohan Gupta,36-50,Other,Africa,Kenya,Nairobi,P205,Headphones,Accessories,2,786,667.89,118.11,0.05,Debit Card,In-Store
T10005,2024-03-04,C104,Daniel Wong,26-35,Other,Africa,Kenya,Nairobi,P402,Monitor,Electronics,4,1304,1023.96,280.04,0.15,Net Banking,Online
T10006,2024-04-17,C105,Maria Gomez,26-35,Female,North America,USA,Seattle,P101,Laptop,Electronics,1,1634,1237.64,396.36,0.1,Credit Card,Online
T10007,2024-04-01,C106,Aditi Sharma,36-50,Other,Europe,Germany,Munich,P520,Microwave Oven,Appliances,4,4100,2746.31,1353.69,0.02,Cash,In-Store
T10008,2024-03-02,C107,John Carter,26-35,Male,Europe,UK,Manchester,P112,Mobile Phone,Electronics,3,5847,4410.22,1436.78,0.15,Net Banking,In-Store
T10009,2024-01-03,C108,Jake Turner,36-50,Female,Europe,Italy,Milan,P520,Microwave Oven,Appliances,1,1892,1521.34,370.66,0.11,Credit Card,In-Store
T10010,2024-01-18,C109,Meera Iyer,18-25,Other,Africa,Kenya,Nairobi,P205,Headphones,Accessories,4,2600,2313.19,286.81,0.2,UPI,In-Store
T10011,2024-01-09,C110,Sarah Miller,26-35,Other,Europe,Germany,Munich,P205,Headphones,Accessories,2,1228,821.86,406.14,0.06,Net Banking,Online
T10012,2024-02-29,C111,Sonia Patel,18-25,Other,South America,Brazil,São Paulo,P520,Microwave Oven,Appliances,3,4503,3370.73,1132.27,0.01,Credit Card,Online
T10013,2024-03-18,C112,Ethan Wilson,50+,Female,Europe,Germany,Berlin,P205,Headphones,Accessories,1,1635,1305.97,329.03,0.08,Cash,In-Store
T10014,2024-01-06,C113,Aditi Sharma,36-50,Male,Asia,UAE,Abu Dhabi,P303,Washing Machine,Appliances,2,2358,1816.39,541.61,0.01,Debit Card,Online
T10015,2024-01-18,C114,John Carter,50+,Other,Asia,Singapore,Singapore,P402,Monitor,Electronics,2,3258,2873.07,384.93,0.22,Cash,In-Store
T10016,2024-01-14,C115,Michael Ross,18-25,Female,North America,Mexico,Mexico City,P205,Headphones,Accessories,3,2595,1811.21,783.79,0.14,Net Banking,Online
T10017,2024-03-02,C116,Meera Iyer,36-50,Female,Africa,Egypt,Cairo,P101,Laptop,Electronics,4,7192,5153.81,2038.19,0.07,Cash,In-Store
T10018,2024-02-22,C117,Jake Turner,36-50,Female,South America,Argentina,Buenos Aires,P303,Washing Machine,Appliances,4,7980,7098.82,881.18,0.15,Credit Card,In-Store
T10019,2024-04-18,C118,Maria Gomez,18-25,Male,Europe,Germany,Berlin,P402,Monitor,Electronics,1,1230,1034.01,195.99,0.02,Credit Card,In-Store
T10020,2024-03-11,C119,Lucas Brown,18-25,Male,Asia,UAE,Abu Dhabi,P112,Mobile Phone,Electronics,1,1417,1018.06,398.94,0.07,Debit Card,Online
T10021,2024-03-03,C120,Sonia Patel,36-50,Other,North America,Mexico,Mexico City,P101,Laptop,Electronics,3,4716,3829.66,886.34,0.18,Debit Card,In-Store
T10022,2024-02-02,C121,Maria Gomez,36-50,Female,Europe,Germany,Berlin,P112,Mobile Phone,Electronics,3,5538,4861.76,676.24,0.16,Cash,In-Store
T10023,2024-01-28,C122,Jake Turner,50+,Female,Africa,South Africa,Johannesburg,P520,Microwave Oven,Appliances,3,750,590.24,159.76,0.08,UPI,In-Store
T10024,2024-02-17,C123,Ethan Wilson,36-50,Female,Asia,India,Delhi,P520,Microwave Oven,Appliances,3,1368,1095.29,272.71,0.17,Debit Card,Online
T10025,2024-02-13,C124,Maria Gomez,26-35,Other,North America,Canada,Vancouver,P101,Laptop,Electronics,4,3100,2685.11,414.89,0.12,Cash,Online
T10026,2024-04-10,C125,Ethan Wilson,26-35,Female,Europe,Italy,Rome,P402,Monitor,Electronics,3,4605,3935.77,669.23,0.18,Debit Card,Online
T10027,2024-04-28,C126,Aditi Sharma,18-25,Other,Africa,South Africa,Johannesburg,P101,Laptop,Electronics,3,1341,1003.25,337.75,0.13,Net Banking,In-Store
T10028,2024-01-15,C127,Priya Nair,50+,Female,North America,Canada,Toronto,P402,Monitor,Electronics,2,3254,2381.28,872.72,0.05,Net Banking,Online
T10029,2024-04-05,C128,Emily Clark,18-25,Female,South America,Chile,Santiago,P402,Monitor,Electronics,3,3942,2736.96,1205.04,0.13,Cash,Online
T10030,2024-04-03,C129,Meera Iyer,50+,Male,North America,Mexico,Mexico City,P402,Monitor,Electronics,1,1480,1156.36,323.64,0.13,Cash,Online
T10031,2024-01-29,C130,Natalie Reed,18-25,Male,Africa,Egypt,Cairo,P101,Laptop,Electronics,4,2296,1430.62,865.38,0.07,Debit Card,In-Store
T10032,2024-03-26,C131,Natalie Reed,36-50,Male,North America,Mexico,Monterrey,P101,Laptop,Electronics,4,2508,1974.56,533.44,0.07,Debit Card,In-Store
T10033,2024-04-26,C132,Lucas Brown,36-50,Male,Europe,France,Paris,P205,Headphones,Accessories,2,1690,1421.46,268.54,0.05,Debit Card,In-Store
T10034,2024-01-30,C133,Emily Clark,18-25,Female,Europe,France,Paris,P520,Microwave Oven,Appliances,2,2808,1958.03,849.97,0.03,UPI,Online
T10035,2024-03-29,C134,Meera Iyer,50+,Other,Africa,Kenya,Nairobi,P101,Laptop,Electronics,3,717,453.87,263.13,0.06,Debit Card,Online
T10036,2024-03-02,C135,John Carter,26-35,Other,Asia,Japan,Osaka,P112,Mobile Phone,Electronics,1,677,477.81,199.19,0.08,Debit Card,Online
T10037,2024-03-10,C136,Lucas Brown,18-25,Male,Africa,Egypt,Cairo,P402,Monitor,Electronics,4,5936,4304.93,1631.07,0.06,Credit Card,In-Store
T10038,2024-02-20,C137,Priya Nair,26-35,Other,Africa,Egypt,Cairo,P101,Laptop,Electronics,2,1466,986.97,479.03,0.04,Credit Card,Online
T10039,2024-02-01,C138,Meera Iyer,36-50,Other,Africa,Kenya,Nairobi,P101,Laptop,Electronics,4,6180,5011.4,1168.6,0.09,UPI,Online
T10040,2024-04-22,C139,Lucas Brown,26-35,Female,Europe,UK,Manchester,P402,Monitor,Electronics,2,1226,826.4,399.6,0.17,Credit Card,Online
T10041,2024-01-03,C140,Daniel Wong,50+,Male,Asia,Japan,Osaka,P101,Laptop,Electronics,1,1686,1155.67,530.33,0.01,Cash,Online
T10042,2024-04-22,C141,Daniel Wong,36-50,Female,South America,Argentina,Buenos Aires,P101,Laptop,Electronics,2,1382,999.62,382.38,0.01,Cash,In-Store
T10043,2024-04-05,C142,Jake Turner,50+,Other,Europe,France,Lyon,P205,Headphones,Accessories,1,434,291.59,142.41,0.04,UPI,In-Store
T10044,2024-02-13,C143,Michael Ross,26-35,Female,Europe,France,Paris,P520,Microwave Oven,Appliances,2,3490,2672.88,817.12,0.15,Cash,In-Store
T10045,2024-02-24,C144,Ethan Wilson,36-50,Other,Asia,India,Mumbai,P112,Mobile Phone,Electronics,3,3771,2531.44,1239.56,0.18,UPI,In-Store
T10046,2024-01-24,C145,Maria Gomez,26-35,Male,Asia,Japan,Tokyo,P205,Headphones,Accessories,1,933,835.06,97.94,0.1,UPI,Online
T10047,2024-04-21,C146,John Carter,26-35,Female,North America,USA,New York,P303,Washing Machine,Appliances,4,2632,1698.21,933.79,0.13,Cash,In-Store
T10048,2024-03-20,C147,Lucas Brown,36-50,Female,Africa,Kenya,Nairobi,P520,Microwave Oven,Appliances,1,1844,1433.28,410.72,0.17,Debit Card,Online
T10049,2024-01-19,C148,Priya Nair,26-35,Male,North America,Canada,Vancouver,P520,Microwave Oven,Appliances,2,3168,2116.06,1051.94,0.16,Credit Card,Online
T10050,2024-02-21,C149,Sarah Miller,50+,Male,South America,Brazil,São Paulo,P205,Headphones,Accessories,1,978,703.45,274.55,0.13,Credit Card,Online
T10051,2024-04-13,C150,Jake Turner,36-50,Other,Asia,Singapore,Singapore,P402,Monitor,Electronics,1,1852,1300.7,551.3,0.03,Debit Card,In-Store
T10052,2024-01-23,C151,Maria Gomez,50+,Male,South America,Argentina,Buenos Aires,P303,Washing Machine,Appliances,3,4113,2786.07,1326.93,0.16,Debit Card,In-Store
T10053,2024-03-30,C152,Sonia Patel,26-35,Other,Asia,Singapore,Singapore,P520,Microwave Oven,Appliances,4,4264,3219.28,1044.72,0.07,Credit Card,Online
T10054,2024-01-01,C153,Aditi Sharma,18-25,Female,Africa,Egypt,Cairo,P205,Headphones,Accessories,4,1212,1053.43,158.57,0.23,Credit Card,In-Store
T10055,2024-04-28,C154,Natalie Reed,26-35,Male,Africa,Egypt,Cairo,P402,Monitor,Electronics,1,1306,920.42,385.58,0.18,UPI,Online
T10056,2024-01-03,C155,Rohan Gupta,18-25,Male,North America,Mexico,Monterrey,P112,Mobile Phone,Electronics,4,804,579.97,224.03,0.22,Credit Card,Online
T10057,2024-04-25,C156,Natalie Reed,18-25,Female,Asia,Japan,Osaka,P205,Headphones,Accessories,3,5094,3303.4,1790.6,0.22,Credit Card,In-Store
T10058,2024-03-24,C157,Emily Clark,36-50,Female,North America,Canada,Toronto,P520,Microwave Oven,Appliances,2,2600,1850.38,749.62,0.24,Debit Card,Online
T10059,2024-01-25,C158,Jake Turner,36-50,Other,Asia,Singapore,Singapore,P402,Monitor,Electronics,1,963,624.26,338.74,0.14,Cash,In-Store
T10060,2024-02-23,C159,Aditi Sharma,36-50,Male,Europe,UK,Manchester,P101,Laptop,Electronics,3,5379,4832.16,546.84,0.04,Cash,Online
T10061,2024-03-08,C160,Michael Ross,26-35,Other,North America,USA,Chicago,P101,Laptop,Electronics,1,447,311.84,135.16,0.19,Credit Card,Online
T10062,2024-01-08,C161,Ethan Wilson,36-50,Female,North America,Canada,Toronto,P101,Laptop,Electronics,3,3804,3032.87,771.13,0.14,Cash,In-Store
T10063,2024-03-16,C162,Meera Iyer,36-50,Other,Africa,Kenya,Nairobi,P101,Laptop,Electronics,3,5868,4641.0,1227.0,0.06,Debit Card,In-Store
T10064,2024-01-30,C163,Sarah Miller,50+,Other,Africa,South Africa,Johannesburg,P205,Headphones,Accessories,2,558,400.6,157.4,0.22,Credit Card,Online
T10065,2024-01-27,C164,Lucas Brown,18-25,Male,Europe,Germany,Munich,P520,Microwave Oven,Appliances,3,825,581.64,243.36,0.16,Debit Card,In-Store
T10066,2024-04-20,C165,Michael Ross,26-35,Female,North America,Mexico,Monterrey,P520,Microwave Oven,Appliances,4,6216,4093.69,2122.31,0.18,Credit Card,Online
T10067,2024-01-19,C166,Daniel Wong,26-35,Male,South America,Chile,Santiago,P112,Mobile Phone,Electronics,4,2384,1980.07,403.93,0.01,UPI,In-Store
T10068,2024-02-13,C167,John Carter,26-35,Female,Africa,Kenya,Nairobi,P101,Laptop,Electronics,4,828,733.76,94.24,0.23,Net Banking,In-Store
T10069,2024-04-08,C168,Natalie Reed,26-35,Female,North America,Mexico,Mexico City,P303,Washing Machine,Appliances,4,7272,6442.42,829.58,0.08,Cash,In-Store
T10070,2024-02-15,C169,Jake Turner,26-35,Female,Africa,South Africa,Cape Town,P520,Microwave Oven,Appliances,1,656,583.24,72.76,0.21,Net Banking,In-Store
T10071,2024-03-03,C170,Natalie Reed,36-50,Male,Africa,South Africa,Johannesburg,P402,Monitor,Electronics,1,1030,676.99,353.01,0.07,Net Banking,Online
T10072,2024-03-07,C171,John Carter,26-35,Other,South America,Argentina,Buenos Aires,P112,Mobile Phone,Electronics,4,268,205.57,62.43,0.23,Cash,Online
T10073,2024-02-27,C172,Sonia Patel,36-50,Other,North America,Canada,Toronto,P205,Headphones,Accessories,3,5835,3624.26,2210.74,0.05,Cash,In-Store
T10074,2024-02-16,C173,Natalie Reed,18-25,Other,Africa,Egypt,Cairo,P101,Laptop,Electronics,2,3472,2229.11,1242.89,0.13,Debit Card,In-Store
T10075,2024-01-02,C174,Maria Gomez,26-35,Male,South America,Brazil,Rio,P303,Washing Machine,Appliances,2,1668,1425.47,242.53,0.03,UPI,In-Store
T10076,2024-04-27,C175,Lucas Brown,50+,Other,Africa,South Africa,Johannesburg,P402,Monitor,Electronics,4,4448,3060.57,1387.43,0.2,Debit Card,Online
T10077,2024-04-08,C176,Lucas Brown,26-35,Other,North America,Mexico,Mexico City,P520,Microwave Oven,Appliances,2,1940,1519.9,420.1,0.02,Cash,Online
T10078,2024-01-07,C177,Sarah Miller,50+,Female,Asia,India,Delhi,P112,Mobile Phone,Electronics,1,85,71.36,13.64,0.16,Cash,Online
T10079,2024-04-19,C178,Lucas Brown,18-25,Other,Asia,Japan,Tokyo,P101,Laptop,Electronics,4,2812,2438.01,373.99,0.08,Net Banking,Online
T10080,2024-04-01,C179,Daniel Wong,50+,Female,North America,USA,New York,P101,Laptop,Electronics,2,1766,1291.9,474.1,0.17,UPI,In-Store
T10081,2024-02-20,C180,Ethan Wilson,26-35,Other,Asia,Japan,Tokyo,P112,Mobile Phone,Electronics,1,1771,1350.91,420.09,0.07,Net Banking,Online
T10082,2024-02-27,C181,Rohan Gupta,18-25,Female,Europe,Italy,Milan,P205,Headphones,Accessories,2,2830,1910.46,919.54,0.01,Debit Card,In-Store
T10083,2024-01-15,C182,Maria Gomez,26-35,Other,Asia,Singapore,Singapore,P205,Headphones,Accessories,2,2104,1342.6,761.4,0.13,UPI,Online
T10084,2024-02-22,C183,Sarah Miller,50+,Male,South America,Argentina,Buenos Aires,P205,Headphones,Accessories,4,4212,3746.89,465.11,0.11,Credit Card,Online
T10085,2024-01-06,C184,Sarah Miller,36-50,Male,Asia,Japan,Osaka,P205,Headphones,Accessories,1,1041,790.54,250.46,0.14,Cash,Online
T10086,2024-02-24,C185,Sonia Patel,50+,Female,South America,Chile,Santiago,P402,Monitor,Electronics,4,7572,4844.74,2727.26,0.24,Net Banking,Online
T10087,2024-04-15,C186,Aditi Sharma,26-35,Other,Asia,India,Bengaluru,P101,Laptop,Electronics,2,3464,2904.76,559.24,0.07,Credit Card,Online
T10088,2024-04-01,C187,Aditi Sharma,26-35,Female,North America,Canada,Toronto,P402,Monitor,Electronics,2,2838,1724.38,1113.62,0.24,Net Banking,In-Store
T10089,2024-01-23,C188,Sarah Miller,50+,Male,Africa,Egypt,Cairo,P402,Monitor,Electronics,3,4398,3547.21,850.79,0.01,Credit Card,In-Store
T10090,2024-01-01,C189,Priya Nair,50+,Male,Africa,Kenya,Nairobi,P303,Washing Machine,Appliances,3,2553,1715.45,837.55,0.02,Net Banking,In-Store
T10091,2024-03-29,C190,Michael Ross,18-25,Male,Europe,UK,Manchester,P101,Laptop,Electronics,4,5240,3584.06,1655.94,0.24,Credit Card,In-Store
T10092,2024-04-12,C191,Aditi Sharma,18-25,Male,South America,Brazil,Rio,P402,Monitor,Electronics,4,6080,4442.67,1637.33,0.18,Debit Card,Online
T10093,2024-03-07,C192,Rohan Gupta,50+,Female,Africa,Kenya,Nairobi,P303,Washing Machine,Appliances,4,812,573.91,238.09,0.19,Cash,Online
T10094,2024-02-26,C193,Michael Ross,26-35,Male,Africa,Kenya,Nairobi,P101,Laptop,Electronics,1,1293,793.64,499.36,0.01,Net Banking,Online
T10095,2024-04-19,C194,Michael Ross,36-50,Other,North America,Canada,Toronto,P520,Microwave Oven,Appliances,2,2122,1384.82,737.18,0.0,Credit Card,In-Store
T10096,2024-03-30,C195,Meera Iyer,36-50,Other,South America,Brazil,Rio,P402,Monitor,Electronics,4,1560,1157.58,402.42,0.04,Net Banking,In-Store
T10097,2024-04-03,C196,Natalie Reed,36-50,Male,Europe,France,Paris,P112,Mobile Phone,Electronics,1,72,44.24,27.76,0.24,Cash,Online
T10098,2024-04-09,C197,Priya Nair,50+,Other,North America,USA,Seattle,P303,Washing Machine,Appliances,2,2506,1785.23,720.77,0.16,Debit Card,In-Store
T10099,2024-02-27,C198,John Carter,36-50,Female,Europe,Italy,Rome,P101,Laptop,Electronics,4,3272,2492.65,779.35,0.17,Net Banking,Online
T10100,2024-01-16,C199,Sonia Patel,26-35,Male,Europe,Germany,Berlin,P205,Headphones,Accessories,4,1540,1220.8,319.2,0.01,UPI,In-Store
T10101,2024-02-01,C200,Ethan Wilson,26-35,Female,Africa,South Africa,Johannesburg,P205,Headphones,Accessories,3,2703,2088.45,614.55,0.1,Debit Card,In-Store
T10102,2024-02-02,C201,Priya Nair,26-35,Female,North America,USA,Seattle,P303,Washing Machine,Appliances,1,1006,768.27,237.73,0.24,Cash,Online
T10103,2024-03-07,C202,Daniel Wong,26-35,Male,North America,Mexico,Mexico City,P101,Laptop,Electronics,1,1490,1185.21,304.79,0.05,Credit Card,Online
T10104,2024-01-29,C203,Sarah Miller,26-35,Female,South America,Brazil,São Paulo,P205,Headphones,Accessories,1,61,38.44,22.56,0.0,Cash,In-Store
T10105,2024-04-24,C204,Maria Gomez,36-50,Other,Asia,Japan,Tokyo,P112,Mobile Phone,Electronics,2,168,117.76,50.24,0.16,Debit Card,Online
T10106,2024-04-02,C205,Meera Iyer,26-35,Male,South America,Brazil,Rio,P112,Mobile Phone,Electronics,2,2038,1237.03,800.97,0.2,UPI,In-Store
T10107,2024-04-14,C206,Ethan Wilson,26-35,Male,Europe,France,Paris,P112,Mobile Phone,Electronics,3,3807,3075.55,731.45,0.09,Cash,Online
T10108,2024-03-15,C207,Maria Gomez,26-35,Other,Asia,Japan,Tokyo,P112,Mobile Phone,Electronics,1,1449,1188.94,260.06,0.2,Cash,Online
T10109,2024-02-05,C208,Ethan Wilson,26-35,Other,Europe,UK,London,P205,Headphones,Accessories,2,3884,3205.02,678.98,0.2,Debit Card,In-Store
T10110,2024-02-18,C209,Natalie Reed,18-25,Male,South America,Argentina,Buenos Aires,P112,Mobile Phone,Electronics,3,4863,3460.54,1402.46,0.19,UPI,Online
T10111,2024-01-24,C210,Ethan Wilson,18-25,Female,South America,Argentina,Buenos Aires,P520,Microwave Oven,Appliances,3,3789,2912.07,876.93,0.06,UPI,Online
T10112,2024-02-24,C211,Emily Clark,26-35,Male,Asia,UAE,Dubai,P520,Microwave Oven,Appliances,1,328,271.05,56.95,0.03,Cash,In-Store
T10113,2024-01-17,C212,Jake Turner,18-25,Male,Europe,UK,London,P520,Microwave Oven,Appliances,1,111,83.14,27.86,0.1,Cash,Online
T10114,2024-01-13,C213,Meera Iyer,36-50,Female,Asia,Japan,Osaka,P205,Headphones,Accessories,3,3276,2348.11,927.89,0.0,Credit Card,Online
T10115,2024-04-14,C214,Sonia Patel,18-25,Other,North America,USA,New York,P112,Mobile Phone,Electronics,3,375,264.93,110.07,0.24,Credit Card,Online
T10116,2024-04-04,C215,Jake Turner,18-25,Female,Africa,South Africa,Cape Town,P402,Monitor,Electronics,4,6548,5055.26,1492.74,0.16,Credit Card,In-Store
T10117,2024-04-26,C216,Daniel Wong,50+,Female,North America,Canada,Toronto,P402,Monitor,Electronics,1,1172,915.02,256.98,0.14,UPI,In-Store
T10118,2024-03-25,C217,Daniel Wong,18-25,Male,Europe,UK,Manchester,P303,Washing Machine,Appliances,4,6552,5487.13,1064.87,0.2,Cash,Online
T10119,2024-04-18,C218,Meera Iyer,18-25,Other,Africa,Egypt,Cairo,P520,Microwave Oven,Appliances,1,1115,994.89,120.11,0.25,Cash,Online
T10120,2024-01-05,C219,Maria Gomez,18-25,Male,North America,Mexico,Monterrey,P101,Laptop,Electronics,3,3864,2951.23,912.77,0.18,Credit Card,In-Store
T10121,2024-04-20,C220,Ethan Wilson,36-50,Female,North America,USA,Chicago,P205,Headphones,Accessories,4,4328,3585.55,742.45,0.15,UPI,In-Store
T10122,2024-04-11,C221,Sonia Patel,36-50,Male,Asia,India,Bengaluru,P112,Mobile Phone,Electronics,3,3741,3031.3,709.7,0.02,Cash,In-Store
T10123,2024-02-19,C222,Emily Clark,26-35,Other,Asia,Japan,Tokyo,P520,Microwave Oven,Appliances,3,2049,1319.52,729.48,0.13,Debit Card,In-Store
T10124,2024-02-07,C223,Aditi Sharma,26-35,Female,South America,Brazil,São Paulo,P303,Washing Machine,Appliances,3,5163,3677.51,1485.49,0.09,Credit Card,Online
T10125,2024-04-25,C224,Maria Gomez,50+,Female,South America,Chile,Santiago,P402,Monitor,Electronics,1,560,488.49,71.51,0.15,Net Banking,Online
T10126,2024-02-05,C225,Rohan Gupta,18-25,Male,Africa,Kenya,Nairobi,P520,Microwave Oven,Appliances,2,2650,1656.38,993.62,0.19,Net Banking,In-Store
T10127,2024-02-23,C226,Emily Clark,26-35,Male,Asia,Singapore,Singapore,P112,Mobile Phone,Electronics,3,420,283.34,136.66,0.08,Net Banking,In-Store
T10128,2024-03-07,C227,Michael Ross,50+,Other,South America,Brazil,São Paulo,P520,Microwave Oven,Appliances,1,702,506.54,195.46,0.14,UPI,In-Store
T10129,2024-01-20,C228,Ethan Wilson,50+,Other,Europe,Italy,Milan,P520,Microwave Oven,Appliances,4,2020,1283.22,736.78,0.16,Credit Card,Online
T10130,2024-01-01,C229,Sonia Patel,26-35,Other,Europe,Italy,Rome,P520,Microwave Oven,Appliances,3,1191,1058.38,132.62,0.09,Debit Card,In-Store
T10131,2024-04-22,C230,John Carter,26-35,Female,Europe,UK,London,P112,Mobile Phone,Electronics,1,873,662.18,210.82,0.11,Cash,In-Store
T10132,2024-02-27,C231,Natalie Reed,18-25,Male,Asia,Japan,Osaka,P520,Microwave Oven,Appliances,4,2936,2615.87,320.13,0.01,Cash,In-Store
T10133,2024-01-21,C232,John Carter,50+,Other,Asia,Singapore,Singapore,P520,Microwave Oven,Appliances,4,3740,3281.45,458.55,0.23,Net Banking,In-Store
T10134,2024-02-05,C233,Michael Ross,36-50,Male,North America,Canada,Vancouver,P112,Mobile Phone,Electronics,3,5196,4628.55,567.45,0.13,Debit Card,In-Store
T10135,2024-04-14,C234,Daniel Wong,18-25,Female,North America,USA,Seattle,P303,Washing Machine,Appliances,1,1599,1100.67,498.33,0.25,UPI,Online
T10136,2024-02-23,C235,Meera Iyer,18-25,Other,Europe,Italy,Milan,P112,Mobile Phone,Electronics,2,2664,2318.61,345.39,0.01,Net Banking,Online
T10137,2024-01-12,C236,Jake Turner,26-35,Other,Africa,Egypt,Cairo,P112,Mobile Phone,Electronics,2,1570,969.25,600.75,0.1,Credit Card,In-Store
T10138,2024-01-24,C237,Rohan Gupta,36-50,Female,South America,Argentina,Buenos Aires,P112,Mobile Phone,Electronics,4,1688,1153.27,534.73,0.05,UPI,In-Store
T10139,2024-03-30,C238,Daniel Wong,50+,Other,Europe,UK,Manchester,P303,Washing Machine,Appliances,4,2988,1998.43,989.57,0.07,UPI,Online
T10140,2024-04-10,C239,Lucas Brown,36-50,Other,Europe,France,Lyon,P205,Headphones,Accessories,1,789,706.84,82.16,0.17,Credit Card,In-Store
T10141,2024-01-17,C240,Michael Ross,36-50,Other,Asia,UAE,Abu Dhabi,P101,Laptop,Electronics,1,978,707.45,270.55,0.15,Credit Card,Online
T10142,2024-04-21,C241,Sarah Miller,26-35,Other,Europe,Italy,Rome,P520,Microwave Oven,Appliances,1,958,836.6,121.4,0.21,UPI,Online
T10143,2024-03-22,C242,Maria Gomez,50+,Other,South America,Brazil,Rio,P303,Washing Machine,Appliances,3,915,708.53,206.47,0.23,UPI,In-Store
T10144,2024-01-10,C243,Natalie Reed,50+,Male,South America,Argentina,Buenos Aires,P112,Mobile Phone,Electronics,4,3388,2913.07,474.93,0.01,UPI,In-Store
T10145,2024-04-28,C244,Priya Nair,26-35,Female,North America,USA,Chicago,P303,Washing Machine,Appliances,4,7496,6246.27,1249.73,0.12,Net Banking,Online
T10146,2024-04-20,C245,Lucas Brown,26-35,Female,South America,Argentina,Buenos Aires,P205,Headphones,Accessories,1,1852,1441.3,410.7,0.1,Credit Card,Online
T10147,2024-03-26,C246,Sonia Patel,26-35,Male,Africa,South Africa,Johannesburg,P520,Microwave Oven,Appliances,3,2532,1951.47,580.53,0.02,Cash,Online
T10148,2024-04-14,C247,Sarah Miller,50+,Male,Europe,France,Lyon,P303,Washing Machine,Appliances,3,1680,1145.8,534.2,0.01,UPI,Online
T10149,2024-01-06,C248,Priya Nair,50+,Female,Asia,Singapore,Singapore,P205,Headphones,Accessories,4,3032,2728.54,303.46,0.25,Credit Card,In-Store
T10150,2024-02-22,C249,Rohan Gupta,26-35,Male,Africa,Egypt,Cairo,P101,Laptop,Electronics,3,3138,2566.37,571.63,0.19,Cash,In-Store
T10151,2024-03-23,C250,Natalie Reed,18-25,Female,North America,Mexico,Mexico City,P112,Mobile Phone,Electronics,1,1158,851.32,306.68,0.03,Net Banking,In-Store
T10152,2024-02-20,C251,Rohan Gupta,18-25,Other,South America,Argentina,Buenos Aires,P303,Washing Machine,Appliances,1,766,507.22,258.78,0.22,Net Banking,Online
T10153,2024-04-13,C252,Sonia Patel,36-50,Male,Africa,Egypt,Cairo,P101,Laptop,Electronics,4,332,234.87,97.13,0.03,UPI,Online
T10154,2024-01-26,C253,Sonia Patel,50+,Male,North America,Mexico,Monterrey,P402,Monitor,Electronics,2,1446,1074.18,371.82,0.21,Debit Card,Online
T10155,2024-02-19,C254,Meera Iyer,26-35,Other,Europe,Italy,Rome,P101,Laptop,Electronics,4,4508,4013.89,494.11,0.02,UPI,Online
T10156,2024-02-26,C255,Natalie Reed,18-25,Other,Asia,Singapore,Singapore,P101,Laptop,Electronics,1,673,500.72,172.28,0.11,Credit Card,Online
T10157,2024-04-10,C256,Sarah Miller,50+,Male,North America,Mexico,Monterrey,P205,Headphones,Accessories,1,1983,1608.66,374.34,0.05,Credit Card,Online
T10158,2024-02-07,C257,Emily Clark,26-35,Male,North America,Mexico,Mexico City,P520,Microwave Oven,Appliances,4,3252,2907.74,344.26,0.15,Cash,Online
T10159,2024-03-22,C258,Lucas Brown,26-35,Male,Asia,UAE,Abu Dhabi,P101,Laptop,Electronics,2,2816,2059.18,756.82,0.23,UPI,Online
T10160,2024-02-21,C259,Sarah Miller,18-25,Female,Europe,France,Lyon,P520,Microwave Oven,Appliances,1,215,158.08,56.92,0.23,Credit Card,In-Store
T10161,2024-01-30,C260,Ethan Wilson,18-25,Other,North America,Mexico,Monterrey,P101,Laptop,Electronics,3,3537,3037.25,499.75,0.24,Net Banking,Online
T10162,2024-01-04,C261,Michael Ross,26-35,Other,Africa,Kenya,Nairobi,P402,Monitor,Electronics,2,466,397.32,68.68,0.19,Net Banking,Online
T10163,2024-03-24,C262,Priya Nair,36-50,Other,North America,Canada,Vancouver,P303,Washing Machine,Appliances,4,472,421.97,50.03,0.12,UPI,In-Store
T10164,2024-03-17,C263,John Carter,18-25,Male,South America,Chile,Santiago,P402,Monitor,Electronics,2,3640,2816.98,823.02,0.09,Credit Card,Online
T10165,2024-04-20,C264,Rohan Gupta,26-35,Male,Asia,India,Delhi,P520,Microwave Oven,Appliances,1,1736,1108.29,627.71,0.04,Cash,In-Store
T10166,2024-04-27,C265,Sonia Patel,18-25,Other,North America,Mexico,Mexico City,P101,Laptop,Electronics,4,6372,4167.42,2204.58,0.17,UPI,Online
T10167,2024-01-25,C266,Sarah Miller,18-25,Male,Europe,UK,Manchester,P205,Headphones,Accessories,3,5811,4312.86,1498.14,0.17,Credit Card,In-Store
T10168,2024-02-19,C267,Emily Clark,50+,Other,North America,USA,Chicago,P101,Laptop,Electronics,1,683,455.67,227.33,0.21,UPI,In-Store
T10169,2024-03-22,C268,Maria Gomez,50+,Other,South America,Chile,Santiago,P520,Microwave Oven,Appliances,4,2924,1909.67,1014.33,0.02,UPI,Online
T10170,2024-01-01,C269,Emily Clark,26-35,Male,Africa,Egypt,Cairo,P303,Washing Machine,Appliances,1,282,199.32,82.68,0.22,Net Banking,Online
T10171,2024-02-18,C270,Sarah Miller,36-50,Other,Asia,UAE,Dubai,P402,Monitor,Electronics,2,3606,2910.47,695.53,0.01,Debit Card,In-Store
T10172,2024-02-16,C271,John Carter,50+,Male,North America,Canada,Toronto,P101,Laptop,Electronics,1,263,164.25,98.75,0.22,Debit Card,In-Store
T10173,2024-03-03,C272,Daniel Wong,50+,Other,Europe,Italy,Rome,P520,Microwave Oven,Appliances,4,6584,3955.53,2628.47,0.22,Credit Card,In-Store
T10174,2024-01-08,C273,Sarah Miller,26-35,Other,Europe,UK,London,P402,Monitor,Electronics,1,1940,1271.39,668.61,0.05,Debit Card,In-Store
T10175,2024-02-25,C274,Meera Iyer,18-25,Female,Europe,Germany,Munich,P520,Microwave Oven,Appliances,2,1150,903.3,246.7,0.09,Debit Card,Online
T10176,2024-03-28,C275,Ethan Wilson,50+,Other,South America,Brazil,São Paulo,P402,Monitor,Electronics,2,828,512.29,315.71,0.04,Cash,Online
T10177,2024-04-24,C276,Meera Iyer,50+,Female,Africa,Kenya,Nairobi,P520,Microwave Oven,Appliances,3,3228,2803.72,424.28,0.13,Cash,Online
T10178,2024-04-20,C277,Priya Nair,26-35,Female,Africa,Egypt,Cairo,P402,Monitor,Electronics,4,5388,3956.0,1432.0,0.13,Credit Card,Online
T10179,2024-01-15,C278,John Carter,50+,Female,North America,Mexico,Monterrey,P205,Headphones,Accessories,4,6816,4861.07,1954.93,0.01,Cash,Online
T10180,2024-02-26,C279,Daniel Wong,18-25,Male,Asia,Japan,Osaka,P101,Laptop,Electronics,1,1304,817.3,486.7,0.13,Credit Card,Online
T10181,2024-01-25,C280,Emily Clark,26-35,Female,Europe,UK,London,P303,Washing Machine,Appliances,1,1598,1243.37,354.63,0.17,Cash,In-Store
T10182,2024-03-07,C281,Meera Iyer,36-50,Male,Europe,Italy,Rome,P101,Laptop,Electronics,1,158,117.53,40.47,0.15,Cash,Online
T10183,2024-03-26,C282,Lucas Brown,50+,Male,Africa,South Africa,Cape Town,P402,Monitor,Electronics,2,1344,1106.96,237.04,0.11,Net Banking,In-Store
T10184,2024-03-23,C283,Natalie Reed,26-35,Female,Europe,France,Lyon,P112,Mobile Phone,Electronics,2,948,664.77,283.23,0.22,UPI,Online
T10185,2024-03-04,C284,Sarah Miller,18-25,Female,Africa,Egypt,Cairo,P520,Microwave Oven,Appliances,2,3032,2143.11,888.89,0.25,Cash,In-Store
T10186,2024-04-10,C285,Ethan Wilson,36-50,Male,Asia,India,Delhi,P402,Monitor,Electronics,1,1362,820.28,541.72,0.06,Cash,Online
T10187,2024-03-10,C286,Maria Gomez,18-25,Male,Africa,South Africa,Cape Town,P303,Washing Machine,Appliances,3,2019,1308.72,710.28,0.05,Debit Card,In-Store
T10188,2024-03-02,C287,Sarah Miller,26-35,Female,Europe,France,Paris,P520,Microwave Oven,Appliances,2,3360,2072.1,1287.9,0.21,Net Banking,In-Store
T10189,2024-01-03,C288,Jake Turner,50+,Male,Asia,India,Mumbai,P205,Headphones,Accessories,3,1776,1284.26,491.74,0.25,Cash,In-Store
T10190,2024-04-04,C289,Jake Turner,50+,Other,Asia,Singapore,Singapore,P205,Headphones,Accessories,2,2790,2156.11,633.89,0.23,Net Banking,Online
T10191,2024-03-19,C290,Priya Nair,26-35,Male,Europe,France,Lyon,P205,Headphones,Accessories,2,334,226.24,107.76,0.04,Credit Card,In-Store
T10192,2024-02-20,C291,Jake Turner,26-35,Male,North America,Mexico,Monterrey,P520,Microwave Oven,Appliances,2,3028,2469.45,558.55,0.13,Credit Card,In-Store
T10193,2024-01-26,C292,Jake Turner,50+,Male,Africa,South Africa,Cape Town,P112,Mobile Phone,Electronics,3,666,553.34,112.66,0.05,Net Banking,Online
T10194,2024-04-27,C293,Priya Nair,26-35,Other,North America,USA,Seattle,P205,Headphones,Accessories,4,7440,4909.3,2530.7,0.18,Credit Card,In-Store
T10195,2024-01-12,C294,John Carter,18-25,Female,Europe,Germany,Munich,P112,Mobile Phone,Electronics,3,150,117.48,32.52,0.07,UPI,In-Store
T10196,2024-02-06,C295,Maria Gomez,18-25,Other,South America,Argentina,Buenos Aires,P101,Laptop,Electronics,2,376,330.73,45.27,0.08,Net Banking,In-Store
T10197,2024-01-03,C296,Maria Gomez,36-50,Female,South America,Chile,Santiago,P101,Laptop,Electronics,1,951,666.63,284.37,0.03,Debit Card,In-Store
T10198,2024-01-23,C297,Sarah Miller,18-25,Other,Europe,Germany,Munich,P402,Monitor,Electronics,2,442,291.95,150.05,0.17,Cash,Online
T10199,2024-03-24,C298,Michael Ross,50+,Other,Europe,UK,Manchester,P303,Washing Machine,Appliances,1,1392,1119.8,272.2,0.19,Cash,In-Store
T10200,2024-03-15,C299,Meera Iyer,18-25,Other,Asia,UAE,Dubai,P520,Microwave Oven,Appliances,3,5979,4674.56,1304.44,0.2,UPI,In-Store
T10201,2024-04-04,C300,John Carter,18-25,Female,Asia,UAE,Dubai,P303,Washing Machine,Appliances,1,1654,1404.55,249.45,0.24,Cash,In-Store
T10202,2024-03-18,C301,Meera Iyer,18-25,Male,South America,Brazil,Rio,P303,Washing Machine,Appliances,1,425,381.34,43.66,0.05,Debit Card,In-Store
T10203,2024-04-08,C302,Sonia Patel,18-25,Other,Africa,Egypt,Cairo,P520,Microwave Oven,Appliances,3,1686,1386.46,299.54,0.14,Debit Card,In-Store
T10204,2024-03-04,C303,Natalie Reed,26-35,Female,North America,Mexico,Mexico City,P101,Laptop,Electronics,1,1913,1622.96,290.04,0.19,Debit Card,In-Store
T10205,2024-02-29,C304,Aditi Sharma,50+,Other,Africa,South Africa,Cape Town,P520,Microwave Oven,Appliances,2,2728,1771.24,956.76,0.2,Credit Card,In-Store
T10206,2024-03-18,C305,Lucas Brown,36-50,Male,South America,Chile,Santiago,P101,Laptop,Electronics,2,1246,881.73,364.27,0.22,Net Banking,In-Store
T10207,2024-03-29,C306,John Carter,50+,Female,Europe,Germany,Berlin,P402,Monitor,Electronics,2,690,507.55,182.45,0.18,Debit Card,Online
T10208,2024-02-01,C307,Daniel Wong,18-25,Other,Africa,South Africa,Johannesburg,P303,Washing Machine,Appliances,3,5130,3541.82,1588.18,0.19,Cash,Online
T10209,2024-01-15,C308,Michael Ross,50+,Other,Europe,Italy,Milan,P112,Mobile Phone,Electronics,1,714,504.52,209.48,0.1,Debit Card,In-Store
T10210,2024-03-06,C309,Meera Iyer,36-50,Other,Africa,Egypt,Cairo,P101,Laptop,Electronics,2,1740,1517.18,222.82,0.16,Debit Card,In-Store
T10211,2024-02-20,C310,Michael Ross,18-25,Male,Africa,Egypt,Cairo,P520,Microwave Oven,Appliances,2,3438,2406.07,1031.93,0.18,Cash,In-Store
T10212,2024-02-11,C311,Meera Iyer,50+,Other,Africa,Egypt,Cairo,P520,Microwave Oven,Appliances,4,6292,5274.0,1018.0,0.16,Net Banking,In-Store
T10213,2024-04-25,C312,Emily Clark,26-35,Female,Africa,South Africa,Johannesburg,P112,Mobile Phone,Electronics,2,2608,2013.23,594.77,0.25,Debit Card,In-Store
T10214,2024-02-26,C313,Lucas Brown,26-35,Male,North America,Mexico,Mexico City,P402,Monitor,Electronics,1,1070,721.77,348.23,0.19,Net Banking,Online
T10215,2024-03-08,C314,John Carter,50+,Male,Asia,India,Mumbai,P101,Laptop,Electronics,2,3814,3160.81,653.19,0.22,UPI,Online
T10216,2024-04-06,C315,Michael Ross,18-25,Other,Europe,UK,Manchester,P205,Headphones,Accessories,2,1710,1301.21,408.79,0.09,Debit Card,Online
T10217,2024-04-18,C316,Ethan Wilson,26-35,Male,Europe,Germany,Berlin,P520,Microwave Oven,Appliances,4,3988,2868.11,1119.89,0.2,Credit Card,Online
T10218,2024-01-05,C317,Jake Turner,36-50,Other,Asia,Singapore,Singapore,P303,Washing Machine,Appliances,1,96,69.38,26.62,0.19,Credit Card,In-Store
T10219,2024-01-27,C318,Maria Gomez,26-35,Female,Africa,Egypt,Cairo,P303,Washing Machine,Appliances,3,2028,1639.0,389.0,0.14,Cash,In-Store
T10220,2024-02-12,C319,Sarah Miller,50+,Other,Africa,Kenya,Nairobi,P402,Monitor,Electronics,3,354,300.21,53.79,0.24,Debit Card,Online
T10221,2024-04-13,C320,Natalie Reed,18-25,Female,Africa,South Africa,Johannesburg,P112,Mobile Phone,Electronics,2,2414,1738.7,675.3,0.12,Debit Card,In-Store
T10222,2024-02-15,C321,Michael Ross,18-25,Male,Asia,UAE,Dubai,P112,Mobile Phone,Electronics,3,1335,1166.2,168.8,0.03,Credit Card,Online
T10223,2024-03-22,C322,Sonia Patel,26-35,Male,Africa,Egypt,Cairo,P520,Microwave Oven,Appliances,1,1042,630.86,411.14,0.22,Debit Card,In-Store
T10224,2024-03-16,C323,Michael Ross,50+,Male,South America,Argentina,Buenos Aires,P520,Microwave Oven,Appliances,4,1620,1418.51,201.49,0.2,Net Banking,Online
T10225,2024-02-06,C324,Emily Clark,26-35,Female,Africa,Egypt,Cairo,P520,Microwave Oven,Appliances,4,704,454.62,249.38,0.14,Debit Card,In-Store
T10226,2024-01-09,C325,Michael Ross,26-35,Other,Europe,France,Paris,P402,Monitor,Electronics,2,200,164.19,35.81,0.23,Debit Card,In-Store
T10227,2024-03-26,C326,Rohan Gupta,36-50,Other,Europe,Germany,Berlin,P101,Laptop,Electronics,3,4440,2827.58,1612.42,0.06,Net Banking,In-Store
T10228,2024-03-30,C327,Ethan Wilson,36-50,Other,Africa,South Africa,Johannesburg,P112,Mobile Phone,Electronics,2,938,597.88,340.12,0.23,Net Banking,In-Store
T10229,2024-03-03,C328,Emily Clark,50+,Female,Asia,UAE,Abu Dhabi,P303,Washing Machine,Appliances,2,1232,823.25,408.75,0.15,Credit Card,Online
T10230,2024-02-16,C329,Aditi Sharma,26-35,Male,Asia,Singapore,Singapore,P101,Laptop,Electronics,1,1382,968.17,413.83,0.2,Credit Card,In-Store
T10231,2024-04-26,C330,Sonia Patel,36-50,Other,Asia,India,Delhi,P101,Laptop,Electronics,2,1972,1250.8,721.2,0.1,Net Banking,In-Store
T10232,2024-03-30,C331,Ethan Wilson,36-50,Other,Asia,Japan,Osaka,P101,Laptop,Electronics,3,5637,3967.91,1669.09,0.09,UPI,Online
T10233,2024-02-03,C332,Priya Nair,36-50,Other,Africa,South Africa,Johannesburg,P112,Mobile Phone,Electronics,3,4806,3730.03,1075.97,0.01,Cash,Online
T10234,2024-02-20,C333,Jake Turner,50+,Male,Africa,Egypt,Cairo,P101,Laptop,Electronics,2,1426,1102.71,323.29,0.04,Credit Card,Online
T10235,2024-04-26,C334,Lucas Brown,36-50,Other,Africa,Kenya,Nairobi,P520,Microwave Oven,Appliances,4,4936,3498.23,1437.77,0.15,Debit Card,Online
T10236,2024-01-22,C335,Sonia Patel,36-50,Female,Asia,Japan,Tokyo,P303,Washing Machine,Appliances,2,410,272.16,137.84,0.13,Debit Card,In-Store
T10237,2024-03-21,C336,Meera Iyer,26-35,Male,Asia,India,Bengaluru,P520,Microwave Oven,Appliances,4,5736,3697.42,2038.58,0.1,UPI,In-Store
T10238,2024-04-01,C337,Ethan Wilson,26-35,Male,Africa,Egypt,Cairo,P112,Mobile Phone,Electronics,3,5322,3487.71,1834.29,0.07,Cash,Online
T10239,2024-04-05,C338,Meera Iyer,18-25,Other,Africa,Kenya,Nairobi,P101,Laptop,Electronics,1,1039,857.16,181.84,0.05,Cash,In-Store
T10240,2024-03-23,C339,Michael Ross,18-25,Female,Asia,Japan,Osaka,P205,Headphones,Accessories,2,162,119.96,42.04,0.16,UPI,In-Store
T10241,2024-04-02,C340,Daniel Wong,26-35,Other,North America,Canada,Vancouver,P205,Headphones,Accessories,2,2434,1872.85,561.15,0.02,UPI,In-Store
T10242,2024-03-18,C341,Lucas Brown,50+,Male,Africa,Kenya,Nairobi,P112,Mobile Phone,Electronics,3,3744,2839.05,904.95,0.13,Cash,Online
T10243,2024-04-22,C342,Priya Nair,50+,Female,North America,USA,New York,P101,Laptop,Electronics,2,2590,1988.84,601.16,0.04,Debit Card,Online
T10244,2024-01-01,C343,Ethan Wilson,36-50,Other,Asia,Japan,Tokyo,P303,Washing Machine,Appliances,4,3896,2425.85,1470.15,0.19,Cash,Online
T10245,2024-01-10,C344,Meera Iyer,18-25,Other,North America,Mexico,Monterrey,P101,Laptop,Electronics,2,3902,2957.61,944.39,0.2,Credit Card,Online
T10246,2024-02-24,C345,Meera Iyer,50+,Other,North America,Mexico,Monterrey,P205,Headphones,Accessories,4,7492,6104.42,1387.58,0.16,Cash,In-Store
T10247,2024-03-05,C346,Rohan Gupta,18-25,Other,Africa,South Africa,Cape Town,P303,Washing Machine,Appliances,1,808,546.34,261.66,0.05,UPI,In-Store
T10248,2024-03-12,C347,Sonia Patel,50+,Male,Europe,UK,London,P205,Headphones,Accessories,2,1620,1360.76,259.24,0.04,Debit Card,In-Store
T10249,2024-04-06,C348,Lucas Brown,18-25,Other,Asia,UAE,Dubai,P402,Monitor,Electronics,4,4224,3447.81,776.19,0.2,Debit Card,Online
T10250,2024-03-28,C349,Emily Clark,36-50,Female,Asia,Japan,Osaka,P205,Headphones,Accessories,2,2722,2331.96,390.04,0.21,UPI,Online
T10251,2024-03-08,C350,Daniel Wong,50+,Male,Africa,South Africa,Cape Town,P101,Laptop,Electronics,4,856,549.83,306.17,0.1,Net Banking,Online
T10252,2024-02-24,C351,Rohan Gupta,26-35,Female,South America,Brazil,Rio,P101,Laptop,Electronics,4,224,176.95,47.05,0.18,UPI,Online
T10253,2024-03-25,C352,Meera Iyer,36-50,Male,Europe,Italy,Rome,P112,Mobile Phone,Electronics,3,5091,3331.71,1759.29,0.15,Cash,Online
T10254,2024-02-29,C353,Sarah Miller,36-50,Female,Asia,UAE,Dubai,P101,Laptop,Electronics,2,1126,983.21,142.79,0.16,Cash,Online
T10255,2024-01-11,C354,Emily Clark,36-50,Female,Asia,Japan,Osaka,P205,Headphones,Accessories,2,2144,1530.62,613.38,0.15,Credit Card,Online
T10256,2024-01-12,C355,Ethan Wilson,26-35,Other,Europe,France,Paris,P101,Laptop,Electronics,4,1240,872.41,367.59,0.19,Credit Card,Online
T10257,2024-01-09,C356,Emily Clark,36-50,Other,South America,Argentina,Buenos Aires,P101,Laptop,Electronics,2,2252,1550.14,701.86,0.24,Credit Card,In-Store
T10258,2024-03-26,C357,Maria Gomez,36-50,Female,Europe,Germany,Berlin,P205,Headphones,Accessories,4,5412,3432.68,1979.32,0.14,Credit Card,Online
T10259,2024-02-28,C358,Daniel Wong,50+,Female,South America,Brazil,Rio,P520,Microwave Oven,Appliances,2,3600,3023.84,576.16,0.11,Debit Card,In-Store
T10260,2024-04-24,C359,Michael Ross,26-35,Female,Africa,Kenya,Nairobi,P101,Laptop,Electronics,1,575,472.94,102.06,0.17,Cash,Online
T10261,2024-01-25,C360,Maria Gomez,18-25,Other,South America,Brazil,Rio,P112,Mobile Phone,Electronics,3,3822,2452.99,1369.01,0.21,UPI,Online
T10262,2024-01-04,C361,Emily Clark,50+,Male,South America,Argentina,Buenos Aires,P303,Washing Machine,Appliances,2,982,854.51,127.49,0.17,Debit Card,In-Store
T10263,2024-02-06,C362,Emily Clark,26-35,Female,South America,Chile,Santiago,P520,Microwave Oven,Appliances,3,2661,2326.48,334.52,0.03,Debit Card,In-Store
T10264,2024-04-09,C363,Michael Ross,18-25,Female,Asia,Singapore,Singapore,P402,Monitor,Electronics,1,983,609.61,373.39,0.1,Cash,In-Store
T10265,2024-04-11,C364,Sonia Patel,18-25,Male,Asia,UAE,Abu Dhabi,P520,Microwave Oven,Appliances,2,1274,843.29,430.71,0.0,UPI,Online
T10266,2024-03-25,C365,John Carter,36-50,Female,North America,USA,Chicago,P112,Mobile Phone,Electronics,3,5694,3871.63,1822.37,0.18,Credit Card,In-Store
T10267,2024-04-07,C366,Daniel Wong,26-35,Female,North America,USA,Chicago,P402,Monitor,Electronics,4,7288,5826.84,1461.16,0.04,Credit Card,In-Store
T10268,2024-02-14,C367,Aditi Sharma,18-25,Male,Africa,Kenya,Nairobi,P112,Mobile Phone,Electronics,1,971,700.4,270.6,0.19,Credit Card,Online
T10269,2024-02-15,C368,Meera Iyer,36-50,Male,Africa,Egypt,Cairo,P402,Monitor,Electronics,4,716,465.32,250.68,0.18,Cash,Online
T10270,2024-02-20,C369,Emily Clark,50+,Male,South America,Brazil,São Paulo,P112,Mobile Phone,Electronics,1,1365,1134.72,230.28,0.02,Cash,In-Store
T10271,2024-01-11,C370,Meera Iyer,18-25,Other,Africa,Kenya,Nairobi,P205,Headphones,Accessories,4,240,169.61,70.39,0.18,Net Banking,In-Store
T10272,2024-02-08,C371,Michael Ross,18-25,Male,South America,Chile,Santiago,P205,Headphones,Accessories,4,5200,4600.92,599.08,0.1,Net Banking,In-Store
T10273,2024-01-24,C372,Sarah Miller,18-25,Male,South America,Brazil,São Paulo,P303,Washing Machine,Appliances,2,910,745.99,164.01,0.05,Debit Card,Online
T10274,2024-02-05,C373,Maria Gomez,18-25,Female,North America,Mexico,Mexico City,P112,Mobile Phone,Electronics,3,3663,2375.84,1287.16,0.21,Debit Card,In-Store
T10275,2024-03-21,C374,Jake Turner,36-50,Male,North America,USA,Seattle,P101,Laptop,Electronics,2,3160,2461.81,698.19,0.08,UPI,In-Store
T10276,2024-01-26,C375,Emily Clark,18-25,Male,South America,Chile,Santiago,P303,Washing Machine,Appliances,2,3148,2214.04,933.96,0.09,Net Banking,Online
T10277,2024-01-01,C376,Priya Nair,26-35,Female,South America,Argentina,Buenos Aires,P303,Washing Machine,Appliances,1,110,88.72,21.28,0.11,UPI,Online
T10278,2024-02-08,C377,Ethan Wilson,26-35,Female,Africa,Egypt,Cairo,P303,Washing Machine,Appliances,3,540,336.6,203.4,0.0,UPI,In-Store
T10279,2024-02-20,C378,Natalie Reed,18-25,Other,South America,Brazil,São Paulo,P205,Headphones,Accessories,2,302,234.67,67.33,0.09,Cash,Online
T10280,2024-02-13,C379,Meera Iyer,18-25,Male,South America,Chile,Santiago,P101,Laptop,Electronics,3,2598,1665.44,932.56,0.24,Credit Card,In-Store
T10281,2024-02-24,C380,Maria Gomez,50+,Male,Africa,Kenya,Nairobi,P520,Microwave Oven,Appliances,1,1888,1181.91,706.09,0.24,Cash,Online
T10282,2024-03-23,C381,Emily Clark,26-35,Female,North America,Canada,Toronto,P303,Washing Machine,Appliances,4,2840,2350.7,489.3,0.18,Debit Card,Online
T10283,2024-03-20,C382,Jake Turner,26-35,Male,Asia,India,Mumbai,P112,Mobile Phone,Electronics,2,2546,1718.3,827.7,0.12,Cash,Online
T10284,2024-01-15,C383,Meera Iyer,26-35,Male,North America,Mexico,Monterrey,P303,Washing Machine,Appliances,3,5985,3683.64,2301.36,0.17,Credit Card,In-Store
T10285,2024-02-01,C384,Emily Clark,50+,Male,North America,Canada,Vancouver,P402,Monitor,Electronics,2,2178,1911.36,266.64,0.05,UPI,Online
T10286,2024-03-25,C385,Daniel Wong,50+,Female,Europe,UK,Manchester,P112,Mobile Phone,Electronics,2,598,414.93,183.07,0.03,Debit Card,In-Store
T10287,2024-01-07,C386,John Carter,26-35,Other,South America,Chile,Santiago,P402,Monitor,Electronics,1,932,817.66,114.34,0.24,Net Banking,In-Store
T10288,2024-03-27,C387,Sonia Patel,50+,Female,North America,USA,Chicago,P205,Headphones,Accessories,1,643,529.52,113.48,0.01,Net Banking,Online
T10289,2024-04-08,C388,Rohan Gupta,18-25,Male,Africa,South Africa,Cape Town,P402,Monitor,Electronics,2,3032,2573.18,458.82,0.01,Net Banking,In-Store
T10290,2024-01-31,C389,Natalie Reed,50+,Other,North America,Mexico,Monterrey,P101,Laptop,Electronics,4,4176,3208.02,967.98,0.12,Debit Card,Online
T10291,2024-01-03,C390,John Carter,50+,Female,Asia,Japan,Osaka,P112,Mobile Phone,Electronics,1,1244,873.24,370.76,0.18,Credit Card,Online
T10292,2024-04-17,C391,Sonia Patel,18-25,Female,Europe,Germany,Munich,P520,Microwave Oven,Appliances,3,4800,4037.73,762.27,0.13,UPI,In-Store
T10293,2024-03-26,C392,Jake Turner,26-35,Other,South America,Chile,Santiago,P402,Monitor,Electronics,1,1470,1158.02,311.98,0.22,Net Banking,In-Store
T10294,2024-02-11,C393,Daniel Wong,36-50,Female,Africa,Egypt,Cairo,P520,Microwave Oven,Appliances,4,3772,2735.65,1036.35,0.12,Debit Card,Online
T10295,2024-02-03,C394,Jake Turner,18-25,Female,South America,Brazil,Rio,P303,Washing Machine,Appliances,2,600,517.45,82.55,0.13,Credit Card,Online
T10296,2024-02-01,C395,Ethan Wilson,36-50,Other,Africa,South Africa,Cape Town,P402,Monitor,Electronics,4,7248,4501.07,2746.93,0.0,UPI,In-Store
T10297,2024-01-29,C396,Natalie Reed,26-35,Female,North America,Mexico,Mexico City,P520,Microwave Oven,Appliances,2,1052,643.07,408.93,0.12,Debit Card,Online
T10298,2024-01-16,C397,Daniel Wong,18-25,Female,Africa,Egypt,Cairo,P520,Microwave Oven,Appliances,4,7284,6520.82,763.18,0.19,Debit Card,In-Store
T10299,2024-01-25,C398,Ethan Wilson,18-25,Other,Africa,South Africa,Cape Town,P101,Laptop,Electronics,3,4296,3251.02,1044.98,0.18,Net Banking,In-Store
T10300,2024-02-18,C399,Maria Gomez,26-35,Male,North America,Mexico,Monterrey,P205,Headphones,Accessories,3,4506,3182.98,1323.02,0.07,Net Banking,In-Store
T10301,2024-03-08,C400,Rohan Gupta,36-50,Female,South America,Brazil,Rio,P520,Microwave Oven,Appliances,2,684,419.04,264.96,0.0,Cash,In-Store
T10302,2024-04-19,C401,Ethan Wilson,18-25,Other,Africa,South Africa,Johannesburg,P520,Microwave Oven,Appliances,3,1902,1203.66,698.34,0.1,Debit Card,Online
T10303,2024-03-08,C402,Natalie Reed,36-50,Other,Africa,South Africa,Johannesburg,P402,Monitor,Electronics,4,944,835.43,108.57,0.2,UPI,In-Store
T10304,2024-02-12,C403,Sarah Miller,36-50,Female,North America,Canada,Vancouver,P205,Headphones,Accessories,4,3036,2716.31,319.69,0.22,Credit Card,Online
T10305,2024-03-28,C404,John Carter,18-25,Female,South America,Chile,Santiago,P402,Monitor,Electronics,3,3405,2669.6,735.4,0.04,UPI,In-Store
T10306,2024-02-21,C405,Jake Turner,36-50,Other,Africa,South Africa,Cape Town,P205,Headphones,Accessories,4,6576,4737.84,1838.16,0.21,Cash,In-Store
T10307,2024-02-23,C406,Daniel Wong,50+,Male,Africa,Kenya,Nairobi,P402,Monitor,Electronics,1,1316,992.01,323.99,0.06,Debit Card,In-Store
T10308,2024-04-07,C407,Lucas Brown,18-25,Female,Africa,Kenya,Nairobi,P101,Laptop,Electronics,1,267,163.14,103.86,0.24,Net Banking,In-Store
T10309,2024-04-29,C408,John Carter,50+,Other,Africa,South Africa,Cape Town,P205,Headphones,Accessories,2,3180,1963.18,1216.82,0.24,UPI,In-Store
T10310,2024-02-18,C409,Daniel Wong,26-35,Male,North America,Mexico,Mexico City,P402,Monitor,Electronics,1,1172,913.2,258.8,0.13,Net Banking,Online
T10311,2024-04-15,C410,Daniel Wong,18-25,Female,Africa,South Africa,Cape Town,P112,Mobile Phone,Electronics,3,2217,1656.89,560.11,0.25,Debit Card,Online
T10312,2024-01-03,C411,Ethan Wilson,26-35,Female,North America,Canada,Toronto,P205,Headphones,Accessories,4,7248,4836.82,2411.18,0.06,UPI,In-Store
T10313,2024-04-20,C412,Rohan Gupta,18-25,Male,South America,Brazil,Rio,P303,Washing Machine,Appliances,1,378,328.28,49.72,0.22,UPI,In-Store
T10314,2024-01-11,C413,Emily Clark,36-50,Other,Africa,South Africa,Johannesburg,P101,Laptop,Electronics,1,1001,680.36,320.64,0.03,Cash,Online
T10315,2024-01-09,C414,Aditi Sharma,36-50,Other,North America,USA,Seattle,P101,Laptop,Electronics,3,2910,2489.96,420.04,0.01,Debit Card,Online
T10316,2024-03-19,C415,Maria Gomez,36-50,Female,Europe,UK,Manchester,P101,Laptop,Electronics,4,6440,4928.26,1511.74,0.02,Credit Card,In-Store
T10317,2024-03-28,C416,Michael Ross,18-25,Female,Asia,India,Delhi,P205,Headphones,Accessories,4,4096,2463.84,1632.16,0.17,Cash,Online
T10318,2024-02-17,C417,Maria Gomez,50+,Male,Africa,Kenya,Nairobi,P520,Microwave Oven,Appliances,2,1926,1202.43,723.57,0.06,Credit Card,In-Store
T10319,2024-03-17,C418,Emily Clark,18-25,Male,Africa,Kenya,Nairobi,P101,Laptop,Electronics,4,4088,3496.72,591.28,0.12,Credit Card,In-Store
T10320,2024-04-05,C419,Meera Iyer,36-50,Male,Asia,Japan,Tokyo,P303,Washing Machine,Appliances,2,796,694.08,101.92,0.14,Cash,In-Store
T10321,2024-02-09,C420,Meera Iyer,36-50,Male,Asia,UAE,Dubai,P101,Laptop,Electronics,2,178,137.01,40.99,0.07,Net Banking,Online
T10322,2024-01-06,C421,Maria Gomez,26-35,Male,North America,Mexico,Mexico City,P303,Washing Machine,Appliances,4,4880,4198.99,681.01,0.06,Cash,In-Store
T10323,2024-02-28,C422,Jake Turner,50+,Male,Europe,UK,Manchester,P205,Headphones,Accessories,3,2595,2108.46,486.54,0.21,Cash,Online
T10324,2024-03-29,C423,Sarah Miller,26-35,Male,Africa,Egypt,Cairo,P402,Monitor,Electronics,1,1243,785.27,457.73,0.17,UPI,In-Store
T10325,2024-02-29,C424,Sarah Miller,18-25,Male,Asia,Singapore,Singapore,P402,Monitor,Electronics,3,546,471.89,74.11,0.22,Debit Card,In-Store
T10326,2024-04-24,C425,Natalie Reed,36-50,Other,Europe,France,Lyon,P112,Mobile Phone,Electronics,3,1752,1053.9,698.1,0.2,Credit Card,Online
T10327,2024-02-22,C426,Daniel Wong,50+,Other,Africa,Kenya,Nairobi,P112,Mobile Phone,Electronics,2,3248,2105.44,1142.56,0.2,Debit Card,In-Store
T10328,2024-03-18,C427,Ethan Wilson,26-35,Male,Africa,South Africa,Cape Town,P205,Headphones,Accessories,1,1597,961.26,635.74,0.07,Net Banking,In-Store
T10329,2024-02-15,C428,Ethan Wilson,18-25,Female,North America,Canada,Toronto,P101,Laptop,Electronics,3,3558,2732.38,825.62,0.03,UPI,In-Store
T10330,2024-04-07,C429,Natalie Reed,18-25,Female,North America,USA,Seattle,P205,Headphones,Accessories,4,1988,1514.85,473.15,0.19,Debit Card,Online
T10331,2024-03-10,C430,Michael Ross,18-25,Male,Europe,UK,London,P520,Microwave Oven,Appliances,3,1389,841.08,547.92,0.11,Net Banking,In-Store
T10332,2024-04-07,C431,Sarah Miller,18-25,Female,Asia,UAE,Dubai,P205,Headphones,Accessories,3,4455,3518.5,936.5,0.23,Net Banking,Online
T10333,2024-04-02,C432,Ethan Wilson,18-25,Female,Europe,UK,Manchester,P402,Monitor,Electronics,2,2538,1655.1,882.9,0.19,UPI,Online
T10334,2024-03-08,C433,Priya Nair,36-50,Female,Asia,India,Mumbai,P112,Mobile Phone,Electronics,3,723,587.4,135.6,0.02,Net Banking,In-Store
T10335,2024-01-10,C434,Michael Ross,50+,Female,North America,Canada,Toronto,P112,Mobile Phone,Electronics,2,1508,931.0,577.0,0.02,Net Banking,Online
T10336,2024-03-22,C435,Michael Ross,18-25,Female,Africa,Egypt,Cairo,P112,Mobile Phone,Electronics,2,2686,2396.04,289.96,0.24,Credit Card,Online
T10337,2024-02-05,C436,Natalie Reed,26-35,Other,Europe,Germany,Berlin,P205,Headphones,Accessories,3,3900,3035.44,864.56,0.1,UPI,In-Store
T10338,2024-01-29,C437,Lucas Brown,18-25,Other,Africa,Kenya,Nairobi,P205,Headphones,Accessories,3,3318,2312.92,1005.08,0.12,Credit Card,In-Store
T10339,2024-02-20,C438,Maria Gomez,50+,Other,South America,Argentina,Buenos Aires,P101,Laptop,Electronics,3,1857,1114.77,742.23,0.04,Net Banking,Online
T10340,2024-04-07,C439,Rohan Gupta,26-35,Male,Africa,South Africa,Cape Town,P303,Washing Machine,Appliances,1,565,411.24,153.76,0.11,Credit Card,Online
T10341,2024-02-08,C440,Rohan Gupta,18-25,Female,Africa,Egypt,Cairo,P402,Monitor,Electronics,3,2808,2380.56,427.44,0.07,Net Banking,In-Store
T10342,2024-02-01,C441,Priya Nair,26-35,Male,South America,Chile,Santiago,P402,Monitor,Electronics,2,3520,2830.61,689.39,0.16,Cash,Online
T10343,2024-01-27,C442,Lucas Brown,50+,Other,Asia,Singapore,Singapore,P303,Washing Machine,Appliances,3,2694,2394.89,299.11,0.01,Cash,Online
T10344,2024-04-02,C443,Michael Ross,26-35,Female,Europe,UK,Manchester,P112,Mobile Phone,Electronics,1,352,255.52,96.48,0.16,UPI,Online
T10345,2024-01-06,C444,Sonia Patel,26-35,Male,Africa,South Africa,Johannesburg,P402,Monitor,Electronics,3,4578,4098.19,479.81,0.1,Debit Card,In-Store
T10346,2024-02-07,C445,Natalie Reed,18-25,Female,South America,Brazil,Rio,P112,Mobile Phone,Electronics,3,3705,2459.87,1245.13,0.01,Cash,In-Store
T10347,2024-01-25,C446,Rohan Gupta,36-50,Female,North America,Canada,Vancouver,P205,Headphones,Accessories,4,6388,4911.25,1476.75,0.12,Credit Card,Online
T10348,2024-01-27,C447,Lucas Brown,36-50,Other,Asia,Japan,Osaka,P520,Microwave Oven,Appliances,4,4532,2971.44,1560.56,0.22,Net Banking,In-Store
T10349,2024-02-22,C448,Lucas Brown,50+,Other,Africa,South Africa,Johannesburg,P303,Washing Machine,Appliances,4,2560,1884.44,675.56,0.13,Cash,In-Store
T10350,2024-03-11,C449,Priya Nair,50+,Other,Europe,UK,London,P112,Mobile Phone,Electronics,3,1194,763.41,430.59,0.01,Cash,In-Store
T10351,2024-02-29,C450,Ethan Wilson,50+,Other,Europe,France,Lyon,P303,Washing Machine,Appliances,2,1896,1243.09,652.91,0.12,Debit Card,In-Store
T10352,2024-04-03,C451,Maria Gomez,18-25,Male,Asia,India,Delhi,P520,Microwave Oven,Appliances,2,1008,642.66,365.34,0.17,Net Banking,In-Store
T10353,2024-04-09,C452,Michael Ross,18-25,Male,Europe,Italy,Milan,P520,Microwave Oven,Appliances,1,1751,1169.08,581.92,0.04,Debit Card,In-Store
T10354,2024-03-26,C453,Maria Gomez,26-35,Female,South America,Chile,Santiago,P303,Washing Machine,Appliances,2,1100,748.77,351.23,0.2,Credit Card,In-Store
T10355,2024-01-11,C454,Natalie Reed,36-50,Female,Africa,Kenya,Nairobi,P112,Mobile Phone,Electronics,4,7160,4617.3,2542.7,0.12,Debit Card,In-Store
T10356,2024-04-03,C455,Rohan Gupta,18-25,Other,North America,USA,Seattle,P112,Mobile Phone,Electronics,4,1548,1151.68,396.32,0.15,Net Banking,Online
T10357,2024-02-01,C456,John Carter,36-50,Male,South America,Argentina,Buenos Aires,P402,Monitor,Electronics,3,4122,3409.38,712.62,0.24,Cash,In-Store
T10358,2024-02-10,C457,Ethan Wilson,36-50,Female,South America,Brazil,Rio,P303,Washing Machine,Appliances,4,3312,2464.63,847.37,0.03,Debit Card,In-Store
T10359,2024-01-17,C458,John Carter,18-25,Male,Asia,India,Delhi,P402,Monitor,Electronics,4,3752,2893.81,858.19,0.0,Debit Card,In-Store
T10360,2024-02-23,C459,Aditi Sharma,50+,Other,Africa,South Africa,Johannesburg,P205,Headphones,Accessories,2,282,228.63,53.37,0.14,Net Banking,Online
T10361,2024-02-01,C460,Ethan Wilson,26-35,Female,Asia,Singapore,Singapore,P112,Mobile Phone,Electronics,2,3876,2927.6,948.4,0.02,Credit Card,Online
T10362,2024-03-17,C461,Meera Iyer,50+,Other,North America,USA,New York,P205,Headphones,Accessories,2,1276,795.68,480.32,0.1,Credit Card,Online
T10363,2024-03-06,C462,Maria Gomez,36-50,Male,Asia,India,Mumbai,P520,Microwave Oven,Appliances,2,1840,1214.87,625.13,0.17,Credit Card,In-Store
T10364,2024-01-15,C463,John Carter,26-35,Other,Asia,UAE,Abu Dhabi,P205,Headphones,Accessories,2,310,201.58,108.42,0.03,Net Banking,Online
T10365,2024-03-15,C464,Lucas Brown,26-35,Other,Africa,South Africa,Johannesburg,P520,Microwave Oven,Appliances,1,684,416.88,267.12,0.23,Cash,In-Store
T10366,2024-04-12,C465,John Carter,36-50,Male,North America,Canada,Toronto,P402,Monitor,Electronics,3,4467,3080.67,1386.33,0.23,UPI,Online
T10367,2024-03-12,C466,Ethan Wilson,18-25,Other,Africa,South Africa,Johannesburg,P205,Headphones,Accessories,2,3866,3249.44,616.56,0.08,Cash,Online
T10368,2024-01-07,C467,Meera Iyer,36-50,Other,North America,Mexico,Monterrey,P520,Microwave Oven,Appliances,3,3471,2658.44,812.56,0.15,Cash,In-Store
T10369,2024-01-22,C468,Sarah Miller,26-35,Other,Europe,France,Lyon,P205,Headphones,Accessories,2,1888,1497.32,390.68,0.13,Cash,Online
T10370,2024-04-15,C469,Maria Gomez,26-35,Female,North America,USA,New York,P101,Laptop,Electronics,2,2040,1667.59,372.41,0.15,Cash,Online
T10371,2024-01-12,C470,John Carter,36-50,Other,South America,Chile,Santiago,P112,Mobile Phone,Electronics,1,1610,1387.07,222.93,0.05,Net Banking,In-Store
T10372,2024-02-24,C471,Sarah Miller,50+,Male,Europe,UK,London,P205,Headphones,Accessories,2,2858,2352.94,505.06,0.22,Net Banking,Online
T10373,2024-02-22,C472,Daniel Wong,50+,Other,Europe,France,Lyon,P520,Microwave Oven,Appliances,3,1011,757.7,253.3,0.14,Cash,In-Store
T10374,2024-01-18,C473,Natalie Reed,36-50,Female,South America,Argentina,Buenos Aires,P303,Washing Machine,Appliances,3,2133,1492.45,640.55,0.14,Net Banking,In-Store
T10375,2024-02-28,C474,Daniel Wong,36-50,Other,Asia,UAE,Abu Dhabi,P402,Monitor,Electronics,3,2919,1926.14,992.86,0.17,UPI,Online
T10376,2024-04-02,C475,Jake Turner,50+,Male,Africa,South Africa,Johannesburg,P402,Monitor,Electronics,2,2560,1733.9,826.1,0.12,Credit Card,In-Store
T10377,2024-04-03,C476,Jake Turner,36-50,Female,South America,Brazil,Rio,P112,Mobile Phone,Electronics,1,208,150.75,57.25,0.21,Cash,In-Store
T10378,2024-02-06,C477,Sarah Miller,18-25,Male,North America,Mexico,Monterrey,P520,Microwave Oven,Appliances,4,3124,2222.14,901.86,0.25,Net Banking,In-Store
T10379,2024-01-24,C478,Lucas Brown,50+,Male,Europe,Germany,Munich,P101,Laptop,Electronics,2,3524,2657.8,866.2,0.15,UPI,Online
T10380,2024-04-26,C479,Meera Iyer,18-25,Male,North America,Mexico,Mexico City,P520,Microwave Oven,Appliances,2,3170,2478.49,691.51,0.15,Cash,Online
T10381,2024-02-05,C480,Emily Clark,36-50,Male,North America,USA,New York,P402,Monitor,Electronics,2,688,469.94,218.06,0.15,Cash,Online
T10382,2024-04-27,C481,Natalie Reed,36-50,Male,Asia,India,Delhi,P101,Laptop,Electronics,1,1341,959.02,381.98,0.12,Net Banking,In-Store
T10383,2024-01-21,C482,Ethan Wilson,26-35,Female,Europe,France,Lyon,P205,Headphones,Accessories,3,5430,3472.32,1957.68,0.18,Debit Card,In-Store
T10384,2024-04-21,C483,Rohan Gupta,18-25,Other,South America,Argentina,Buenos Aires,P303,Washing Machine,Appliances,2,3344,2640.96,703.04,0.09,Cash,In-Store
T10385,2024-01-02,C484,Sarah Miller,18-25,Other,South America,Brazil,Rio,P402,Monitor,Electronics,3,1026,878.58,147.42,0.12,Net Banking,In-Store
T10386,2024-03-02,C485,Aditi Sharma,36-50,Other,South America,Brazil,São Paulo,P402,Monitor,Electronics,2,3802,2743.17,1058.83,0.15,Net Banking,In-Store
T10387,2024-04-12,C486,Emily Clark,18-25,Female,Europe,France,Lyon,P520,Microwave Oven,Appliances,1,1157,900.01,256.99,0.04,Cash,Online
T10388,2024-03-29,C487,Sonia Patel,26-35,Female,Europe,Italy,Milan,P520,Microwave Oven,Appliances,1,77,52.16,24.84,0.16,Cash,Online
T10389,2024-03-05,C488,Lucas Brown,36-50,Female,South America,Chile,Santiago,P303,Washing Machine,Appliances,4,2036,1301.54,734.46,0.24,Net Banking,In-Store
T10390,2024-02-16,C489,Ethan Wilson,18-25,Other,Asia,India,Delhi,P520,Microwave Oven,Appliances,3,4404,3809.96,594.04,0.11,Net Banking,In-Store
T10391,2024-03-20,C490,Priya Nair,36-50,Female,North America,Canada,Toronto,P520,Microwave Oven,Appliances,2,3356,2352.89,1003.11,0.21,Debit Card,Online
T10392,2024-01-01,C491,Lucas Brown,18-25,Male,Africa,South Africa,Johannesburg,P112,Mobile Phone,Electronics,1,1349,1047.32,301.68,0.24,Debit Card,In-Store
T10393,2024-02-26,C492,John Carter,50+,Female,Europe,UK,London,P303,Washing Machine,Appliances,4,3740,2432.07,1307.93,0.01,UPI,In-Store
T10394,2024-02-06,C493,Michael Ross,36-50,Male,South America,Argentina,Buenos Aires,P303,Washing Machine,Appliances,3,3831,2844.09,986.91,0.21,Credit Card,Online
T10395,2024-02-13,C494,Michael Ross,18-25,Female,North America,Canada,Vancouver,P112,Mobile Phone,Electronics,4,820,704.6,115.4,0.14,Net Banking,In-Store
T10396,2024-03-01,C495,Lucas Brown,18-25,Male,Europe,UK,Manchester,P303,Washing Machine,Appliances,4,7820,7006.78,813.22,0.03,Net Banking,In-Store
T10397,2024-02-06,C496,Michael Ross,50+,Female,Africa,Egypt,Cairo,P112,Mobile Phone,Electronics,4,1324,810.03,513.97,0.03,Credit Card,Online
T10398,2024-03-10,C497,Sarah Miller,50+,Other,Africa,Kenya,Nairobi,P101,Laptop,Electronics,1,1830,1146.62,683.38,0.03,Credit Card,In-Store
T10399,2024-02-20,C498,Rohan Gupta,26-35,Other,Africa,Kenya,Nairobi,P205,Headphones,Accessories,2,2170,1398.57,771.43,0.25,Debit Card,In-Store
T10400,2024-03-28,C499,Daniel Wong,26-35,Other,North America,Canada,Vancouver,P520,Microwave Oven,Appliances,3,5652,3420.67,2231.33,0.08,Debit Card,In-Store
T10401,2024-01-29,C500,John Carter,26-35,Other,Africa,Egypt,Cairo,P303,Washing Machine,Appliances,1,1112,818.9,293.1,0.13,Credit Card,In-Store
T10402,2024-02-19,C501,Jake Turner,26-35,Other,North America,USA,New York,P402,Monitor,Electronics,3,4503,3420.81,1082.19,0.03,Debit Card,In-Store
T10403,2024-02-14,C502,Priya Nair,50+,Male,Europe,Italy,Rome,P205,Headphones,Accessories,4,5636,4970.65,665.35,0.18,Credit Card,Online
T10404,2024-01-08,C503,Daniel Wong,36-50,Other,North America,Mexico,Monterrey,P520,Microwave Oven,Appliances,2,2828,1776.47,1051.53,0.17,UPI,In-Store
T10405,2024-04-05,C504,Michael Ross,36-50,Male,South America,Argentina,Buenos Aires,P303,Washing Machine,Appliances,2,1132,1006.35,125.65,0.06,Net Banking,In-Store
T10406,2024-03-05,C505,Maria Gomez,26-35,Female,Europe,UK,Manchester,P303,Washing Machine,Appliances,3,3576,3158.98,417.02,0.17,Cash,In-Store
T10407,2024-04-23,C506,Michael Ross,50+,Male,North America,USA,Seattle,P303,Washing Machine,Appliances,2,2436,2068.81,367.19,0.22,Credit Card,In-Store
T10408,2024-04-22,C507,Priya Nair,36-50,Female,Europe,Germany,Munich,P101,Laptop,Electronics,4,4144,3643.76,500.24,0.17,Net Banking,Online
T10409,2024-02-02,C508,Maria Gomez,18-25,Male,Asia,India,Bengaluru,P303,Washing Machine,Appliances,1,1220,1076.36,143.64,0.21,Debit Card,In-Store
T10410,2024-02-17,C509,Natalie Reed,36-50,Male,Europe,France,Lyon,P112,Mobile Phone,Electronics,1,410,259.11,150.89,0.16,UPI,Online
T10411,2024-04-23,C510,Maria Gomez,26-35,Female,Asia,India,Bengaluru,P205,Headphones,Accessories,4,2496,2229.31,266.69,0.1,Net Banking,Online
T10412,2024-02-17,C511,Sonia Patel,50+,Other,Asia,Japan,Tokyo,P101,Laptop,Electronics,1,634,397.61,236.39,0.07,Credit Card,Online
T10413,2024-03-15,C512,Rohan Gupta,50+,Female,Africa,South Africa,Cape Town,P101,Laptop,Electronics,4,6732,4855.4,1876.6,0.08,Net Banking,Online
T10414,2024-04-11,C513,Priya Nair,18-25,Male,Africa,Egypt,Cairo,P520,Microwave Oven,Appliances,3,4581,3987.36,593.64,0.22,Credit Card,In-Store
T10415,2024-01-23,C514,Natalie Reed,50+,Other,North America,Canada,Toronto,P112,Mobile Phone,Electronics,3,4314,3646.84,667.16,0.03,Cash,In-Store
T10416,2024-02-23,C515,Sonia Patel,36-50,Female,Europe,France,Lyon,P112,Mobile Phone,Electronics,3,5022,3507.94,1514.06,0.16,Credit Card,Online
T10417,2024-03-11,C516,Lucas Brown,36-50,Male,Asia,India,Mumbai,P303,Washing Machine,Appliances,3,2898,2069.54,828.46,0.14,UPI,Online
T10418,2024-02-02,C517,Michael Ross,26-35,Male,Asia,Singapore,Singapore,P205,Headphones,Accessories,1,785,558.9,226.1,0.06,Cash,Online
T10419,2024-03-30,C518,Jake Turner,18-25,Male,Europe,Germany,Munich,P402,Monitor,Electronics,3,2748,1787.67,960.33,0.16,UPI,Online
T10420,2024-03-06,C519,Rohan Gupta,36-50,Male,Africa,Kenya,Nairobi,P205,Headphones,Accessories,2,3700,2641.56,1058.44,0.22,UPI,Online
T10421,2024-02-17,C520,Maria Gomez,36-50,Male,North America,USA,Chicago,P101,Laptop,Electronics,2,1006,879.52,126.48,0.2,UPI,Online
T10422,2024-01-25,C521,John Carter,36-50,Male,South America,Brazil,São Paulo,P520,Microwave Oven,Appliances,4,4824,3471.58,1352.42,0.15,Net Banking,In-Store
T10423,2024-02-13,C522,Aditi Sharma,18-25,Other,North America,USA,New York,P205,Headphones,Accessories,4,3328,2390.53,937.47,0.14,Debit Card,In-Store
T10424,2024-02-15,C523,John Carter,50+,Female,Asia,UAE,Dubai,P520,Microwave Oven,Appliances,2,826,732.38,93.62,0.0,Cash,Online
T10425,2024-01-23,C524,Jake Turner,36-50,Male,North America,Canada,Toronto,P205,Headphones,Accessories,3,3192,2773.89,418.11,0.02,Net Banking,Online
T10426,2024-01-15,C525,Natalie Reed,36-50,Male,Africa,Egypt,Cairo,P205,Headphones,Accessories,1,1877,1648.21,228.79,0.02,Net Banking,In-Store
T10427,2024-01-21,C526,Daniel Wong,18-25,Female,South America,Argentina,Buenos Aires,P205,Headphones,Accessories,1,519,341.69,177.31,0.04,Credit Card,Online
T10428,2024-03-08,C527,Michael Ross,36-50,Other,Africa,Kenya,Nairobi,P101,Laptop,Electronics,4,1688,1157.06,530.94,0.08,Debit Card,In-Store
T10429,2024-04-20,C528,Ethan Wilson,26-35,Male,Africa,Kenya,Nairobi,P112,Mobile Phone,Electronics,4,1360,1053.02,306.98,0.02,Net Banking,Online
T10430,2024-01-30,C529,Natalie Reed,26-35,Other,North America,Canada,Toronto,P520,Microwave Oven,Appliances,2,102,69.54,32.46,0.1,Debit Card,In-Store
T10431,2024-03-29,C530,Meera Iyer,18-25,Female,South America,Chile,Santiago,P303,Washing Machine,Appliances,2,3064,1951.67,1112.33,0.21,Credit Card,Online
T10432,2024-02-08,C531,Rohan Gupta,36-50,Other,Africa,Kenya,Nairobi,P205,Headphones,Accessories,1,208,169.04,38.96,0.03,Net Banking,In-Store
T10433,2024-02-11,C532,John Carter,36-50,Male,Europe,Germany,Munich,P205,Headphones,Accessories,1,347,303.74,43.26,0.11,Credit Card,Online
T10434,2024-04-27,C533,Michael Ross,50+,Male,North America,Mexico,Mexico City,P205,Headphones,Accessories,3,5685,4349.41,1335.59,0.01,Net Banking,Online
T10435,2024-04-15,C534,Lucas Brown,18-25,Other,Europe,France,Paris,P520,Microwave Oven,Appliances,3,2820,1694.19,1125.81,0.16,UPI,Online
T10436,2024-01-21,C535,Sarah Miller,36-50,Other,Africa,South Africa,Cape Town,P520,Microwave Oven,Appliances,2,2586,1728.54,857.46,0.05,Debit Card,Online
T10437,2024-01-10,C536,Natalie Reed,50+,Other,North America,USA,Chicago,P402,Monitor,Electronics,4,1708,1209.66,498.34,0.23,UPI,Online
T10438,2024-01-24,C537,Jake Turner,50+,Other,Asia,India,Mumbai,P101,Laptop,Electronics,4,4488,3011.72,1476.28,0.2,Credit Card,In-Store
T10439,2024-02-19,C538,John Carter,50+,Female,Europe,UK,London,P520,Microwave Oven,Appliances,4,2320,1984.42,335.58,0.17,UPI,In-Store
T10440,2024-03-29,C539,Sarah Miller,26-35,Female,South America,Chile,Santiago,P205,Headphones,Accessories,2,1928,1517.64,410.36,0.11,Cash,In-Store
T10441,2024-04-23,C540,Priya Nair,18-25,Female,Asia,UAE,Dubai,P303,Washing Machine,Appliances,1,736,493.54,242.46,0.22,Net Banking,Online
T10442,2024-02-02,C541,Ethan Wilson,36-50,Other,Europe,France,Lyon,P303,Washing Machine,Appliances,3,2130,1339.16,790.84,0.01,Net Banking,Online
T10443,2024-01-15,C542,Emily Clark,50+,Female,South America,Brazil,São Paulo,P303,Washing Machine,Appliances,3,3111,2059.03,1051.97,0.16,Cash,Online
T10444,2024-03-13,C543,Michael Ross,26-35,Male,North America,USA,Seattle,P101,Laptop,Electronics,2,2300,1790.19,509.81,0.12,Credit Card,Online
T10445,2024-01-02,C544,Jake Turner,50+,Male,South America,Argentina,Buenos Aires,P112,Mobile Phone,Electronics,4,7504,5846.47,1657.53,0.17,UPI,In-Store
T10446,2024-02-11,C545,Jake Turner,18-25,Other,North America,Mexico,Monterrey,P101,Laptop,Electronics,2,1372,1118.56,253.44,0.17,Credit Card,Online
T10447,2024-04-12,C546,Ethan Wilson,50+,Male,Africa,Kenya,Nairobi,P303,Washing Machine,Appliances,4,2996,2533.45,462.55,0.15,Net Banking,In-Store
T10448,2024-04-11,C547,Ethan Wilson,50+,Male,Africa,Egypt,Cairo,P112,Mobile Phone,Electronics,2,674,459.84,214.16,0.02,Debit Card,In-Store
T10449,2024-04-13,C548,Lucas Brown,26-35,Other,Europe,Germany,Berlin,P520,Microwave Oven,Appliances,1,402,313.05,88.95,0.1,Cash,Online
T10450,2024-04-06,C549,Maria Gomez,36-50,Other,Africa,Egypt,Cairo,P520,Microwave Oven,Appliances,3,3429,2422.58,1006.42,0.02,Net Banking,Online
T10451,2024-02-18,C550,Natalie Reed,36-50,Male,North America,Canada,Vancouver,P303,Washing Machine,Appliances,4,6860,5494.04,1365.96,0.02,Debit Card,In-Store
T10452,2024-02-01,C551,Michael Ross,50+,Male,North America,Mexico,Monterrey,P101,Laptop,Electronics,1,825,712.82,112.18,0.16,UPI,Online
T10453,2024-04-27,C552,Rohan Gupta,18-25,Other,Africa,South Africa,Cape Town,P101,Laptop,Electronics,4,1720,1267.74,452.26,0.05,Credit Card,In-Store
T10454,2024-01-02,C553,Emily Clark,50+,Male,South America,Brazil,Rio,P205,Headphones,Accessories,3,3735,2982.59,752.41,0.14,Credit Card,Online
T10455,2024-04-07,C554,Meera Iyer,18-25,Female,North America,Mexico,Monterrey,P101,Laptop,Electronics,3,5613,3929.5,1683.5,0.15,UPI,Online
T10456,2024-02-27,C555,Sonia Patel,26-35,Other,North America,Canada,Vancouver,P205,Headphones,Accessories,4,2008,1310.4,697.6,0.17,Credit Card,In-Store
T10457,2024-02-24,C556,Michael Ross,50+,Other,Africa,Kenya,Nairobi,P402,Monitor,Electronics,4,2668,1678.18,989.82,0.11,UPI,In-Store
T10458,2024-01-16,C557,Aditi Sharma,18-25,Male,North America,Mexico,Mexico City,P205,Headphones,Accessories,4,2824,1949.28,874.72,0.25,UPI,In-Store
T10459,2024-01-03,C558,Michael Ross,18-25,Male,South America,Argentina,Buenos Aires,P112,Mobile Phone,Electronics,4,6460,4330.74,2129.26,0.1,UPI,Online
T10460,2024-04-13,C559,Priya Nair,26-35,Male,Asia,Japan,Osaka,P112,Mobile Phone,Electronics,2,3180,2611.27,568.73,0.19,Net Banking,Online
T10461,2024-03-05,C560,Rohan Gupta,50+,Female,Europe,France,Paris,P303,Washing Machine,Appliances,1,335,253.36,81.64,0.16,Net Banking,Online
T10462,2024-03-22,C561,Meera Iyer,18-25,Female,North America,Canada,Toronto,P112,Mobile Phone,Electronics,4,7264,6242.72,1021.28,0.15,Debit Card,Online
T10463,2024-03-16,C562,John Carter,50+,Male,North America,Canada,Vancouver,P112,Mobile Phone,Electronics,2,3146,2556.51,589.49,0.01,UPI,Online
T10464,2024-04-06,C563,John Carter,36-50,Female,North America,Canada,Vancouver,P520,Microwave Oven,Appliances,3,489,343.52,145.48,0.1,UPI,In-Store
T10465,2024-01-02,C564,Rohan Gupta,26-35,Male,Europe,Germany,Munich,P520,Microwave Oven,Appliances,3,2430,1861.72,568.28,0.08,Net Banking,In-Store
T10466,2024-02-21,C565,Michael Ross,36-50,Female,Asia,India,Delhi,P520,Microwave Oven,Appliances,2,2960,2612.84,347.16,0.22,Net Banking,Online
T10467,2024-01-06,C566,Priya Nair,18-25,Female,Europe,France,Paris,P303,Washing Machine,Appliances,3,1365,1022.51,342.49,0.25,Credit Card,Online
T10468,2024-04-10,C567,Sonia Patel,26-35,Male,South America,Argentina,Buenos Aires,P402,Monitor,Electronics,4,2156,1617.75,538.25,0.1,Credit Card,In-Store
T10469,2024-02-07,C568,Jake Turner,50+,Other,Europe,Italy,Rome,P402,Monitor,Electronics,2,3004,2145.42,858.58,0.22,Net Banking,In-Store
T10470,2024-01-30,C569,Lucas Brown,36-50,Male,Asia,India,Delhi,P101,Laptop,Electronics,2,366,235.11,130.89,0.05,Cash,In-Store
T10471,2024-01-14,C570,Lucas Brown,18-25,Other,South America,Argentina,Buenos Aires,P303,Washing Machine,Appliances,1,448,322.96,125.04,0.04,Net Banking,In-Store
T10472,2024-01-02,C571,Natalie Reed,26-35,Other,Europe,Germany,Munich,P112,Mobile Phone,Electronics,3,4617,4096.19,520.81,0.14,Credit Card,In-Store
T10473,2024-01-10,C572,Sonia Patel,26-35,Male,Europe,Germany,Berlin,P402,Monitor,Electronics,1,842,626.28,215.72,0.08,Cash,In-Store
T10474,2024-04-04,C573,John Carter,50+,Female,Africa,Egypt,Cairo,P112,Mobile Phone,Electronics,2,1764,1379.23,384.77,0.19,Cash,Online
T10475,2024-02-21,C574,Jake Turner,18-25,Male,South America,Chile,Santiago,P520,Microwave Oven,Appliances,3,1596,1148.48,447.52,0.04,Cash,Online
T10476,2024-04-26,C575,Rohan Gupta,18-25,Other,Europe,Germany,Berlin,P205,Headphones,Accessories,2,2930,2178.37,751.63,0.13,Debit Card,Online
T10477,2024-03-19,C576,John Carter,36-50,Male,North America,Canada,Vancouver,P402,Monitor,Electronics,4,4984,3812.06,1171.94,0.24,Net Banking,In-Store
T10478,2024-04-05,C577,Natalie Reed,36-50,Male,North America,USA,Chicago,P303,Washing Machine,Appliances,4,6904,6081.97,822.03,0.22,Net Banking,In-Store
T10479,2024-04-02,C578,Meera Iyer,26-35,Female,Europe,France,Lyon,P520,Microwave Oven,Appliances,4,1984,1571.82,412.18,0.05,Cash,In-Store
T10480,2024-01-02,C579,Meera Iyer,50+,Female,North America,Mexico,Monterrey,P112,Mobile Phone,Electronics,4,2848,1838.69,1009.31,0.02,Credit Card,In-Store
T10481,2024-03-23,C580,Priya Nair,36-50,Male,Asia,UAE,Dubai,P205,Headphones,Accessories,2,1654,1097.47,556.53,0.12,Debit Card,In-Store
T10482,2024-02-19,C581,Natalie Reed,18-25,Other,North America,USA,New York,P303,Washing Machine,Appliances,1,1129,778.11,350.89,0.11,UPI,Online
T10483,2024-01-09,C582,Natalie Reed,18-25,Other,Europe,Germany,Munich,P112,Mobile Phone,Electronics,3,594,378.03,215.97,0.08,Net Banking,Online
T10484,2024-04-24,C583,Sonia Patel,36-50,Female,North America,Canada,Vancouver,P402,Monitor,Electronics,3,3459,2793.09,665.91,0.15,Debit Card,Online
T10485,2024-01-04,C584,Sarah Miller,18-25,Male,South America,Argentina,Buenos Aires,P303,Washing Machine,Appliances,3,4875,4115.43,759.57,0.15,Net Banking,In-Store
T10486,2024-02-21,C585,Jake Turner,26-35,Female,North America,Mexico,Monterrey,P520,Microwave Oven,Appliances,1,869,692.35,176.65,0.21,Debit Card,In-Store
T10487,2024-02-19,C586,Natalie Reed,26-35,Male,Africa,South Africa,Cape Town,P101,Laptop,Electronics,3,4674,4047.6,626.4,0.11,Debit Card,Online
T10488,2024-04-08,C587,Sarah Miller,26-35,Male,Asia,UAE,Abu Dhabi,P112,Mobile Phone,Electronics,3,612,443.23,168.77,0.21,Net Banking,Online
T10489,2024-04-10,C588,Maria Gomez,36-50,Male,South America,Brazil,São Paulo,P112,Mobile Phone,Electronics,1,647,575.28,71.72,0.06,UPI,Online
T10490,2024-03-02,C589,John Carter,18-25,Female,North America,Canada,Vancouver,P112,Mobile Phone,Electronics,3,1362,825.04,536.96,0.06,Cash,Online
T10491,2024-01-10,C590,Sonia Patel,50+,Female,Asia,India,Bengaluru,P101,Laptop,Electronics,3,5697,3742.41,1954.59,0.15,Credit Card,In-Store
T10492,2024-01-13,C591,Sonia Patel,18-25,Other,Africa,South Africa,Johannesburg,P402,Monitor,Electronics,1,291,229.54,61.46,0.05,Debit Card,In-Store
T10493,2024-04-10,C592,Aditi Sharma,50+,Male,Africa,Kenya,Nairobi,P205,Headphones,Accessories,1,721,538.12,182.88,0.03,UPI,In-Store
T10494,2024-02-29,C593,Emily Clark,36-50,Other,South America,Argentina,Buenos Aires,P402,Monitor,Electronics,3,2256,1691.55,564.45,0.07,Debit Card,In-Store
T10495,2024-04-26,C594,Sarah Miller,18-25,Male,Africa,Kenya,Nairobi,P112,Mobile Phone,Electronics,2,1118,721.13,396.87,0.08,UPI,Online
T10496,2024-03-22,C595,Jake Turner,36-50,Female,Asia,Japan,Osaka,P303,Washing Machine,Appliances,4,5200,3706.39,1493.61,0.1,Debit Card,Online
T10497,2024-02-07,C596,Meera Iyer,36-50,Other,Africa,South Africa,Cape Town,P205,Headphones,Accessories,2,140,124.16,15.84,0.03,Credit Card,Online
T10498,2024-03-04,C597,Rohan Gupta,50+,Female,North America,Mexico,Mexico City,P303,Washing Machine,Appliances,1,1193,828.68,364.32,0.17,Net Banking,Online
T10499,2024-02-29,C598,Ethan Wilson,18-25,Female,North America,Mexico,Mexico City,P205,Headphones,Accessories,4,312,213.35,98.65,0.23,Credit Card,Online
T10500,2024-02-29,C599,Lucas Brown,50+,Female,South America,Brazil,São Paulo,P303,Washing Machine,Appliances,4,3352,2840.95,511.05,0.12,Cash,Online
T10501,2024-01-08,C600,Maria Gomez,36-50,Female,Asia,India,Mumbai,P205,Headphones,Accessories,3,2325,1839.08,485.92,0.15,Net Banking,In-Store
T10502,2024-02-29,C601,Meera Iyer,36-50,Other,South America,Chile,Santiago,P402,Monitor,Electronics,3,2715,2347.76,367.24,0.03,Net Banking,In-Store
T10503,2024-02-13,C602,Emily Clark,50+,Other,Asia,India,Mumbai,P112,Mobile Phone,Electronics,1,136,109.35,26.65,0.01,Net Banking,Online
T10504,2024-03-27,C603,Sarah Miller,26-35,Female,Asia,UAE,Dubai,P402,Monitor,Electronics,3,4374,2718.99,1655.01,0.02,Debit Card,Online
T10505,2024-01-24,C604,Lucas Brown,36-50,Other,Africa,Egypt,Cairo,P303,Washing Machine,Appliances,1,1718,1292.92,425.08,0.1,Credit Card,Online
T10506,2024-01-31,C605,Ethan Wilson,36-50,Female,Europe,UK,Manchester,P402,Monitor,Electronics,2,2602,1834.18,767.82,0.19,Net Banking,Online
T10507,2024-01-07,C606,Daniel Wong,36-50,Male,Asia,India,Delhi,P402,Monitor,Electronics,3,1767,1248.3,518.7,0.1,Net Banking,In-Store
T10508,2024-01-05,C607,Ethan Wilson,26-35,Other,Asia,India,Delhi,P112,Mobile Phone,Electronics,2,2850,1768.75,1081.25,0.11,Debit Card,In-Store
T10509,2024-04-20,C608,Emily Clark,36-50,Male,North America,Canada,Vancouver,P520,Microwave Oven,Appliances,4,1668,1485.12,182.88,0.07,UPI,In-Store
T10510,2024-04-13,C609,Sonia Patel,36-50,Other,Asia,UAE,Abu Dhabi,P520,Microwave Oven,Appliances,1,378,270.11,107.89,0.05,Credit Card,Online
T10511,2024-02-18,C610,Maria Gomez,36-50,Other,Europe,Germany,Berlin,P205,Headphones,Accessories,4,5820,3947.21,1872.79,0.02,Net Banking,Online
T10512,2024-03-29,C611,Emily Clark,50+,Female,Asia,UAE,Abu Dhabi,P402,Monitor,Electronics,2,336,205.83,130.17,0.24,Cash,In-Store
T10513,2024-01-21,C612,Rohan Gupta,50+,Male,South America,Brazil,São Paulo,P520,Microwave Oven,Appliances,4,2804,2081.41,722.59,0.03,Debit Card,Online
T10514,2024-01-13,C613,Sarah Miller,18-25,Male,Europe,Germany,Berlin,P101,Laptop,Electronics,1,209,172.3,36.7,0.2,Net Banking,In-Store
T10515,2024-04-07,C614,Aditi Sharma,26-35,Male,Africa,South Africa,Cape Town,P402,Monitor,Electronics,3,1713,1201.64,511.36,0.23,Debit Card,In-Store
T10516,2024-02-24,C615,Rohan Gupta,18-25,Male,South America,Argentina,Buenos Aires,P101,Laptop,Electronics,1,1738,1238.84,499.16,0.14,Cash,Online
T10517,2024-03-29,C616,Maria Gomez,26-35,Other,South America,Brazil,São Paulo,P520,Microwave Oven,Appliances,2,1678,1144.63,533.37,0.23,Cash,Online
T10518,2024-02-13,C617,Rohan Gupta,18-25,Male,South America,Chile,Santiago,P303,Washing Machine,Appliances,4,6032,5224.18,807.82,0.16,Net Banking,Online
T10519,2024-04-08,C618,Maria Gomez,18-25,Female,South America,Chile,Santiago,P112,Mobile Phone,Electronics,2,3234,2247.88,986.12,0.22,Credit Card,In-Store
T10520,2024-01-12,C619,Jake Turner,26-35,Other,South America,Chile,Santiago,P112,Mobile Phone,Electronics,1,992,670.27,321.73,0.19,UPI,Online
T10521,2024-01-21,C620,Michael Ross,18-25,Other,North America,Canada,Toronto,P101,Laptop,Electronics,2,3954,3259.91,694.09,0.14,Credit Card,Online
T10522,2024-01-23,C621,Emily Clark,36-50,Male,Europe,France,Lyon,P402,Monitor,Electronics,4,7236,4726.76,2509.24,0.14,Credit Card,Online
T10523,2024-04-16,C622,Daniel Wong,36-50,Other,North America,Canada,Vancouver,P303,Washing Machine,Appliances,1,583,444.17,138.83,0.18,Debit Card,In-Store
T10524,2024-01-02,C623,Jake Turner,18-25,Male,Asia,India,Mumbai,P112,Mobile Phone,Electronics,1,262,214.26,47.74,0.2,UPI,In-Store
T10525,2024-04-04,C624,Meera Iyer,50+,Female,Africa,Egypt,Cairo,P303,Washing Machine,Appliances,3,4440,3783.82,656.18,0.18,Net Banking,Online
T10526,2024-02-12,C625,Michael Ross,26-35,Female,South America,Argentina,Buenos Aires,P205,Headphones,Accessories,1,1774,1460.05,313.95,0.15,UPI,In-Store
T10527,2024-04-27,C626,Sarah Miller,26-35,Other,Africa,Egypt,Cairo,P402,Monitor,Electronics,3,216,174.24,41.76,0.22,UPI,Online
T10528,2024-04-20,C627,Priya Nair,26-35,Other,Europe,France,Lyon,P520,Microwave Oven,Appliances,1,1201,876.9,324.1,0.04,Cash,In-Store
T10529,2024-02-27,C628,Natalie Reed,36-50,Other,Africa,South Africa,Cape Town,P112,Mobile Phone,Electronics,4,6628,4467.3,2160.7,0.18,Cash,Online
T10530,2024-03-05,C629,Lucas Brown,36-50,Other,Asia,India,Mumbai,P205,Headphones,Accessories,4,4708,3098.74,1609.26,0.22,Credit Card,Online
T10531,2024-04-07,C630,Sonia Patel,36-50,Other,South America,Chile,Santiago,P112,Mobile Phone,Electronics,3,1566,1200.38,365.62,0.18,Net Banking,Online
T10532,2024-04-12,C631,Sonia Patel,26-35,Male,Africa,South Africa,Johannesburg,P112,Mobile Phone,Electronics,3,2916,2351.36,564.64,0.09,UPI,In-Store
T10533,2024-01-09,C632,Ethan Wilson,18-25,Female,South America,Argentina,Buenos Aires,P101,Laptop,Electronics,4,3924,2360.56,1563.44,0.19,Credit Card,Online
T10534,2024-02-23,C633,Emily Clark,36-50,Male,Europe,Germany,Berlin,P101,Laptop,Electronics,4,1032,622.62,409.38,0.19,Cash,Online
T10535,2024-02-22,C634,Rohan Gupta,50+,Male,Africa,South Africa,Johannesburg,P303,Washing Machine,Appliances,1,1093,763.0,330.0,0.04,Credit Card,Online
T10536,2024-04-28,C635,Lucas Brown,50+,Female,Asia,Japan,Osaka,P101,Laptop,Electronics,2,3794,2847.83,946.17,0.03,UPI,In-Store
T10537,2024-04-20,C636,Rohan Gupta,18-25,Other,South America,Argentina,Buenos Aires,P303,Washing Machine,Appliances,1,1205,984.03,220.97,0.22,Net Banking,Online
T10538,2024-04-08,C637,Emily Clark,18-25,Other,Europe,Germany,Berlin,P520,Microwave Oven,Appliances,2,3756,3000.72,755.28,0.0,Credit Card,Online
T10539,2024-04-12,C638,Ethan Wilson,50+,Other,Africa,Egypt,Cairo,P520,Microwave Oven,Appliances,1,251,197.26,53.74,0.09,Credit Card,In-Store
T10540,2024-02-26,C639,Emily Clark,36-50,Male,Africa,Kenya,Nairobi,P205,Headphones,Accessories,1,1093,787.72,305.28,0.22,Net Banking,In-Store
T10541,2024-04-02,C640,Natalie Reed,18-25,Female,North America,Canada,Toronto,P101,Laptop,Electronics,2,3176,1967.39,1208.61,0.14,UPI,In-Store
T10542,2024-02-24,C641,Jake Turner,50+,Female,Europe,UK,London,P303,Washing Machine,Appliances,4,3796,2337.73,1458.27,0.12,UPI,Online
T10543,2024-01-30,C642,Sonia Patel,18-25,Male,North America,Mexico,Mexico City,P520,Microwave Oven,Appliances,2,3976,2707.44,1268.56,0.21,Net Banking,In-Store
T10544,2024-02-18,C643,John Carter,18-25,Male,North America,Canada,Toronto,P205,Headphones,Accessories,3,5853,3773.43,2079.57,0.17,Net Banking,Online
T10545,2024-03-16,C644,Priya Nair,36-50,Other,Asia,Japan,Osaka,P205,Headphones,Accessories,2,2774,2253.33,520.67,0.2,Cash,In-Store
T10546,2024-03-04,C645,Daniel Wong,18-25,Other,North America,Canada,Toronto,P402,Monitor,Electronics,3,1443,1027.47,415.53,0.03,Debit Card,Online
T10547,2024-04-22,C646,Natalie Reed,36-50,Other,South America,Argentina,Buenos Aires,P112,Mobile Phone,Electronics,3,1590,996.26,593.74,0.06,Credit Card,Online
T10548,2024-04-01,C647,Daniel Wong,26-35,Male,Africa,Egypt,Cairo,P101,Laptop,Electronics,3,4128,3713.15,414.85,0.23,Debit Card,Online
T10549,2024-02-14,C648,Sonia Patel,36-50,Male,North America,Mexico,Monterrey,P402,Monitor,Electronics,1,450,356.07,93.93,0.12,Credit Card,In-Store
T10550,2024-02-16,C649,Maria Gomez,18-25,Other,Europe,UK,London,P205,Headphones,Accessories,3,1344,971.67,372.33,0.21,Debit Card,Online
T10551,2024-03-15,C650,Aditi Sharma,50+,Other,Asia,Singapore,Singapore,P205,Headphones,Accessories,3,558,493.88,64.12,0.05,Credit Card,In-Store
T10552,2024-04-25,C651,Aditi Sharma,18-25,Male,Europe,Italy,Milan,P101,Laptop,Electronics,1,187,130.97,56.03,0.01,Net Banking,In-Store
T10553,2024-04-22,C652,Maria Gomez,50+,Female,South America,Chile,Santiago,P303,Washing Machine,Appliances,2,606,470.22,135.78,0.17,Debit Card,Online
T10554,2024-04-18,C653,Jake Turner,18-25,Female,North America,Canada,Toronto,P520,Microwave Oven,Appliances,3,2418,1491.52,926.48,0.21,Credit Card,Online
T10555,2024-01-26,C654,Rohan Gupta,26-35,Male,Europe,Germany,Berlin,P303,Washing Machine,Appliances,3,1890,1611.38,278.62,0.05,Cash,In-Store
T10556,2024-02-18,C655,Ethan Wilson,50+,Other,Europe,Germany,Berlin,P112,Mobile Phone,Electronics,1,1147,1010.74,136.26,0.18,Credit Card,Online
T10557,2024-03-30,C656,Emily Clark,50+,Male,Europe,France,Paris,P205,Headphones,Accessories,4,2748,2248.91,499.09,0.12,Cash,Online
T10558,2024-01-01,C657,Aditi Sharma,50+,Other,Asia,Japan,Tokyo,P205,Headphones,Accessories,4,5544,3338.09,2205.91,0.01,Net Banking,In-Store
T10559,2024-02-15,C658,Maria Gomez,50+,Male,Europe,Italy,Rome,P112,Mobile Phone,Electronics,4,5748,3682.2,2065.8,0.19,Cash,In-Store
T10560,2024-01-24,C659,Ethan Wilson,18-25,Other,Africa,South Africa,Cape Town,P520,Microwave Oven,Appliances,1,597,360.6,236.4,0.07,UPI,Online
T10561,2024-04-15,C660,John Carter,36-50,Male,Europe,UK,London,P303,Washing Machine,Appliances,2,2830,1920.19,909.81,0.06,UPI,In-Store
T10562,2024-04-01,C661,Ethan Wilson,50+,Other,Asia,Singapore,Singapore,P205,Headphones,Accessories,2,1362,1215.52,146.48,0.09,Credit Card,In-Store
T10563,2024-04-04,C662,Maria Gomez,50+,Female,Europe,France,Lyon,P205,Headphones,Accessories,2,3604,3002.18,601.82,0.02,Cash,Online
T10564,2024-02-14,C663,Jake Turner,50+,Other,Europe,Germany,Berlin,P112,Mobile Phone,Electronics,4,7076,4344.31,2731.69,0.15,Debit Card,Online
T10565,2024-04-16,C664,Meera Iyer,26-35,Male,Asia,Japan,Osaka,P205,Headphones,Accessories,1,1606,1220.12,385.88,0.1,Net Banking,In-Store
T10566,2024-01-07,C665,Sarah Miller,26-35,Other,South America,Brazil,São Paulo,P520,Microwave Oven,Appliances,2,1376,923.34,452.66,0.18,Credit Card,Online
T10567,2024-03-15,C666,Emily Clark,18-25,Other,South America,Brazil,Rio,P520,Microwave Oven,Appliances,4,6180,4746.55,1433.45,0.23,Credit Card,In-Store
T10568,2024-02-11,C667,Maria Gomez,36-50,Other,Europe,UK,London,P402,Monitor,Electronics,2,1082,904.89,177.11,0.16,Credit Card,In-Store
T10569,2024-02-06,C668,Lucas Brown,26-35,Male,South America,Brazil,Rio,P402,Monitor,Electronics,2,140,94.77,45.23,0.16,Credit Card,In-Store
T10570,2024-03-30,C669,Aditi Sharma,36-50,Male,Europe,UK,Manchester,P101,Laptop,Electronics,1,1033,724.63,308.37,0.08,Cash,In-Store
T10571,2024-03-25,C670,Priya Nair,36-50,Other,Asia,India,Delhi,P520,Microwave Oven,Appliances,4,7924,5585.25,2338.75,0.03,UPI,Online
T10572,2024-02-19,C671,Sonia Patel,36-50,Other,Asia,UAE,Abu Dhabi,P112,Mobile Phone,Electronics,1,1781,1291.93,489.07,0.02,Net Banking,Online
T10573,2024-03-26,C672,Sarah Miller,26-35,Female,Africa,Kenya,Nairobi,P303,Washing Machine,Appliances,3,1014,767.62,246.38,0.03,UPI,Online
T10574,2024-04-07,C673,Jake Turner,36-50,Female,Asia,UAE,Dubai,P402,Monitor,Electronics,4,4012,3060.21,951.79,0.2,Credit Card,Online
T10575,2024-02-18,C674,Sonia Patel,36-50,Female,South America,Chile,Santiago,P402,Monitor,Electronics,1,1683,1051.06,631.94,0.11,Cash,In-Store
T10576,2024-03-05,C675,Michael Ross,18-25,Other,Europe,Germany,Munich,P205,Headphones,Accessories,2,1804,1158.69,645.31,0.17,Credit Card,Online
T10577,2024-02-26,C676,Priya Nair,36-50,Other,South America,Chile,Santiago,P112,Mobile Phone,Electronics,2,1782,1316.34,465.66,0.1,UPI,In-Store
T10578,2024-02-08,C677,Natalie Reed,18-25,Male,North America,Canada,Vancouver,P205,Headphones,Accessories,2,1274,788.2,485.8,0.13,Net Banking,In-Store
T10579,2024-02-29,C678,Aditi Sharma,18-25,Other,Europe,France,Paris,P303,Washing Machine,Appliances,3,5169,4618.08,550.92,0.2,UPI,Online
T10580,2024-02-18,C679,Sonia Patel,36-50,Male,Asia,India,Mumbai,P112,Mobile Phone,Electronics,4,324,219.54,104.46,0.04,Credit Card,In-Store
T10581,2024-03-08,C680,Maria Gomez,18-25,Female,North America,Mexico,Monterrey,P112,Mobile Phone,Electronics,2,1866,1410.35,455.65,0.05,UPI,Online
T10582,2024-03-25,C681,John Carter,26-35,Female,Europe,Germany,Munich,P112,Mobile Phone,Electronics,3,5397,3499.88,1897.12,0.06,Debit Card,Online
T10583,2024-04-14,C682,Ethan Wilson,26-35,Other,South America,Chile,Santiago,P303,Washing Machine,Appliances,4,428,353.19,74.81,0.14,Credit Card,In-Store
T10584,2024-03-06,C683,Lucas Brown,36-50,Male,Africa,South Africa,Johannesburg,P520,Microwave Oven,Appliances,1,1833,1354.92,478.08,0.23,UPI,Online
T10585,2024-04-06,C684,Meera Iyer,18-25,Female,South America,Brazil,São Paulo,P101,Laptop,Electronics,2,2122,1781.43,340.57,0.09,Credit Card,Online
T10586,2024-01-23,C685,Priya Nair,26-35,Female,Africa,Kenya,Nairobi,P205,Headphones,Accessories,1,428,305.65,122.35,0.19,Cash,In-Store
T10587,2024-02-20,C686,Daniel Wong,36-50,Male,North America,USA,New York,P303,Washing Machine,Appliances,3,1659,1088.33,570.67,0.02,Cash,Online
T10588,2024-04-01,C687,Aditi Sharma,18-25,Male,Asia,Japan,Osaka,P520,Microwave Oven,Appliances,1,213,145.46,67.54,0.08,Credit Card,Online
T10589,2024-01-09,C688,Priya Nair,26-35,Other,Africa,Kenya,Nairobi,P112,Mobile Phone,Electronics,3,5952,5205.18,746.82,0.13,Debit Card,Online
T10590,2024-02-11,C689,Meera Iyer,36-50,Other,North America,Mexico,Monterrey,P101,Laptop,Electronics,4,2068,1586.87,481.13,0.04,Credit Card,In-Store
T10591,2024-03-20,C690,Daniel Wong,50+,Male,North America,USA,Seattle,P205,Headphones,Accessories,3,2778,2421.98,356.02,0.07,Debit Card,Online
T10592,2024-02-09,C691,John Carter,26-35,Other,Asia,Singapore,Singapore,P402,Monitor,Electronics,2,1956,1524.57,431.43,0.01,Credit Card,In-Store
T10593,2024-01-08,C692,Emily Clark,36-50,Female,North America,Canada,Toronto,P112,Mobile Phone,Electronics,1,977,777.97,199.03,0.04,Net Banking,Online
T10594,2024-01-04,C693,Michael Ross,26-35,Female,Asia,India,Mumbai,P205,Headphones,Accessories,2,2030,1807.36,222.64,0.21,Cash,Online
T10595,2024-01-09,C694,Sonia Patel,50+,Female,Africa,South Africa,Johannesburg,P112,Mobile Phone,Electronics,4,7920,5952.37,1967.63,0.24,UPI,Online
T10596,2024-03-03,C695,Natalie Reed,18-25,Other,South America,Chile,Santiago,P205,Headphones,Accessories,1,1960,1247.99,712.01,0.18,Debit Card,Online
T10597,2024-02-03,C696,Ethan Wilson,36-50,Other,South America,Chile,Santiago,P205,Headphones,Accessories,4,3892,3364.94,527.06,0.11,Debit Card,Online
T10598,2024-04-28,C697,Maria Gomez,26-35,Male,North America,Mexico,Monterrey,P303,Washing Machine,Appliances,4,7472,6022.87,1449.13,0.02,Debit Card,Online
T10599,2024-03-08,C698,Rohan Gupta,26-35,Other,Europe,Italy,Rome,P205,Headphones,Accessories,1,1989,1724.62,264.38,0.02,Net Banking,In-Store
T10600,2024-01-05,C699,Rohan Gupta,50+,Male,North America,Mexico,Monterrey,P402,Monitor,Electronics,3,2250,1577.37,672.63,0.07,Net Banking,In-Store
T10601,2024-04-11,C700,Jake Turner,26-35,Other,Europe,UK,London,P303,Washing Machine,Appliances,2,1390,1130.17,259.83,0.08,UPI,In-Store
T10602,2024-01-11,C701,Jake Turner,36-50,Other,Africa,Kenya,Nairobi,P205,Headphones,Accessories,2,1984,1578.27,405.73,0.08,Cash,In-Store
T10603,2024-03-28,C702,Aditi Sharma,36-50,Male,North America,Mexico,Monterrey,P520,Microwave Oven,Appliances,2,2062,1749.55,312.45,0.08,UPI,Online
T10604,2024-03-30,C703,Rohan Gupta,18-25,Male,Europe,UK,Manchester,P303,Washing Machine,Appliances,4,5400,3422.97,1977.03,0.02,Net Banking,In-Store
T10605,2024-02-02,C704,Aditi Sharma,36-50,Male,Europe,UK,London,P112,Mobile Phone,Electronics,1,1748,1123.25,624.75,0.09,Debit Card,Online
T10606,2024-02-16,C705,Aditi Sharma,26-35,Male,North America,Canada,Toronto,P520,Microwave Oven,Appliances,2,2774,2175.19,598.81,0.11,Cash,In-Store
T10607,2024-01-22,C706,Daniel Wong,18-25,Other,Africa,Egypt,Cairo,P520,Microwave Oven,Appliances,1,886,745.89,140.11,0.21,Net Banking,In-Store
T10608,2024-03-31,C707,Maria Gomez,36-50,Female,Europe,Germany,Berlin,P303,Washing Machine,Appliances,3,1014,646.81,367.19,0.17,Credit Card,Online
T10609,2024-03-06,C708,Priya Nair,18-25,Other,North America,Mexico,Mexico City,P520,Microwave Oven,Appliances,3,2955,1776.38,1178.62,0.17,Net Banking,Online
T10610,2024-03-10,C709,Jake Turner,50+,Other,South America,Chile,Santiago,P520,Microwave Oven,Appliances,1,1733,1157.91,575.09,0.21,Debit Card,In-Store
T10611,2024-03-27,C710,Maria Gomez,50+,Male,Europe,UK,London,P112,Mobile Phone,Electronics,4,960,674.03,285.97,0.22,Cash,In-Store
T10612,2024-02-16,C711,Sonia Patel,26-35,Male,Europe,Germany,Munich,P205,Headphones,Accessories,2,384,254.9,129.1,0.01,Net Banking,Online
T10613,2024-04-26,C712,Sonia Patel,26-35,Male,North America,Canada,Vancouver,P112,Mobile Phone,Electronics,1,1375,1138.19,236.81,0.23,Cash,In-Store
T10614,2024-01-17,C713,John Carter,36-50,Other,South America,Chile,Santiago,P112,Mobile Phone,Electronics,3,1326,1109.24,216.76,0.17,UPI,Online
T10615,2024-03-22,C714,Priya Nair,36-50,Male,South America,Brazil,São Paulo,P101,Laptop,Electronics,3,5430,4682.12,747.88,0.0,Credit Card,Online
T10616,2024-02-28,C715,Aditi Sharma,50+,Other,South America,Brazil,São Paulo,P112,Mobile Phone,Electronics,3,4281,3142.75,1138.25,0.12,Credit Card,Online
T10617,2024-04-09,C716,Ethan Wilson,18-25,Other,Africa,Egypt,Cairo,P112,Mobile Phone,Electronics,1,889,567.76,321.24,0.1,Cash,In-Store
T10618,2024-03-18,C717,Meera Iyer,36-50,Female,Asia,India,Bengaluru,P101,Laptop,Electronics,3,1935,1171.45,763.55,0.11,Credit Card,Online
T10619,2024-01-14,C718,Sarah Miller,26-35,Male,Europe,Germany,Munich,P205,Headphones,Accessories,2,1326,907.0,419.0,0.21,UPI,Online
T10620,2024-03-23,C719,Sonia Patel,36-50,Female,Asia,Japan,Osaka,P402,Monitor,Electronics,2,1992,1688.84,303.16,0.17,UPI,Online
T10621,2024-01-28,C720,Sonia Patel,50+,Other,Asia,India,Delhi,P520,Microwave Oven,Appliances,4,888,789.29,98.71,0.18,Cash,Online
T10622,2024-04-28,C721,Jake Turner,36-50,Female,Europe,France,Lyon,P520,Microwave Oven,Appliances,1,1581,1249.82,331.18,0.11,Debit Card,Online
T10623,2024-04-29,C722,Maria Gomez,18-25,Other,Asia,Singapore,Singapore,P402,Monitor,Electronics,2,3020,2301.87,718.13,0.02,Debit Card,In-Store
T10624,2024-01-30,C723,Natalie Reed,50+,Other,Europe,Germany,Berlin,P112,Mobile Phone,Electronics,1,369,284.19,84.81,0.07,UPI,In-Store
T10625,2024-01-14,C724,Maria Gomez,26-35,Other,Europe,Germany,Berlin,P303,Washing Machine,Appliances,3,2610,1798.74,811.26,0.07,UPI,Online
T10626,2024-04-03,C725,Jake Turner,36-50,Male,Africa,Egypt,Cairo,P101,Laptop,Electronics,1,1781,1103.06,677.94,0.22,Cash,Online
T10627,2024-01-02,C726,Daniel Wong,26-35,Male,South America,Brazil,São Paulo,P112,Mobile Phone,Electronics,1,1710,1330.32,379.68,0.22,Debit Card,In-Store
T10628,2024-02-24,C727,Emily Clark,18-25,Female,Asia,India,Mumbai,P303,Washing Machine,Appliances,4,2104,1791.44,312.56,0.07,Credit Card,Online
T10629,2024-01-12,C728,Emily Clark,26-35,Male,Asia,Singapore,Singapore,P303,Washing Machine,Appliances,3,2484,2232.2,251.8,0.21,Credit Card,Online
T10630,2024-01-21,C729,Lucas Brown,18-25,Male,North America,USA,Seattle,P205,Headphones,Accessories,1,1377,1169.64,207.36,0.15,Credit Card,Online
T10631,2024-02-02,C730,Sarah Miller,50+,Female,South America,Argentina,Buenos Aires,P101,Laptop,Electronics,1,1274,1112.06,161.94,0.17,UPI,In-Store
T10632,2024-03-21,C731,Daniel Wong,26-35,Female,Europe,Italy,Rome,P205,Headphones,Accessories,2,1554,1378.01,175.99,0.01,Cash,Online
T10633,2024-03-27,C732,Natalie Reed,26-35,Female,Asia,India,Mumbai,P520,Microwave Oven,Appliances,3,4491,3121.62,1369.38,0.11,Cash,Online
T10634,2024-02-16,C733,Emily Clark,36-50,Male,Asia,Singapore,Singapore,P101,Laptop,Electronics,3,5838,4099.7,1738.3,0.04,Credit Card,Online
T10635,2024-01-22,C734,John Carter,50+,Other,Europe,Italy,Rome,P112,Mobile Phone,Electronics,4,2328,1837.71,490.29,0.15,Credit Card,Online
T10636,2024-01-29,C735,Maria Gomez,26-35,Female,Africa,Kenya,Nairobi,P520,Microwave Oven,Appliances,3,543,435.99,107.01,0.03,Net Banking,In-Store
T10637,2024-01-04,C736,Ethan Wilson,50+,Female,Asia,UAE,Dubai,P520,Microwave Oven,Appliances,2,250,186.58,63.42,0.16,Debit Card,Online
T10638,2024-03-06,C737,Meera Iyer,26-35,Male,Africa,South Africa,Cape Town,P520,Microwave Oven,Appliances,4,4940,3664.83,1275.17,0.25,Net Banking,In-Store
T10639,2024-03-12,C738,Daniel Wong,18-25,Other,Asia,Singapore,Singapore,P112,Mobile Phone,Electronics,3,4005,3474.11,530.89,0.0,UPI,In-Store
T10640,2024-03-01,C739,Sonia Patel,36-50,Male,South America,Argentina,Buenos Aires,P303,Washing Machine,Appliances,4,1244,763.44,480.56,0.04,Net Banking,In-Store
T10641,2024-04-15,C740,Daniel Wong,50+,Male,South America,Argentina,Buenos Aires,P101,Laptop,Electronics,1,490,342.71,147.29,0.12,Net Banking,Online
T10642,2024-02-09,C741,Meera Iyer,36-50,Other,Asia,Japan,Tokyo,P402,Monitor,Electronics,2,2728,2003.01,724.99,0.12,Net Banking,In-Store
T10643,2024-02-18,C742,Sarah Miller,18-25,Other,South America,Argentina,Buenos Aires,P520,Microwave Oven,Appliances,1,750,451.24,298.76,0.0,Net Banking,In-Store
T10644,2024-03-02,C743,Daniel Wong,26-35,Female,North America,Canada,Vancouver,P303,Washing Machine,Appliances,4,2416,2061.28,354.72,0.07,Cash,In-Store
T10645,2024-02-08,C744,Aditi Sharma,50+,Female,North America,USA,Chicago,P520,Microwave Oven,Appliances,1,1830,1412.05,417.95,0.13,Debit Card,In-Store
T10646,2024-04-16,C745,Natalie Reed,18-25,Male,Africa,Kenya,Nairobi,P101,Laptop,Electronics,2,862,589.04,272.96,0.2,Debit Card,In-Store
T10647,2024-02-18,C746,Daniel Wong,18-25,Female,South America,Brazil,Rio,P112,Mobile Phone,Electronics,1,1602,1015.91,586.09,0.09,Credit Card,Online
T10648,2024-02-08,C747,Daniel Wong,50+,Female,North America,Canada,Toronto,P402,Monitor,Electronics,3,3342,2034.95,1307.05,0.17,Debit Card,Online
T10649,2024-04-19,C748,Maria Gomez,26-35,Other,Asia,India,Mumbai,P303,Washing Machine,Appliances,3,2868,1833.93,1034.07,0.07,Net Banking,In-Store
T10650,2024-01-01,C749,Meera Iyer,18-25,Other,Europe,Germany,Munich,P402,Monitor,Electronics,4,6772,5545.98,1226.02,0.22,Cash,Online
T10651,2024-03-01,C750,Sonia Patel,18-25,Female,Asia,India,Mumbai,P205,Headphones,Accessories,1,1182,924.76,257.24,0.08,Cash,In-Store
T10652,2024-02-14,C751,Ethan Wilson,50+,Female,Europe,Germany,Berlin,P402,Monitor,Electronics,2,304,269.41,34.59,0.18,Cash,Online
T10653,2024-01-25,C752,Maria Gomez,50+,Male,Europe,Italy,Rome,P303,Washing Machine,Appliances,3,669,411.66,257.34,0.06,Debit Card,In-Store
T10654,2024-03-27,C753,Emily Clark,18-25,Male,Africa,Kenya,Nairobi,P205,Headphones,Accessories,1,1760,1516.2,243.8,0.06,UPI,In-Store
T10655,2024-03-08,C754,Ethan Wilson,50+,Male,Africa,Kenya,Nairobi,P101,Laptop,Electronics,2,3492,2573.15,918.85,0.09,Net Banking,In-Store
T10656,2024-01-19,C755,Lucas Brown,36-50,Other,South America,Brazil,São Paulo,P303,Washing Machine,Appliances,3,1383,1057.82,325.18,0.23,UPI,Online
T10657,2024-03-16,C756,Emily Clark,36-50,Other,Africa,Kenya,Nairobi,P112,Mobile Phone,Electronics,2,3656,2582.71,1073.29,0.24,Debit Card,Online
T10658,2024-03-03,C757,Sonia Patel,50+,Other,South America,Chile,Santiago,P520,Microwave Oven,Appliances,1,154,122.27,31.73,0.22,Debit Card,In-Store
T10659,2024-03-17,C758,Natalie Reed,50+,Female,Asia,India,Mumbai,P112,Mobile Phone,Electronics,2,1918,1516.81,401.19,0.23,Debit Card,In-Store
T10660,2024-02-08,C759,Maria Gomez,36-50,Other,Asia,India,Delhi,P101,Laptop,Electronics,4,3280,2680.39,599.61,0.03,Credit Card,Online
T10661,2024-01-02,C760,Daniel Wong,36-50,Male,South America,Chile,Santiago,P402,Monitor,Electronics,1,1751,1486.08,264.92,0.25,Debit Card,In-Store
T10662,2024-01-02,C761,Lucas Brown,36-50,Other,Europe,Germany,Berlin,P101,Laptop,Electronics,1,317,218.26,98.74,0.12,Debit Card,In-Store
T10663,2024-02-14,C762,Meera Iyer,26-35,Female,Africa,Egypt,Cairo,P402,Monitor,Electronics,3,3105,2710.79,394.21,0.2,Debit Card,Online
T10664,2024-04-04,C763,Sonia Patel,26-35,Male,Africa,Egypt,Cairo,P112,Mobile Phone,Electronics,1,1352,1142.46,209.54,0.02,Cash,Online
T10665,2024-01-21,C764,Rohan Gupta,26-35,Female,Europe,UK,Manchester,P112,Mobile Phone,Electronics,2,2360,1720.39,639.61,0.17,Credit Card,Online
T10666,2024-04-28,C765,Priya Nair,26-35,Male,South America,Brazil,Rio,P520,Microwave Oven,Appliances,1,1707,1326.49,380.51,0.06,UPI,Online
T10667,2024-02-01,C766,Aditi Sharma,36-50,Female,Africa,South Africa,Cape Town,P303,Washing Machine,Appliances,3,732,627.52,104.48,0.23,Net Banking,Online
T10668,2024-03-03,C767,Ethan Wilson,50+,Male,Africa,Kenya,Nairobi,P402,Monitor,Electronics,3,1227,1063.68,163.32,0.0,Credit Card,Online
T10669,2024-02-26,C768,Priya Nair,18-25,Other,South America,Argentina,Buenos Aires,P520,Microwave Oven,Appliances,2,3370,2419.3,950.7,0.13,UPI,Online
T10670,2024-02-03,C769,Meera Iyer,36-50,Female,South America,Brazil,Rio,P402,Monitor,Electronics,4,6964,5077.86,1886.14,0.04,Net Banking,In-Store
T10671,2024-02-25,C770,Priya Nair,26-35,Male,Europe,UK,London,P112,Mobile Phone,Electronics,1,1266,1119.14,146.86,0.08,UPI,Online
T10672,2024-03-14,C771,Ethan Wilson,36-50,Male,Asia,UAE,Dubai,P520,Microwave Oven,Appliances,4,3852,3047.2,804.8,0.09,Cash,In-Store
T10673,2024-04-04,C772,Lucas Brown,36-50,Male,North America,Mexico,Mexico City,P205,Headphones,Accessories,3,525,408.87,116.13,0.03,Cash,Online
T10674,2024-03-04,C773,Natalie Reed,36-50,Female,Africa,South Africa,Cape Town,P101,Laptop,Electronics,1,1465,1039.24,425.76,0.05,Cash,In-Store
T10675,2024-03-16,C774,Natalie Reed,50+,Female,Europe,Germany,Berlin,P101,Laptop,Electronics,2,1764,1114.1,649.9,0.04,UPI,In-Store
T10676,2024-02-19,C775,Lucas Brown,36-50,Other,North America,Mexico,Monterrey,P112,Mobile Phone,Electronics,1,975,593.05,381.95,0.13,Credit Card,In-Store
T10677,2024-03-15,C776,Emily Clark,26-35,Other,Africa,South Africa,Johannesburg,P303,Washing Machine,Appliances,1,1845,1161.96,683.04,0.05,UPI,Online
T10678,2024-04-16,C777,Daniel Wong,50+,Other,Asia,Japan,Osaka,P205,Headphones,Accessories,4,5228,3757.0,1471.0,0.08,Debit Card,Online
T10679,2024-01-15,C778,Sonia Patel,36-50,Female,Asia,UAE,Abu Dhabi,P205,Headphones,Accessories,1,591,377.66,213.34,0.21,Debit Card,Online
T10680,2024-02-06,C779,John Carter,50+,Male,South America,Argentina,Buenos Aires,P520,Microwave Oven,Appliances,2,346,240.19,105.81,0.22,Net Banking,Online
T10681,2024-03-08,C780,Ethan Wilson,36-50,Female,North America,Mexico,Mexico City,P303,Washing Machine,Appliances,2,500,447.6,52.4,0.07,Net Banking,In-Store
T10682,2024-02-16,C781,John Carter,36-50,Other,South America,Argentina,Buenos Aires,P402,Monitor,Electronics,2,3146,1916.8,1229.2,0.24,Cash,Online
T10683,2024-01-22,C782,Ethan Wilson,36-50,Male,Europe,Italy,Milan,P112,Mobile Phone,Electronics,4,4568,2952.04,1615.96,0.14,Debit Card,In-Store
T10684,2024-02-03,C783,Lucas Brown,18-25,Female,Africa,Kenya,Nairobi,P205,Headphones,Accessories,1,1927,1298.94,628.06,0.21,Net Banking,Online
T10685,2024-01-03,C784,Sonia Patel,18-25,Female,North America,USA,Chicago,P520,Microwave Oven,Appliances,2,2854,1934.44,919.56,0.05,Cash,In-Store
T10686,2024-04-22,C785,Jake Turner,50+,Other,Europe,France,Paris,P112,Mobile Phone,Electronics,1,991,795.99,195.01,0.06,Credit Card,Online
T10687,2024-01-11,C786,Michael Ross,50+,Other,Europe,France,Lyon,P402,Monitor,Electronics,3,2655,1869.61,785.39,0.15,Credit Card,Online
T10688,2024-01-24,C787,Ethan Wilson,36-50,Female,South America,Brazil,São Paulo,P101,Laptop,Electronics,1,532,343.22,188.78,0.2,Cash,In-Store
T10689,2024-04-09,C788,Jake Turner,26-35,Other,Asia,Singapore,Singapore,P303,Washing Machine,Appliances,3,1674,1503.51,170.49,0.22,Credit Card,In-Store
T10690,2024-04-13,C789,John Carter,26-35,Male,Africa,South Africa,Johannesburg,P520,Microwave Oven,Appliances,2,3668,3072.89,595.11,0.12,Debit Card,Online
T10691,2024-04-12,C790,Natalie Reed,18-25,Female,Europe,UK,London,P101,Laptop,Electronics,1,569,348.14,220.86,0.12,Credit Card,Online
T10692,2024-02-05,C791,Meera Iyer,26-35,Other,South America,Chile,Santiago,P520,Microwave Oven,Appliances,2,3464,2215.96,1248.04,0.15,Net Banking,In-Store
T10693,2024-04-07,C792,Lucas Brown,36-50,Female,Asia,UAE,Abu Dhabi,P101,Laptop,Electronics,3,5685,4320.69,1364.31,0.22,Debit Card,Online
T10694,2024-01-21,C793,Priya Nair,36-50,Female,Asia,UAE,Dubai,P112,Mobile Phone,Electronics,2,888,679.14,208.86,0.01,Net Banking,In-Store
T10695,2024-02-25,C794,Jake Turner,50+,Female,Europe,Germany,Berlin,P520,Microwave Oven,Appliances,4,2428,1481.9,946.1,0.24,UPI,Online
T10696,2024-04-24,C795,Jake Turner,18-25,Female,North America,Canada,Toronto,P205,Headphones,Accessories,3,2145,1918.27,226.73,0.12,Cash,In-Store
T10697,2024-04-05,C796,Daniel Wong,26-35,Male,North America,Canada,Toronto,P520,Microwave Oven,Appliances,2,2144,1480.93,663.07,0.12,Credit Card,Online
T10698,2024-03-15,C797,Meera Iyer,26-35,Other,North America,Mexico,Monterrey,P402,Monitor,Electronics,1,1289,944.02,344.98,0.15,Debit Card,Online
T10699,2024-03-04,C798,Meera Iyer,26-35,Male,Asia,Japan,Tokyo,P205,Headphones,Accessories,1,548,423.7,124.3,0.22,Debit Card,In-Store
T10700,2024-03-18,C799,Lucas Brown,50+,Other,Africa,Kenya,Nairobi,P402,Monitor,Electronics,3,393,288.08,104.92,0.15,Cash,Online
T10701,2024-04-20,C800,Rohan Gupta,50+,Other,South America,Argentina,Buenos Aires,P303,Washing Machine,Appliances,4,3808,3376.99,431.01,0.05,Net Banking,Online
T10702,2024-03-13,C801,Sarah Miller,26-35,Male,South America,Brazil,São Paulo,P205,Headphones,Accessories,4,660,396.63,263.37,0.16,Debit Card,Online
T10703,2024-04-06,C802,Emily Clark,18-25,Female,South America,Argentina,Buenos Aires,P520,Microwave Oven,Appliances,4,3556,2200.23,1355.77,0.22,UPI,In-Store
T10704,2024-02-28,C803,Maria Gomez,36-50,Male,South America,Brazil,São Paulo,P205,Headphones,Accessories,1,1086,968.13,117.87,0.06,Debit Card,Online
T10705,2024-04-28,C804,Sarah Miller,36-50,Male,Asia,Singapore,Singapore,P520,Microwave Oven,Appliances,4,4748,3528.02,1219.98,0.17,Cash,In-Store
T10706,2024-02-12,C805,Ethan Wilson,18-25,Other,North America,Mexico,Mexico City,P205,Headphones,Accessories,3,4917,3727.91,1189.09,0.16,Credit Card,Online
T10707,2024-01-21,C806,Michael Ross,50+,Male,South America,Chile,Santiago,P112,Mobile Phone,Electronics,4,5108,4297.52,810.48,0.07,UPI,Online
T10708,2024-02-25,C807,Aditi Sharma,50+,Female,Africa,Kenya,Nairobi,P303,Washing Machine,Appliances,2,212,177.66,34.34,0.25,UPI,In-Store
T10709,2024-04-23,C808,Sarah Miller,18-25,Female,Asia,Singapore,Singapore,P205,Headphones,Accessories,4,3372,2861.28,510.72,0.07,Debit Card,In-Store
T10710,2024-01-07,C809,Rohan Gupta,50+,Male,South America,Brazil,Rio,P101,Laptop,Electronics,3,3414,2398.45,1015.55,0.16,Credit Card,Online
T10711,2024-01-15,C810,Michael Ross,36-50,Other,South America,Chile,Santiago,P520,Microwave Oven,Appliances,1,190,156.95,33.05,0.19,Net Banking,Online
T10712,2024-03-13,C811,Jake Turner,50+,Other,Africa,Kenya,Nairobi,P520,Microwave Oven,Appliances,3,918,783.77,134.23,0.15,Net Banking,Online
T10713,2024-04-13,C812,Jake Turner,18-25,Other,Asia,Singapore,Singapore,P402,Monitor,Electronics,3,4014,3279.22,734.78,0.07,Cash,Online
T10714,2024-01-04,C813,Sonia Patel,36-50,Male,South America,Argentina,Buenos Aires,P402,Monitor,Electronics,2,2862,1980.05,881.95,0.14,UPI,Online
T10715,2024-01-14,C814,Jake Turner,26-35,Male,North America,Canada,Toronto,P303,Washing Machine,Appliances,4,7032,5691.19,1340.81,0.0,Cash,Online
T10716,2024-03-23,C815,Ethan Wilson,26-35,Female,Asia,UAE,Abu Dhabi,P101,Laptop,Electronics,3,1221,842.33,378.67,0.02,Cash,In-Store
T10717,2024-04-28,C816,Sarah Miller,26-35,Female,Europe,Italy,Rome,P205,Headphones,Accessories,2,3638,2447.17,1190.83,0.12,UPI,In-Store
T10718,2024-03-06,C817,Priya Nair,18-25,Male,Europe,France,Lyon,P101,Laptop,Electronics,2,3094,2230.35,863.65,0.07,Credit Card,Online
T10719,2024-02-03,C818,Maria Gomez,26-35,Male,Africa,South Africa,Johannesburg,P520,Microwave Oven,Appliances,3,4572,3845.26,726.74,0.23,UPI,Online
T10720,2024-02-24,C819,Rohan Gupta,26-35,Other,Asia,UAE,Abu Dhabi,P205,Headphones,Accessories,3,5109,3558.16,1550.84,0.12,Credit Card,Online
T10721,2024-03-05,C820,Jake Turner,26-35,Female,Asia,Singapore,Singapore,P101,Laptop,Electronics,1,1306,869.51,436.49,0.01,Debit Card,Online
T10722,2024-01-19,C821,Lucas Brown,50+,Other,Africa,Egypt,Cairo,P520,Microwave Oven,Appliances,1,1860,1477.48,382.52,0.03,Credit Card,Online
T10723,2024-03-21,C822,Michael Ross,50+,Male,Africa,South Africa,Cape Town,P520,Microwave Oven,Appliances,3,3288,2827.94,460.06,0.11,Net Banking,Online
T10724,2024-04-09,C823,Sonia Patel,50+,Other,South America,Brazil,São Paulo,P520,Microwave Oven,Appliances,4,6556,4074.77,2481.23,0.17,UPI,Online
T10725,2024-01-14,C824,Michael Ross,18-25,Other,North America,Mexico,Mexico City,P101,Laptop,Electronics,2,922,618.11,303.89,0.08,Cash,In-Store
T10726,2024-03-19,C825,Priya Nair,36-50,Male,Asia,Singapore,Singapore,P205,Headphones,Accessories,2,2206,1667.85,538.15,0.04,Net Banking,Online
T10727,2024-03-27,C826,Rohan Gupta,50+,Male,South America,Chile,Santiago,P402,Monitor,Electronics,4,6156,4434.99,1721.01,0.04,Cash,In-Store
T10728,2024-02-03,C827,Jake Turner,18-25,Male,Europe,France,Lyon,P402,Monitor,Electronics,2,3666,2891.99,774.01,0.01,UPI,Online
T10729,2024-03-16,C828,Aditi Sharma,36-50,Other,Asia,Singapore,Singapore,P112,Mobile Phone,Electronics,1,1664,1049.69,614.31,0.05,UPI,Online
T10730,2024-04-02,C829,Lucas Brown,18-25,Female,Europe,Germany,Munich,P520,Microwave Oven,Appliances,2,3718,2538.84,1179.16,0.18,Cash,Online
T10731,2024-03-27,C830,Emily Clark,26-35,Male,Africa,Egypt,Cairo,P101,Laptop,Electronics,4,3468,2566.63,901.37,0.09,Credit Card,Online
T10732,2024-02-13,C831,Michael Ross,50+,Other,Asia,Japan,Tokyo,P402,Monitor,Electronics,1,1905,1323.75,581.25,0.03,Cash,In-Store
T10733,2024-03-05,C832,Sonia Patel,36-50,Other,Europe,UK,London,P303,Washing Machine,Appliances,3,5196,3998.3,1197.7,0.22,Net Banking,In-Store
T10734,2024-03-08,C833,Daniel Wong,18-25,Female,Europe,France,Paris,P205,Headphones,Accessories,4,7692,6673.28,1018.72,0.11,Net Banking,In-Store
T10735,2024-02-18,C834,Rohan Gupta,18-25,Female,Africa,Kenya,Nairobi,P112,Mobile Phone,Electronics,2,1346,1185.69,160.31,0.17,Net Banking,Online
T10736,2024-01-17,C835,Sarah Miller,26-35,Male,Africa,Kenya,Nairobi,P205,Headphones,Accessories,2,1040,778.07,261.93,0.1,Credit Card,In-Store
T10737,2024-03-31,C836,Rohan Gupta,26-35,Other,North America,USA,Chicago,P520,Microwave Oven,Appliances,1,681,546.68,134.32,0.03,Cash,In-Store
T10738,2024-03-25,C837,Maria Gomez,18-25,Female,Africa,Kenya,Nairobi,P112,Mobile Phone,Electronics,1,284,227.18,56.82,0.24,Net Banking,Online
T10739,2024-04-17,C838,Daniel Wong,50+,Other,Europe,Germany,Berlin,P520,Microwave Oven,Appliances,3,5574,4474.99,1099.01,0.24,Credit Card,In-Store
T10740,2024-03-13,C839,Rohan Gupta,50+,Female,Europe,UK,Manchester,P520,Microwave Oven,Appliances,1,1925,1606.5,318.5,0.16,UPI,In-Store
T10741,2024-02-11,C840,Aditi Sharma,50+,Other,Europe,Germany,Berlin,P303,Washing Machine,Appliances,1,1174,880.0,294.0,0.1,Debit Card,Online
T10742,2024-02-10,C841,Daniel Wong,36-50,Other,Asia,India,Mumbai,P402,Monitor,Electronics,3,4128,2614.23,1513.77,0.16,Credit Card,Online
T10743,2024-04-08,C842,Natalie Reed,26-35,Male,South America,Argentina,Buenos Aires,P112,Mobile Phone,Electronics,4,3688,2270.73,1417.27,0.19,Credit Card,In-Store
T10744,2024-03-22,C843,Daniel Wong,26-35,Other,Asia,UAE,Dubai,P303,Washing Machine,Appliances,1,446,323.23,122.77,0.18,Cash,In-Store
T10745,2024-01-09,C844,Maria Gomez,18-25,Female,Asia,UAE,Abu Dhabi,P112,Mobile Phone,Electronics,1,1239,918.95,320.05,0.22,UPI,In-Store
T10746,2024-04-06,C845,Priya Nair,36-50,Other,Europe,Germany,Berlin,P205,Headphones,Accessories,4,2680,2214.23,465.77,0.01,Credit Card,In-Store
T10747,2024-01-09,C846,Emily Clark,26-35,Other,South America,Argentina,Buenos Aires,P101,Laptop,Electronics,4,3300,2625.12,674.88,0.18,Net Banking,In-Store
T10748,2024-01-28,C847,Lucas Brown,36-50,Female,South America,Brazil,Rio,P520,Microwave Oven,Appliances,2,1978,1421.27,556.73,0.18,Debit Card,Online
T10749,2024-02-23,C848,Emily Clark,26-35,Male,Asia,Singapore,Singapore,P205,Headphones,Accessories,1,405,253.37,151.63,0.01,Net Banking,Online
T10750,2024-01-13,C849,Emily Clark,18-25,Male,Africa,Kenya,Nairobi,P112,Mobile Phone,Electronics,1,98,62.08,35.92,0.13,Credit Card,In-Store
T10751,2024-02-13,C850,Michael Ross,26-35,Female,North America,Mexico,Mexico City,P112,Mobile Phone,Electronics,3,306,246.76,59.24,0.06,UPI,Online
T10752,2024-04-11,C851,Maria Gomez,26-35,Female,Africa,Kenya,Nairobi,P402,Monitor,Electronics,4,7372,4465.94,2906.06,0.03,Net Banking,In-Store
T10753,2024-01-10,C852,Priya Nair,36-50,Female,South America,Chile,Santiago,P205,Headphones,Accessories,3,5982,4910.39,1071.61,0.08,Net Banking,In-Store
T10754,2024-01-12,C853,John Carter,36-50,Other,Asia,UAE,Dubai,P112,Mobile Phone,Electronics,2,1866,1125.16,740.84,0.12,Debit Card,In-Store
T10755,2024-04-09,C854,Sarah Miller,26-35,Male,Africa,South Africa,Cape Town,P402,Monitor,Electronics,2,2522,1814.06,707.94,0.19,Debit Card,Online
T10756,2024-04-28,C855,Emily Clark,36-50,Other,North America,Canada,Vancouver,P520,Microwave Oven,Appliances,4,3332,2771.81,560.19,0.13,Credit Card,Online
T10757,2024-02-27,C856,Maria Gomez,50+,Male,Europe,Italy,Milan,P303,Washing Machine,Appliances,4,7472,5772.92,1699.08,0.02,Debit Card,In-Store
T10758,2024-02-16,C857,Ethan Wilson,50+,Male,South America,Chile,Santiago,P402,Monitor,Electronics,2,1588,1010.07,577.93,0.07,Credit Card,In-Store
T10759,2024-04-05,C858,Ethan Wilson,26-35,Female,Europe,Germany,Munich,P520,Microwave Oven,Appliances,4,6296,4423.2,1872.8,0.18,Cash,Online
T10760,2024-01-07,C859,Michael Ross,18-25,Female,North America,Mexico,Mexico City,P402,Monitor,Electronics,4,7592,5401.87,2190.13,0.0,Cash,In-Store
T10761,2024-02-12,C860,Natalie Reed,18-25,Other,Asia,Singapore,Singapore,P303,Washing Machine,Appliances,1,533,407.49,125.51,0.22,Debit Card,In-Store
T10762,2024-02-20,C861,Aditi Sharma,26-35,Other,North America,Mexico,Mexico City,P112,Mobile Phone,Electronics,1,209,181.74,27.26,0.2,Net Banking,Online
T10763,2024-03-29,C862,Lucas Brown,36-50,Other,Europe,France,Lyon,P520,Microwave Oven,Appliances,4,6116,4049.58,2066.42,0.04,UPI,In-Store
T10764,2024-04-13,C863,John Carter,50+,Male,Europe,UK,London,P101,Laptop,Electronics,3,5994,4006.81,1987.19,0.06,UPI,In-Store
T10765,2024-01-28,C864,Priya Nair,18-25,Other,Europe,France,Paris,P205,Headphones,Accessories,1,1152,711.84,440.16,0.17,UPI,In-Store
T10766,2024-01-04,C865,Daniel Wong,50+,Male,North America,USA,New York,P520,Microwave Oven,Appliances,2,2354,2078.15,275.85,0.2,Credit Card,In-Store
T10767,2024-04-05,C866,Ethan Wilson,26-35,Male,South America,Argentina,Buenos Aires,P402,Monitor,Electronics,4,1932,1532.81,399.19,0.14,Debit Card,In-Store
T10768,2024-01-22,C867,Ethan Wilson,50+,Female,Europe,UK,Manchester,P112,Mobile Phone,Electronics,1,1602,1069.52,532.48,0.05,UPI,In-Store
T10769,2024-04-15,C868,Emily Clark,50+,Other,Europe,Italy,Milan,P402,Monitor,Electronics,1,75,64.06,10.94,0.08,UPI,In-Store
T10770,2024-03-23,C869,John Carter,18-25,Other,South America,Chile,Santiago,P101,Laptop,Electronics,3,1530,1290.31,239.69,0.16,Net Banking,In-Store
T10771,2024-04-20,C870,Ethan Wilson,50+,Other,Europe,Italy,Rome,P101,Laptop,Electronics,3,4455,3532.13,922.87,0.2,Net Banking,In-Store
T10772,2024-02-16,C871,Natalie Reed,26-35,Other,Europe,Germany,Munich,P520,Microwave Oven,Appliances,4,4700,3229.61,1470.39,0.12,Cash,Online
T10773,2024-02-16,C872,Sarah Miller,50+,Male,Asia,India,Delhi,P112,Mobile Phone,Electronics,3,1614,1302.5,311.5,0.17,Credit Card,In-Store
T10774,2024-04-23,C873,Natalie Reed,50+,Female,Asia,Japan,Tokyo,P112,Mobile Phone,Electronics,1,1669,1317.3,351.7,0.11,Debit Card,Online
T10775,2024-02-23,C874,Aditi Sharma,50+,Female,Asia,Japan,Tokyo,P101,Laptop,Electronics,1,995,687.12,307.88,0.19,Debit Card,Online
T10776,2024-04-05,C875,Daniel Wong,36-50,Other,Europe,UK,London,P303,Washing Machine,Appliances,1,1195,960.64,234.36,0.02,Net Banking,Online
T10777,2024-02-07,C876,Aditi Sharma,50+,Other,Europe,UK,London,P112,Mobile Phone,Electronics,2,1294,1071.76,222.24,0.14,Net Banking,Online
T10778,2024-02-15,C877,Emily Clark,26-35,Male,Asia,India,Delhi,P101,Laptop,Electronics,1,1296,794.67,501.33,0.04,Net Banking,Online
T10779,2024-04-02,C878,Lucas Brown,18-25,Female,North America,Mexico,Monterrey,P112,Mobile Phone,Electronics,4,6004,5219.29,784.71,0.17,Credit Card,In-Store
T10780,2024-03-21,C879,Priya Nair,36-50,Other,Asia,India,Delhi,P402,Monitor,Electronics,4,1520,1273.67,246.33,0.21,UPI,Online
T10781,2024-01-28,C880,Jake Turner,26-35,Female,Asia,UAE,Abu Dhabi,P520,Microwave Oven,Appliances,4,6620,4188.26,2431.74,0.16,Net Banking,In-Store
T10782,2024-02-17,C881,Ethan Wilson,36-50,Female,Asia,Singapore,Singapore,P205,Headphones,Accessories,4,7620,6750.6,869.4,0.13,Cash,Online
T10783,2024-03-16,C882,John Carter,18-25,Male,Europe,France,Paris,P520,Microwave Oven,Appliances,3,1218,890.48,327.52,0.15,Credit Card,In-Store
T10784,2024-02-24,C883,Meera Iyer,26-35,Male,Europe,Italy,Milan,P205,Headphones,Accessories,2,1870,1129.31,740.69,0.0,Debit Card,Online
T10785,2024-04-17,C884,Ethan Wilson,50+,Male,Africa,South Africa,Johannesburg,P402,Monitor,Electronics,3,2538,2214.07,323.93,0.24,Debit Card,Online
T10786,2024-04-16,C885,Meera Iyer,26-35,Female,Asia,UAE,Dubai,P520,Microwave Oven,Appliances,3,882,781.34,100.66,0.24,Credit Card,Online
T10787,2024-01-08,C886,Sonia Patel,50+,Other,Asia,UAE,Abu Dhabi,P205,Headphones,Accessories,1,411,305.4,105.6,0.18,Cash,In-Store
T10788,2024-04-20,C887,Jake Turner,36-50,Female,Europe,Italy,Rome,P520,Microwave Oven,Appliances,2,1764,1300.9,463.1,0.2,Credit Card,In-Store
T10789,2024-03-24,C888,Jake Turner,26-35,Male,Asia,India,Mumbai,P303,Washing Machine,Appliances,4,3212,2670.74,541.26,0.12,Debit Card,In-Store
T10790,2024-01-09,C889,Natalie Reed,18-25,Female,Europe,Germany,Munich,P303,Washing Machine,Appliances,1,123,102.75,20.25,0.09,UPI,Online
T10791,2024-01-28,C890,Jake Turner,26-35,Female,Europe,Germany,Berlin,P402,Monitor,Electronics,2,2656,2099.06,556.94,0.06,UPI,Online
T10792,2024-04-13,C891,Jake Turner,18-25,Other,South America,Chile,Santiago,P101,Laptop,Electronics,2,3280,2685.2,594.8,0.02,Net Banking,Online
T10793,2024-04-10,C892,Rohan Gupta,26-35,Female,Africa,South Africa,Johannesburg,P101,Laptop,Electronics,3,2814,2028.41,785.59,0.22,Debit Card,Online
T10794,2024-02-14,C893,Priya Nair,18-25,Male,Asia,Singapore,Singapore,P112,Mobile Phone,Electronics,2,1578,1083.56,494.44,0.1,Credit Card,In-Store
T10795,2024-01-27,C894,Daniel Wong,18-25,Male,South America,Argentina,Buenos Aires,P101,Laptop,Electronics,2,3144,2352.98,791.02,0.13,Net Banking,Online
T10796,2024-03-11,C895,Rohan Gupta,36-50,Male,Africa,Egypt,Cairo,P520,Microwave Oven,Appliances,1,1908,1369.44,538.56,0.19,UPI,Online
T10797,2024-02-04,C896,Maria Gomez,26-35,Other,North America,USA,Seattle,P520,Microwave Oven,Appliances,3,5094,3735.48,1358.52,0.07,UPI,Online
T10798,2024-01-17,C897,Aditi Sharma,26-35,Female,North America,USA,Seattle,P303,Washing Machine,Appliances,2,1468,991.34,476.66,0.14,Debit Card,In-Store
T10799,2024-03-31,C898,Maria Gomez,18-25,Female,Africa,Kenya,Nairobi,P303,Washing Machine,Appliances,2,746,637.22,108.78,0.23,Debit Card,In-Store
T10800,2024-01-26,C899,Priya Nair,50+,Other,South America,Chile,Santiago,P303,Washing Machine,Appliances,1,1477,931.31,545.69,0.13,Cash,Online
T10801,2024-03-15,C900,Ethan Wilson,36-50,Other,Europe,Germany,Munich,P112,Mobile Phone,Electronics,1,154,102.97,51.03,0.24,Credit Card,Online
T10802,2024-01-22,C901,Michael Ross,36-50,Male,Europe,Italy,Rome,P303,Washing Machine,Appliances,2,2130,1458.5,671.5,0.24,Net Banking,In-Store
T10803,2024-03-09,C902,John Carter,50+,Male,North America,USA,Chicago,P205,Headphones,Accessories,4,2800,2153.19,646.81,0.11,UPI,Online
T10804,2024-03-16,C903,Maria Gomez,36-50,Other,Europe,Germany,Munich,P112,Mobile Phone,Electronics,2,3912,2678.74,1233.26,0.09,UPI,Online
T10805,2024-02-16,C904,Meera Iyer,50+,Male,Africa,South Africa,Cape Town,P402,Monitor,Electronics,3,1128,963.04,164.96,0.1,UPI,In-Store
T10806,2024-03-18,C905,Ethan Wilson,50+,Female,Asia,UAE,Dubai,P205,Headphones,Accessories,4,3360,2496.15,863.85,0.12,Cash,In-Store
T10807,2024-04-25,C906,Maria Gomez,18-25,Male,South America,Chile,Santiago,P205,Headphones,Accessories,1,270,182.68,87.32,0.07,UPI,Online
T10808,2024-04-21,C907,Michael Ross,18-25,Other,Africa,Kenya,Nairobi,P205,Headphones,Accessories,3,4893,3239.77,1653.23,0.02,Debit Card,Online
T10809,2024-03-08,C908,Sonia Patel,50+,Female,Africa,South Africa,Cape Town,P205,Headphones,Accessories,2,640,552.86,87.14,0.12,Credit Card,Online
T10810,2024-04-20,C909,Lucas Brown,36-50,Female,Africa,Egypt,Cairo,P205,Headphones,Accessories,4,5424,4614.46,809.54,0.08,UPI,In-Store
T10811,2024-04-07,C910,Ethan Wilson,50+,Other,North America,Canada,Vancouver,P205,Headphones,Accessories,1,1609,1135.6,473.4,0.21,Credit Card,In-Store
T10812,2024-02-03,C911,Sarah Miller,26-35,Male,Europe,UK,Manchester,P205,Headphones,Accessories,1,482,367.15,114.85,0.07,Debit Card,Online
T10813,2024-01-23,C912,Jake Turner,36-50,Other,Africa,Kenya,Nairobi,P112,Mobile Phone,Electronics,1,630,452.05,177.95,0.14,UPI,Online
T10814,2024-02-10,C913,Lucas Brown,26-35,Female,Africa,Egypt,Cairo,P205,Headphones,Accessories,1,1582,1146.9,435.1,0.13,Debit Card,In-Store
T10815,2024-04-10,C914,Lucas Brown,36-50,Other,North America,Mexico,Mexico City,P520,Microwave Oven,Appliances,1,1723,1137.47,585.53,0.05,Debit Card,In-Store
T10816,2024-03-25,C915,Maria Gomez,18-25,Other,Asia,India,Bengaluru,P112,Mobile Phone,Electronics,1,261,174.64,86.36,0.0,Credit Card,Online
T10817,2024-02-16,C916,Priya Nair,18-25,Male,Africa,South Africa,Cape Town,P520,Microwave Oven,Appliances,4,3572,2383.55,1188.45,0.17,Credit Card,Online
T10818,2024-04-20,C917,Jake Turner,50+,Other,North America,Mexico,Mexico City,P402,Monitor,Electronics,1,1982,1440.5,541.5,0.08,UPI,Online
T10819,2024-03-02,C918,Lucas Brown,50+,Female,Asia,UAE,Dubai,P303,Washing Machine,Appliances,1,586,396.04,189.96,0.07,UPI,Online
T10820,2024-02-26,C919,Sonia Patel,26-35,Other,Asia,India,Delhi,P205,Headphones,Accessories,2,1090,948.93,141.07,0.2,Cash,In-Store
T10821,2024-02-08,C920,Aditi Sharma,18-25,Female,Africa,South Africa,Cape Town,P112,Mobile Phone,Electronics,4,2212,1833.18,378.82,0.14,Net Banking,Online
T10822,2024-03-12,C921,Rohan Gupta,50+,Female,North America,Canada,Toronto,P112,Mobile Phone,Electronics,1,321,200.16,120.84,0.14,Debit Card,Online
T10823,2024-03-14,C922,Lucas Brown,26-35,Male,South America,Chile,Santiago,P112,Mobile Phone,Electronics,4,1968,1339.63,628.37,0.13,Net Banking,In-Store
T10824,2024-03-21,C923,Emily Clark,18-25,Male,North America,USA,Chicago,P303,Washing Machine,Appliances,3,4659,2854.69,1804.31,0.07,Credit Card,In-Store
T10825,2024-03-08,C924,Michael Ross,26-35,Female,Europe,Italy,Milan,P112,Mobile Phone,Electronics,4,1940,1531.92,408.08,0.03,Debit Card,In-Store
T10826,2024-04-10,C925,Meera Iyer,18-25,Male,Asia,UAE,Dubai,P205,Headphones,Accessories,2,1604,1209.67,394.33,0.13,Credit Card,In-Store
T10827,2024-02-05,C926,Meera Iyer,36-50,Other,Africa,South Africa,Cape Town,P402,Monitor,Electronics,1,538,395.24,142.76,0.04,UPI,Online
T10828,2024-01-15,C927,Natalie Reed,50+,Other,Europe,Italy,Rome,P520,Microwave Oven,Appliances,4,5984,4419.27,1564.73,0.23,Credit Card,In-Store
T10829,2024-01-23,C928,Rohan Gupta,26-35,Male,Africa,South Africa,Johannesburg,P205,Headphones,Accessories,2,432,369.42,62.58,0.09,Net Banking,Online
T10830,2024-02-03,C929,Priya Nair,50+,Other,Europe,France,Paris,P205,Headphones,Accessories,3,2190,1442.27,747.73,0.09,Credit Card,Online
T10831,2024-01-06,C930,Meera Iyer,36-50,Male,Europe,Germany,Munich,P205,Headphones,Accessories,4,5524,3575.12,1948.88,0.03,Debit Card,Online
T10832,2024-02-18,C931,Lucas Brown,18-25,Male,Asia,Singapore,Singapore,P520,Microwave Oven,Appliances,4,7812,6004.47,1807.53,0.24,Net Banking,Online
T10833,2024-03-05,C932,Daniel Wong,50+,Other,Europe,UK,Manchester,P101,Laptop,Electronics,1,1012,753.69,258.31,0.13,UPI,Online
T10834,2024-04-05,C933,Daniel Wong,50+,Other,Asia,Japan,Osaka,P520,Microwave Oven,Appliances,4,6100,4363.37,1736.63,0.01,Debit Card,Online
T10835,2024-04-25,C934,Ethan Wilson,18-25,Male,Europe,Italy,Rome,P112,Mobile Phone,Electronics,3,1611,1352.05,258.95,0.15,Credit Card,Online
T10836,2024-02-03,C935,Daniel Wong,36-50,Other,Asia,India,Bengaluru,P402,Monitor,Electronics,1,808,541.76,266.24,0.18,Debit Card,Online
T10837,2024-03-23,C936,Sonia Patel,18-25,Male,North America,Mexico,Mexico City,P520,Microwave Oven,Appliances,2,1876,1426.3,449.7,0.14,Credit Card,Online
T10838,2024-04-26,C937,Natalie Reed,18-25,Female,Europe,France,Lyon,P205,Headphones,Accessories,1,1526,1244.51,281.49,0.22,Cash,Online
T10839,2024-01-13,C938,Rohan Gupta,36-50,Other,Asia,Japan,Tokyo,P303,Washing Machine,Appliances,4,7620,6205.14,1414.86,0.24,Credit Card,In-Store
T10840,2024-03-20,C939,John Carter,18-25,Other,Africa,South Africa,Cape Town,P112,Mobile Phone,Electronics,3,4884,4198.23,685.77,0.04,Cash,Online
T10841,2024-03-08,C940,Emily Clark,26-35,Female,Europe,Germany,Berlin,P101,Laptop,Electronics,4,4896,3402.55,1493.45,0.2,Credit Card,In-Store
T10842,2024-02-26,C941,Jake Turner,50+,Other,South America,Argentina,Buenos Aires,P112,Mobile Phone,Electronics,1,889,600.2,288.8,0.16,Credit Card,Online
T10843,2024-03-07,C942,Emily Clark,50+,Other,Europe,UK,Manchester,P303,Washing Machine,Appliances,2,3714,3322.44,391.56,0.16,Credit Card,In-Store
T10844,2024-04-25,C943,Priya Nair,36-50,Female,Africa,Kenya,Nairobi,P101,Laptop,Electronics,4,7652,4710.19,2941.81,0.14,Net Banking,In-Store
T10845,2024-02-22,C944,John Carter,18-25,Other,North America,USA,Chicago,P303,Washing Machine,Appliances,3,5922,4180.27,1741.73,0.16,Cash,Online
T10846,2024-04-06,C945,Sarah Miller,36-50,Female,Asia,Singapore,Singapore,P520,Microwave Oven,Appliances,1,618,533.58,84.42,0.15,Debit Card,Online
T10847,2024-04-29,C946,Priya Nair,50+,Other,Africa,Egypt,Cairo,P112,Mobile Phone,Electronics,3,3318,2275.24,1042.76,0.11,Net Banking,In-Store
T10848,2024-01-19,C947,Emily Clark,50+,Male,Europe,France,Lyon,P520,Microwave Oven,Appliances,2,492,305.84,186.16,0.05,Credit Card,Online
T10849,2024-02-08,C948,Lucas Brown,26-35,Other,Asia,UAE,Abu Dhabi,P402,Monitor,Electronics,4,1352,1071.49,280.51,0.17,Credit Card,In-Store
T10850,2024-03-19,C949,Ethan Wilson,50+,Male,Africa,Egypt,Cairo,P205,Headphones,Accessories,3,4797,4002.13,794.87,0.2,Debit Card,In-Store
T10851,2024-04-02,C950,Priya Nair,36-50,Male,Asia,India,Bengaluru,P303,Washing Machine,Appliances,4,1812,1238.24,573.76,0.07,Cash,Online
T10852,2024-03-14,C951,Natalie Reed,26-35,Male,Asia,Singapore,Singapore,P303,Washing Machine,Appliances,1,618,372.93,245.07,0.11,Cash,In-Store
T10853,2024-03-14,C952,Emily Clark,36-50,Other,Africa,Kenya,Nairobi,P101,Laptop,Electronics,1,371,330.64,40.36,0.03,Credit Card,Online
T10854,2024-03-02,C953,Daniel Wong,36-50,Other,North America,Canada,Vancouver,P112,Mobile Phone,Electronics,1,1155,937.13,217.87,0.11,Debit Card,In-Store
T10855,2024-03-31,C954,Michael Ross,26-35,Other,Asia,Japan,Tokyo,P520,Microwave Oven,Appliances,1,1277,794.57,482.43,0.15,Net Banking,In-Store
T10856,2024-04-07,C955,Jake Turner,18-25,Other,North America,USA,New York,P402,Monitor,Electronics,1,1876,1276.73,599.27,0.07,Net Banking,In-Store
T10857,2024-03-14,C956,Daniel Wong,26-35,Female,North America,Mexico,Mexico City,P402,Monitor,Electronics,2,142,91.33,50.67,0.15,Net Banking,In-Store
T10858,2024-03-31,C957,Meera Iyer,50+,Male,South America,Brazil,Rio,P402,Monitor,Electronics,1,1568,1388.35,179.65,0.07,Cash,In-Store
T10859,2024-02-23,C958,Priya Nair,36-50,Male,Europe,UK,London,P112,Mobile Phone,Electronics,4,4724,3483.51,1240.49,0.02,UPI,Online
T10860,2024-03-06,C959,Priya Nair,50+,Female,Asia,Japan,Tokyo,P205,Headphones,Accessories,2,2764,1670.93,1093.07,0.24,UPI,In-Store
T10861,2024-03-19,C960,Lucas Brown,50+,Female,Europe,Italy,Milan,P101,Laptop,Electronics,3,5553,4082.6,1470.4,0.17,UPI,Online
T10862,2024-03-10,C961,Sarah Miller,18-25,Other,South America,Brazil,São Paulo,P520,Microwave Oven,Appliances,1,1516,1032.89,483.11,0.15,Cash,Online
T10863,2024-01-29,C962,Daniel Wong,18-25,Female,Asia,India,Delhi,P520,Microwave Oven,Appliances,4,4552,2891.07,1660.93,0.11,Cash,Online
T10864,2024-02-22,C963,Jake Turner,36-50,Male,Africa,South Africa,Cape Town,P303,Washing Machine,Appliances,3,4164,3418.48,745.52,0.22,UPI,In-Store
T10865,2024-04-29,C964,Daniel Wong,50+,Female,North America,Mexico,Monterrey,P112,Mobile Phone,Electronics,2,1834,1486.17,347.83,0.17,UPI,Online
T10866,2024-01-28,C965,Ethan Wilson,36-50,Male,South America,Brazil,São Paulo,P520,Microwave Oven,Appliances,1,930,665.59,264.41,0.23,Cash,In-Store
T10867,2024-01-09,C966,Priya Nair,36-50,Other,Africa,Egypt,Cairo,P101,Laptop,Electronics,4,528,468.48,59.52,0.1,Net Banking,Online
T10868,2024-04-18,C967,Sarah Miller,50+,Male,Africa,Egypt,Cairo,P101,Laptop,Electronics,2,1334,1096.31,237.69,0.05,UPI,In-Store
T10869,2024-02-07,C968,John Carter,50+,Male,Europe,Germany,Munich,P205,Headphones,Accessories,1,891,536.82,354.18,0.11,UPI,In-Store
T10870,2024-02-04,C969,John Carter,26-35,Other,South America,Chile,Santiago,P520,Microwave Oven,Appliances,4,6320,3951.84,2368.16,0.2,Net Banking,In-Store
T10871,2024-04-20,C970,Ethan Wilson,36-50,Male,South America,Chile,Santiago,P520,Microwave Oven,Appliances,3,2079,1518.34,560.66,0.18,Cash,In-Store
T10872,2024-01-26,C971,Lucas Brown,26-35,Female,Africa,Egypt,Cairo,P101,Laptop,Electronics,3,3963,2650.26,1312.74,0.14,Net Banking,In-Store
T10873,2024-02-10,C972,Ethan Wilson,50+,Other,North America,USA,Seattle,P402,Monitor,Electronics,2,522,345.15,176.85,0.16,Cash,Online
T10874,2024-04-26,C973,Ethan Wilson,36-50,Male,Asia,Japan,Osaka,P205,Headphones,Accessories,3,3552,2918.38,633.62,0.0,Debit Card,In-Store
T10875,2024-03-03,C974,Michael Ross,36-50,Male,South America,Brazil,Rio,P303,Washing Machine,Appliances,1,1439,980.31,458.69,0.06,Cash,Online
T10876,2024-02-09,C975,Natalie Reed,36-50,Male,South America,Chile,Santiago,P101,Laptop,Electronics,3,330,240.05,89.95,0.05,Cash,Online
T10877,2024-02-02,C976,Emily Clark,36-50,Male,North America,USA,New York,P303,Washing Machine,Appliances,3,4803,2998.73,1804.27,0.24,Net Banking,Online
T10878,2024-01-10,C977,Aditi Sharma,36-50,Other,Africa,Egypt,Cairo,P101,Laptop,Electronics,2,3246,2320.84,925.16,0.12,Net Banking,Online
T10879,2024-03-03,C978,Michael Ross,18-25,Other,South America,Brazil,São Paulo,P205,Headphones,Accessories,1,553,365.03,187.97,0.15,Credit Card,In-Store
T10880,2024-03-05,C979,Jake Turner,36-50,Other,Africa,Egypt,Cairo,P402,Monitor,Electronics,3,5883,5272.92,610.08,0.07,Cash,In-Store
T10881,2024-04-19,C980,Michael Ross,50+,Female,Europe,Italy,Milan,P402,Monitor,Electronics,2,1540,1349.39,190.61,0.15,Credit Card,Online
T10882,2024-03-29,C981,Ethan Wilson,50+,Female,Europe,UK,Manchester,P520,Microwave Oven,Appliances,3,4326,3718.45,607.55,0.23,Debit Card,Online
T10883,2024-02-06,C982,Jake Turner,18-25,Female,Asia,India,Mumbai,P402,Monitor,Electronics,1,1923,1608.04,314.96,0.11,UPI,In-Store
T10884,2024-03-01,C983,Aditi Sharma,18-25,Other,Europe,Italy,Milan,P205,Headphones,Accessories,2,824,652.1,171.9,0.21,Credit Card,In-Store
T10885,2024-02-09,C984,Jake Turner,36-50,Male,South America,Chile,Santiago,P303,Washing Machine,Appliances,4,6796,5401.44,1394.56,0.23,Net Banking,Online
T10886,2024-04-01,C985,Lucas Brown,50+,Other,North America,Canada,Toronto,P112,Mobile Phone,Electronics,2,3878,2908.59,969.41,0.2,UPI,Online
T10887,2024-02-27,C986,Sarah Miller,18-25,Other,Europe,Germany,Berlin,P112,Mobile Phone,Electronics,1,1278,882.22,395.78,0.13,UPI,Online
T10888,2024-03-01,C987,Aditi Sharma,50+,Other,North America,Canada,Toronto,P520,Microwave Oven,Appliances,3,2613,1589.99,1023.01,0.05,UPI,In-Store
T10889,2024-01-01,C988,Maria Gomez,26-35,Male,Africa,South Africa,Cape Town,P112,Mobile Phone,Electronics,3,3228,2333.53,894.47,0.16,Cash,Online
T10890,2024-01-01,C989,Meera Iyer,26-35,Male,Asia,India,Mumbai,P402,Monitor,Electronics,2,2222,1407.78,814.22,0.13,Credit Card,In-Store
T10891,2024-04-22,C990,Emily Clark,50+,Male,Europe,UK,London,P402,Monitor,Electronics,2,1818,1453.07,364.93,0.22,Cash,In-Store
T10892,2024-04-18,C991,Ethan Wilson,50+,Male,South America,Brazil,São Paulo,P402,Monitor,Electronics,3,5007,3674.44,1332.56,0.2,UPI,Online
T10893,2024-01-01,C992,Maria Gomez,50+,Male,North America,USA,New York,P101,Laptop,Electronics,4,756,510.29,245.71,0.13,Cash,In-Store
T10894,2024-01-23,C993,Meera Iyer,18-25,Female,North America,Mexico,Mexico City,P520,Microwave Oven,Appliances,1,326,268.22,57.78,0.02,Credit Card,Online
T10895,2024-03-28,C994,Jake Turner,18-25,Female,North America,Mexico,Monterrey,P520,Microwave Oven,Appliances,1,1822,1261.44,560.56,0.23,Net Banking,In-Store
T10896,2024-04-05,C995,Sonia Patel,18-25,Female,North America,USA,Seattle,P402,Monitor,Electronics,1,1621,1280.05,340.95,0.09,Credit Card,Online
T10897,2024-02-27,C996,Priya Nair,50+,Female,Asia,Singapore,Singapore,P112,Mobile Phone,Electronics,3,2691,2322.05,368.95,0.03,Net Banking,Online
T10898,2024-01-09,C997,Sonia Patel,50+,Male,Africa,Egypt,Cairo,P520,Microwave Oven,Appliances,2,2120,1799.16,320.84,0.09,Cash,Online
T10899,2024-02-10,C998,Meera Iyer,36-50,Male,Asia,Japan,Osaka,P101,Laptop,Electronics,2,620,497.91,122.09,0.21,Cash,In-Store
T10900,2024-03-27,C999,John Carter,50+,Female,South America,Brazil,São Paulo,P205,Headphones,Accessories,4,1852,1355.23,496.77,0.15,Debit Card,In-Store
T10901,2024-01-29,C1000,Natalie Reed,26-35,Female,Asia,UAE,Abu Dhabi,P205,Headphones,Accessories,3,5250,3797.47,1452.53,0.18,Net Banking,In-Store
T10902,2024-04-25,C1001,Jake Turner,26-35,Male,Asia,Japan,Osaka,P520,Microwave Oven,Appliances,3,5091,3234.14,1856.86,0.04,UPI,In-Store
T10903,2024-04-13,C1002,Michael Ross,50+,Female,Europe,UK,Manchester,P205,Headphones,Accessories,1,499,379.02,119.98,0.2,Net Banking,In-Store
T10904,2024-04-03,C1003,Natalie Reed,50+,Male,Africa,South Africa,Johannesburg,P112,Mobile Phone,Electronics,2,1614,1008.86,605.14,0.0,Cash,In-Store
T10905,2024-04-16,C1004,Lucas Brown,36-50,Male,North America,USA,Seattle,P205,Headphones,Accessories,4,3948,3413.04,534.96,0.03,UPI,In-Store
T10906,2024-04-20,C1005,Emily Clark,50+,Other,Europe,Germany,Munich,P205,Headphones,Accessories,4,656,437.36,218.64,0.13,Net Banking,Online
T10907,2024-01-28,C1006,Emily Clark,50+,Male,Asia,Japan,Tokyo,P520,Microwave Oven,Appliances,3,765,497.31,267.69,0.06,UPI,Online
T10908,2024-01-19,C1007,Sonia Patel,36-50,Other,North America,USA,Chicago,P520,Microwave Oven,Appliances,2,3968,3272.87,695.13,0.14,UPI,Online
T10909,2024-04-16,C1008,Ethan Wilson,18-25,Female,Europe,UK,Manchester,P520,Microwave Oven,Appliances,1,186,134.8,51.2,0.11,Debit Card,In-Store
T10910,2024-01-19,C1009,Sarah Miller,36-50,Other,Africa,Egypt,Cairo,P520,Microwave Oven,Appliances,3,1137,822.69,314.31,0.19,Cash,In-Store
T10911,2024-01-29,C1010,Emily Clark,18-25,Male,Asia,Singapore,Singapore,P303,Washing Machine,Appliances,2,2854,2065.12,788.88,0.22,Net Banking,Online
T10912,2024-02-03,C1011,Sarah Miller,18-25,Male,Europe,Italy,Rome,P101,Laptop,Electronics,1,288,182.77,105.23,0.15,Net Banking,Online
T10913,2024-03-04,C1012,Jake Turner,36-50,Male,Asia,Japan,Osaka,P520,Microwave Oven,Appliances,1,974,712.7,261.3,0.25,Debit Card,In-Store
T10914,2024-01-17,C1013,Ethan Wilson,36-50,Female,South America,Chile,Santiago,P101,Laptop,Electronics,3,4026,2888.89,1137.11,0.22,Cash,Online
T10915,2024-01-07,C1014,Aditi Sharma,36-50,Female,Africa,Egypt,Cairo,P101,Laptop,Electronics,2,1732,1533.57,198.43,0.19,Cash,In-Store
T10916,2024-03-02,C1015,Maria Gomez,26-35,Female,South America,Argentina,Buenos Aires,P112,Mobile Phone,Electronics,1,220,136.56,83.44,0.12,Debit Card,Online
T10917,2024-03-19,C1016,Maria Gomez,36-50,Other,South America,Brazil,São Paulo,P101,Laptop,Electronics,1,1702,1134.5,567.5,0.18,Debit Card,In-Store
T10918,2024-01-16,C1017,Sarah Miller,36-50,Other,North America,USA,Chicago,P402,Monitor,Electronics,1,1895,1548.28,346.72,0.13,Cash,In-Store
T10919,2024-03-05,C1018,Aditi Sharma,18-25,Female,North America,USA,Seattle,P402,Monitor,Electronics,1,554,477.69,76.31,0.05,Debit Card,In-Store
T10920,2024-04-17,C1019,Ethan Wilson,26-35,Male,Europe,France,Paris,P112,Mobile Phone,Electronics,3,2037,1705.92,331.08,0.11,Credit Card,In-Store
T10921,2024-03-23,C1020,Daniel Wong,36-50,Female,South America,Brazil,São Paulo,P402,Monitor,Electronics,3,3033,2187.92,845.08,0.12,Cash,In-Store
T10922,2024-01-11,C1021,Daniel Wong,18-25,Male,South America,Argentina,Buenos Aires,P402,Monitor,Electronics,1,991,709.9,281.1,0.2,Cash,Online
T10923,2024-02-20,C1022,Rohan Gupta,50+,Male,Africa,Kenya,Nairobi,P205,Headphones,Accessories,4,2436,1613.57,822.43,0.01,Cash,In-Store
T10924,2024-01-06,C1023,Aditi Sharma,50+,Male,Europe,Germany,Berlin,P112,Mobile Phone,Electronics,4,3200,2440.09,759.91,0.24,Net Banking,Online
T10925,2024-04-01,C1024,Meera Iyer,18-25,Female,North America,Mexico,Monterrey,P101,Laptop,Electronics,4,3496,3127.21,368.79,0.11,UPI,In-Store
T10926,2024-03-17,C1025,Ethan Wilson,36-50,Male,Africa,South Africa,Johannesburg,P303,Washing Machine,Appliances,1,384,257.07,126.93,0.24,Credit Card,Online
T10927,2024-04-15,C1026,Aditi Sharma,26-35,Male,North America,Canada,Vancouver,P101,Laptop,Electronics,1,372,247.76,124.24,0.09,Net Banking,Online
T10928,2024-03-04,C1027,Jake Turner,50+,Other,Asia,UAE,Abu Dhabi,P402,Monitor,Electronics,4,432,350.78,81.22,0.09,Debit Card,Online
T10929,2024-02-29,C1028,Emily Clark,26-35,Other,North America,Canada,Vancouver,P101,Laptop,Electronics,4,3568,2843.76,724.24,0.18,Debit Card,Online
T10930,2024-03-31,C1029,Daniel Wong,50+,Other,Asia,Singapore,Singapore,P205,Headphones,Accessories,2,2616,2222.06,393.94,0.21,Cash,Online
T10931,2024-01-09,C1030,Priya Nair,18-25,Female,Africa,South Africa,Johannesburg,P101,Laptop,Electronics,4,2880,2423.08,456.92,0.19,Cash,Online
T10932,2024-03-19,C1031,Ethan Wilson,18-25,Female,North America,Mexico,Mexico City,P402,Monitor,Electronics,4,5928,4590.08,1337.92,0.11,Net Banking,In-Store
T10933,2024-02-27,C1032,Natalie Reed,50+,Other,Europe,France,Paris,P205,Headphones,Accessories,1,1441,1189.58,251.42,0.2,Net Banking,In-Store
T10934,2024-02-27,C1033,Jake Turner,18-25,Male,South America,Chile,Santiago,P205,Headphones,Accessories,4,7176,4337.09,2838.91,0.05,Cash,Online
T10935,2024-02-13,C1034,Rohan Gupta,18-25,Other,Asia,India,Mumbai,P520,Microwave Oven,Appliances,1,620,403.6,216.4,0.05,Net Banking,In-Store
T10936,2024-04-01,C1035,Emily Clark,50+,Other,Europe,UK,London,P520,Microwave Oven,Appliances,2,1948,1261.53,686.47,0.06,UPI,Online
T10937,2024-04-04,C1036,Meera Iyer,18-25,Female,Europe,Germany,Munich,P101,Laptop,Electronics,3,5586,4447.8,1138.2,0.22,Credit Card,Online
T10938,2024-04-10,C1037,Priya Nair,18-25,Other,Africa,Kenya,Nairobi,P520,Microwave Oven,Appliances,1,1543,1276.8,266.2,0.08,Cash,Online
T10939,2024-03-01,C1038,Emily Clark,50+,Other,North America,USA,New York,P402,Monitor,Electronics,1,316,215.29,100.71,0.05,UPI,In-Store
T10940,2024-02-28,C1039,Meera Iyer,50+,Other,South America,Chile,Santiago,P520,Microwave Oven,Appliances,1,1113,868.06,244.94,0.22,Net Banking,Online
T10941,2024-04-03,C1040,Sonia Patel,18-25,Other,Africa,Egypt,Cairo,P402,Monitor,Electronics,4,2796,2102.92,693.08,0.05,Debit Card,Online
T10942,2024-03-21,C1041,Aditi Sharma,36-50,Other,Africa,Egypt,Cairo,P112,Mobile Phone,Electronics,2,1126,720.75,405.25,0.11,UPI,Online
T10943,2024-01-23,C1042,Maria Gomez,36-50,Other,Europe,Germany,Munich,P101,Laptop,Electronics,2,2782,2333.74,448.26,0.07,Credit Card,In-Store
T10944,2024-02-07,C1043,Maria Gomez,36-50,Male,Asia,India,Mumbai,P101,Laptop,Electronics,1,288,227.82,60.18,0.19,Cash,In-Store
T10945,2024-03-01,C1044,Rohan Gupta,18-25,Male,Africa,Kenya,Nairobi,P101,Laptop,Electronics,1,1039,707.41,331.59,0.05,Credit Card,Online
T10946,2024-04-19,C1045,Aditi Sharma,26-35,Male,Asia,Singapore,Singapore,P101,Laptop,Electronics,1,972,756.79,215.21,0.07,UPI,Online
T10947,2024-04-12,C1046,Maria Gomez,18-25,Female,South America,Brazil,Rio,P402,Monitor,Electronics,1,1024,866.81,157.19,0.12,Credit Card,Online
T10948,2024-04-28,C1047,John Carter,50+,Male,Europe,France,Paris,P303,Washing Machine,Appliances,2,2826,2351.51,474.49,0.19,Net Banking,Online
T10949,2024-02-02,C1048,John Carter,50+,Male,Europe,France,Paris,P205,Headphones,Accessories,4,1764,1074.88,689.12,0.06,Cash,In-Store
T10950,2024-03-10,C1049,Maria Gomez,26-35,Other,Europe,Germany,Munich,P205,Headphones,Accessories,1,454,393.41,60.59,0.21,UPI,In-Store
T10951,2024-02-29,C1050,Rohan Gupta,26-35,Female,Africa,South Africa,Cape Town,P520,Microwave Oven,Appliances,4,7548,6038.81,1509.19,0.08,UPI,In-Store
T10952,2024-02-25,C1051,Priya Nair,26-35,Male,South America,Argentina,Buenos Aires,P101,Laptop,Electronics,2,3544,2673.1,870.9,0.18,Cash,Online
T10953,2024-03-11,C1052,Aditi Sharma,36-50,Female,South America,Argentina,Buenos Aires,P205,Headphones,Accessories,4,504,427.2,76.8,0.21,Cash,Online
T10954,2024-03-15,C1053,John Carter,50+,Other,South America,Chile,Santiago,P112,Mobile Phone,Electronics,1,1255,1019.12,235.88,0.24,Debit Card,In-Store
T10955,2024-01-27,C1054,Daniel Wong,26-35,Male,North America,Mexico,Monterrey,P520,Microwave Oven,Appliances,4,6900,4816.14,2083.86,0.19,Cash,In-Store
T10956,2024-04-05,C1055,Lucas Brown,50+,Other,Europe,Germany,Munich,P402,Monitor,Electronics,1,507,305.07,201.93,0.12,Net Banking,Online
T10957,2024-04-04,C1056,Sarah Miller,18-25,Female,South America,Argentina,Buenos Aires,P101,Laptop,Electronics,3,4419,3196.52,1222.48,0.03,Credit Card,Online
T10958,2024-04-25,C1057,Michael Ross,50+,Female,Asia,India,Bengaluru,P101,Laptop,Electronics,3,5316,4543.87,772.13,0.1,Net Banking,Online
T10959,2024-01-30,C1058,Ethan Wilson,26-35,Male,Europe,Italy,Rome,P520,Microwave Oven,Appliances,3,1671,1330.62,340.38,0.06,Debit Card,Online
T10960,2024-02-07,C1059,Priya Nair,36-50,Male,Africa,Kenya,Nairobi,P205,Headphones,Accessories,3,1533,1341.35,191.65,0.18,Net Banking,Online
T10961,2024-04-09,C1060,Sarah Miller,50+,Male,North America,Canada,Toronto,P205,Headphones,Accessories,4,7072,6019.23,1052.77,0.15,Debit Card,In-Store
T10962,2024-04-08,C1061,Lucas Brown,50+,Other,South America,Brazil,Rio,P112,Mobile Phone,Electronics,3,3843,2784.04,1058.96,0.1,Credit Card,Online
T10963,2024-03-23,C1062,Maria Gomez,50+,Male,Asia,India,Mumbai,P520,Microwave Oven,Appliances,1,117,104.97,12.03,0.19,Cash,In-Store
T10964,2024-02-12,C1063,John Carter,50+,Female,South America,Brazil,Rio,P402,Monitor,Electronics,2,246,157.82,88.18,0.14,Net Banking,Online
T10965,2024-02-17,C1064,John Carter,26-35,Female,South America,Argentina,Buenos Aires,P205,Headphones,Accessories,3,2712,2382.37,329.63,0.23,Cash,Online
T10966,2024-02-24,C1065,Maria Gomez,18-25,Female,Africa,Kenya,Nairobi,P520,Microwave Oven,Appliances,4,7128,5630.56,1497.44,0.12,Net Banking,In-Store
T10967,2024-01-21,C1066,Michael Ross,18-25,Male,North America,Canada,Vancouver,P303,Washing Machine,Appliances,4,6540,5198.34,1341.66,0.2,Credit Card,In-Store
T10968,2024-03-24,C1067,Jake Turner,26-35,Male,North America,Mexico,Monterrey,P402,Monitor,Electronics,2,3988,2995.79,992.21,0.24,Net Banking,In-Store
T10969,2024-03-01,C1068,Rohan Gupta,26-35,Female,North America,USA,Seattle,P402,Monitor,Electronics,2,2456,1972.81,483.19,0.09,Cash,In-Store
T10970,2024-03-27,C1069,Maria Gomez,50+,Male,South America,Brazil,São Paulo,P303,Washing Machine,Appliances,3,978,772.12,205.88,0.01,Net Banking,Online
T10971,2024-02-28,C1070,Rohan Gupta,50+,Female,North America,USA,Chicago,P205,Headphones,Accessories,3,2718,2159.7,558.3,0.07,Cash,Online
T10972,2024-03-23,C1071,Daniel Wong,50+,Other,Europe,Germany,Munich,P402,Monitor,Electronics,1,1137,958.58,178.42,0.1,Cash,Online
T10973,2024-04-13,C1072,Lucas Brown,50+,Other,Europe,Italy,Rome,P205,Headphones,Accessories,4,1820,1340.52,479.48,0.17,Credit Card,In-Store
T10974,2024-04-02,C1073,Lucas Brown,18-25,Male,South America,Chile,Santiago,P112,Mobile Phone,Electronics,2,1406,869.16,536.84,0.17,Credit Card,Online
T10975,2024-02-02,C1074,Michael Ross,36-50,Male,South America,Brazil,Rio,P520,Microwave Oven,Appliances,3,3396,2750.39,645.61,0.21,UPI,Online
T10976,2024-04-27,C1075,Daniel Wong,18-25,Male,Europe,France,Lyon,P402,Monitor,Electronics,4,5180,4522.47,657.53,0.16,UPI,Online
T10977,2024-03-30,C1076,Jake Turner,18-25,Female,Europe,Italy,Rome,P402,Monitor,Electronics,2,124,80.12,43.88,0.14,UPI,Online
T10978,2024-04-11,C1077,Priya Nair,18-25,Male,Africa,Kenya,Nairobi,P402,Monitor,Electronics,2,3754,2340.87,1413.13,0.19,UPI,Online
T10979,2024-04-17,C1078,Priya Nair,26-35,Male,South America,Brazil,Rio,P402,Monitor,Electronics,4,7536,4639.14,2896.86,0.01,Net Banking,Online
T10980,2024-02-09,C1079,Meera Iyer,50+,Male,Africa,Egypt,Cairo,P101,Laptop,Electronics,2,1950,1705.67,244.33,0.15,Net Banking,Online
T10981,2024-02-24,C1080,Lucas Brown,50+,Female,Asia,Singapore,Singapore,P112,Mobile Phone,Electronics,4,3964,3162.14,801.86,0.05,Credit Card,Online
T10982,2024-02-14,C1081,John Carter,36-50,Female,North America,Mexico,Mexico City,P303,Washing Machine,Appliances,3,3936,3168.62,767.38,0.09,Debit Card,In-Store
T10983,2024-03-27,C1082,Sarah Miller,50+,Male,South America,Chile,Santiago,P101,Laptop,Electronics,4,5316,4469.65,846.35,0.25,Net Banking,Online
T10984,2024-03-24,C1083,Emily Clark,26-35,Other,Asia,Singapore,Singapore,P205,Headphones,Accessories,1,1307,1055.22,251.78,0.15,Cash,In-Store
T10985,2024-02-26,C1084,Natalie Reed,50+,Male,North America,USA,Seattle,P101,Laptop,Electronics,4,5120,4373.59,746.41,0.02,Cash,In-Store
T10986,2024-01-20,C1085,Aditi Sharma,18-25,Male,Africa,Egypt,Cairo,P303,Washing Machine,Appliances,4,7264,5307.21,1956.79,0.1,Net Banking,Online
T10987,2024-01-17,C1086,Jake Turner,26-35,Male,South America,Brazil,Rio,P101,Laptop,Electronics,4,3436,3028.45,407.55,0.02,UPI,In-Store
T10988,2024-01-11,C1087,Ethan Wilson,18-25,Male,Asia,Singapore,Singapore,P101,Laptop,Electronics,2,2288,1517.49,770.51,0.06,Debit Card,In-Store
T10989,2024-01-20,C1088,Emily Clark,50+,Male,Africa,Kenya,Nairobi,P303,Washing Machine,Appliances,2,2862,2526.33,335.67,0.02,Net Banking,In-Store
T10990,2024-01-15,C1089,Natalie Reed,26-35,Male,Africa,Kenya,Nairobi,P520,Microwave Oven,Appliances,1,1157,1031.95,125.05,0.19,Net Banking,Online
T10991,2024-02-09,C1090,Sonia Patel,18-25,Male,Africa,South Africa,Johannesburg,P101,Laptop,Electronics,4,5476,3299.9,2176.1,0.04,Credit Card,In-Store
T10992,2024-01-11,C1091,Emily Clark,50+,Other,Africa,Kenya,Nairobi,P303,Washing Machine,Appliances,2,482,332.49,149.51,0.06,Debit Card,Online
T10993,2024-02-29,C1092,Lucas Brown,18-25,Male,Europe,Italy,Rome,P303,Washing Machine,Appliances,2,176,124.9,51.1,0.09,Cash,In-Store
T10994,2024-01-13,C1093,Sonia Patel,18-25,Female,Europe,Germany,Berlin,P303,Washing Machine,Appliances,4,340,225.47,114.53,0.2,Credit Card,Online
T10995,2024-04-04,C1094,Priya Nair,36-50,Male,Europe,Germany,Munich,P101,Laptop,Electronics,2,430,369.54,60.46,0.04,Credit Card,Online
T10996,2024-03-27,C1095,Lucas Brown,18-25,Female,Africa,Kenya,Nairobi,P402,Monitor,Electronics,2,3430,2911.36,518.64,0.18,Net Banking,In-Store
T10997,2024-02-15,C1096,John Carter,36-50,Female,Europe,France,Paris,P205,Headphones,Accessories,4,5052,3239.06,1812.94,0.15,UPI,In-Store
T10998,2024-02-09,C1097,Maria Gomez,18-25,Male,Africa,Egypt,Cairo,P205,Headphones,Accessories,4,1148,796.15,351.85,0.0,Debit Card,Online
T10999,2024-02-29,C1098,Ethan Wilson,36-50,Other,Asia,Singapore,Singapore,P112,Mobile Phone,Electronics,2,2832,1769.1,1062.9,0.11,Debit Card,Online
T11000,2024-04-04,C1099,Michael Ross,36-50,Male,South America,Brazil,Rio,P303,Washing Machine,Appliances,2,1748,1423.84,324.16,0.07,Debit Card,In-Store
T11001,2024-04-07,C1100,Priya Nair,18-25,Other,South America,Brazil,São Paulo,P520,Microwave Oven,Appliances,1,839,685.88,153.12,0.14,Cash,Online
T11002,2024-04-24,C1101,Priya Nair,50+,Male,Africa,Kenya,Nairobi,P402,Monitor,Electronics,4,3940,3149.09,790.91,0.05,UPI,In-Store
T11003,2024-03-19,C1102,Ethan Wilson,18-25,Female,Europe,UK,Manchester,P101,Laptop,Electronics,3,4728,4028.41,699.59,0.25,Cash,Online
T11004,2024-01-09,C1103,Rohan Gupta,18-25,Female,Africa,Egypt,Cairo,P205,Headphones,Accessories,4,2836,1715.06,1120.94,0.13,Credit Card,In-Store
T11005,2024-03-17,C1104,Aditi Sharma,18-25,Male,South America,Chile,Santiago,P112,Mobile Phone,Electronics,4,1000,747.77,252.23,0.12,Cash,In-Store
T11006,2024-03-23,C1105,Sarah Miller,36-50,Female,North America,Canada,Toronto,P112,Mobile Phone,Electronics,4,5600,3556.58,2043.42,0.2,Debit Card,Online
T11007,2024-01-16,C1106,Sonia Patel,36-50,Female,North America,Mexico,Monterrey,P520,Microwave Oven,Appliances,3,5640,4152.15,1487.85,0.19,Cash,In-Store
T11008,2024-03-02,C1107,Lucas Brown,50+,Male,Africa,South Africa,Cape Town,P112,Mobile Phone,Electronics,4,7928,6873.3,1054.7,0.2,UPI,In-Store
T11009,2024-01-06,C1108,Lucas Brown,50+,Male,Asia,Japan,Osaka,P205,Headphones,Accessories,3,4986,3858.14,1127.86,0.12,Debit Card,Online
T11010,2024-04-04,C1109,Meera Iyer,50+,Male,Asia,India,Mumbai,P402,Monitor,Electronics,2,2410,2147.48,262.52,0.23,Cash,In-Store
T11011,2024-03-17,C1110,Meera Iyer,26-35,Female,Asia,Singapore,Singapore,P112,Mobile Phone,Electronics,4,5040,3237.53,1802.47,0.14,Net Banking,In-Store
T11012,2024-04-01,C1111,Ethan Wilson,18-25,Female,Europe,France,Paris,P101,Laptop,Electronics,1,1807,1547.29,259.71,0.12,Net Banking,In-Store
T11013,2024-04-27,C1112,Jake Turner,26-35,Male,Africa,South Africa,Cape Town,P112,Mobile Phone,Electronics,2,1538,1054.63,483.37,0.23,Net Banking,Online
T11014,2024-03-12,C1113,John Carter,18-25,Other,Asia,UAE,Dubai,P520,Microwave Oven,Appliances,3,363,258.22,104.78,0.2,Debit Card,In-Store
T11015,2024-02-01,C1114,Daniel Wong,18-25,Male,South America,Brazil,Rio,P205,Headphones,Accessories,3,2865,2034.77,830.23,0.02,Cash,Online
T11016,2024-02-18,C1115,Sarah Miller,26-35,Female,Europe,Italy,Rome,P112,Mobile Phone,Electronics,3,5616,4335.37,1280.63,0.08,UPI,Online
T11017,2024-02-21,C1116,Jake Turner,18-25,Male,North America,Mexico,Monterrey,P402,Monitor,Electronics,1,1200,799.38,400.62,0.05,Debit Card,Online
T11018,2024-03-24,C1117,Meera Iyer,36-50,Female,Asia,UAE,Abu Dhabi,P112,Mobile Phone,Electronics,3,1296,879.95,416.05,0.0,Debit Card,Online
T11019,2024-02-11,C1118,Daniel Wong,18-25,Male,South America,Brazil,São Paulo,P303,Washing Machine,Appliances,2,650,463.42,186.58,0.06,Cash,In-Store
T11020,2024-02-05,C1119,Maria Gomez,18-25,Female,Europe,Italy,Milan,P402,Monitor,Electronics,1,1970,1389.57,580.43,0.02,Net Banking,Online
T11021,2024-02-27,C1120,John Carter,50+,Male,South America,Chile,Santiago,P303,Washing Machine,Appliances,4,7216,4416.32,2799.68,0.07,Net Banking,In-Store
T11022,2024-01-08,C1121,Jake Turner,26-35,Male,North America,Mexico,Monterrey,P303,Washing Machine,Appliances,3,4641,3878.69,762.31,0.15,Net Banking,Online
T11023,2024-04-10,C1122,Emily Clark,26-35,Female,South America,Brazil,São Paulo,P101,Laptop,Electronics,1,205,169.78,35.22,0.04,Debit Card,In-Store
T11024,2024-01-02,C1123,Lucas Brown,36-50,Female,North America,USA,Chicago,P303,Washing Machine,Appliances,2,1542,1162.48,379.52,0.18,Credit Card,Online
T11025,2024-01-13,C1124,Lucas Brown,18-25,Female,Europe,UK,London,P520,Microwave Oven,Appliances,4,2188,1573.96,614.04,0.21,Net Banking,Online
T11026,2024-01-13,C1125,Natalie Reed,36-50,Female,Europe,Germany,Berlin,P205,Headphones,Accessories,3,1965,1299.52,665.48,0.09,UPI,Online
T11027,2024-02-09,C1126,Rohan Gupta,50+,Other,South America,Brazil,Rio,P402,Monitor,Electronics,3,2031,1626.85,404.15,0.12,Credit Card,In-Store
T11028,2024-04-17,C1127,Sarah Miller,50+,Male,Europe,UK,Manchester,P101,Laptop,Electronics,3,1842,1132.96,709.04,0.01,Cash,Online
T11029,2024-02-02,C1128,Daniel Wong,50+,Female,North America,Mexico,Mexico City,P303,Washing Machine,Appliances,1,357,313.63,43.37,0.25,Net Banking,Online
T11030,2024-02-13,C1129,John Carter,36-50,Male,South America,Argentina,Buenos Aires,P520,Microwave Oven,Appliances,3,5748,4223.12,1524.88,0.06,UPI,In-Store
T11031,2024-01-15,C1130,Aditi Sharma,36-50,Female,Asia,Singapore,Singapore,P303,Washing Machine,Appliances,4,6216,5171.8,1044.2,0.23,UPI,Online
T11032,2024-01-08,C1131,Meera Iyer,36-50,Other,Africa,Egypt,Cairo,P303,Washing Machine,Appliances,4,6960,4538.26,2421.74,0.09,Net Banking,In-Store
T11033,2024-04-13,C1132,Daniel Wong,36-50,Male,North America,USA,New York,P520,Microwave Oven,Appliances,2,3550,2189.13,1360.87,0.14,UPI,Online
T11034,2024-04-04,C1133,John Carter,18-25,Female,South America,Chile,Santiago,P112,Mobile Phone,Electronics,1,1554,1042.86,511.14,0.17,UPI,In-Store
T11035,2024-03-25,C1134,Meera Iyer,26-35,Other,Europe,France,Paris,P101,Laptop,Electronics,4,5920,5198.98,721.02,0.09,Cash,Online
T11036,2024-04-11,C1135,Lucas Brown,50+,Male,Asia,Singapore,Singapore,P303,Washing Machine,Appliances,1,542,459.65,82.35,0.13,Credit Card,In-Store
T11037,2024-04-14,C1136,Sarah Miller,50+,Female,Asia,India,Mumbai,P112,Mobile Phone,Electronics,1,276,200.26,75.74,0.07,Cash,In-Store
T11038,2024-01-21,C1137,Lucas Brown,50+,Other,South America,Chile,Santiago,P402,Monitor,Electronics,3,4569,3656.85,912.15,0.23,UPI,In-Store
T11039,2024-01-28,C1138,Lucas Brown,18-25,Other,Europe,UK,London,P520,Microwave Oven,Appliances,3,966,768.95,197.05,0.05,Cash,Online
T11040,2024-01-28,C1139,Jake Turner,26-35,Other,Africa,Egypt,Cairo,P520,Microwave Oven,Appliances,2,3246,2869.95,376.05,0.22,Debit Card,In-Store
T11041,2024-03-08,C1140,Jake Turner,18-25,Female,Africa,Egypt,Cairo,P303,Washing Machine,Appliances,2,2582,2256.36,325.64,0.08,Cash,Online
T11042,2024-01-13,C1141,Rohan Gupta,36-50,Male,South America,Chile,Santiago,P520,Microwave Oven,Appliances,4,6572,5354.96,1217.04,0.18,UPI,In-Store
T11043,2024-04-28,C1142,Aditi Sharma,50+,Female,North America,Canada,Vancouver,P303,Washing Machine,Appliances,4,6268,5254.74,1013.26,0.07,Cash,Online
T11044,2024-04-19,C1143,Priya Nair,18-25,Other,North America,USA,Seattle,P112,Mobile Phone,Electronics,4,7076,5185.57,1890.43,0.07,Debit Card,In-Store
T11045,2024-03-22,C1144,Lucas Brown,50+,Other,South America,Chile,Santiago,P112,Mobile Phone,Electronics,4,7524,5735.55,1788.45,0.25,Cash,Online
T11046,2024-03-28,C1145,Ethan Wilson,18-25,Female,Africa,Egypt,Cairo,P303,Washing Machine,Appliances,4,1676,1472.52,203.48,0.02,UPI,In-Store
T11047,2024-01-09,C1146,Ethan Wilson,18-25,Male,South America,Chile,Santiago,P520,Microwave Oven,Appliances,3,2883,2343.99,539.01,0.07,Credit Card,Online
T11048,2024-04-28,C1147,Natalie Reed,18-25,Male,South America,Brazil,São Paulo,P112,Mobile Phone,Electronics,2,1596,1171.49,424.51,0.13,Cash,Online
T11049,2024-01-24,C1148,Emily Clark,50+,Female,Africa,Kenya,Nairobi,P101,Laptop,Electronics,2,1358,1084.46,273.54,0.19,UPI,Online
T11050,2024-03-04,C1149,Emily Clark,50+,Other,Asia,Japan,Osaka,P303,Washing Machine,Appliances,4,4332,2829.48,1502.52,0.07,Debit Card,In-Store
T11051,2024-03-07,C1150,Rohan Gupta,18-25,Female,Europe,Germany,Berlin,P402,Monitor,Electronics,2,2712,1672.44,1039.56,0.0,Cash,In-Store
T11052,2024-03-16,C1151,Lucas Brown,26-35,Male,Africa,South Africa,Johannesburg,P303,Washing Machine,Appliances,1,1766,1191.76,574.24,0.18,UPI,Online
T11053,2024-03-27,C1152,Maria Gomez,36-50,Male,North America,USA,Seattle,P520,Microwave Oven,Appliances,3,1449,1258.7,190.3,0.23,Debit Card,Online
T11054,2024-03-27,C1153,Meera Iyer,26-35,Female,South America,Brazil,São Paulo,P520,Microwave Oven,Appliances,4,928,586.6,341.4,0.11,UPI,In-Store
T11055,2024-03-06,C1154,Priya Nair,50+,Other,Africa,South Africa,Johannesburg,P303,Washing Machine,Appliances,2,3944,2771.18,1172.82,0.11,Debit Card,Online
T11056,2024-02-18,C1155,Sonia Patel,18-25,Female,Europe,France,Paris,P520,Microwave Oven,Appliances,4,7196,4691.81,2504.19,0.12,Cash,Online
T11057,2024-04-25,C1156,Sonia Patel,18-25,Male,South America,Argentina,Buenos Aires,P402,Monitor,Electronics,2,3676,2749.08,926.92,0.07,Credit Card,In-Store
T11058,2024-02-21,C1157,Rohan Gupta,50+,Other,South America,Chile,Santiago,P112,Mobile Phone,Electronics,3,4125,3257.39,867.61,0.15,Cash,Online
T11059,2024-01-05,C1158,Michael Ross,36-50,Female,Africa,South Africa,Cape Town,P112,Mobile Phone,Electronics,2,1348,827.1,520.9,0.05,UPI,In-Store
T11060,2024-03-27,C1159,Daniel Wong,26-35,Male,South America,Brazil,Rio,P402,Monitor,Electronics,4,560,492.5,67.5,0.21,Net Banking,Online
T11061,2024-03-26,C1160,John Carter,26-35,Male,North America,Canada,Vancouver,P402,Monitor,Electronics,4,6944,5623.99,1320.01,0.1,UPI,Online
T11062,2024-01-10,C1161,Emily Clark,50+,Female,Asia,Japan,Osaka,P205,Headphones,Accessories,1,1253,755.86,497.14,0.21,UPI,Online
T11063,2024-03-01,C1162,Aditi Sharma,18-25,Male,South America,Chile,Santiago,P520,Microwave Oven,Appliances,4,216,136.0,80.0,0.02,Debit Card,In-Store
T11064,2024-02-06,C1163,Maria Gomez,26-35,Female,Africa,Kenya,Nairobi,P303,Washing Machine,Appliances,4,1968,1759.73,208.27,0.05,Net Banking,In-Store
T11065,2024-03-13,C1164,Sonia Patel,36-50,Male,Europe,Italy,Milan,P112,Mobile Phone,Electronics,3,2403,2006.63,396.37,0.17,Credit Card,In-Store
T11066,2024-02-20,C1165,Natalie Reed,50+,Male,South America,Chile,Santiago,P520,Microwave Oven,Appliances,2,3704,2813.88,890.12,0.03,UPI,Online
T11067,2024-03-30,C1166,Ethan Wilson,36-50,Other,North America,Mexico,Mexico City,P520,Microwave Oven,Appliances,1,940,774.98,165.02,0.14,Credit Card,In-Store
T11068,2024-02-23,C1167,Lucas Brown,50+,Female,Asia,Singapore,Singapore,P303,Washing Machine,Appliances,4,7852,6580.54,1271.46,0.01,Debit Card,In-Store
T11069,2024-02-27,C1168,Jake Turner,50+,Other,Asia,Singapore,Singapore,P101,Laptop,Electronics,1,1769,1245.83,523.17,0.01,UPI,Online
T11070,2024-02-21,C1169,Jake Turner,50+,Other,North America,USA,New York,P402,Monitor,Electronics,1,1661,1257.5,403.5,0.05,UPI,In-Store
T11071,2024-04-10,C1170,Daniel Wong,36-50,Male,Europe,France,Lyon,P520,Microwave Oven,Appliances,3,1302,879.97,422.03,0.14,Cash,In-Store
T11072,2024-02-23,C1171,Priya Nair,36-50,Female,Europe,UK,London,P402,Monitor,Electronics,2,908,747.79,160.21,0.02,Credit Card,Online
T11073,2024-04-08,C1172,John Carter,18-25,Female,Africa,South Africa,Johannesburg,P205,Headphones,Accessories,1,1281,907.93,373.07,0.2,Debit Card,In-Store
T11074,2024-01-17,C1173,Meera Iyer,50+,Other,North America,Mexico,Monterrey,P112,Mobile Phone,Electronics,2,1302,842.15,459.85,0.21,UPI,In-Store
T11075,2024-04-21,C1174,Sarah Miller,36-50,Other,Africa,Kenya,Nairobi,P101,Laptop,Electronics,2,956,814.77,141.23,0.06,Cash,In-Store
T11076,2024-04-20,C1175,Meera Iyer,18-25,Other,Africa,Egypt,Cairo,P112,Mobile Phone,Electronics,4,6072,4693.3,1378.7,0.19,Cash,Online
T11077,2024-01-13,C1176,Priya Nair,18-25,Female,Europe,Italy,Milan,P520,Microwave Oven,Appliances,1,464,320.62,143.38,0.23,Credit Card,In-Store
T11078,2024-01-06,C1177,John Carter,50+,Male,Europe,Italy,Rome,P112,Mobile Phone,Electronics,1,1031,642.28,388.72,0.11,UPI,In-Store
T11079,2024-02-03,C1178,Ethan Wilson,36-50,Other,North America,Mexico,Monterrey,P402,Monitor,Electronics,2,3776,2804.36,971.64,0.1,UPI,In-Store
T11080,2024-03-10,C1179,Lucas Brown,26-35,Male,Europe,Germany,Munich,P112,Mobile Phone,Electronics,3,4563,3585.48,977.52,0.08,Cash,In-Store
T11081,2024-01-14,C1180,John Carter,26-35,Other,Europe,Germany,Munich,P402,Monitor,Electronics,2,124,82.73,41.27,0.06,Cash,Online
T11082,2024-01-15,C1181,Maria Gomez,36-50,Male,North America,Mexico,Monterrey,P101,Laptop,Electronics,3,1872,1650.25,221.75,0.17,Net Banking,In-Store
T11083,2024-03-21,C1182,Sarah Miller,36-50,Female,Asia,Japan,Tokyo,P101,Laptop,Electronics,3,5964,3992.56,1971.44,0.17,Credit Card,In-Store
T11084,2024-02-17,C1183,Priya Nair,18-25,Male,South America,Argentina,Buenos Aires,P112,Mobile Phone,Electronics,4,7780,5414.07,2365.93,0.11,Debit Card,In-Store
T11085,2024-03-11,C1184,Lucas Brown,26-35,Other,Africa,Egypt,Cairo,P112,Mobile Phone,Electronics,3,3369,2128.41,1240.59,0.09,Debit Card,Online
T11086,2024-01-13,C1185,Maria Gomez,36-50,Other,Europe,France,Paris,P303,Washing Machine,Appliances,2,1750,1332.34,417.66,0.07,UPI,Online
T11087,2024-03-19,C1186,Sonia Patel,26-35,Male,North America,USA,Chicago,P205,Headphones,Accessories,3,5727,4392.03,1334.97,0.01,Net Banking,In-Store
T11088,2024-01-16,C1187,Maria Gomez,18-25,Female,Europe,Italy,Milan,P303,Washing Machine,Appliances,2,2922,2120.66,801.34,0.04,Debit Card,In-Store
T11089,2024-04-18,C1188,John Carter,50+,Female,South America,Chile,Santiago,P520,Microwave Oven,Appliances,2,2720,1710.11,1009.89,0.08,Cash,In-Store
T11090,2024-01-15,C1189,Aditi Sharma,18-25,Male,North America,Mexico,Monterrey,P205,Headphones,Accessories,3,624,553.76,70.24,0.06,Net Banking,In-Store
T11091,2024-01-08,C1190,Emily Clark,26-35,Other,Europe,UK,London,P402,Monitor,Electronics,3,4731,3498.03,1232.97,0.09,UPI,Online
T11092,2024-02-26,C1191,John Carter,18-25,Male,South America,Brazil,São Paulo,P205,Headphones,Accessories,4,3388,2797.54,590.46,0.13,Net Banking,In-Store
T11093,2024-03-09,C1192,Sonia Patel,36-50,Female,North America,USA,Chicago,P112,Mobile Phone,Electronics,1,782,562.62,219.38,0.11,Debit Card,In-Store
T11094,2024-02-14,C1193,Meera Iyer,18-25,Female,South America,Brazil,São Paulo,P112,Mobile Phone,Electronics,3,1506,907.24,598.76,0.24,Credit Card,In-Store
T11095,2024-04-19,C1194,Rohan Gupta,18-25,Other,Asia,Singapore,Singapore,P520,Microwave Oven,Appliances,4,4308,3577.53,730.47,0.13,Net Banking,In-Store
T11096,2024-04-15,C1195,Michael Ross,18-25,Male,South America,Argentina,Buenos Aires,P402,Monitor,Electronics,2,3712,2766.21,945.79,0.13,Credit Card,In-Store
T11097,2024-04-10,C1196,John Carter,18-25,Other,Asia,Singapore,Singapore,P205,Headphones,Accessories,2,2570,1707.92,862.08,0.22,Debit Card,Online
T11098,2024-03-03,C1197,Natalie Reed,18-25,Other,Asia,Japan,Osaka,P402,Monitor,Electronics,3,3537,2128.97,1408.03,0.24,Cash,In-Store
T11099,2024-01-04,C1198,Rohan Gupta,36-50,Other,Asia,Singapore,Singapore,P520,Microwave Oven,Appliances,3,4575,3066.02,1508.98,0.05,Debit Card,In-Store
T11100,2024-02-01,C1199,Aditi Sharma,36-50,Female,Asia,India,Delhi,P101,Laptop,Electronics,2,3154,2654.5,499.5,0.24,Credit Card,In-Store
T11101,2024-03-24,C1200,Sarah Miller,50+,Male,North America,USA,Seattle,P303,Washing Machine,Appliances,2,3906,3069.35,836.65,0.11,Net Banking,In-Store
T11102,2024-04-15,C1201,Sarah Miller,26-35,Other,South America,Chile,Santiago,P402,Monitor,Electronics,3,4398,3435.1,962.9,0.16,UPI,Online
T11103,2024-04-06,C1202,Rohan Gupta,50+,Male,Europe,France,Paris,P303,Washing Machine,Appliances,2,324,224.0,100.0,0.05,UPI,In-Store
T11104,2024-03-14,C1203,John Carter,26-35,Male,North America,Mexico,Mexico City,P303,Washing Machine,Appliances,3,522,348.07,173.93,0.08,Debit Card,Online
T11105,2024-03-27,C1204,Ethan Wilson,50+,Other,Asia,UAE,Abu Dhabi,P402,Monitor,Electronics,2,660,427.72,232.28,0.04,Cash,In-Store
T11106,2024-04-21,C1205,Michael Ross,26-35,Male,Africa,South Africa,Johannesburg,P303,Washing Machine,Appliances,3,3294,2764.2,529.8,0.18,Debit Card,Online
T11107,2024-04-19,C1206,Natalie Reed,26-35,Male,Africa,Egypt,Cairo,P101,Laptop,Electronics,2,1310,825.4,484.6,0.0,Net Banking,Online
T11108,2024-03-18,C1207,Michael Ross,18-25,Male,Europe,France,Paris,P112,Mobile Phone,Electronics,3,495,346.84,148.16,0.02,Cash,In-Store
T11109,2024-03-15,C1208,Michael Ross,18-25,Female,Europe,Germany,Munich,P402,Monitor,Electronics,3,5010,4260.93,749.07,0.24,UPI,Online
T11110,2024-04-28,C1209,Emily Clark,36-50,Other,South America,Brazil,São Paulo,P402,Monitor,Electronics,1,1521,1040.32,480.68,0.07,Net Banking,In-Store
T11111,2024-02-11,C1210,Rohan Gupta,18-25,Other,Africa,Egypt,Cairo,P101,Laptop,Electronics,2,206,136.81,69.19,0.11,UPI,In-Store
T11112,2024-04-24,C1211,Emily Clark,36-50,Female,Asia,UAE,Dubai,P112,Mobile Phone,Electronics,2,1064,647.55,416.45,0.15,Credit Card,Online
T11113,2024-01-06,C1212,Michael Ross,26-35,Male,South America,Brazil,São Paulo,P402,Monitor,Electronics,1,1437,997.44,439.56,0.06,Debit Card,In-Store
T11114,2024-02-11,C1213,Lucas Brown,36-50,Female,Africa,South Africa,Cape Town,P520,Microwave Oven,Appliances,4,7092,5101.31,1990.69,0.24,Debit Card,Online
T11115,2024-01-02,C1214,Jake Turner,36-50,Other,Europe,UK,London,P205,Headphones,Accessories,2,1752,1332.59,419.41,0.14,Credit Card,In-Store
T11116,2024-03-12,C1215,Aditi Sharma,36-50,Female,Asia,UAE,Dubai,P402,Monitor,Electronics,3,2256,1607.21,648.79,0.14,UPI,Online
T11117,2024-04-13,C1216,Emily Clark,26-35,Female,South America,Brazil,São Paulo,P205,Headphones,Accessories,4,244,176.45,67.55,0.04,Net Banking,In-Store
T11118,2024-03-03,C1217,Aditi Sharma,26-35,Male,Africa,Kenya,Nairobi,P303,Washing Machine,Appliances,1,514,343.26,170.74,0.2,Net Banking,In-Store
T11119,2024-03-09,C1218,Rohan Gupta,36-50,Male,South America,Chile,Santiago,P205,Headphones,Accessories,2,1538,1011.97,526.03,0.01,UPI,Online
T11120,2024-02-16,C1219,Lucas Brown,50+,Male,Asia,Singapore,Singapore,P402,Monitor,Electronics,4,6744,4215.39,2528.61,0.05,Net Banking,Online
T11121,2024-03-14,C1220,Priya Nair,18-25,Male,Europe,Italy,Rome,P520,Microwave Oven,Appliances,3,3759,2810.83,948.17,0.11,Cash,Online
T11122,2024-03-07,C1221,Jake Turner,26-35,Male,Europe,Germany,Munich,P112,Mobile Phone,Electronics,3,831,671.57,159.43,0.14,Debit Card,Online
T11123,2024-03-17,C1222,Meera Iyer,26-35,Male,Europe,UK,London,P402,Monitor,Electronics,2,2188,1841.49,346.51,0.19,Net Banking,In-Store
T11124,2024-04-25,C1223,Sonia Patel,50+,Female,Africa,Kenya,Nairobi,P205,Headphones,Accessories,1,1733,1421.36,311.64,0.09,Credit Card,Online
T11125,2024-01-02,C1224,Emily Clark,26-35,Male,Asia,UAE,Abu Dhabi,P520,Microwave Oven,Appliances,2,546,438.93,107.07,0.01,Cash,Online
T11126,2024-04-09,C1225,Maria Gomez,18-25,Other,Asia,UAE,Abu Dhabi,P303,Washing Machine,Appliances,2,188,131.84,56.16,0.2,UPI,Online
T11127,2024-02-12,C1226,Sarah Miller,36-50,Other,Africa,Egypt,Cairo,P303,Washing Machine,Appliances,2,3918,2656.2,1261.8,0.22,Net Banking,In-Store
T11128,2024-02-21,C1227,Lucas Brown,36-50,Male,Europe,UK,Manchester,P205,Headphones,Accessories,3,2943,1873.61,1069.39,0.03,Debit Card,In-Store
T11129,2024-02-07,C1228,Jake Turner,50+,Other,Europe,Germany,Berlin,P402,Monitor,Electronics,2,2378,1906.48,471.52,0.21,Credit Card,Online
T11130,2024-01-09,C1229,Daniel Wong,18-25,Other,Africa,South Africa,Johannesburg,P303,Washing Machine,Appliances,4,1748,1104.17,643.83,0.01,Debit Card,In-Store
T11131,2024-03-27,C1230,Maria Gomez,18-25,Female,Africa,Egypt,Cairo,P205,Headphones,Accessories,2,3320,2351.03,968.97,0.17,Credit Card,In-Store
T11132,2024-04-02,C1231,Lucas Brown,26-35,Female,Africa,Egypt,Cairo,P520,Microwave Oven,Appliances,4,7500,4567.55,2932.45,0.11,Debit Card,Online
T11133,2024-04-04,C1232,Ethan Wilson,18-25,Male,Africa,South Africa,Johannesburg,P303,Washing Machine,Appliances,3,1887,1685.44,201.56,0.2,Cash,Online
T11134,2024-02-04,C1233,Priya Nair,18-25,Male,Asia,UAE,Abu Dhabi,P303,Washing Machine,Appliances,1,1926,1656.03,269.97,0.07,Cash,In-Store
T11135,2024-02-22,C1234,Ethan Wilson,50+,Male,Europe,Germany,Berlin,P112,Mobile Phone,Electronics,4,7628,5570.79,2057.21,0.11,UPI,Online
T11136,2024-03-06,C1235,Jake Turner,26-35,Other,North America,Canada,Vancouver,P205,Headphones,Accessories,4,7432,5575.59,1856.41,0.16,Credit Card,In-Store
T11137,2024-02-08,C1236,John Carter,36-50,Female,South America,Chile,Santiago,P112,Mobile Phone,Electronics,1,976,787.36,188.64,0.21,Debit Card,In-Store
T11138,2024-04-28,C1237,Natalie Reed,26-35,Other,Africa,Egypt,Cairo,P303,Washing Machine,Appliances,1,53,41.39,11.61,0.13,Cash,Online
T11139,2024-01-12,C1238,Emily Clark,18-25,Male,Europe,France,Paris,P205,Headphones,Accessories,3,5382,4666.05,715.95,0.25,UPI,In-Store
T11140,2024-03-05,C1239,Meera Iyer,50+,Male,Europe,Italy,Rome,P205,Headphones,Accessories,3,3762,3120.99,641.01,0.06,Cash,Online
T11141,2024-01-24,C1240,Daniel Wong,50+,Female,Europe,UK,London,P205,Headphones,Accessories,4,4724,2920.86,1803.14,0.07,Credit Card,In-Store
T11142,2024-02-19,C1241,John Carter,36-50,Female,Europe,Germany,Munich,P303,Washing Machine,Appliances,3,4212,3597.33,614.67,0.08,Net Banking,In-Store
T11143,2024-04-15,C1242,Ethan Wilson,50+,Other,Asia,Singapore,Singapore,P205,Headphones,Accessories,3,2790,2464.07,325.93,0.19,Debit Card,In-Store
T11144,2024-01-02,C1243,Daniel Wong,50+,Other,Europe,Italy,Milan,P112,Mobile Phone,Electronics,4,2972,2165.75,806.25,0.07,Debit Card,Online
T11145,2024-01-25,C1244,Maria Gomez,36-50,Male,Asia,UAE,Dubai,P112,Mobile Phone,Electronics,4,5816,4299.3,1516.7,0.24,Cash,Online
T11146,2024-04-06,C1245,Emily Clark,50+,Other,Africa,Egypt,Cairo,P101,Laptop,Electronics,1,1065,877.69,187.31,0.05,Cash,In-Store
T11147,2024-02-06,C1246,Michael Ross,36-50,Male,Asia,Singapore,Singapore,P402,Monitor,Electronics,2,3586,2380.03,1205.97,0.03,Debit Card,Online
T11148,2024-04-23,C1247,Priya Nair,18-25,Other,Europe,Germany,Berlin,P402,Monitor,Electronics,3,4068,3336.76,731.24,0.09,Cash,In-Store
T11149,2024-03-30,C1248,Meera Iyer,50+,Other,North America,Mexico,Monterrey,P112,Mobile Phone,Electronics,1,1395,1009.16,385.84,0.03,Debit Card,Online
T11150,2024-03-30,C1249,Lucas Brown,36-50,Male,Asia,Singapore,Singapore,P112,Mobile Phone,Electronics,1,571,356.58,214.42,0.06,UPI,Online
T11151,2024-01-20,C1250,Sarah Miller,36-50,Male,Africa,Kenya,Nairobi,P402,Monitor,Electronics,3,327,272.47,54.53,0.17,Cash,Online
T11152,2024-02-05,C1251,Sarah Miller,18-25,Female,Asia,India,Mumbai,P101,Laptop,Electronics,4,3888,3071.61,816.39,0.2,Credit Card,In-Store
T11153,2024-03-06,C1252,Rohan Gupta,36-50,Other,Europe,UK,Manchester,P205,Headphones,Accessories,1,576,499.46,76.54,0.14,Net Banking,Online
T11154,2024-04-12,C1253,Priya Nair,26-35,Female,North America,Canada,Vancouver,P303,Washing Machine,Appliances,4,3864,2398.84,1465.16,0.02,UPI,Online
T11155,2024-01-18,C1254,Jake Turner,36-50,Female,Europe,Germany,Berlin,P520,Microwave Oven,Appliances,4,7932,6663.37,1268.63,0.22,Debit Card,In-Store
T11156,2024-01-22,C1255,Jake Turner,36-50,Male,North America,Canada,Toronto,P101,Laptop,Electronics,4,6108,4974.45,1133.55,0.07,Debit Card,Online
T11157,2024-03-18,C1256,Sarah Miller,36-50,Male,North America,Canada,Vancouver,P205,Headphones,Accessories,3,2691,2417.39,273.61,0.15,UPI,Online
T11158,2024-04-05,C1257,Sonia Patel,50+,Male,North America,USA,Chicago,P402,Monitor,Electronics,1,990,795.85,194.15,0.24,Debit Card,Online
T11159,2024-03-07,C1258,Sarah Miller,18-25,Other,Africa,Kenya,Nairobi,P205,Headphones,Accessories,3,1587,1312.29,274.71,0.02,Cash,In-Store
T11160,2024-03-09,C1259,Meera Iyer,50+,Female,Africa,Egypt,Cairo,P402,Monitor,Electronics,4,2840,2243.92,596.08,0.15,Net Banking,In-Store
T11161,2024-04-04,C1260,Natalie Reed,26-35,Other,South America,Argentina,Buenos Aires,P520,Microwave Oven,Appliances,2,1518,1222.58,295.42,0.23,Cash,Online
T11162,2024-03-27,C1261,Aditi Sharma,26-35,Male,North America,Mexico,Monterrey,P303,Washing Machine,Appliances,2,732,514.46,217.54,0.03,UPI,Online
T11163,2024-02-13,C1262,Ethan Wilson,36-50,Female,South America,Argentina,Buenos Aires,P112,Mobile Phone,Electronics,1,730,538.89,191.11,0.12,Debit Card,In-Store
T11164,2024-01-05,C1263,Priya Nair,26-35,Other,Africa,Egypt,Cairo,P101,Laptop,Electronics,1,1868,1346.1,521.9,0.18,Cash,Online
T11165,2024-03-18,C1264,Daniel Wong,50+,Other,Europe,UK,London,P402,Monitor,Electronics,3,276,165.6,110.4,0.18,Credit Card,Online
T11166,2024-01-17,C1265,Aditi Sharma,18-25,Other,South America,Argentina,Buenos Aires,P402,Monitor,Electronics,4,528,340.28,187.72,0.02,Credit Card,Online
T11167,2024-02-01,C1266,Sonia Patel,18-25,Female,Africa,South Africa,Cape Town,P112,Mobile Phone,Electronics,4,7928,7034.43,893.57,0.14,UPI,Online
T11168,2024-03-13,C1267,Emily Clark,36-50,Female,Asia,Japan,Osaka,P303,Washing Machine,Appliances,1,375,316.38,58.62,0.1,Cash,In-Store
T11169,2024-03-06,C1268,Daniel Wong,36-50,Female,South America,Argentina,Buenos Aires,P520,Microwave Oven,Appliances,1,886,634.92,251.08,0.06,Credit Card,Online
T11170,2024-04-28,C1269,Meera Iyer,18-25,Other,Asia,UAE,Abu Dhabi,P205,Headphones,Accessories,1,1797,1152.6,644.4,0.02,UPI,Online
T11171,2024-02-08,C1270,Aditi Sharma,18-25,Female,South America,Argentina,Buenos Aires,P205,Headphones,Accessories,3,1845,1352.81,492.19,0.13,UPI,In-Store
T11172,2024-03-30,C1271,Aditi Sharma,26-35,Other,Africa,Egypt,Cairo,P101,Laptop,Electronics,4,2640,2289.92,350.08,0.12,Credit Card,In-Store
T11173,2024-02-27,C1272,Sonia Patel,36-50,Male,Asia,India,Mumbai,P205,Headphones,Accessories,1,1184,823.46,360.54,0.12,Cash,In-Store
T11174,2024-03-24,C1273,Ethan Wilson,50+,Other,Asia,UAE,Abu Dhabi,P520,Microwave Oven,Appliances,2,114,79.18,34.82,0.03,UPI,In-Store
T11175,2024-01-03,C1274,Sonia Patel,50+,Male,Asia,Singapore,Singapore,P402,Monitor,Electronics,4,6992,5593.5,1398.5,0.03,Cash,Online
T11176,2024-03-24,C1275,Maria Gomez,18-25,Other,Africa,Egypt,Cairo,P101,Laptop,Electronics,1,325,268.46,56.54,0.22,Cash,Online
T11177,2024-04-27,C1276,Emily Clark,26-35,Female,Asia,UAE,Dubai,P112,Mobile Phone,Electronics,3,3525,2212.82,1312.18,0.2,UPI,Online
T11178,2024-01-13,C1277,Natalie Reed,18-25,Male,Asia,Singapore,Singapore,P402,Monitor,Electronics,4,6056,4150.55,1905.45,0.11,UPI,In-Store
T11179,2024-02-22,C1278,Sonia Patel,18-25,Male,Europe,Italy,Rome,P101,Laptop,Electronics,1,1927,1290.63,636.37,0.06,Cash,In-Store
T11180,2024-03-12,C1279,John Carter,18-25,Male,North America,Mexico,Mexico City,P402,Monitor,Electronics,2,1814,1147.2,666.8,0.12,Cash,Online
T11181,2024-02-12,C1280,Lucas Brown,26-35,Female,North America,Canada,Toronto,P303,Washing Machine,Appliances,1,973,809.0,164.0,0.16,Net Banking,In-Store
T11182,2024-04-21,C1281,Emily Clark,50+,Female,Asia,Singapore,Singapore,P402,Monitor,Electronics,3,1452,1126.28,325.72,0.14,UPI,Online
T11183,2024-03-18,C1282,Priya Nair,36-50,Male,Asia,Japan,Tokyo,P520,Microwave Oven,Appliances,3,2145,1477.26,667.74,0.23,Credit Card,In-Store
T11184,2024-04-07,C1283,Sarah Miller,36-50,Male,South America,Brazil,Rio,P205,Headphones,Accessories,3,4044,3262.67,781.33,0.06,UPI,Online
T11185,2024-04-11,C1284,Jake Turner,50+,Other,North America,Canada,Vancouver,P402,Monitor,Electronics,1,1293,1124.11,168.89,0.2,Debit Card,In-Store
T11186,2024-02-28,C1285,Sonia Patel,36-50,Male,Europe,France,Paris,P520,Microwave Oven,Appliances,4,7836,6802.36,1033.64,0.02,Net Banking,Online
T11187,2024-04-12,C1286,Sonia Patel,50+,Female,Europe,France,Lyon,P402,Monitor,Electronics,1,1397,917.8,479.2,0.18,UPI,In-Store
T11188,2024-04-19,C1287,Aditi Sharma,50+,Female,Africa,Kenya,Nairobi,P205,Headphones,Accessories,4,6544,5715.54,828.46,0.01,Debit Card,Online
T11189,2024-03-28,C1288,Sonia Patel,36-50,Female,South America,Brazil,São Paulo,P520,Microwave Oven,Appliances,4,7848,7004.76,843.24,0.21,Cash,Online
T11190,2024-02-23,C1289,Jake Turner,50+,Female,North America,Canada,Toronto,P303,Washing Machine,Appliances,1,165,132.45,32.55,0.1,Net Banking,In-Store
T11191,2024-02-18,C1290,Emily Clark,36-50,Male,Europe,Germany,Munich,P205,Headphones,Accessories,3,1245,861.75,383.25,0.09,Credit Card,Online
T11192,2024-04-14,C1291,Sarah Miller,18-25,Female,Asia,Singapore,Singapore,P520,Microwave Oven,Appliances,3,1434,912.22,521.78,0.15,Debit Card,In-Store
T11193,2024-04-20,C1292,Jake Turner,50+,Other,Europe,Germany,Munich,P112,Mobile Phone,Electronics,1,587,495.86,91.14,0.12,Credit Card,Online
T11194,2024-04-06,C1293,Aditi Sharma,36-50,Other,Europe,Italy,Rome,P520,Microwave Oven,Appliances,4,3324,2155.87,1168.13,0.16,Cash,Online
T11195,2024-01-17,C1294,Sonia Patel,36-50,Female,Europe,UK,London,P101,Laptop,Electronics,3,2307,1463.2,843.8,0.24,UPI,In-Store
T11196,2024-02-14,C1295,Ethan Wilson,50+,Other,Europe,France,Paris,P402,Monitor,Electronics,3,2013,1741.21,271.79,0.1,Cash,Online
T11197,2024-04-15,C1296,Sonia Patel,36-50,Female,South America,Chile,Santiago,P520,Microwave Oven,Appliances,3,4896,3843.01,1052.99,0.11,Credit Card,Online
T11198,2024-02-07,C1297,Maria Gomez,26-35,Male,North America,Mexico,Mexico City,P520,Microwave Oven,Appliances,4,4640,3361.62,1278.38,0.18,Net Banking,In-Store
T11199,2024-03-21,C1298,Ethan Wilson,36-50,Male,South America,Chile,Santiago,P520,Microwave Oven,Appliances,2,2116,1365.73,750.27,0.12,Net Banking,In-Store
T11200,2024-01-07,C1299,Rohan Gupta,50+,Male,Africa,Kenya,Nairobi,P101,Laptop,Electronics,4,1720,1089.38,630.62,0.22,Credit Card,In-Store
T11201,2024-02-02,C1300,Lucas Brown,36-50,Other,Asia,UAE,Abu Dhabi,P112,Mobile Phone,Electronics,1,1821,1306.61,514.39,0.04,UPI,In-Store
T11202,2024-01-17,C1301,John Carter,18-25,Male,Asia,Japan,Tokyo,P520,Microwave Oven,Appliances,4,1904,1541.21,362.79,0.05,Cash,Online
T11203,2024-03-11,C1302,Natalie Reed,36-50,Female,Africa,South Africa,Cape Town,P205,Headphones,Accessories,2,2502,2155.66,346.34,0.14,Debit Card,Online
T11204,2024-01-24,C1303,Maria Gomez,50+,Male,South America,Argentina,Buenos Aires,P520,Microwave Oven,Appliances,3,1023,779.61,243.39,0.02,Net Banking,Online
T11205,2024-01-27,C1304,Natalie Reed,26-35,Male,Africa,Kenya,Nairobi,P101,Laptop,Electronics,4,7676,4947.24,2728.76,0.04,Cash,In-Store
T11206,2024-01-29,C1305,Lucas Brown,36-50,Female,Europe,Germany,Berlin,P112,Mobile Phone,Electronics,4,5712,3686.72,2025.28,0.11,Credit Card,Online
T11207,2024-01-04,C1306,Aditi Sharma,50+,Other,Africa,Kenya,Nairobi,P205,Headphones,Accessories,1,1602,1212.87,389.13,0.08,Credit Card,Online
T11208,2024-02-17,C1307,Sonia Patel,36-50,Male,Asia,UAE,Dubai,P303,Washing Machine,Appliances,3,4686,3976.22,709.78,0.02,Credit Card,In-Store
T11209,2024-03-15,C1308,Sarah Miller,18-25,Male,Europe,France,Lyon,P112,Mobile Phone,Electronics,2,314,274.67,39.33,0.09,Credit Card,Online
T11210,2024-03-30,C1309,Priya Nair,18-25,Female,South America,Brazil,São Paulo,P112,Mobile Phone,Electronics,1,304,268.21,35.79,0.03,Net Banking,In-Store
T11211,2024-02-27,C1310,Emily Clark,36-50,Male,South America,Brazil,Rio,P101,Laptop,Electronics,2,1296,904.23,391.77,0.1,Net Banking,In-Store
T11212,2024-02-13,C1311,Maria Gomez,36-50,Other,South America,Argentina,Buenos Aires,P112,Mobile Phone,Electronics,4,6948,5013.86,1934.14,0.13,Cash,In-Store
T11213,2024-04-04,C1312,Maria Gomez,50+,Male,Europe,UK,Manchester,P303,Washing Machine,Appliances,2,2860,1725.0,1135.0,0.22,Credit Card,Online
T11214,2024-03-14,C1313,Daniel Wong,50+,Male,Europe,UK,Manchester,P402,Monitor,Electronics,1,1597,1413.6,183.4,0.01,UPI,In-Store
T11215,2024-01-09,C1314,Priya Nair,18-25,Female,Europe,Italy,Rome,P101,Laptop,Electronics,2,908,548.32,359.68,0.06,Credit Card,In-Store
T11216,2024-04-16,C1315,John Carter,50+,Other,North America,Canada,Toronto,P101,Laptop,Electronics,2,2380,1742.06,637.94,0.16,Credit Card,Online
T11217,2024-04-26,C1316,John Carter,18-25,Other,Asia,Singapore,Singapore,P101,Laptop,Electronics,4,1292,1007.55,284.45,0.23,Debit Card,Online
T11218,2024-04-17,C1317,Maria Gomez,50+,Other,South America,Brazil,São Paulo,P112,Mobile Phone,Electronics,2,2988,2604.53,383.47,0.21,Net Banking,Online
T11219,2024-04-04,C1318,Jake Turner,18-25,Other,Europe,Italy,Rome,P101,Laptop,Electronics,2,3192,2706.5,485.5,0.15,Credit Card,Online
T11220,2024-04-22,C1319,Meera Iyer,36-50,Other,South America,Brazil,Rio,P205,Headphones,Accessories,2,1308,811.53,496.47,0.05,Net Banking,In-Store
T11221,2024-01-06,C1320,Aditi Sharma,26-35,Male,North America,Mexico,Mexico City,P112,Mobile Phone,Electronics,2,2196,1611.02,584.98,0.0,Cash,Online
T11222,2024-01-16,C1321,Daniel Wong,18-25,Male,Africa,South Africa,Cape Town,P205,Headphones,Accessories,3,5949,3863.21,2085.79,0.1,UPI,Online
T11223,2024-02-20,C1322,Sonia Patel,18-25,Other,Europe,Germany,Munich,P112,Mobile Phone,Electronics,3,1446,1115.56,330.44,0.05,Cash,Online
T11224,2024-02-01,C1323,Meera Iyer,18-25,Female,North America,Mexico,Monterrey,P520,Microwave Oven,Appliances,1,776,648.99,127.01,0.07,Net Banking,In-Store
T11225,2024-02-28,C1324,Natalie Reed,18-25,Male,Africa,Egypt,Cairo,P112,Mobile Phone,Electronics,2,2648,2118.29,529.71,0.02,Net Banking,In-Store
T11226,2024-01-29,C1325,Priya Nair,50+,Male,Asia,UAE,Dubai,P112,Mobile Phone,Electronics,3,5856,3764.75,2091.25,0.19,Net Banking,In-Store
T11227,2024-01-29,C1326,Priya Nair,26-35,Female,Asia,Singapore,Singapore,P101,Laptop,Electronics,3,252,155.07,96.93,0.1,Cash,In-Store
T11228,2024-03-17,C1327,Michael Ross,26-35,Other,North America,Mexico,Monterrey,P205,Headphones,Accessories,1,1220,1055.38,164.62,0.07,Cash,In-Store
T11229,2024-03-24,C1328,Lucas Brown,50+,Other,Europe,France,Lyon,P205,Headphones,Accessories,3,5919,3564.42,2354.58,0.01,Credit Card,Online
T11230,2024-01-08,C1329,Natalie Reed,26-35,Male,Europe,Italy,Milan,P101,Laptop,Electronics,3,3267,2514.95,752.05,0.22,Debit Card,Online
T11231,2024-02-29,C1330,Jake Turner,50+,Female,Africa,South Africa,Cape Town,P402,Monitor,Electronics,2,2812,1782.98,1029.02,0.23,Cash,In-Store
T11232,2024-03-11,C1331,Rohan Gupta,50+,Other,North America,Mexico,Monterrey,P205,Headphones,Accessories,2,550,360.57,189.43,0.14,Cash,In-Store
T11233,2024-04-10,C1332,Lucas Brown,36-50,Female,North America,Mexico,Mexico City,P205,Headphones,Accessories,4,200,139.82,60.18,0.15,Debit Card,Online
T11234,2024-03-12,C1333,Michael Ross,50+,Female,South America,Chile,Santiago,P303,Washing Machine,Appliances,4,5768,3594.37,2173.63,0.04,Credit Card,In-Store
T11235,2024-03-21,C1334,Daniel Wong,36-50,Male,Europe,UK,London,P520,Microwave Oven,Appliances,4,6956,5752.8,1203.2,0.17,Credit Card,Online
T11236,2024-02-05,C1335,John Carter,26-35,Male,Africa,Kenya,Nairobi,P303,Washing Machine,Appliances,1,1864,1671.73,192.27,0.17,Debit Card,Online
T11237,2024-02-12,C1336,Aditi Sharma,26-35,Male,South America,Argentina,Buenos Aires,P205,Headphones,Accessories,1,1603,1408.1,194.9,0.02,Net Banking,In-Store
T11238,2024-01-28,C1337,Rohan Gupta,26-35,Male,South America,Chile,Santiago,P520,Microwave Oven,Appliances,2,2776,1669.09,1106.91,0.17,Net Banking,Online
T11239,2024-02-20,C1338,Emily Clark,26-35,Female,Africa,Egypt,Cairo,P112,Mobile Phone,Electronics,4,4912,4075.94,836.06,0.1,Cash,Online
T11240,2024-04-05,C1339,Jake Turner,26-35,Male,North America,USA,Chicago,P112,Mobile Phone,Electronics,4,3124,2188.71,935.29,0.04,Debit Card,In-Store
T11241,2024-04-07,C1340,Maria Gomez,26-35,Other,South America,Brazil,Rio,P402,Monitor,Electronics,4,1488,1324.83,163.17,0.14,Net Banking,In-Store
T11242,2024-01-24,C1341,Lucas Brown,50+,Female,Asia,Singapore,Singapore,P101,Laptop,Electronics,4,6240,4479.97,1760.03,0.06,Debit Card,In-Store
T11243,2024-01-25,C1342,Jake Turner,50+,Male,Europe,Italy,Rome,P520,Microwave Oven,Appliances,4,4764,3740.97,1023.03,0.05,Cash,Online
T11244,2024-03-14,C1343,Priya Nair,18-25,Female,North America,USA,New York,P520,Microwave Oven,Appliances,3,2586,1920.17,665.83,0.23,Net Banking,In-Store
T11245,2024-04-20,C1344,Sarah Miller,36-50,Male,Europe,Italy,Milan,P520,Microwave Oven,Appliances,1,1187,935.74,251.26,0.16,Debit Card,In-Store
T11246,2024-01-19,C1345,Rohan Gupta,18-25,Female,Asia,UAE,Dubai,P402,Monitor,Electronics,3,3144,2113.4,1030.6,0.22,UPI,In-Store
T11247,2024-04-27,C1346,Jake Turner,36-50,Other,Africa,Egypt,Cairo,P402,Monitor,Electronics,1,1501,1121.19,379.81,0.16,Credit Card,Online
T11248,2024-02-12,C1347,Natalie Reed,36-50,Other,Africa,Kenya,Nairobi,P101,Laptop,Electronics,3,2325,1521.17,803.83,0.2,Net Banking,In-Store
T11249,2024-03-22,C1348,Sonia Patel,26-35,Other,North America,Canada,Vancouver,P101,Laptop,Electronics,4,1952,1330.86,621.14,0.18,Credit Card,Online
T11250,2024-02-02,C1349,Aditi Sharma,50+,Female,Africa,Egypt,Cairo,P303,Washing Machine,Appliances,3,4839,4070.81,768.19,0.22,Debit Card,In-Store
T11251,2024-02-18,C1350,Priya Nair,26-35,Female,Africa,Egypt,Cairo,P101,Laptop,Electronics,1,459,397.97,61.03,0.16,Net Banking,Online
T11252,2024-02-09,C1351,Lucas Brown,50+,Female,North America,Canada,Vancouver,P520,Microwave Oven,Appliances,4,1372,988.97,383.03,0.13,Credit Card,In-Store
T11253,2024-02-23,C1352,Ethan Wilson,50+,Female,Africa,Kenya,Nairobi,P205,Headphones,Accessories,2,1154,911.48,242.52,0.19,Net Banking,In-Store
T11254,2024-02-14,C1353,John Carter,18-25,Other,Europe,Germany,Munich,P205,Headphones,Accessories,2,1778,1151.47,626.53,0.24,Credit Card,Online
T11255,2024-03-25,C1354,Ethan Wilson,50+,Other,South America,Chile,Santiago,P402,Monitor,Electronics,2,3634,2319.48,1314.52,0.1,Net Banking,Online
T11256,2024-01-06,C1355,Emily Clark,26-35,Other,Africa,South Africa,Cape Town,P101,Laptop,Electronics,3,2028,1623.95,404.05,0.12,Net Banking,In-Store
T11257,2024-01-23,C1356,Aditi Sharma,36-50,Male,South America,Argentina,Buenos Aires,P112,Mobile Phone,Electronics,4,4924,4341.0,583.0,0.09,Net Banking,Online
T11258,2024-03-19,C1357,John Carter,18-25,Female,Europe,France,Paris,P303,Washing Machine,Appliances,1,1990,1475.63,514.37,0.14,Cash,Online
T11259,2024-02-14,C1358,Aditi Sharma,26-35,Male,Asia,UAE,Abu Dhabi,P520,Microwave Oven,Appliances,4,6156,3821.31,2334.69,0.21,Net Banking,In-Store
T11260,2024-02-20,C1359,Maria Gomez,36-50,Male,Africa,South Africa,Cape Town,P303,Washing Machine,Appliances,2,2416,2015.1,400.9,0.14,Credit Card,Online
T11261,2024-01-06,C1360,Michael Ross,36-50,Male,Africa,Egypt,Cairo,P112,Mobile Phone,Electronics,3,2094,1724.24,369.76,0.1,Net Banking,In-Store
T11262,2024-01-21,C1361,Michael Ross,36-50,Female,North America,Mexico,Monterrey,P520,Microwave Oven,Appliances,2,690,540.29,149.71,0.12,Cash,Online
T11263,2024-03-27,C1362,Michael Ross,36-50,Male,Asia,Singapore,Singapore,P112,Mobile Phone,Electronics,4,600,524.15,75.85,0.02,Cash,In-Store
T11264,2024-01-28,C1363,Ethan Wilson,26-35,Other,South America,Chile,Santiago,P101,Laptop,Electronics,1,1610,1120.1,489.9,0.1,Cash,Online
T11265,2024-03-15,C1364,Sarah Miller,18-25,Female,South America,Brazil,Rio,P303,Washing Machine,Appliances,1,1070,877.81,192.19,0.01,Credit Card,In-Store
T11266,2024-01-14,C1365,Michael Ross,18-25,Female,Asia,Japan,Tokyo,P520,Microwave Oven,Appliances,2,2482,1584.95,897.05,0.14,Credit Card,In-Store
T11267,2024-04-06,C1366,Michael Ross,18-25,Male,South America,Argentina,Buenos Aires,P520,Microwave Oven,Appliances,4,6416,5053.91,1362.09,0.14,Net Banking,In-Store
T11268,2024-03-28,C1367,Lucas Brown,26-35,Other,Europe,Germany,Munich,P520,Microwave Oven,Appliances,1,1108,962.82,145.18,0.05,UPI,Online
T11269,2024-02-14,C1368,Natalie Reed,26-35,Other,Africa,Kenya,Nairobi,P303,Washing Machine,Appliances,1,557,354.54,202.46,0.15,Net Banking,Online
T11270,2024-01-16,C1369,Maria Gomez,50+,Male,South America,Brazil,Rio,P402,Monitor,Electronics,2,540,455.25,84.75,0.11,Credit Card,Online
T11271,2024-01-16,C1370,Ethan Wilson,26-35,Other,South America,Argentina,Buenos Aires,P101,Laptop,Electronics,2,3144,2127.62,1016.38,0.08,Credit Card,In-Store
T11272,2024-04-06,C1371,Maria Gomez,26-35,Female,Europe,Italy,Milan,P205,Headphones,Accessories,2,3842,2534.16,1307.84,0.06,Debit Card,In-Store
T11273,2024-02-03,C1372,Lucas Brown,18-25,Other,Europe,UK,London,P112,Mobile Phone,Electronics,1,1966,1529.97,436.03,0.15,Net Banking,Online
T11274,2024-03-10,C1373,Jake Turner,50+,Female,Africa,Kenya,Nairobi,P520,Microwave Oven,Appliances,4,3688,2303.05,1384.95,0.02,Net Banking,Online
T11275,2024-04-15,C1374,Daniel Wong,26-35,Female,South America,Chile,Santiago,P112,Mobile Phone,Electronics,2,1182,962.7,219.3,0.14,Net Banking,In-Store
T11276,2024-03-28,C1375,Sarah Miller,36-50,Female,North America,Canada,Toronto,P520,Microwave Oven,Appliances,4,1720,1450.92,269.08,0.0,UPI,Online
T11277,2024-03-03,C1376,Lucas Brown,18-25,Female,Asia,Japan,Osaka,P112,Mobile Phone,Electronics,4,6376,4416.28,1959.72,0.07,Debit Card,In-Store
T11278,2024-03-21,C1377,Rohan Gupta,18-25,Male,Africa,Egypt,Cairo,P205,Headphones,Accessories,4,768,496.23,271.77,0.22,Credit Card,Online
T11279,2024-04-28,C1378,Maria Gomez,36-50,Other,Africa,South Africa,Johannesburg,P303,Washing Machine,Appliances,1,837,705.02,131.98,0.22,Debit Card,Online
T11280,2024-04-02,C1379,Jake Turner,18-25,Other,North America,Mexico,Monterrey,P205,Headphones,Accessories,1,821,738.15,82.85,0.18,Credit Card,Online
T11281,2024-04-04,C1380,Jake Turner,26-35,Other,Asia,Singapore,Singapore,P303,Washing Machine,Appliances,1,1081,855.66,225.34,0.08,UPI,In-Store
T11282,2024-01-09,C1381,Maria Gomez,50+,Male,Africa,Egypt,Cairo,P205,Headphones,Accessories,2,2380,1428.66,951.34,0.23,Debit Card,In-Store
T11283,2024-02-11,C1382,Sarah Miller,36-50,Female,Europe,UK,Manchester,P303,Washing Machine,Appliances,1,1237,927.77,309.23,0.17,UPI,In-Store
T11284,2024-03-14,C1383,Natalie Reed,18-25,Female,Europe,UK,London,P402,Monitor,Electronics,4,488,404.06,83.94,0.08,UPI,In-Store
T11285,2024-02-25,C1384,Sonia Patel,18-25,Male,Europe,France,Lyon,P101,Laptop,Electronics,4,3360,2641.33,718.67,0.2,Cash,Online
T11286,2024-03-25,C1385,Lucas Brown,50+,Male,Asia,Japan,Tokyo,P112,Mobile Phone,Electronics,3,5226,3611.25,1614.75,0.2,Net Banking,In-Store
T11287,2024-04-28,C1386,Aditi Sharma,18-25,Male,Europe,Germany,Berlin,P402,Monitor,Electronics,3,414,267.26,146.74,0.08,Debit Card,In-Store
T11288,2024-02-24,C1387,Daniel Wong,18-25,Female,Africa,South Africa,Cape Town,P402,Monitor,Electronics,1,542,434.42,107.58,0.18,Debit Card,In-Store
T11289,2024-04-12,C1388,Rohan Gupta,50+,Male,Asia,Japan,Osaka,P101,Laptop,Electronics,4,4716,3856.9,859.1,0.09,Credit Card,Online
T11290,2024-04-08,C1389,Lucas Brown,26-35,Other,South America,Brazil,São Paulo,P112,Mobile Phone,Electronics,2,3320,2634.64,685.36,0.19,Credit Card,Online
T11291,2024-03-23,C1390,Maria Gomez,36-50,Male,South America,Chile,Santiago,P101,Laptop,Electronics,2,3800,2287.77,1512.23,0.13,Credit Card,Online
T11292,2024-03-02,C1391,Lucas Brown,26-35,Other,South America,Brazil,São Paulo,P303,Washing Machine,Appliances,4,1732,1511.65,220.35,0.09,Cash,In-Store
T11293,2024-03-29,C1392,Michael Ross,18-25,Female,North America,Mexico,Monterrey,P402,Monitor,Electronics,4,4000,3318.23,681.77,0.04,Credit Card,In-Store
T11294,2024-03-23,C1393,Michael Ross,50+,Male,Europe,Germany,Munich,P303,Washing Machine,Appliances,2,3370,2402.82,967.18,0.08,Cash,In-Store
T11295,2024-03-29,C1394,Jake Turner,18-25,Male,Africa,Kenya,Nairobi,P205,Headphones,Accessories,4,640,435.34,204.66,0.2,UPI,Online
T11296,2024-03-22,C1395,Jake Turner,50+,Female,South America,Chile,Santiago,P303,Washing Machine,Appliances,4,6660,5612.03,1047.97,0.22,Net Banking,In-Store
T11297,2024-03-03,C1396,Maria Gomez,26-35,Other,Europe,Germany,Berlin,P112,Mobile Phone,Electronics,1,1022,880.35,141.65,0.2,UPI,Online
T11298,2024-02-05,C1397,Meera Iyer,50+,Other,North America,Canada,Toronto,P112,Mobile Phone,Electronics,1,567,457.62,109.38,0.24,Debit Card,In-Store
T11299,2024-01-29,C1398,Maria Gomez,26-35,Male,North America,USA,Chicago,P101,Laptop,Electronics,2,3988,2457.13,1530.87,0.17,Net Banking,Online
T11300,2024-03-15,C1399,Emily Clark,26-35,Female,Europe,Germany,Berlin,P205,Headphones,Accessories,2,2912,1851.99,1060.01,0.08,Credit Card,In-Store
T11301,2024-01-03,C1400,Natalie Reed,36-50,Other,Europe,Germany,Munich,P402,Monitor,Electronics,3,3717,2235.93,1481.07,0.11,Credit Card,In-Store
T11302,2024-02-17,C1401,Sonia Patel,18-25,Other,Africa,South Africa,Johannesburg,P303,Washing Machine,Appliances,1,615,491.2,123.8,0.19,Net Banking,In-Store
T11303,2024-03-12,C1402,Maria Gomez,18-25,Female,North America,Mexico,Mexico City,P205,Headphones,Accessories,3,5583,3834.58,1748.42,0.2,UPI,Online
T11304,2024-03-11,C1403,Sarah Miller,36-50,Female,Europe,Germany,Munich,P112,Mobile Phone,Electronics,1,1694,1374.7,319.3,0.19,Credit Card,Online
T11305,2024-02-25,C1404,Rohan Gupta,50+,Male,South America,Chile,Santiago,P101,Laptop,Electronics,2,1514,1192.27,321.73,0.16,UPI,In-Store
T11306,2024-04-18,C1405,Sarah Miller,26-35,Female,Asia,India,Bengaluru,P112,Mobile Phone,Electronics,4,6368,5191.45,1176.55,0.12,Credit Card,In-Store
T11307,2024-04-11,C1406,Aditi Sharma,26-35,Other,North America,USA,New York,P205,Headphones,Accessories,3,663,436.49,226.51,0.21,Cash,Online
T11308,2024-02-11,C1407,Aditi Sharma,50+,Male,Africa,Egypt,Cairo,P101,Laptop,Electronics,1,739,532.48,206.52,0.14,Cash,In-Store
T11309,2024-02-28,C1408,Michael Ross,18-25,Female,Africa,South Africa,Cape Town,P101,Laptop,Electronics,3,774,571.42,202.58,0.21,Debit Card,Online
T11310,2024-04-05,C1409,Emily Clark,26-35,Female,Europe,Germany,Berlin,P101,Laptop,Electronics,3,1263,1111.64,151.36,0.1,Net Banking,Online
T11311,2024-01-14,C1410,Sonia Patel,36-50,Male,Europe,UK,Manchester,P112,Mobile Phone,Electronics,3,4323,3497.77,825.23,0.09,Cash,Online
T11312,2024-01-17,C1411,Meera Iyer,26-35,Other,Africa,Egypt,Cairo,P205,Headphones,Accessories,4,4388,2816.1,1571.9,0.15,Debit Card,In-Store
T11313,2024-04-27,C1412,Natalie Reed,26-35,Other,South America,Brazil,Rio,P520,Microwave Oven,Appliances,2,3142,1929.69,1212.31,0.24,Net Banking,Online
T11314,2024-01-15,C1413,Aditi Sharma,36-50,Male,North America,USA,New York,P303,Washing Machine,Appliances,2,1706,1142.89,563.11,0.17,Net Banking,Online
T11315,2024-03-02,C1414,Aditi Sharma,36-50,Female,North America,Canada,Toronto,P520,Microwave Oven,Appliances,3,3066,2113.95,952.05,0.19,Net Banking,Online
T11316,2024-04-05,C1415,Sarah Miller,50+,Male,North America,Canada,Vancouver,P520,Microwave Oven,Appliances,1,1329,801.67,527.33,0.14,Net Banking,In-Store
T11317,2024-01-01,C1416,Sarah Miller,50+,Other,Europe,Italy,Rome,P112,Mobile Phone,Electronics,2,3038,2055.79,982.21,0.13,UPI,Online
T11318,2024-04-02,C1417,Natalie Reed,50+,Other,North America,Canada,Vancouver,P112,Mobile Phone,Electronics,2,2310,1691.38,618.62,0.22,UPI,Online
T11319,2024-01-31,C1418,Sarah Miller,50+,Female,South America,Brazil,São Paulo,P112,Mobile Phone,Electronics,4,3256,2359.81,896.19,0.02,Credit Card,In-Store
T11320,2024-03-31,C1419,Rohan Gupta,18-25,Female,North America,Canada,Vancouver,P205,Headphones,Accessories,2,870,541.15,328.85,0.17,Debit Card,Online
T11321,2024-02-25,C1420,Maria Gomez,50+,Other,South America,Brazil,Rio,P112,Mobile Phone,Electronics,2,2332,1726.6,605.4,0.1,Debit Card,In-Store
T11322,2024-01-22,C1421,Priya Nair,26-35,Female,Africa,South Africa,Johannesburg,P205,Headphones,Accessories,3,4674,3954.56,719.44,0.16,UPI,In-Store
T11323,2024-04-22,C1422,Meera Iyer,50+,Other,Europe,UK,London,P402,Monitor,Electronics,3,4038,2758.2,1279.8,0.01,Credit Card,Online
T11324,2024-01-04,C1423,Meera Iyer,50+,Female,Asia,UAE,Dubai,P101,Laptop,Electronics,1,1555,1281.18,273.82,0.08,Cash,In-Store
T11325,2024-03-29,C1424,Jake Turner,26-35,Other,Europe,Germany,Munich,P303,Washing Machine,Appliances,1,1142,1000.63,141.37,0.09,Net Banking,In-Store
T11326,2024-04-14,C1425,Maria Gomez,36-50,Female,Africa,Egypt,Cairo,P303,Washing Machine,Appliances,1,1561,1160.78,400.22,0.22,Net Banking,In-Store
T11327,2024-03-06,C1426,Jake Turner,18-25,Other,Africa,South Africa,Johannesburg,P402,Monitor,Electronics,1,1948,1703.53,244.47,0.21,Net Banking,In-Store
T11328,2024-01-22,C1427,Emily Clark,50+,Other,Asia,Singapore,Singapore,P205,Headphones,Accessories,2,3024,2497.38,526.62,0.18,Credit Card,Online
T11329,2024-04-06,C1428,Daniel Wong,26-35,Male,Asia,Singapore,Singapore,P101,Laptop,Electronics,2,752,660.74,91.26,0.11,Net Banking,Online
T11330,2024-03-28,C1429,Ethan Wilson,36-50,Female,Asia,Singapore,Singapore,P112,Mobile Phone,Electronics,4,5332,3586.58,1745.42,0.02,Credit Card,In-Store
T11331,2024-02-28,C1430,Maria Gomez,18-25,Male,Europe,France,Lyon,P303,Washing Machine,Appliances,4,840,685.12,154.88,0.03,Cash,In-Store
T11332,2024-04-09,C1431,Lucas Brown,18-25,Other,Asia,Singapore,Singapore,P205,Headphones,Accessories,4,6620,4186.55,2433.45,0.06,Cash,Online
T11333,2024-04-23,C1432,Rohan Gupta,50+,Other,South America,Chile,Santiago,P402,Monitor,Electronics,2,1042,637.38,404.62,0.1,Debit Card,Online
T11334,2024-01-18,C1433,Daniel Wong,26-35,Female,Europe,UK,Manchester,P520,Microwave Oven,Appliances,2,2044,1679.61,364.39,0.17,Net Banking,In-Store
T11335,2024-03-01,C1434,Rohan Gupta,18-25,Other,Asia,UAE,Abu Dhabi,P112,Mobile Phone,Electronics,2,2052,1761.51,290.49,0.22,Credit Card,In-Store
T11336,2024-04-24,C1435,Maria Gomez,26-35,Female,Europe,Italy,Rome,P520,Microwave Oven,Appliances,2,1622,1233.51,388.49,0.01,Credit Card,Online
T11337,2024-03-11,C1436,Jake Turner,36-50,Male,North America,Canada,Toronto,P112,Mobile Phone,Electronics,4,780,698.93,81.07,0.19,Net Banking,Online
T11338,2024-03-26,C1437,Michael Ross,18-25,Female,North America,Mexico,Monterrey,P402,Monitor,Electronics,2,484,419.12,64.88,0.1,UPI,In-Store
T11339,2024-04-23,C1438,Sarah Miller,50+,Other,Africa,Egypt,Cairo,P205,Headphones,Accessories,3,5610,4554.82,1055.18,0.09,UPI,In-Store
T11340,2024-02-16,C1439,Sarah Miller,18-25,Female,Africa,South Africa,Johannesburg,P402,Monitor,Electronics,4,5484,3676.62,1807.38,0.2,Credit Card,In-Store
T11341,2024-01-20,C1440,Aditi Sharma,50+,Other,North America,Canada,Vancouver,P520,Microwave Oven,Appliances,4,5936,3562.66,2373.34,0.08,Debit Card,Online
T11342,2024-04-22,C1441,Emily Clark,18-25,Female,Asia,UAE,Dubai,P101,Laptop,Electronics,1,585,445.35,139.65,0.05,Net Banking,Online
T11343,2024-03-26,C1442,Sonia Patel,18-25,Other,Africa,South Africa,Cape Town,P112,Mobile Phone,Electronics,3,5310,3650.14,1659.86,0.1,UPI,In-Store
T11344,2024-01-30,C1443,John Carter,18-25,Male,Europe,Germany,Berlin,P520,Microwave Oven,Appliances,1,1607,1435.45,171.55,0.2,Cash,Online
T11345,2024-04-24,C1444,Natalie Reed,36-50,Female,Europe,France,Paris,P520,Microwave Oven,Appliances,1,603,381.12,221.88,0.24,Debit Card,Online
T11346,2024-04-21,C1445,Maria Gomez,36-50,Female,North America,Mexico,Monterrey,P205,Headphones,Accessories,2,3664,3290.77,373.23,0.08,Debit Card,Online
T11347,2024-03-27,C1446,Rohan Gupta,18-25,Other,North America,USA,Seattle,P112,Mobile Phone,Electronics,1,1280,1068.73,211.27,0.03,Net Banking,In-Store
T11348,2024-02-25,C1447,Sarah Miller,50+,Female,South America,Chile,Santiago,P402,Monitor,Electronics,3,5964,4162.18,1801.82,0.01,UPI,In-Store
T11349,2024-04-23,C1448,Meera Iyer,50+,Male,Asia,India,Mumbai,P112,Mobile Phone,Electronics,1,946,800.67,145.33,0.14,UPI,Online
T11350,2024-02-06,C1449,Priya Nair,18-25,Female,North America,Mexico,Mexico City,P112,Mobile Phone,Electronics,1,228,169.39,58.61,0.18,Credit Card,Online
T11351,2024-01-16,C1450,Rohan Gupta,36-50,Female,Asia,Singapore,Singapore,P205,Headphones,Accessories,4,7856,6726.17,1129.83,0.0,Net Banking,Online
T11352,2024-03-20,C1451,Emily Clark,18-25,Male,North America,USA,New York,P520,Microwave Oven,Appliances,4,456,388.02,67.98,0.13,Cash,Online
T11353,2024-01-17,C1452,Ethan Wilson,36-50,Male,Asia,UAE,Abu Dhabi,P402,Monitor,Electronics,1,1772,1535.36,236.64,0.05,Credit Card,In-Store
T11354,2024-03-11,C1453,Aditi Sharma,26-35,Other,North America,Mexico,Monterrey,P205,Headphones,Accessories,4,7680,6631.87,1048.13,0.24,UPI,Online
T11355,2024-03-18,C1454,John Carter,18-25,Other,Africa,Egypt,Cairo,P112,Mobile Phone,Electronics,2,2178,1411.27,766.73,0.17,Debit Card,Online
T11356,2024-01-10,C1455,Jake Turner,50+,Other,Europe,France,Lyon,P402,Monitor,Electronics,2,348,255.49,92.51,0.21,UPI,In-Store
T11357,2024-01-22,C1456,Ethan Wilson,18-25,Female,North America,Mexico,Monterrey,P101,Laptop,Electronics,4,3688,2927.02,760.98,0.04,Debit Card,In-Store
T11358,2024-04-26,C1457,Michael Ross,18-25,Female,North America,USA,Chicago,P205,Headphones,Accessories,2,2542,2130.04,411.96,0.06,Cash,In-Store
T11359,2024-04-06,C1458,Emily Clark,50+,Male,Africa,South Africa,Cape Town,P520,Microwave Oven,Appliances,3,1752,1195.21,556.79,0.24,Cash,Online
T11360,2024-02-13,C1459,Natalie Reed,36-50,Male,North America,Canada,Toronto,P402,Monitor,Electronics,3,2529,2074.82,454.18,0.17,Debit Card,Online
T11361,2024-02-24,C1460,Rohan Gupta,36-50,Female,Europe,UK,London,P205,Headphones,Accessories,4,5168,4570.24,597.76,0.04,Cash,In-Store
T11362,2024-02-24,C1461,Maria Gomez,50+,Male,South America,Argentina,Buenos Aires,P402,Monitor,Electronics,2,3364,2531.22,832.78,0.16,UPI,Online
T11363,2024-03-20,C1462,Daniel Wong,18-25,Female,South America,Chile,Santiago,P112,Mobile Phone,Electronics,2,3996,2808.3,1187.7,0.16,Debit Card,Online
T11364,2024-03-27,C1463,Ethan Wilson,26-35,Female,North America,Canada,Toronto,P112,Mobile Phone,Electronics,1,595,437.38,157.62,0.13,Net Banking,Online
T11365,2024-03-11,C1464,Emily Clark,18-25,Male,Africa,Kenya,Nairobi,P520,Microwave Oven,Appliances,3,4161,3277.33,883.67,0.2,Debit Card,In-Store
T11366,2024-01-07,C1465,Jake Turner,26-35,Female,Europe,France,Paris,P205,Headphones,Accessories,1,1074,825.43,248.57,0.17,Cash,Online
T11367,2024-01-06,C1466,Natalie Reed,18-25,Female,Asia,India,Mumbai,P205,Headphones,Accessories,3,3249,2094.15,1154.85,0.15,Net Banking,In-Store
T11368,2024-04-09,C1467,Emily Clark,50+,Female,South America,Brazil,São Paulo,P101,Laptop,Electronics,1,175,117.7,57.3,0.11,Credit Card,Online
T11369,2024-04-24,C1468,Meera Iyer,36-50,Male,North America,Canada,Toronto,P112,Mobile Phone,Electronics,3,5265,4050.46,1214.54,0.23,UPI,Online
T11370,2024-03-20,C1469,Jake Turner,50+,Other,North America,Canada,Toronto,P520,Microwave Oven,Appliances,1,81,57.41,23.59,0.21,Credit Card,In-Store
T11371,2024-03-21,C1470,Aditi Sharma,18-25,Other,Africa,South Africa,Cape Town,P303,Washing Machine,Appliances,4,6268,4647.05,1620.95,0.12,Net Banking,In-Store
T11372,2024-02-05,C1471,Sarah Miller,26-35,Other,Asia,UAE,Abu Dhabi,P303,Washing Machine,Appliances,2,2544,1841.68,702.32,0.05,UPI,In-Store
T11373,2024-02-29,C1472,Emily Clark,36-50,Male,South America,Chile,Santiago,P205,Headphones,Accessories,2,3170,2558.23,611.77,0.08,Debit Card,Online
T11374,2024-03-14,C1473,Priya Nair,50+,Other,South America,Brazil,Rio,P112,Mobile Phone,Electronics,1,150,106.22,43.78,0.02,Credit Card,In-Store
T11375,2024-02-10,C1474,Aditi Sharma,26-35,Female,Europe,France,Paris,P402,Monitor,Electronics,1,393,253.15,139.85,0.07,Net Banking,Online
T11376,2024-01-17,C1475,Priya Nair,26-35,Female,Africa,Egypt,Cairo,P101,Laptop,Electronics,4,1112,950.4,161.6,0.1,Credit Card,In-Store
T11377,2024-03-02,C1476,John Carter,26-35,Female,Europe,Italy,Rome,P112,Mobile Phone,Electronics,4,6888,4841.24,2046.76,0.03,Credit Card,In-Store
T11378,2024-02-19,C1477,Sonia Patel,36-50,Female,Africa,South Africa,Johannesburg,P205,Headphones,Accessories,4,4668,3088.99,1579.01,0.19,Debit Card,Online
T11379,2024-01-21,C1478,Aditi Sharma,50+,Other,Europe,France,Paris,P402,Monitor,Electronics,2,1488,1018.85,469.15,0.02,Credit Card,Online
T11380,2024-01-17,C1479,Sonia Patel,26-35,Female,Africa,South Africa,Johannesburg,P205,Headphones,Accessories,2,3254,2114.67,1139.33,0.23,Net Banking,Online
T11381,2024-03-22,C1480,Rohan Gupta,50+,Female,South America,Argentina,Buenos Aires,P520,Microwave Oven,Appliances,1,122,105.78,16.22,0.03,UPI,In-Store
T11382,2024-01-04,C1481,Sonia Patel,36-50,Female,Asia,UAE,Dubai,P112,Mobile Phone,Electronics,2,2136,1754.46,381.54,0.15,Debit Card,In-Store
T11383,2024-04-16,C1482,Lucas Brown,18-25,Other,South America,Argentina,Buenos Aires,P112,Mobile Phone,Electronics,4,1256,871.93,384.07,0.12,Net Banking,Online
T11384,2024-04-01,C1483,Jake Turner,36-50,Male,Europe,France,Lyon,P520,Microwave Oven,Appliances,1,296,243.66,52.34,0.23,UPI,Online
T11385,2024-03-29,C1484,Daniel Wong,50+,Female,North America,Canada,Vancouver,P402,Monitor,Electronics,2,406,275.48,130.52,0.16,UPI,In-Store
T11386,2024-04-05,C1485,Natalie Reed,18-25,Other,Africa,South Africa,Cape Town,P303,Washing Machine,Appliances,1,1204,849.42,354.58,0.23,UPI,Online
T11387,2024-01-17,C1486,Emily Clark,18-25,Female,North America,Mexico,Monterrey,P101,Laptop,Electronics,4,2548,2149.35,398.65,0.09,Credit Card,Online
T11388,2024-04-16,C1487,Jake Turner,50+,Female,South America,Argentina,Buenos Aires,P402,Monitor,Electronics,1,616,523.53,92.47,0.25,Cash,Online
T11389,2024-04-09,C1488,Sarah Miller,26-35,Other,Africa,South Africa,Johannesburg,P520,Microwave Oven,Appliances,1,1703,1340.2,362.8,0.19,Net Banking,Online
T11390,2024-01-16,C1489,Lucas Brown,36-50,Other,Asia,Singapore,Singapore,P101,Laptop,Electronics,4,5048,4156.76,891.24,0.11,Net Banking,In-Store
T11391,2024-01-25,C1490,Daniel Wong,18-25,Other,South America,Chile,Santiago,P205,Headphones,Accessories,2,2382,1910.67,471.33,0.11,Debit Card,In-Store
T11392,2024-01-29,C1491,Daniel Wong,36-50,Male,Europe,Italy,Milan,P101,Laptop,Electronics,3,2727,2142.77,584.23,0.12,Debit Card,Online
T11393,2024-03-11,C1492,Sonia Patel,26-35,Male,Africa,Egypt,Cairo,P205,Headphones,Accessories,1,1407,1074.54,332.46,0.05,Net Banking,Online
T11394,2024-03-11,C1493,Rohan Gupta,50+,Female,Africa,South Africa,Johannesburg,P402,Monitor,Electronics,1,587,356.93,230.07,0.1,Net Banking,In-Store
T11395,2024-03-07,C1494,Rohan Gupta,26-35,Female,Africa,Egypt,Cairo,P303,Washing Machine,Appliances,4,468,381.2,86.8,0.24,Net Banking,Online
T11396,2024-01-14,C1495,Aditi Sharma,26-35,Female,Asia,Singapore,Singapore,P101,Laptop,Electronics,4,5436,3750.3,1685.7,0.24,UPI,Online
T11397,2024-02-02,C1496,Lucas Brown,36-50,Other,South America,Argentina,Buenos Aires,P112,Mobile Phone,Electronics,1,1663,1123.61,539.39,0.11,Net Banking,In-Store
T11398,2024-01-26,C1497,Ethan Wilson,26-35,Female,Africa,Kenya,Nairobi,P205,Headphones,Accessories,1,973,708.96,264.04,0.01,UPI,In-Store
T11399,2024-04-15,C1498,Emily Clark,50+,Female,South America,Argentina,Buenos Aires,P303,Washing Machine,Appliances,1,136,91.49,44.51,0.17,Net Banking,In-Store
T11400,2024-02-17,C1499,Michael Ross,36-50,Other,Asia,Japan,Osaka,P303,Washing Machine,Appliances,4,716,462.5,253.5,0.18,Net Banking,Online
T11401,2024-01-03,C1500,Priya Nair,36-50,Female,Europe,Germany,Berlin,P303,Washing Machine,Appliances,3,4023,3259.67,763.33,0.21,Cash,In-Store
T11402,2024-03-18,C1501,Jake Turner,18-25,Other,Africa,South Africa,Johannesburg,P205,Headphones,Accessories,4,5648,3967.68,1680.32,0.16,Net Banking,Online
T11403,2024-01-06,C1502,Natalie Reed,50+,Male,Asia,UAE,Dubai,P205,Headphones,Accessories,1,1265,826.71,438.29,0.03,Debit Card,Online
T11404,2024-02-21,C1503,Sarah Miller,36-50,Female,South America,Argentina,Buenos Aires,P303,Washing Machine,Appliances,3,3957,3083.27,873.73,0.1,UPI,In-Store
T11405,2024-03-11,C1504,Maria Gomez,50+,Female,Asia,Singapore,Singapore,P303,Washing Machine,Appliances,4,6532,5063.45,1468.55,0.05,Credit Card,Online
T11406,2024-02-22,C1505,Sonia Patel,18-25,Female,Asia,UAE,Dubai,P205,Headphones,Accessories,3,1218,1014.64,203.36,0.21,Net Banking,Online
T11407,2024-01-11,C1506,Natalie Reed,36-50,Male,North America,USA,New York,P112,Mobile Phone,Electronics,3,723,613.32,109.68,0.18,Net Banking,Online
T11408,2024-02-22,C1507,Priya Nair,50+,Female,Africa,Kenya,Nairobi,P303,Washing Machine,Appliances,1,1082,855.43,226.57,0.05,Cash,Online
T11409,2024-01-17,C1508,Meera Iyer,50+,Male,North America,Canada,Toronto,P520,Microwave Oven,Appliances,2,908,748.56,159.44,0.21,Net Banking,Online
T11410,2024-02-07,C1509,Priya Nair,26-35,Male,Asia,India,Bengaluru,P112,Mobile Phone,Electronics,4,6764,5411.73,1352.27,0.11,UPI,In-Store
T11411,2024-01-14,C1510,Jake Turner,50+,Male,Europe,France,Paris,P402,Monitor,Electronics,3,3261,2637.69,623.31,0.05,UPI,Online
T11412,2024-04-28,C1511,Aditi Sharma,36-50,Female,Africa,Kenya,Nairobi,P112,Mobile Phone,Electronics,2,1190,732.86,457.14,0.18,UPI,Online
T11413,2024-01-17,C1512,Meera Iyer,50+,Other,Europe,Germany,Berlin,P101,Laptop,Electronics,3,3021,2548.13,472.87,0.12,Cash,In-Store
T11414,2024-04-12,C1513,Emily Clark,50+,Other,Africa,Egypt,Cairo,P303,Washing Machine,Appliances,4,3948,2565.71,1382.29,0.09,UPI,In-Store
T11415,2024-03-26,C1514,Rohan Gupta,36-50,Other,Europe,Italy,Rome,P402,Monitor,Electronics,1,1205,933.64,271.36,0.03,Debit Card,In-Store
T11416,2024-01-12,C1515,Daniel Wong,18-25,Other,Asia,India,Delhi,P303,Washing Machine,Appliances,1,379,294.68,84.32,0.05,Debit Card,In-Store
T11417,2024-02-20,C1516,Lucas Brown,26-35,Other,Africa,Kenya,Nairobi,P520,Microwave Oven,Appliances,3,4560,2769.88,1790.12,0.06,Cash,Online
T11418,2024-01-02,C1517,Meera Iyer,26-35,Other,South America,Chile,Santiago,P303,Washing Machine,Appliances,4,7340,5140.44,2199.56,0.13,Net Banking,In-Store
T11419,2024-01-10,C1518,Meera Iyer,18-25,Male,Europe,Italy,Rome,P112,Mobile Phone,Electronics,1,261,176.76,84.24,0.19,UPI,Online
T11420,2024-04-15,C1519,Meera Iyer,26-35,Other,Africa,Kenya,Nairobi,P205,Headphones,Accessories,4,1208,963.37,244.63,0.11,Cash,Online
T11421,2024-03-25,C1520,Jake Turner,26-35,Female,Europe,UK,Manchester,P101,Laptop,Electronics,2,3468,2223.17,1244.83,0.02,UPI,In-Store
T11422,2024-01-20,C1521,Maria Gomez,50+,Male,Asia,Japan,Osaka,P402,Monitor,Electronics,4,3616,2714.57,901.43,0.08,Credit Card,In-Store
T11423,2024-02-07,C1522,Lucas Brown,18-25,Male,South America,Argentina,Buenos Aires,P205,Headphones,Accessories,2,2638,2265.37,372.63,0.08,Credit Card,Online
T11424,2024-03-14,C1523,Emily Clark,36-50,Male,Africa,Egypt,Cairo,P101,Laptop,Electronics,3,4557,2750.61,1806.39,0.14,Credit Card,Online
T11425,2024-04-23,C1524,Jake Turner,50+,Female,Europe,France,Lyon,P402,Monitor,Electronics,2,1938,1351.53,586.47,0.17,Debit Card,Online
T11426,2024-01-21,C1525,Aditi Sharma,18-25,Other,Asia,Japan,Osaka,P402,Monitor,Electronics,4,476,373.31,102.69,0.06,Cash,Online
T11427,2024-03-28,C1526,John Carter,18-25,Female,Africa,Kenya,Nairobi,P402,Monitor,Electronics,1,1516,1265.71,250.29,0.19,UPI,Online
T11428,2024-04-25,C1527,Michael Ross,50+,Other,Africa,Egypt,Cairo,P520,Microwave Oven,Appliances,4,7556,4792.55,2763.45,0.06,Credit Card,In-Store
T11429,2024-02-21,C1528,Meera Iyer,50+,Male,Asia,UAE,Dubai,P101,Laptop,Electronics,2,1186,1060.7,125.3,0.12,Debit Card,Online
T11430,2024-01-23,C1529,Maria Gomez,18-25,Male,Africa,Egypt,Cairo,P112,Mobile Phone,Electronics,2,212,130.55,81.45,0.21,Net Banking,In-Store
T11431,2024-04-02,C1530,Ethan Wilson,18-25,Female,Asia,India,Mumbai,P303,Washing Machine,Appliances,3,1875,1432.98,442.02,0.24,UPI,Online
T11432,2024-01-02,C1531,Meera Iyer,26-35,Other,Europe,UK,London,P303,Washing Machine,Appliances,2,1472,1069.43,402.57,0.01,Debit Card,In-Store
T11433,2024-02-04,C1532,Sarah Miller,18-25,Male,North America,USA,Chicago,P112,Mobile Phone,Electronics,3,2793,1965.88,827.12,0.16,Debit Card,In-Store
T11434,2024-03-28,C1533,Aditi Sharma,50+,Other,Europe,France,Lyon,P402,Monitor,Electronics,4,7864,6805.84,1058.16,0.06,Credit Card,In-Store
T11435,2024-03-27,C1534,Sarah Miller,36-50,Other,Europe,UK,London,P303,Washing Machine,Appliances,4,904,804.45,99.55,0.24,Cash,Online
T11436,2024-02-05,C1535,Maria Gomez,26-35,Male,Asia,UAE,Abu Dhabi,P205,Headphones,Accessories,1,992,679.9,312.1,0.13,Credit Card,In-Store
T11437,2024-02-11,C1536,Aditi Sharma,26-35,Other,North America,Mexico,Monterrey,P101,Laptop,Electronics,3,777,572.41,204.59,0.12,Credit Card,Online
T11438,2024-01-23,C1537,John Carter,36-50,Other,Europe,Germany,Berlin,P303,Washing Machine,Appliances,3,4149,2700.7,1448.3,0.02,Credit Card,In-Store
T11439,2024-02-03,C1538,Natalie Reed,50+,Other,North America,Mexico,Mexico City,P303,Washing Machine,Appliances,1,1066,794.91,271.09,0.23,UPI,Online
T11440,2024-01-05,C1539,Jake Turner,50+,Other,North America,Mexico,Mexico City,P303,Washing Machine,Appliances,2,2974,1841.39,1132.61,0.08,Debit Card,In-Store
T11441,2024-01-03,C1540,Emily Clark,50+,Female,Europe,Germany,Berlin,P520,Microwave Oven,Appliances,2,1330,1021.13,308.87,0.13,UPI,Online
T11442,2024-03-16,C1541,Meera Iyer,36-50,Other,North America,Canada,Toronto,P205,Headphones,Accessories,2,2040,1678.98,361.02,0.13,Debit Card,Online
T11443,2024-04-10,C1542,Daniel Wong,18-25,Male,North America,USA,Seattle,P303,Washing Machine,Appliances,2,2042,1274.03,767.97,0.17,UPI,Online
T11444,2024-01-26,C1543,Natalie Reed,36-50,Male,Europe,France,Paris,P112,Mobile Phone,Electronics,2,2322,1634.13,687.87,0.01,UPI,Online
T11445,2024-02-29,C1544,John Carter,26-35,Other,North America,Mexico,Monterrey,P101,Laptop,Electronics,1,593,384.37,208.63,0.13,Credit Card,In-Store
T11446,2024-03-15,C1545,Jake Turner,36-50,Male,Africa,South Africa,Johannesburg,P101,Laptop,Electronics,2,3786,2979.78,806.22,0.03,UPI,Online
T11447,2024-02-19,C1546,John Carter,36-50,Other,Asia,Japan,Osaka,P205,Headphones,Accessories,3,4305,3198.17,1106.83,0.17,Debit Card,In-Store
T11448,2024-01-28,C1547,John Carter,50+,Other,Africa,Egypt,Cairo,P303,Washing Machine,Appliances,4,5712,3942.94,1769.06,0.05,Cash,In-Store
T11449,2024-03-25,C1548,Michael Ross,18-25,Male,North America,Mexico,Monterrey,P205,Headphones,Accessories,2,1252,829.71,422.29,0.17,Net Banking,Online
T11450,2024-03-01,C1549,Rohan Gupta,18-25,Female,Europe,Italy,Milan,P205,Headphones,Accessories,1,1736,1211.47,524.53,0.12,Debit Card,In-Store
T11451,2024-04-18,C1550,Ethan Wilson,18-25,Female,North America,Mexico,Mexico City,P520,Microwave Oven,Appliances,1,268,228.92,39.08,0.05,Net Banking,Online
T11452,2024-01-16,C1551,Sonia Patel,50+,Other,Europe,UK,London,P205,Headphones,Accessories,2,476,426.37,49.63,0.21,UPI,Online
T11453,2024-01-31,C1552,Emily Clark,26-35,Female,Europe,Italy,Milan,P303,Washing Machine,Appliances,1,923,563.33,359.67,0.11,UPI,Online
T11454,2024-04-10,C1553,Rohan Gupta,50+,Female,South America,Chile,Santiago,P303,Washing Machine,Appliances,4,4228,2584.23,1643.77,0.13,Debit Card,Online
T11455,2024-03-09,C1554,John Carter,50+,Other,North America,Mexico,Monterrey,P101,Laptop,Electronics,2,1610,1153.39,456.61,0.21,UPI,In-Store
T11456,2024-03-09,C1555,Daniel Wong,50+,Male,Europe,France,Lyon,P402,Monitor,Electronics,2,1854,1216.37,637.63,0.11,Net Banking,Online
T11457,2024-04-18,C1556,Emily Clark,26-35,Female,South America,Brazil,Rio,P112,Mobile Phone,Electronics,4,2476,1755.54,720.46,0.23,Net Banking,Online
T11458,2024-03-08,C1557,Priya Nair,50+,Other,South America,Chile,Santiago,P402,Monitor,Electronics,1,594,394.74,199.26,0.16,UPI,Online
T11459,2024-04-10,C1558,Michael Ross,36-50,Female,Africa,Kenya,Nairobi,P205,Headphones,Accessories,4,1424,941.89,482.11,0.2,Credit Card,In-Store
T11460,2024-02-07,C1559,Daniel Wong,50+,Male,North America,USA,Chicago,P303,Washing Machine,Appliances,3,5538,3985.91,1552.09,0.06,Net Banking,Online
T11461,2024-01-10,C1560,Rohan Gupta,36-50,Female,Europe,Italy,Rome,P303,Washing Machine,Appliances,4,4252,3805.05,446.95,0.16,Cash,Online
T11462,2024-04-13,C1561,Natalie Reed,50+,Female,Europe,UK,Manchester,P112,Mobile Phone,Electronics,4,5416,3907.89,1508.11,0.06,Debit Card,In-Store
T11463,2024-04-10,C1562,Maria Gomez,50+,Other,Africa,Egypt,Cairo,P303,Washing Machine,Appliances,3,4782,4116.63,665.37,0.05,Net Banking,In-Store
T11464,2024-02-04,C1563,Natalie Reed,26-35,Female,Europe,France,Lyon,P303,Washing Machine,Appliances,2,2272,1808.68,463.32,0.07,Cash,In-Store
T11465,2024-03-18,C1564,Rohan Gupta,18-25,Other,North America,USA,Seattle,P402,Monitor,Electronics,4,7736,6053.14,1682.86,0.11,Net Banking,In-Store
T11466,2024-03-19,C1565,Natalie Reed,50+,Male,Europe,Italy,Rome,P112,Mobile Phone,Electronics,4,2924,2565.2,358.8,0.06,UPI,Online
T11467,2024-04-07,C1566,Lucas Brown,18-25,Other,Europe,UK,Manchester,P112,Mobile Phone,Electronics,2,3172,2063.09,1108.91,0.09,Cash,In-Store
T11468,2024-04-21,C1567,Rohan Gupta,36-50,Female,South America,Argentina,Buenos Aires,P520,Microwave Oven,Appliances,3,2724,2341.74,382.26,0.14,Net Banking,In-Store
T11469,2024-04-27,C1568,Meera Iyer,50+,Other,Europe,France,Lyon,P402,Monitor,Electronics,3,3489,2719.13,769.87,0.17,Debit Card,In-Store
T11470,2024-01-22,C1569,John Carter,50+,Male,South America,Brazil,São Paulo,P402,Monitor,Electronics,4,1928,1320.09,607.91,0.15,Net Banking,Online
T11471,2024-03-27,C1570,Daniel Wong,50+,Other,Europe,UK,London,P112,Mobile Phone,Electronics,2,3268,2638.96,629.04,0.17,UPI,Online
T11472,2024-04-04,C1571,Sarah Miller,18-25,Male,North America,USA,New York,P520,Microwave Oven,Appliances,3,2928,2415.89,512.11,0.08,Net Banking,In-Store
T11473,2024-02-12,C1572,Natalie Reed,26-35,Male,Africa,Egypt,Cairo,P303,Washing Machine,Appliances,2,3602,2665.71,936.29,0.09,Net Banking,Online
T11474,2024-02-26,C1573,Lucas Brown,50+,Female,South America,Brazil,Rio,P402,Monitor,Electronics,3,4602,3954.54,647.46,0.11,Debit Card,Online
T11475,2024-03-04,C1574,Daniel Wong,18-25,Male,Europe,Italy,Milan,P303,Washing Machine,Appliances,2,2106,1564.0,542.0,0.19,Cash,Online
T11476,2024-04-22,C1575,Jake Turner,18-25,Other,Europe,France,Lyon,P101,Laptop,Electronics,2,2374,2039.0,335.0,0.12,Debit Card,Online
T11477,2024-02-18,C1576,John Carter,36-50,Other,Europe,UK,London,P112,Mobile Phone,Electronics,4,5536,3372.11,2163.89,0.18,Cash,Online
T11478,2024-02-13,C1577,Jake Turner,50+,Other,Asia,Japan,Osaka,P402,Monitor,Electronics,3,5313,4505.1,807.9,0.14,Net Banking,Online
T11479,2024-03-19,C1578,Daniel Wong,36-50,Female,South America,Argentina,Buenos Aires,P205,Headphones,Accessories,3,2151,1491.53,659.47,0.1,Debit Card,Online
T11480,2024-01-17,C1579,Natalie Reed,50+,Male,Asia,UAE,Abu Dhabi,P520,Microwave Oven,Appliances,2,172,147.47,24.53,0.08,Debit Card,In-Store
T11481,2024-01-18,C1580,Lucas Brown,18-25,Other,Asia,Japan,Osaka,P112,Mobile Phone,Electronics,2,222,167.38,54.62,0.18,UPI,Online
T11482,2024-01-19,C1581,Sarah Miller,36-50,Other,Europe,Germany,Berlin,P101,Laptop,Electronics,1,1373,917.5,455.5,0.04,Debit Card,In-Store
T11483,2024-03-08,C1582,Meera Iyer,26-35,Other,Asia,Japan,Osaka,P112,Mobile Phone,Electronics,3,1785,1510.4,274.6,0.0,Credit Card,In-Store
T11484,2024-04-05,C1583,Maria Gomez,50+,Other,Europe,Italy,Milan,P112,Mobile Phone,Electronics,2,2740,1791.27,948.73,0.22,Net Banking,In-Store
T11485,2024-01-10,C1584,Meera Iyer,50+,Male,Europe,Germany,Munich,P520,Microwave Oven,Appliances,2,2862,2019.33,842.67,0.18,Credit Card,In-Store
T11486,2024-01-21,C1585,Natalie Reed,50+,Male,Africa,Kenya,Nairobi,P402,Monitor,Electronics,4,5064,4132.92,931.08,0.07,Cash,In-Store
T11487,2024-03-25,C1586,Meera Iyer,26-35,Male,North America,Mexico,Monterrey,P520,Microwave Oven,Appliances,2,3596,2243.06,1352.94,0.01,Credit Card,Online
T11488,2024-02-27,C1587,Michael Ross,50+,Female,Africa,Kenya,Nairobi,P402,Monitor,Electronics,1,1647,1219.3,427.7,0.15,UPI,Online
T11489,2024-02-07,C1588,Meera Iyer,18-25,Other,Asia,UAE,Abu Dhabi,P402,Monitor,Electronics,3,4944,3396.91,1547.09,0.14,Net Banking,In-Store
T11490,2024-01-13,C1589,Meera Iyer,50+,Other,Europe,UK,Manchester,P205,Headphones,Accessories,2,2130,1848.82,281.18,0.11,Credit Card,In-Store
T11491,2024-02-18,C1590,Ethan Wilson,18-25,Female,North America,Mexico,Mexico City,P303,Washing Machine,Appliances,4,5804,3919.22,1884.78,0.13,Credit Card,Online
T11492,2024-02-26,C1591,John Carter,18-25,Male,Asia,Singapore,Singapore,P101,Laptop,Electronics,1,1144,801.65,342.35,0.15,Debit Card,Online
T11493,2024-03-20,C1592,Lucas Brown,36-50,Female,Asia,Japan,Tokyo,P205,Headphones,Accessories,4,5244,3947.09,1296.91,0.11,Credit Card,Online
T11494,2024-02-23,C1593,Meera Iyer,26-35,Male,South America,Brazil,São Paulo,P520,Microwave Oven,Appliances,1,205,139.16,65.84,0.12,UPI,Online
T11495,2024-02-16,C1594,Maria Gomez,18-25,Other,Africa,Egypt,Cairo,P205,Headphones,Accessories,2,2260,1545.17,714.83,0.1,Credit Card,Online
T11496,2024-03-05,C1595,Aditi Sharma,18-25,Other,South America,Argentina,Buenos Aires,P205,Headphones,Accessories,1,1460,1235.42,224.58,0.1,Cash,Online
T11497,2024-02-09,C1596,Sonia Patel,18-25,Female,Africa,Kenya,Nairobi,P520,Microwave Oven,Appliances,3,3678,2691.81,986.19,0.13,Credit Card,In-Store
T11498,2024-02-24,C1597,Rohan Gupta,36-50,Other,Europe,France,Lyon,P101,Laptop,Electronics,4,6036,3830.5,2205.5,0.22,UPI,In-Store
T11499,2024-02-25,C1598,Maria Gomez,18-25,Female,Asia,UAE,Abu Dhabi,P205,Headphones,Accessories,3,4323,3818.99,504.01,0.08,UPI,In-Store
T11500,2024-03-17,C1599,Aditi Sharma,50+,Male,North America,USA,Seattle,P520,Microwave Oven,Appliances,1,1672,1401.56,270.44,0.16,Cash,In-Store
T11501,2024-01-19,C1600,Meera Iyer,36-50,Female,South America,Brazil,São Paulo,P520,Microwave Oven,Appliances,3,1659,1040.85,618.15,0.04,Net Banking,In-Store
T11502,2024-02-11,C1601,Priya Nair,18-25,Male,Asia,UAE,Dubai,P112,Mobile Phone,Electronics,3,2511,2100.35,410.65,0.01,Cash,Online
T11503,2024-01-02,C1602,Sarah Miller,26-35,Male,Asia,India,Bengaluru,P112,Mobile Phone,Electronics,3,1869,1509.91,359.09,0.18,Cash,In-Store
T11504,2024-02-08,C1603,Michael Ross,18-25,Other,South America,Argentina,Buenos Aires,P402,Monitor,Electronics,2,2892,2564.49,327.51,0.06,Cash,Online
T11505,2024-02-08,C1604,Ethan Wilson,36-50,Other,Europe,UK,Manchester,P303,Washing Machine,Appliances,4,1892,1231.22,660.78,0.24,Debit Card,Online
T11506,2024-03-09,C1605,Emily Clark,18-25,Male,Asia,Japan,Osaka,P402,Monitor,Electronics,2,506,431.87,74.13,0.01,Debit Card,Online
T11507,2024-03-08,C1606,John Carter,50+,Male,Africa,Kenya,Nairobi,P303,Washing Machine,Appliances,3,5211,4213.05,997.95,0.13,UPI,In-Store
T11508,2024-02-26,C1607,Maria Gomez,26-35,Male,Asia,India,Bengaluru,P205,Headphones,Accessories,3,2487,1591.68,895.32,0.21,Credit Card,Online
T11509,2024-03-15,C1608,Maria Gomez,36-50,Other,Africa,South Africa,Cape Town,P402,Monitor,Electronics,3,4056,2901.48,1154.52,0.09,Credit Card,In-Store
T11510,2024-01-09,C1609,Emily Clark,18-25,Female,Asia,Japan,Osaka,P402,Monitor,Electronics,3,5991,4464.8,1526.2,0.2,UPI,Online
T11511,2024-03-26,C1610,Lucas Brown,36-50,Female,Africa,South Africa,Cape Town,P520,Microwave Oven,Appliances,3,3852,2701.77,1150.23,0.18,Credit Card,Online
T11512,2024-03-25,C1611,Maria Gomez,36-50,Female,North America,Mexico,Mexico City,P303,Washing Machine,Appliances,1,158,118.71,39.29,0.07,UPI,Online
T11513,2024-02-28,C1612,Jake Turner,18-25,Male,Africa,Egypt,Cairo,P303,Washing Machine,Appliances,4,4028,2636.81,1391.19,0.13,Cash,In-Store
T11514,2024-04-21,C1613,Michael Ross,26-35,Male,Europe,Italy,Rome,P205,Headphones,Accessories,2,2200,1786.59,413.41,0.16,Net Banking,Online
T11515,2024-02-18,C1614,Priya Nair,36-50,Female,Europe,Italy,Milan,P303,Washing Machine,Appliances,1,1155,993.75,161.25,0.15,Credit Card,In-Store
T11516,2024-02-03,C1615,Meera Iyer,50+,Female,South America,Brazil,Rio,P112,Mobile Phone,Electronics,3,2943,1847.42,1095.58,0.11,Debit Card,In-Store
T11517,2024-01-09,C1616,Emily Clark,36-50,Other,Europe,Italy,Milan,P112,Mobile Phone,Electronics,3,2286,1538.93,747.07,0.24,Credit Card,In-Store
T11518,2024-02-04,C1617,Meera Iyer,18-25,Female,North America,Mexico,Monterrey,P520,Microwave Oven,Appliances,2,876,660.67,215.33,0.17,Credit Card,Online
T11519,2024-02-08,C1618,Aditi Sharma,50+,Male,South America,Argentina,Buenos Aires,P520,Microwave Oven,Appliances,4,4036,2958.52,1077.48,0.08,Net Banking,Online
T11520,2024-04-16,C1619,Jake Turner,50+,Other,Europe,UK,London,P101,Laptop,Electronics,2,2446,1663.36,782.64,0.03,Debit Card,Online
T11521,2024-02-07,C1620,Lucas Brown,26-35,Other,Asia,Singapore,Singapore,P205,Headphones,Accessories,3,351,297.13,53.87,0.03,Credit Card,In-Store
T11522,2024-01-07,C1621,Daniel Wong,36-50,Other,Europe,UK,Manchester,P112,Mobile Phone,Electronics,1,1424,1064.16,359.84,0.08,Cash,In-Store
T11523,2024-02-19,C1622,Aditi Sharma,26-35,Female,Europe,UK,Manchester,P101,Laptop,Electronics,2,2862,2373.05,488.95,0.13,Cash,In-Store
T11524,2024-03-06,C1623,Sonia Patel,50+,Other,Africa,Kenya,Nairobi,P303,Washing Machine,Appliances,2,1024,791.51,232.49,0.25,Credit Card,Online
T11525,2024-03-08,C1624,Sarah Miller,50+,Female,Africa,Kenya,Nairobi,P520,Microwave Oven,Appliances,3,1101,661.49,439.51,0.21,Cash,In-Store
T11526,2024-04-28,C1625,Ethan Wilson,50+,Female,North America,USA,Chicago,P101,Laptop,Electronics,3,504,303.57,200.43,0.12,Debit Card,Online
T11527,2024-02-14,C1626,Lucas Brown,18-25,Male,South America,Chile,Santiago,P303,Washing Machine,Appliances,2,2504,1660.88,843.12,0.21,UPI,Online
T11528,2024-03-18,C1627,Michael Ross,36-50,Female,Europe,Germany,Berlin,P205,Headphones,Accessories,2,3526,2557.12,968.88,0.08,Cash,In-Store
T11529,2024-01-03,C1628,Rohan Gupta,26-35,Other,North America,Canada,Vancouver,P205,Headphones,Accessories,2,3854,3414.61,439.39,0.02,Cash,Online
T11530,2024-03-16,C1629,Ethan Wilson,50+,Female,South America,Chile,Santiago,P520,Microwave Oven,Appliances,1,737,490.86,246.14,0.06,UPI,Online
T11531,2024-03-06,C1630,Natalie Reed,36-50,Female,Africa,Egypt,Cairo,P520,Microwave Oven,Appliances,4,4844,3327.43,1516.57,0.06,Credit Card,Online
T11532,2024-01-06,C1631,Jake Turner,18-25,Female,South America,Argentina,Buenos Aires,P205,Headphones,Accessories,3,1122,916.36,205.64,0.0,Debit Card,Online
T11533,2024-03-17,C1632,Jake Turner,18-25,Female,North America,Mexico,Monterrey,P303,Washing Machine,Appliances,3,978,701.5,276.5,0.24,Credit Card,Online
T11534,2024-02-28,C1633,Ethan Wilson,18-25,Male,North America,Mexico,Mexico City,P101,Laptop,Electronics,3,924,677.59,246.41,0.08,UPI,In-Store
T11535,2024-02-17,C1634,Natalie Reed,50+,Male,South America,Brazil,Rio,P520,Microwave Oven,Appliances,2,1704,1158.79,545.21,0.13,Cash,In-Store
T11536,2024-02-09,C1635,Sarah Miller,26-35,Male,North America,Mexico,Mexico City,P112,Mobile Phone,Electronics,1,1397,1151.1,245.9,0.0,Cash,Online
T11537,2024-01-06,C1636,Meera Iyer,50+,Female,North America,Mexico,Mexico City,P101,Laptop,Electronics,1,1493,1035.92,457.08,0.02,UPI,In-Store
T11538,2024-04-14,C1637,Meera Iyer,50+,Male,Asia,India,Delhi,P112,Mobile Phone,Electronics,2,3668,3056.6,611.4,0.06,Credit Card,In-Store
T11539,2024-04-01,C1638,Ethan Wilson,36-50,Other,Asia,Singapore,Singapore,P402,Monitor,Electronics,3,1569,1150.48,418.52,0.03,UPI,In-Store
T11540,2024-03-07,C1639,John Carter,18-25,Female,South America,Argentina,Buenos Aires,P520,Microwave Oven,Appliances,3,4551,3339.97,1211.03,0.18,Debit Card,Online
T11541,2024-03-24,C1640,Sonia Patel,26-35,Female,Europe,France,Paris,P402,Monitor,Electronics,3,4872,3000.04,1871.96,0.03,Net Banking,Online
T11542,2024-04-18,C1641,Natalie Reed,50+,Other,Asia,UAE,Abu Dhabi,P520,Microwave Oven,Appliances,4,6392,5589.99,802.01,0.04,Net Banking,In-Store
T11543,2024-02-09,C1642,Lucas Brown,26-35,Female,South America,Chile,Santiago,P101,Laptop,Electronics,2,2818,2172.08,645.92,0.0,UPI,Online
T11544,2024-04-29,C1643,John Carter,26-35,Male,Asia,UAE,Dubai,P402,Monitor,Electronics,1,779,602.79,176.21,0.22,Net Banking,Online
T11545,2024-02-25,C1644,Michael Ross,50+,Other,Asia,Singapore,Singapore,P112,Mobile Phone,Electronics,2,3894,3171.03,722.97,0.11,Credit Card,Online
T11546,2024-01-31,C1645,Maria Gomez,18-25,Female,Europe,Italy,Rome,P303,Washing Machine,Appliances,3,3930,2938.07,991.93,0.08,Credit Card,In-Store
T11547,2024-02-10,C1646,Lucas Brown,50+,Female,Asia,Singapore,Singapore,P101,Laptop,Electronics,3,1395,1110.06,284.94,0.01,UPI,Online
T11548,2024-03-20,C1647,Maria Gomez,26-35,Male,Europe,Germany,Munich,P112,Mobile Phone,Electronics,1,445,284.79,160.21,0.23,Net Banking,Online
T11549,2024-01-11,C1648,Ethan Wilson,26-35,Female,Europe,Germany,Munich,P112,Mobile Phone,Electronics,2,3932,2717.94,1214.06,0.16,Debit Card,Online
T11550,2024-02-07,C1649,Emily Clark,50+,Female,North America,USA,Seattle,P205,Headphones,Accessories,2,526,414.76,111.24,0.11,UPI,In-Store
T11551,2024-04-22,C1650,Sonia Patel,50+,Other,North America,Canada,Toronto,P112,Mobile Phone,Electronics,1,1657,1281.2,375.8,0.16,Net Banking,In-Store
T11552,2024-01-22,C1651,Rohan Gupta,18-25,Female,South America,Brazil,Rio,P303,Washing Machine,Appliances,2,2624,1772.62,851.38,0.21,Cash,Online
T11553,2024-04-27,C1652,Rohan Gupta,50+,Other,North America,Canada,Vancouver,P205,Headphones,Accessories,1,1878,1371.89,506.11,0.07,Net Banking,In-Store
T11554,2024-01-10,C1653,Priya Nair,18-25,Male,Asia,Japan,Tokyo,P520,Microwave Oven,Appliances,3,2193,1600.02,592.98,0.25,Net Banking,In-Store
T11555,2024-03-27,C1654,Natalie Reed,18-25,Male,South America,Argentina,Buenos Aires,P303,Washing Machine,Appliances,1,65,41.03,23.97,0.04,Debit Card,In-Store
T11556,2024-01-28,C1655,Sonia Patel,18-25,Male,Asia,Japan,Osaka,P205,Headphones,Accessories,2,798,638.46,159.54,0.07,Credit Card,Online
T11557,2024-03-09,C1656,Daniel Wong,36-50,Other,Europe,UK,London,P303,Washing Machine,Appliances,3,3495,3007.1,487.9,0.21,Debit Card,Online
T11558,2024-01-24,C1657,Maria Gomez,50+,Female,Africa,Kenya,Nairobi,P520,Microwave Oven,Appliances,1,1932,1342.2,589.8,0.16,Cash,In-Store
T11559,2024-01-26,C1658,Meera Iyer,36-50,Female,South America,Brazil,Rio,P101,Laptop,Electronics,4,6368,4079.97,2288.03,0.07,UPI,In-Store
T11560,2024-02-07,C1659,Rohan Gupta,50+,Male,North America,Mexico,Mexico City,P303,Washing Machine,Appliances,1,520,440.1,79.9,0.24,Net Banking,Online
T11561,2024-04-05,C1660,Natalie Reed,18-25,Female,Europe,Italy,Rome,P101,Laptop,Electronics,2,1218,771.91,446.09,0.18,Debit Card,Online
T11562,2024-04-02,C1661,Jake Turner,50+,Other,South America,Chile,Santiago,P112,Mobile Phone,Electronics,2,1372,893.42,478.58,0.11,Debit Card,Online
T11563,2024-01-03,C1662,Emily Clark,50+,Male,South America,Argentina,Buenos Aires,P112,Mobile Phone,Electronics,4,452,352.95,99.05,0.16,Debit Card,Online
T11564,2024-04-11,C1663,Lucas Brown,36-50,Male,Asia,UAE,Dubai,P520,Microwave Oven,Appliances,2,2552,2086.51,465.49,0.21,Cash,In-Store
T11565,2024-04-04,C1664,Meera Iyer,36-50,Other,South America,Chile,Santiago,P101,Laptop,Electronics,2,2238,1357.33,880.67,0.02,Credit Card,In-Store
T11566,2024-04-20,C1665,Michael Ross,50+,Male,Africa,Kenya,Nairobi,P112,Mobile Phone,Electronics,2,344,273.21,70.79,0.03,Debit Card,Online
T11567,2024-01-31,C1666,Meera Iyer,50+,Female,Africa,Kenya,Nairobi,P402,Monitor,Electronics,4,2656,2205.44,450.56,0.19,Net Banking,Online
T11568,2024-03-24,C1667,Ethan Wilson,18-25,Other,Africa,Kenya,Nairobi,P112,Mobile Phone,Electronics,3,2256,1598.8,657.2,0.21,Debit Card,In-Store
T11569,2024-04-17,C1668,Sarah Miller,50+,Female,Europe,Italy,Rome,P112,Mobile Phone,Electronics,1,1009,855.14,153.86,0.21,UPI,Online
T11570,2024-02-03,C1669,Natalie Reed,36-50,Other,South America,Argentina,Buenos Aires,P520,Microwave Oven,Appliances,4,1116,980.48,135.52,0.16,Debit Card,In-Store
T11571,2024-03-16,C1670,Ethan Wilson,18-25,Other,South America,Argentina,Buenos Aires,P402,Monitor,Electronics,4,2204,1938.29,265.71,0.08,UPI,In-Store
T11572,2024-04-21,C1671,Lucas Brown,18-25,Other,North America,Mexico,Monterrey,P112,Mobile Phone,Electronics,1,436,324.11,111.89,0.09,Debit Card,In-Store
T11573,2024-03-01,C1672,Meera Iyer,26-35,Female,Africa,Kenya,Nairobi,P205,Headphones,Accessories,1,1054,853.59,200.41,0.08,Credit Card,Online
T11574,2024-01-26,C1673,Rohan Gupta,26-35,Female,Europe,UK,London,P402,Monitor,Electronics,4,5336,3402.1,1933.9,0.16,Debit Card,In-Store
T11575,2024-01-01,C1674,Rohan Gupta,50+,Other,South America,Argentina,Buenos Aires,P205,Headphones,Accessories,4,5976,3836.04,2139.96,0.18,Debit Card,In-Store
T11576,2024-01-13,C1675,Lucas Brown,36-50,Male,South America,Chile,Santiago,P520,Microwave Oven,Appliances,4,1028,758.45,269.55,0.02,UPI,In-Store
T11577,2024-02-23,C1676,Meera Iyer,50+,Male,Asia,Japan,Tokyo,P520,Microwave Oven,Appliances,3,5253,3941.39,1311.61,0.14,Net Banking,In-Store
T11578,2024-04-11,C1677,Sonia Patel,26-35,Male,Europe,Germany,Munich,P101,Laptop,Electronics,2,2580,2226.89,353.11,0.06,UPI,In-Store
T11579,2024-04-26,C1678,Aditi Sharma,18-25,Female,North America,USA,New York,P101,Laptop,Electronics,3,2643,1850.55,792.45,0.06,Net Banking,In-Store
T11580,2024-04-27,C1679,Lucas Brown,26-35,Female,North America,Canada,Vancouver,P112,Mobile Phone,Electronics,3,2706,2240.6,465.4,0.01,Net Banking,Online
T11581,2024-02-27,C1680,John Carter,36-50,Male,South America,Argentina,Buenos Aires,P112,Mobile Phone,Electronics,2,160,126.33,33.67,0.13,UPI,Online
T11582,2024-01-09,C1681,Daniel Wong,26-35,Female,Asia,Japan,Tokyo,P520,Microwave Oven,Appliances,3,5037,4165.57,871.43,0.15,Credit Card,Online
T11583,2024-03-20,C1682,Emily Clark,50+,Male,South America,Brazil,São Paulo,P520,Microwave Oven,Appliances,4,4628,3039.82,1588.18,0.1,Cash,In-Store
T11584,2024-03-11,C1683,Aditi Sharma,18-25,Female,Europe,France,Lyon,P205,Headphones,Accessories,3,4494,3829.36,664.64,0.0,Credit Card,In-Store
T11585,2024-01-28,C1684,Aditi Sharma,18-25,Female,South America,Chile,Santiago,P402,Monitor,Electronics,4,2908,1921.77,986.23,0.25,Net Banking,In-Store
T11586,2024-03-13,C1685,Sarah Miller,18-25,Female,Africa,Egypt,Cairo,P205,Headphones,Accessories,1,560,503.12,56.88,0.24,Net Banking,In-Store
T11587,2024-01-29,C1686,Sarah Miller,26-35,Other,Africa,Kenya,Nairobi,P520,Microwave Oven,Appliances,3,5670,4466.23,1203.77,0.15,UPI,In-Store
T11588,2024-03-27,C1687,Sarah Miller,50+,Other,Africa,Egypt,Cairo,P112,Mobile Phone,Electronics,1,1462,1268.92,193.08,0.17,Net Banking,In-Store
T11589,2024-04-14,C1688,Aditi Sharma,26-35,Female,Africa,Egypt,Cairo,P112,Mobile Phone,Electronics,3,3393,2167.98,1225.02,0.17,Cash,Online
T11590,2024-04-26,C1689,Sarah Miller,36-50,Male,South America,Brazil,São Paulo,P101,Laptop,Electronics,3,3606,2247.34,1358.66,0.13,Debit Card,In-Store
T11591,2024-01-25,C1690,John Carter,18-25,Female,Africa,Egypt,Cairo,P402,Monitor,Electronics,2,2396,2021.88,374.12,0.14,Net Banking,Online
T11592,2024-03-10,C1691,Lucas Brown,18-25,Other,Africa,South Africa,Cape Town,P402,Monitor,Electronics,1,1651,1025.66,625.34,0.17,Cash,Online
T11593,2024-01-02,C1692,Lucas Brown,50+,Female,South America,Brazil,São Paulo,P520,Microwave Oven,Appliances,4,2844,2344.18,499.82,0.21,Net Banking,Online
T11594,2024-04-21,C1693,Sonia Patel,50+,Other,North America,Canada,Toronto,P303,Washing Machine,Appliances,4,2504,1516.8,987.2,0.11,Cash,Online
T11595,2024-04-26,C1694,Emily Clark,36-50,Other,Europe,Germany,Munich,P112,Mobile Phone,Electronics,4,3192,2470.41,721.59,0.04,Debit Card,In-Store
T11596,2024-02-15,C1695,Michael Ross,26-35,Other,Asia,UAE,Abu Dhabi,P205,Headphones,Accessories,3,4212,2802.32,1409.68,0.16,Credit Card,In-Store
T11597,2024-02-14,C1696,Daniel Wong,18-25,Male,Asia,UAE,Dubai,P205,Headphones,Accessories,2,1788,1186.36,601.64,0.04,Net Banking,In-Store
T11598,2024-02-04,C1697,Emily Clark,26-35,Other,Europe,France,Lyon,P101,Laptop,Electronics,4,2356,1570.71,785.29,0.05,Credit Card,In-Store
T11599,2024-02-28,C1698,Maria Gomez,26-35,Female,North America,Mexico,Monterrey,P112,Mobile Phone,Electronics,1,292,195.6,96.4,0.04,Credit Card,In-Store
T11600,2024-04-07,C1699,Jake Turner,18-25,Other,North America,Canada,Vancouver,P520,Microwave Oven,Appliances,3,2262,1869.43,392.57,0.08,Debit Card,In-Store
T11601,2024-02-12,C1700,Sarah Miller,36-50,Male,Africa,Egypt,Cairo,P101,Laptop,Electronics,1,1556,1010.82,545.18,0.0,Credit Card,Online
T11602,2024-04-07,C1701,Natalie Reed,36-50,Female,South America,Chile,Santiago,P402,Monitor,Electronics,3,1038,733.21,304.79,0.14,Cash,In-Store
T11603,2024-02-28,C1702,Sonia Patel,26-35,Male,Asia,India,Mumbai,P101,Laptop,Electronics,3,924,626.18,297.82,0.22,Cash,Online
T11604,2024-02-02,C1703,Meera Iyer,36-50,Male,Asia,UAE,Abu Dhabi,P112,Mobile Phone,Electronics,1,225,179.32,45.68,0.23,Credit Card,In-Store
T11605,2024-03-11,C1704,Ethan Wilson,50+,Female,Europe,UK,Manchester,P101,Laptop,Electronics,4,6868,5245.1,1622.9,0.17,Credit Card,In-Store
T11606,2024-02-01,C1705,Emily Clark,18-25,Female,North America,USA,Seattle,P112,Mobile Phone,Electronics,4,5624,3883.24,1740.76,0.05,UPI,In-Store
T11607,2024-04-21,C1706,Jake Turner,50+,Other,Asia,Singapore,Singapore,P520,Microwave Oven,Appliances,2,2766,1938.15,827.85,0.14,Cash,In-Store
T11608,2024-03-20,C1707,Sarah Miller,50+,Male,Africa,Egypt,Cairo,P101,Laptop,Electronics,2,1288,1080.21,207.79,0.04,Cash,Online
T11609,2024-01-22,C1708,John Carter,26-35,Other,South America,Brazil,São Paulo,P112,Mobile Phone,Electronics,4,2672,2191.29,480.71,0.21,Credit Card,Online
T11610,2024-04-09,C1709,Priya Nair,36-50,Male,Europe,UK,London,P520,Microwave Oven,Appliances,4,468,410.49,57.51,0.21,Cash,Online
T11611,2024-02-19,C1710,Daniel Wong,36-50,Other,North America,Canada,Toronto,P205,Headphones,Accessories,4,7016,4979.74,2036.26,0.06,Debit Card,In-Store
T11612,2024-04-09,C1711,Sarah Miller,18-25,Female,Africa,Egypt,Cairo,P205,Headphones,Accessories,4,7540,5946.2,1593.8,0.07,UPI,Online
T11613,2024-02-23,C1712,Meera Iyer,26-35,Other,Africa,South Africa,Cape Town,P101,Laptop,Electronics,2,3340,2435.85,904.15,0.13,Credit Card,In-Store
T11614,2024-04-24,C1713,Ethan Wilson,18-25,Other,Europe,Italy,Milan,P520,Microwave Oven,Appliances,1,528,473.87,54.13,0.04,Credit Card,In-Store
T11615,2024-04-25,C1714,Priya Nair,26-35,Female,South America,Argentina,Buenos Aires,P101,Laptop,Electronics,4,1148,849.64,298.36,0.17,Debit Card,In-Store
T11616,2024-02-27,C1715,Maria Gomez,26-35,Other,Europe,UK,London,P101,Laptop,Electronics,3,1632,1413.5,218.5,0.07,Debit Card,Online
T11617,2024-02-10,C1716,Rohan Gupta,50+,Male,Europe,UK,Manchester,P402,Monitor,Electronics,3,3588,3132.54,455.46,0.1,Credit Card,Online
T11618,2024-01-12,C1717,Rohan Gupta,18-25,Male,Africa,Egypt,Cairo,P112,Mobile Phone,Electronics,1,1464,974.04,489.96,0.02,Cash,Online
T11619,2024-01-05,C1718,Sarah Miller,18-25,Other,South America,Brazil,São Paulo,P303,Washing Machine,Appliances,1,555,488.87,66.13,0.24,Net Banking,In-Store
T11620,2024-03-21,C1719,Sonia Patel,18-25,Female,Asia,UAE,Abu Dhabi,P402,Monitor,Electronics,1,862,579.09,282.91,0.16,Net Banking,In-Store
T11621,2024-04-09,C1720,Michael Ross,26-35,Other,Africa,South Africa,Cape Town,P101,Laptop,Electronics,4,6924,4711.08,2212.92,0.23,UPI,In-Store
T11622,2024-04-23,C1721,John Carter,26-35,Female,Asia,Singapore,Singapore,P303,Washing Machine,Appliances,2,1940,1313.66,626.34,0.18,Net Banking,In-Store
T11623,2024-01-29,C1722,Daniel Wong,18-25,Other,North America,Mexico,Mexico City,P303,Washing Machine,Appliances,3,5802,4002.61,1799.39,0.11,Net Banking,Online
T11624,2024-02-18,C1723,Sarah Miller,18-25,Female,South America,Chile,Santiago,P101,Laptop,Electronics,4,5216,3497.38,1718.62,0.16,Cash,In-Store
T11625,2024-04-24,C1724,Sonia Patel,18-25,Female,Europe,UK,London,P101,Laptop,Electronics,2,222,144.79,77.21,0.01,Cash,In-Store
T11626,2024-04-15,C1725,Natalie Reed,18-25,Female,Asia,UAE,Dubai,P520,Microwave Oven,Appliances,2,2006,1365.86,640.14,0.2,Net Banking,In-Store
T11627,2024-03-29,C1726,Ethan Wilson,50+,Other,North America,Mexico,Monterrey,P402,Monitor,Electronics,1,1047,652.32,394.68,0.1,Debit Card,Online
T11628,2024-04-06,C1727,Sarah Miller,36-50,Other,Africa,Egypt,Cairo,P402,Monitor,Electronics,4,4500,3936.35,563.65,0.13,Net Banking,In-Store
T11629,2024-04-17,C1728,Sarah Miller,50+,Other,Europe,France,Paris,P101,Laptop,Electronics,1,1447,1297.3,149.7,0.09,Net Banking,In-Store
T11630,2024-04-15,C1729,Lucas Brown,50+,Female,Africa,South Africa,Johannesburg,P101,Laptop,Electronics,4,5448,3758.18,1689.82,0.03,UPI,In-Store
T11631,2024-03-16,C1730,Maria Gomez,50+,Male,Asia,Singapore,Singapore,P112,Mobile Phone,Electronics,1,692,457.5,234.5,0.07,Credit Card,In-Store
T11632,2024-01-09,C1731,Sarah Miller,18-25,Female,South America,Brazil,Rio,P402,Monitor,Electronics,2,870,778.14,91.86,0.16,Net Banking,Online
T11633,2024-01-25,C1732,Jake Turner,26-35,Other,North America,Mexico,Mexico City,P101,Laptop,Electronics,3,3642,3175.21,466.79,0.03,Net Banking,In-Store
T11634,2024-03-27,C1733,Maria Gomez,18-25,Female,Europe,UK,Manchester,P205,Headphones,Accessories,1,1715,1065.05,649.95,0.01,Credit Card,Online
T11635,2024-03-04,C1734,Lucas Brown,36-50,Male,Europe,UK,Manchester,P303,Washing Machine,Appliances,3,288,253.05,34.95,0.12,Cash,In-Store
T11636,2024-04-19,C1735,Maria Gomez,36-50,Male,Europe,France,Lyon,P205,Headphones,Accessories,1,107,66.23,40.77,0.15,Debit Card,In-Store
T11637,2024-02-25,C1736,John Carter,36-50,Male,Asia,UAE,Abu Dhabi,P520,Microwave Oven,Appliances,3,4368,3094.14,1273.86,0.16,Net Banking,Online
T11638,2024-03-11,C1737,Maria Gomez,50+,Male,North America,USA,New York,P303,Washing Machine,Appliances,3,4581,3548.77,1032.23,0.07,Cash,Online
T11639,2024-01-03,C1738,Michael Ross,50+,Female,Africa,Egypt,Cairo,P520,Microwave Oven,Appliances,2,724,611.65,112.35,0.11,Cash,Online
T11640,2024-02-12,C1739,Emily Clark,36-50,Female,Asia,Japan,Tokyo,P205,Headphones,Accessories,4,2988,2591.51,396.49,0.2,Debit Card,Online
T11641,2024-04-09,C1740,Daniel Wong,26-35,Male,Africa,Kenya,Nairobi,P101,Laptop,Electronics,2,1144,902.62,241.38,0.1,Net Banking,Online
T11642,2024-03-25,C1741,Michael Ross,26-35,Female,South America,Brazil,São Paulo,P402,Monitor,Electronics,4,2660,1618.98,1041.02,0.16,UPI,In-Store
T11643,2024-02-22,C1742,Sarah Miller,18-25,Male,North America,Mexico,Monterrey,P112,Mobile Phone,Electronics,3,5097,3586.14,1510.86,0.04,Cash,Online
T11644,2024-01-30,C1743,Daniel Wong,50+,Male,Asia,India,Delhi,P205,Headphones,Accessories,4,6732,4367.41,2364.59,0.24,Credit Card,Online
T11645,2024-01-20,C1744,Lucas Brown,26-35,Female,Europe,Italy,Milan,P112,Mobile Phone,Electronics,4,1320,1055.08,264.92,0.09,Debit Card,In-Store
T11646,2024-03-12,C1745,Sonia Patel,50+,Male,North America,USA,Chicago,P101,Laptop,Electronics,3,2328,2057.13,270.87,0.16,Net Banking,Online
T11647,2024-01-27,C1746,Emily Clark,36-50,Female,Asia,India,Bengaluru,P205,Headphones,Accessories,2,2312,1746.5,565.5,0.0,Debit Card,In-Store
T11648,2024-02-08,C1747,Aditi Sharma,18-25,Female,North America,Mexico,Mexico City,P205,Headphones,Accessories,4,872,561.27,310.73,0.22,Credit Card,In-Store
T11649,2024-04-06,C1748,Rohan Gupta,18-25,Female,North America,USA,Seattle,P402,Monitor,Electronics,3,1731,1460.86,270.14,0.15,Cash,Online
T11650,2024-01-12,C1749,Priya Nair,18-25,Female,South America,Chile,Santiago,P112,Mobile Phone,Electronics,4,6872,5030.68,1841.32,0.02,Cash,Online
T11651,2024-02-18,C1750,Maria Gomez,26-35,Other,Asia,UAE,Dubai,P205,Headphones,Accessories,2,364,246.61,117.39,0.22,Net Banking,In-Store
T11652,2024-02-02,C1751,Natalie Reed,18-25,Male,South America,Argentina,Buenos Aires,P101,Laptop,Electronics,3,2520,1552.0,968.0,0.18,Credit Card,In-Store
T11653,2024-04-26,C1752,Jake Turner,26-35,Male,Asia,UAE,Dubai,P402,Monitor,Electronics,2,3734,2642.26,1091.74,0.25,UPI,In-Store
T11654,2024-01-26,C1753,Priya Nair,36-50,Male,North America,USA,Seattle,P205,Headphones,Accessories,4,3208,2469.38,738.62,0.23,UPI,In-Store
T11655,2024-02-15,C1754,Jake Turner,50+,Other,Europe,UK,Manchester,P112,Mobile Phone,Electronics,2,1454,872.73,581.27,0.15,Net Banking,Online
T11656,2024-02-10,C1755,Michael Ross,26-35,Male,Europe,France,Paris,P520,Microwave Oven,Appliances,4,4148,2728.12,1419.88,0.12,Net Banking,Online
T11657,2024-01-29,C1756,Ethan Wilson,50+,Other,Asia,Japan,Tokyo,P303,Washing Machine,Appliances,2,238,202.19,35.81,0.12,Cash,Online
T11658,2024-01-26,C1757,Rohan Gupta,36-50,Male,Europe,Germany,Berlin,P101,Laptop,Electronics,3,5175,4085.47,1089.53,0.14,Cash,In-Store
T11659,2024-01-23,C1758,Jake Turner,36-50,Female,Europe,UK,Manchester,P520,Microwave Oven,Appliances,4,2016,1299.98,716.02,0.23,UPI,In-Store
T11660,2024-03-25,C1759,Natalie Reed,50+,Other,North America,USA,Seattle,P101,Laptop,Electronics,1,1467,1222.59,244.41,0.06,Debit Card,Online
T11661,2024-03-19,C1760,Sonia Patel,50+,Male,Europe,Germany,Munich,P303,Washing Machine,Appliances,4,3788,3242.29,545.71,0.23,Net Banking,In-Store
T11662,2024-02-27,C1761,Aditi Sharma,18-25,Other,Africa,Kenya,Nairobi,P303,Washing Machine,Appliances,2,1704,1286.83,417.17,0.02,Net Banking,In-Store
T11663,2024-04-29,C1762,Jake Turner,26-35,Female,Africa,Egypt,Cairo,P205,Headphones,Accessories,3,2661,1882.99,778.01,0.16,Net Banking,In-Store
T11664,2024-01-19,C1763,Aditi Sharma,36-50,Other,Asia,UAE,Abu Dhabi,P402,Monitor,Electronics,3,3849,3424.65,424.35,0.04,Cash,In-Store
T11665,2024-01-05,C1764,Sonia Patel,50+,Other,Europe,UK,Manchester,P520,Microwave Oven,Appliances,3,2100,1442.34,657.66,0.12,Credit Card,In-Store
T11666,2024-01-01,C1765,Sarah Miller,36-50,Female,Africa,South Africa,Cape Town,P112,Mobile Phone,Electronics,3,5031,3946.06,1084.94,0.22,Cash,Online
T11667,2024-03-17,C1766,Ethan Wilson,36-50,Male,Europe,France,Paris,P402,Monitor,Electronics,1,1203,730.7,472.3,0.1,Net Banking,Online
T11668,2024-01-24,C1767,Natalie Reed,26-35,Female,North America,Canada,Vancouver,P520,Microwave Oven,Appliances,3,4437,3637.38,799.62,0.17,UPI,Online
T11669,2024-02-15,C1768,Meera Iyer,50+,Male,Africa,South Africa,Johannesburg,P303,Washing Machine,Appliances,1,980,774.77,205.23,0.01,Credit Card,Online
T11670,2024-04-04,C1769,Ethan Wilson,26-35,Other,Africa,Egypt,Cairo,P520,Microwave Oven,Appliances,2,696,494.04,201.96,0.03,UPI,Online
T11671,2024-02-01,C1770,Daniel Wong,26-35,Female,South America,Argentina,Buenos Aires,P402,Monitor,Electronics,4,3216,2256.19,959.81,0.0,UPI,In-Store
T11672,2024-02-07,C1771,Meera Iyer,18-25,Female,Asia,Singapore,Singapore,P205,Headphones,Accessories,3,5868,4238.93,1629.07,0.25,Debit Card,Online
T11673,2024-03-18,C1772,Emily Clark,26-35,Male,Africa,Egypt,Cairo,P303,Washing Machine,Appliances,4,3368,2052.64,1315.36,0.03,Debit Card,In-Store
T11674,2024-04-27,C1773,Sonia Patel,36-50,Male,Africa,Egypt,Cairo,P205,Headphones,Accessories,2,3974,2823.99,1150.01,0.19,Cash,Online
T11675,2024-03-05,C1774,Emily Clark,50+,Male,Africa,Egypt,Cairo,P402,Monitor,Electronics,1,332,293.54,38.46,0.1,Debit Card,In-Store
T11676,2024-02-13,C1775,Emily Clark,26-35,Male,North America,Canada,Toronto,P402,Monitor,Electronics,4,6452,5608.46,843.54,0.23,Debit Card,In-Store
T11677,2024-02-09,C1776,Emily Clark,50+,Other,Asia,Singapore,Singapore,P520,Microwave Oven,Appliances,2,3658,2431.41,1226.59,0.2,UPI,In-Store
T11678,2024-03-06,C1777,Daniel Wong,36-50,Female,North America,Mexico,Monterrey,P112,Mobile Phone,Electronics,4,1404,1181.52,222.48,0.21,Net Banking,In-Store
T11679,2024-01-09,C1778,John Carter,50+,Female,Africa,Egypt,Cairo,P402,Monitor,Electronics,1,316,206.94,109.06,0.14,UPI,In-Store
T11680,2024-03-06,C1779,Daniel Wong,36-50,Other,North America,Canada,Vancouver,P101,Laptop,Electronics,4,2888,1969.8,918.2,0.1,Cash,Online
T11681,2024-04-24,C1780,Priya Nair,36-50,Male,North America,Canada,Toronto,P520,Microwave Oven,Appliances,4,320,240.25,79.75,0.06,Cash,Online
T11682,2024-04-13,C1781,Daniel Wong,50+,Female,Africa,Egypt,Cairo,P303,Washing Machine,Appliances,1,588,517.25,70.75,0.17,Net Banking,Online
T11683,2024-01-21,C1782,John Carter,50+,Female,North America,Canada,Toronto,P205,Headphones,Accessories,2,2924,2590.65,333.35,0.23,Net Banking,In-Store
T11684,2024-01-20,C1783,Emily Clark,26-35,Other,North America,Mexico,Mexico City,P205,Headphones,Accessories,3,4170,2592.34,1577.66,0.17,Credit Card,Online
T11685,2024-01-02,C1784,Priya Nair,18-25,Male,Africa,South Africa,Johannesburg,P303,Washing Machine,Appliances,1,977,647.81,329.19,0.08,Credit Card,Online
T11686,2024-03-07,C1785,John Carter,26-35,Other,Asia,UAE,Dubai,P303,Washing Machine,Appliances,1,1586,1033.62,552.38,0.22,Debit Card,In-Store
T11687,2024-01-12,C1786,John Carter,18-25,Other,South America,Chile,Santiago,P205,Headphones,Accessories,4,3880,2425.53,1454.47,0.16,Credit Card,Online
T11688,2024-04-03,C1787,Sarah Miller,36-50,Male,Europe,Germany,Berlin,P112,Mobile Phone,Electronics,1,1863,1266.6,596.4,0.01,UPI,In-Store
T11689,2024-02-23,C1788,Priya Nair,26-35,Female,South America,Argentina,Buenos Aires,P112,Mobile Phone,Electronics,3,5895,5268.27,626.73,0.13,Debit Card,Online
T11690,2024-03-28,C1789,Ethan Wilson,36-50,Other,Asia,UAE,Dubai,P112,Mobile Phone,Electronics,4,7324,6298.17,1025.83,0.13,UPI,In-Store
T11691,2024-03-24,C1790,Aditi Sharma,36-50,Male,Europe,Germany,Munich,P101,Laptop,Electronics,4,260,162.98,97.02,0.1,Credit Card,Online
T11692,2024-04-18,C1791,Emily Clark,18-25,Other,North America,USA,New York,P303,Washing Machine,Appliances,2,1200,1066.71,133.29,0.23,UPI,Online
T11693,2024-03-28,C1792,Sarah Miller,50+,Female,North America,USA,Seattle,P520,Microwave Oven,Appliances,4,3456,2537.57,918.43,0.03,Net Banking,In-Store
T11694,2024-03-27,C1793,Ethan Wilson,26-35,Other,Europe,Germany,Berlin,P520,Microwave Oven,Appliances,4,2956,2326.2,629.8,0.09,Debit Card,In-Store
T11695,2024-04-23,C1794,John Carter,18-25,Other,Asia,India,Mumbai,P205,Headphones,Accessories,3,2559,1609.59,949.41,0.07,Debit Card,Online
T11696,2024-03-20,C1795,Michael Ross,26-35,Female,Asia,Japan,Tokyo,P520,Microwave Oven,Appliances,1,1403,1209.53,193.47,0.03,Cash,In-Store
T11697,2024-01-07,C1796,Maria Gomez,26-35,Female,North America,Mexico,Monterrey,P303,Washing Machine,Appliances,4,4652,2853.32,1798.68,0.07,Net Banking,Online
T11698,2024-04-08,C1797,Priya Nair,50+,Female,Asia,UAE,Dubai,P205,Headphones,Accessories,4,2092,1694.74,397.26,0.19,Net Banking,In-Store
T11699,2024-01-14,C1798,Daniel Wong,18-25,Male,North America,USA,Chicago,P402,Monitor,Electronics,3,1446,901.84,544.16,0.05,Net Banking,Online
T11700,2024-01-23,C1799,Rohan Gupta,50+,Other,Africa,Kenya,Nairobi,P520,Microwave Oven,Appliances,1,1052,931.11,120.89,0.13,Cash,In-Store
T11701,2024-01-20,C1800,Emily Clark,18-25,Female,Europe,Germany,Berlin,P112,Mobile Phone,Electronics,2,3720,3121.3,598.7,0.09,UPI,In-Store
T11702,2024-03-22,C1801,Emily Clark,50+,Female,Asia,UAE,Dubai,P303,Washing Machine,Appliances,3,1485,1268.24,216.76,0.21,Credit Card,In-Store
T11703,2024-01-18,C1802,Ethan Wilson,36-50,Female,South America,Brazil,São Paulo,P303,Washing Machine,Appliances,1,978,860.99,117.01,0.18,Cash,Online
T11704,2024-01-19,C1803,John Carter,18-25,Male,Africa,South Africa,Johannesburg,P112,Mobile Phone,Electronics,3,1125,942.96,182.04,0.12,Credit Card,Online
T11705,2024-03-24,C1804,Sonia Patel,50+,Male,Africa,South Africa,Cape Town,P112,Mobile Phone,Electronics,1,1781,1591.32,189.68,0.19,Credit Card,In-Store
T11706,2024-01-11,C1805,Aditi Sharma,18-25,Other,Asia,UAE,Abu Dhabi,P402,Monitor,Electronics,3,4419,2875.26,1543.74,0.12,UPI,Online
T11707,2024-04-22,C1806,Sonia Patel,50+,Other,North America,Canada,Toronto,P520,Microwave Oven,Appliances,4,4320,3010.8,1309.2,0.14,Credit Card,In-Store
T11708,2024-02-09,C1807,Rohan Gupta,18-25,Male,Europe,Germany,Berlin,P520,Microwave Oven,Appliances,2,1146,790.22,355.78,0.17,Net Banking,In-Store
T11709,2024-02-12,C1808,Michael Ross,18-25,Male,North America,Mexico,Monterrey,P402,Monitor,Electronics,4,4228,2864.33,1363.67,0.06,Credit Card,Online
T11710,2024-03-28,C1809,Maria Gomez,50+,Other,Asia,Singapore,Singapore,P402,Monitor,Electronics,3,1359,1113.43,245.57,0.02,Debit Card,Online
T11711,2024-02-22,C1810,Priya Nair,50+,Female,North America,Canada,Toronto,P520,Microwave Oven,Appliances,1,983,713.34,269.66,0.19,Debit Card,In-Store
T11712,2024-04-06,C1811,Sarah Miller,36-50,Male,Asia,Japan,Osaka,P402,Monitor,Electronics,3,2454,2168.34,285.66,0.23,Debit Card,In-Store
T11713,2024-02-16,C1812,Daniel Wong,18-25,Other,Asia,Japan,Tokyo,P402,Monitor,Electronics,3,858,734.24,123.76,0.05,Net Banking,In-Store
T11714,2024-02-23,C1813,Priya Nair,50+,Other,North America,USA,Seattle,P520,Microwave Oven,Appliances,3,2589,2191.01,397.99,0.11,Credit Card,In-Store
T11715,2024-02-28,C1814,Rohan Gupta,18-25,Female,Europe,Italy,Rome,P402,Monitor,Electronics,3,5610,3579.13,2030.87,0.04,Credit Card,In-Store
T11716,2024-04-13,C1815,John Carter,18-25,Male,South America,Chile,Santiago,P101,Laptop,Electronics,4,3268,2081.94,1186.06,0.03,UPI,Online
T11717,2024-03-03,C1816,Ethan Wilson,36-50,Other,South America,Chile,Santiago,P205,Headphones,Accessories,2,3864,2754.56,1109.44,0.23,UPI,Online
T11718,2024-03-22,C1817,Natalie Reed,36-50,Male,North America,Canada,Toronto,P402,Monitor,Electronics,2,3974,3474.9,499.1,0.12,Credit Card,In-Store
T11719,2024-04-08,C1818,Maria Gomez,50+,Female,North America,Canada,Vancouver,P402,Monitor,Electronics,4,7652,5199.64,2452.36,0.17,Net Banking,Online
T11720,2024-03-23,C1819,Michael Ross,36-50,Male,South America,Brazil,Rio,P112,Mobile Phone,Electronics,2,204,129.14,74.86,0.1,Credit Card,Online
T11721,2024-01-11,C1820,Maria Gomez,50+,Female,Africa,Kenya,Nairobi,P205,Headphones,Accessories,3,1446,1208.88,237.12,0.13,Debit Card,Online
T11722,2024-03-27,C1821,Sarah Miller,50+,Female,Africa,Egypt,Cairo,P402,Monitor,Electronics,3,1335,1036.54,298.46,0.17,Net Banking,In-Store
T11723,2024-02-06,C1822,Aditi Sharma,18-25,Male,North America,USA,New York,P101,Laptop,Electronics,3,1770,1348.56,421.44,0.02,Net Banking,In-Store
T11724,2024-01-02,C1823,Rohan Gupta,36-50,Other,North America,Mexico,Mexico City,P520,Microwave Oven,Appliances,4,1280,1013.13,266.87,0.17,UPI,Online
T11725,2024-02-07,C1824,John Carter,18-25,Female,South America,Brazil,Rio,P101,Laptop,Electronics,3,324,272.34,51.66,0.12,Credit Card,Online
T11726,2024-04-29,C1825,Priya Nair,26-35,Male,South America,Brazil,Rio,P101,Laptop,Electronics,2,344,282.81,61.19,0.03,Cash,Online
T11727,2024-01-18,C1826,Rohan Gupta,26-35,Other,Asia,Singapore,Singapore,P520,Microwave Oven,Appliances,3,3213,2421.57,791.43,0.12,Credit Card,Online
T11728,2024-04-08,C1827,John Carter,26-35,Other,South America,Argentina,Buenos Aires,P101,Laptop,Electronics,1,1556,1015.24,540.76,0.17,Credit Card,Online
T11729,2024-03-07,C1828,Sonia Patel,36-50,Other,South America,Chile,Santiago,P112,Mobile Phone,Electronics,1,984,608.97,375.03,0.05,Net Banking,Online
T11730,2024-02-08,C1829,Sarah Miller,50+,Female,Europe,Italy,Rome,P520,Microwave Oven,Appliances,1,70,57.66,12.34,0.25,Credit Card,Online
T11731,2024-02-17,C1830,Lucas Brown,36-50,Male,South America,Brazil,Rio,P101,Laptop,Electronics,2,2444,1579.89,864.11,0.08,UPI,In-Store
T11732,2024-02-19,C1831,Rohan Gupta,36-50,Other,Europe,UK,Manchester,P520,Microwave Oven,Appliances,3,3642,3156.24,485.76,0.02,Cash,In-Store
T11733,2024-03-12,C1832,Aditi Sharma,26-35,Female,Africa,South Africa,Johannesburg,P101,Laptop,Electronics,1,1706,1528.53,177.47,0.01,Debit Card,In-Store
T11734,2024-02-27,C1833,Lucas Brown,36-50,Other,Africa,South Africa,Johannesburg,P402,Monitor,Electronics,2,3876,2860.47,1015.53,0.07,Credit Card,Online
T11735,2024-03-21,C1834,Ethan Wilson,36-50,Male,Europe,Germany,Berlin,P112,Mobile Phone,Electronics,3,3504,2640.55,863.45,0.13,Debit Card,In-Store
T11736,2024-03-07,C1835,Maria Gomez,36-50,Male,Europe,Italy,Milan,P205,Headphones,Accessories,4,2644,2039.86,604.14,0.08,Net Banking,Online
T11737,2024-01-15,C1836,Meera Iyer,26-35,Other,Africa,Kenya,Nairobi,P303,Washing Machine,Appliances,3,2922,1937.39,984.61,0.03,Cash,Online
T11738,2024-01-28,C1837,Emily Clark,50+,Female,North America,Canada,Vancouver,P303,Washing Machine,Appliances,2,954,641.39,312.61,0.0,Credit Card,In-Store
T11739,2024-03-10,C1838,John Carter,26-35,Other,Africa,South Africa,Cape Town,P101,Laptop,Electronics,3,4251,2723.56,1527.44,0.04,Cash,Online
T11740,2024-04-10,C1839,John Carter,18-25,Male,Africa,Egypt,Cairo,P303,Washing Machine,Appliances,4,1316,868.17,447.83,0.25,Debit Card,Online
T11741,2024-03-19,C1840,Ethan Wilson,18-25,Female,Europe,Germany,Munich,P402,Monitor,Electronics,3,3861,2497.12,1363.88,0.06,UPI,Online
T11742,2024-02-13,C1841,Rohan Gupta,36-50,Other,Africa,South Africa,Johannesburg,P303,Washing Machine,Appliances,4,5544,4914.86,629.14,0.15,UPI,Online
T11743,2024-03-11,C1842,Jake Turner,26-35,Male,Asia,UAE,Dubai,P402,Monitor,Electronics,3,5241,3964.89,1276.11,0.07,UPI,In-Store
T11744,2024-04-25,C1843,Daniel Wong,18-25,Other,Africa,Egypt,Cairo,P101,Laptop,Electronics,1,1115,755.49,359.51,0.08,Cash,In-Store
T11745,2024-03-22,C1844,Daniel Wong,36-50,Female,South America,Argentina,Buenos Aires,P520,Microwave Oven,Appliances,4,1316,1058.77,257.23,0.22,Cash,In-Store
T11746,2024-02-22,C1845,Emily Clark,50+,Male,Asia,UAE,Dubai,P101,Laptop,Electronics,4,7892,5565.54,2326.46,0.19,Credit Card,In-Store
T11747,2024-02-18,C1846,Daniel Wong,36-50,Other,Africa,Egypt,Cairo,P303,Washing Machine,Appliances,2,670,506.56,163.44,0.14,Net Banking,Online
T11748,2024-01-26,C1847,John Carter,50+,Other,Africa,Egypt,Cairo,P205,Headphones,Accessories,1,1366,1146.81,219.19,0.18,Credit Card,In-Store
T11749,2024-04-01,C1848,Michael Ross,18-25,Male,Africa,Egypt,Cairo,P520,Microwave Oven,Appliances,3,3789,2704.53,1084.47,0.01,Credit Card,In-Store
T11750,2024-02-22,C1849,Sonia Patel,18-25,Male,Africa,South Africa,Cape Town,P112,Mobile Phone,Electronics,2,1070,958.48,111.52,0.2,Debit Card,Online
T11751,2024-04-21,C1850,Aditi Sharma,50+,Female,Asia,UAE,Abu Dhabi,P303,Washing Machine,Appliances,1,1080,807.82,272.18,0.0,Debit Card,In-Store
T11752,2024-04-17,C1851,Emily Clark,26-35,Male,Asia,Singapore,Singapore,P303,Washing Machine,Appliances,3,1248,890.59,357.41,0.21,Net Banking,Online
T11753,2024-04-21,C1852,Meera Iyer,18-25,Male,South America,Brazil,Rio,P402,Monitor,Electronics,4,7920,5748.69,2171.31,0.1,Debit Card,In-Store
T11754,2024-01-23,C1853,Rohan Gupta,26-35,Female,Africa,South Africa,Cape Town,P205,Headphones,Accessories,1,504,316.74,187.26,0.14,Net Banking,In-Store
T11755,2024-02-27,C1854,Sarah Miller,18-25,Other,Europe,France,Lyon,P303,Washing Machine,Appliances,1,1377,997.7,379.3,0.04,UPI,In-Store
T11756,2024-02-14,C1855,Daniel Wong,26-35,Male,Africa,Kenya,Nairobi,P520,Microwave Oven,Appliances,2,1684,1374.2,309.8,0.02,Cash,In-Store
T11757,2024-01-19,C1856,Maria Gomez,26-35,Other,Europe,Italy,Rome,P205,Headphones,Accessories,3,504,345.82,158.18,0.08,Cash,Online
T11758,2024-03-14,C1857,Ethan Wilson,50+,Male,North America,USA,Chicago,P101,Laptop,Electronics,3,1119,855.99,263.01,0.15,Net Banking,In-Store
T11759,2024-03-25,C1858,Ethan Wilson,26-35,Other,Africa,Egypt,Cairo,P112,Mobile Phone,Electronics,3,5373,3571.1,1801.9,0.03,Debit Card,Online
T11760,2024-01-30,C1859,Meera Iyer,50+,Female,Asia,Japan,Tokyo,P112,Mobile Phone,Electronics,2,3688,2423.65,1264.35,0.12,Credit Card,Online
T11761,2024-02-17,C1860,Daniel Wong,36-50,Female,South America,Brazil,São Paulo,P520,Microwave Oven,Appliances,2,1530,1368.47,161.53,0.02,Cash,Online
T11762,2024-02-09,C1861,Sarah Miller,26-35,Female,North America,Mexico,Monterrey,P402,Monitor,Electronics,4,5176,4566.6,609.4,0.17,UPI,Online
T11763,2024-04-20,C1862,Michael Ross,36-50,Female,South America,Argentina,Buenos Aires,P402,Monitor,Electronics,2,2844,2175.16,668.84,0.15,Cash,Online
T11764,2024-02-24,C1863,Daniel Wong,18-25,Male,Africa,South Africa,Cape Town,P402,Monitor,Electronics,4,7768,6110.16,1657.84,0.15,Cash,Online
T11765,2024-01-06,C1864,Maria Gomez,36-50,Female,Africa,South Africa,Johannesburg,P402,Monitor,Electronics,4,4800,4070.69,729.31,0.14,Cash,Online
T11766,2024-01-27,C1865,Ethan Wilson,50+,Female,North America,USA,New York,P402,Monitor,Electronics,1,284,203.11,80.89,0.11,Net Banking,In-Store
T11767,2024-02-01,C1866,Priya Nair,50+,Other,North America,USA,Chicago,P402,Monitor,Electronics,1,834,608.52,225.48,0.24,Net Banking,Online
T11768,2024-04-07,C1867,Aditi Sharma,26-35,Female,Africa,Egypt,Cairo,P112,Mobile Phone,Electronics,1,425,349.94,75.06,0.24,Debit Card,Online
T11769,2024-03-19,C1868,Natalie Reed,26-35,Female,Africa,Egypt,Cairo,P112,Mobile Phone,Electronics,1,1383,1189.97,193.03,0.22,UPI,In-Store
T11770,2024-03-02,C1869,Ethan Wilson,18-25,Female,South America,Argentina,Buenos Aires,P520,Microwave Oven,Appliances,3,2973,2430.03,542.97,0.08,UPI,Online
T11771,2024-01-11,C1870,Jake Turner,18-25,Other,Africa,Egypt,Cairo,P101,Laptop,Electronics,4,4324,2622.55,1701.45,0.16,Debit Card,Online
T11772,2024-02-15,C1871,Meera Iyer,26-35,Other,Africa,South Africa,Cape Town,P205,Headphones,Accessories,2,2418,1772.24,645.76,0.09,Debit Card,Online
T11773,2024-02-09,C1872,Meera Iyer,36-50,Other,South America,Chile,Santiago,P205,Headphones,Accessories,2,3874,3022.99,851.01,0.21,Net Banking,Online
T11774,2024-02-02,C1873,Sonia Patel,26-35,Male,South America,Chile,Santiago,P520,Microwave Oven,Appliances,3,5853,4689.53,1163.47,0.07,UPI,Online
T11775,2024-01-09,C1874,John Carter,50+,Male,Africa,Kenya,Nairobi,P402,Monitor,Electronics,1,493,324.56,168.44,0.14,Debit Card,Online
T11776,2024-02-27,C1875,Sonia Patel,50+,Other,Europe,UK,Manchester,P402,Monitor,Electronics,1,1270,773.16,496.84,0.15,Cash,In-Store
T11777,2024-01-13,C1876,Sonia Patel,36-50,Female,Asia,UAE,Dubai,P101,Laptop,Electronics,1,1349,954.86,394.14,0.02,Cash,Online
T11778,2024-01-10,C1877,Meera Iyer,26-35,Male,Africa,Kenya,Nairobi,P112,Mobile Phone,Electronics,1,418,290.35,127.65,0.17,Net Banking,Online
T11779,2024-01-10,C1878,Meera Iyer,36-50,Female,Europe,Italy,Milan,P205,Headphones,Accessories,1,738,451.12,286.88,0.18,Net Banking,Online
T11780,2024-04-27,C1879,Lucas Brown,26-35,Other,South America,Chile,Santiago,P402,Monitor,Electronics,4,6496,4719.04,1776.96,0.02,Net Banking,In-Store
T11781,2024-02-25,C1880,Michael Ross,18-25,Male,Africa,South Africa,Johannesburg,P402,Monitor,Electronics,4,1736,1140.52,595.48,0.12,Debit Card,Online
T11782,2024-01-30,C1881,Ethan Wilson,50+,Female,South America,Brazil,São Paulo,P520,Microwave Oven,Appliances,4,4260,2690.47,1569.53,0.17,Net Banking,Online
T11783,2024-04-11,C1882,Daniel Wong,26-35,Male,South America,Argentina,Buenos Aires,P520,Microwave Oven,Appliances,3,2712,1967.05,744.95,0.02,Debit Card,Online
T11784,2024-01-22,C1883,Ethan Wilson,36-50,Male,Asia,India,Bengaluru,P402,Monitor,Electronics,1,892,721.95,170.05,0.07,Debit Card,In-Store
T11785,2024-03-04,C1884,Sarah Miller,50+,Other,Africa,Egypt,Cairo,P101,Laptop,Electronics,3,3528,2665.27,862.73,0.01,Cash,Online
T11786,2024-02-24,C1885,Natalie Reed,18-25,Male,South America,Chile,Santiago,P520,Microwave Oven,Appliances,3,2769,2032.54,736.46,0.11,UPI,Online
T11787,2024-03-13,C1886,Meera Iyer,36-50,Male,Europe,France,Lyon,P112,Mobile Phone,Electronics,1,403,356.05,46.95,0.17,Cash,In-Store
T11788,2024-02-05,C1887,Natalie Reed,36-50,Female,Africa,Kenya,Nairobi,P303,Washing Machine,Appliances,1,713,621.6,91.4,0.14,Credit Card,In-Store
T11789,2024-01-31,C1888,Emily Clark,26-35,Female,Europe,UK,Manchester,P101,Laptop,Electronics,1,675,522.88,152.12,0.09,Cash,Online
T11790,2024-04-04,C1889,Natalie Reed,18-25,Other,North America,Mexico,Monterrey,P303,Washing Machine,Appliances,4,2048,1265.73,782.27,0.23,Net Banking,Online
T11791,2024-04-10,C1890,Ethan Wilson,50+,Female,Asia,Singapore,Singapore,P101,Laptop,Electronics,1,1096,965.2,130.8,0.23,Net Banking,Online
T11792,2024-03-31,C1891,John Carter,36-50,Female,South America,Chile,Santiago,P520,Microwave Oven,Appliances,1,1406,1146.5,259.5,0.15,Debit Card,Online
T11793,2024-04-10,C1892,Maria Gomez,36-50,Female,North America,Canada,Toronto,P101,Laptop,Electronics,4,7852,6807.3,1044.7,0.15,Debit Card,Online
T11794,2024-01-28,C1893,Daniel Wong,50+,Other,South America,Brazil,São Paulo,P101,Laptop,Electronics,3,5790,4595.4,1194.6,0.22,Credit Card,In-Store
T11795,2024-03-11,C1894,Meera Iyer,36-50,Other,North America,USA,Seattle,P520,Microwave Oven,Appliances,2,3106,2382.85,723.15,0.19,Net Banking,In-Store
T11796,2024-02-06,C1895,Michael Ross,26-35,Male,South America,Chile,Santiago,P112,Mobile Phone,Electronics,3,3177,2312.97,864.03,0.16,Credit Card,Online
T11797,2024-02-21,C1896,Emily Clark,18-25,Female,North America,Canada,Toronto,P303,Washing Machine,Appliances,3,4086,3301.57,784.43,0.25,Net Banking,Online
T11798,2024-04-21,C1897,Rohan Gupta,26-35,Male,Asia,India,Mumbai,P402,Monitor,Electronics,2,2910,2487.22,422.78,0.11,UPI,Online
T11799,2024-04-15,C1898,Maria Gomez,26-35,Other,Africa,South Africa,Johannesburg,P402,Monitor,Electronics,1,930,711.11,218.89,0.2,UPI,Online
T11800,2024-04-23,C1899,Michael Ross,18-25,Male,Africa,South Africa,Johannesburg,P303,Washing Machine,Appliances,4,2308,1426.18,881.82,0.22,Debit Card,Online
T11801,2024-04-29,C1900,Aditi Sharma,50+,Female,Africa,Kenya,Nairobi,P520,Microwave Oven,Appliances,4,860,622.74,237.26,0.07,Cash,In-Store
T11802,2024-04-09,C1901,Natalie Reed,26-35,Other,North America,USA,Chicago,P303,Washing Machine,Appliances,2,3770,2494.1,1275.9,0.05,UPI,In-Store
T11803,2024-03-19,C1902,Ethan Wilson,50+,Other,Asia,India,Delhi,P205,Headphones,Accessories,1,737,527.45,209.55,0.23,Cash,Online
T11804,2024-01-18,C1903,Sarah Miller,36-50,Male,South America,Brazil,São Paulo,P101,Laptop,Electronics,3,819,557.6,261.4,0.22,UPI,Online
T11805,2024-04-25,C1904,Ethan Wilson,36-50,Male,North America,USA,Chicago,P112,Mobile Phone,Electronics,3,825,559.91,265.09,0.11,Debit Card,In-Store
T11806,2024-03-02,C1905,Aditi Sharma,26-35,Male,South America,Argentina,Buenos Aires,P402,Monitor,Electronics,1,259,185.49,73.51,0.2,UPI,In-Store
T11807,2024-03-30,C1906,Maria Gomez,26-35,Other,Europe,France,Paris,P205,Headphones,Accessories,4,4636,3803.51,832.49,0.06,Debit Card,Online
T11808,2024-03-16,C1907,Daniel Wong,26-35,Female,Europe,Germany,Munich,P112,Mobile Phone,Electronics,1,653,512.84,140.16,0.17,UPI,Online
T11809,2024-01-23,C1908,Lucas Brown,36-50,Female,North America,Canada,Vancouver,P101,Laptop,Electronics,1,1387,884.69,502.31,0.13,Debit Card,In-Store
T11810,2024-02-15,C1909,Emily Clark,36-50,Female,Africa,Egypt,Cairo,P303,Washing Machine,Appliances,2,2530,1709.57,820.43,0.16,Credit Card,In-Store
T11811,2024-03-18,C1910,Ethan Wilson,26-35,Female,South America,Brazil,São Paulo,P112,Mobile Phone,Electronics,3,4098,3121.68,976.32,0.24,Cash,Online
T11812,2024-04-13,C1911,Emily Clark,26-35,Female,North America,Mexico,Monterrey,P101,Laptop,Electronics,1,1872,1285.03,586.97,0.15,Cash,Online
T11813,2024-04-23,C1912,John Carter,26-35,Male,Africa,South Africa,Johannesburg,P402,Monitor,Electronics,3,2817,2053.88,763.12,0.08,Net Banking,Online
T11814,2024-02-15,C1913,Meera Iyer,26-35,Male,Asia,Singapore,Singapore,P101,Laptop,Electronics,4,6880,4256.96,2623.04,0.18,UPI,Online
T11815,2024-02-07,C1914,Jake Turner,36-50,Female,South America,Brazil,Rio,P520,Microwave Oven,Appliances,4,5964,5335.21,628.79,0.17,Debit Card,Online
T11816,2024-01-30,C1915,Aditi Sharma,18-25,Female,North America,Canada,Vancouver,P112,Mobile Phone,Electronics,1,876,596.04,279.96,0.2,UPI,Online
T11817,2024-01-18,C1916,Emily Clark,36-50,Female,Asia,UAE,Dubai,P520,Microwave Oven,Appliances,1,1181,834.95,346.05,0.07,Debit Card,Online
T11818,2024-02-18,C1917,John Carter,50+,Male,Europe,Germany,Munich,P205,Headphones,Accessories,4,7104,5664.62,1439.38,0.21,Cash,In-Store
T11819,2024-04-11,C1918,Priya Nair,36-50,Other,Asia,Singapore,Singapore,P205,Headphones,Accessories,2,2904,2219.0,685.0,0.16,Cash,In-Store
T11820,2024-04-09,C1919,Priya Nair,36-50,Female,Asia,Singapore,Singapore,P402,Monitor,Electronics,1,1730,1098.76,631.24,0.13,Net Banking,Online
T11821,2024-03-25,C1920,Rohan Gupta,18-25,Other,North America,Mexico,Monterrey,P112,Mobile Phone,Electronics,4,7440,5869.88,1570.12,0.09,Net Banking,Online
T11822,2024-03-04,C1921,Daniel Wong,36-50,Other,North America,Canada,Vancouver,P101,Laptop,Electronics,3,1056,695.33,360.67,0.12,Net Banking,Online
T11823,2024-01-18,C1922,Sarah Miller,36-50,Female,Asia,Japan,Osaka,P520,Microwave Oven,Appliances,4,3972,3380.25,591.75,0.04,UPI,Online
T11824,2024-04-22,C1923,Priya Nair,36-50,Other,Europe,Italy,Milan,P101,Laptop,Electronics,4,7288,5026.37,2261.63,0.1,Cash,In-Store
T11825,2024-01-01,C1924,Lucas Brown,36-50,Male,Africa,Kenya,Nairobi,P205,Headphones,Accessories,1,1749,1282.21,466.79,0.22,UPI,In-Store
T11826,2024-02-24,C1925,Sarah Miller,26-35,Male,Europe,Germany,Berlin,P402,Monitor,Electronics,1,1976,1317.07,658.93,0.2,Credit Card,In-Store
T11827,2024-04-03,C1926,Aditi Sharma,36-50,Male,Europe,Germany,Munich,P112,Mobile Phone,Electronics,3,822,735.7,86.3,0.21,Cash,Online
T11828,2024-03-13,C1927,Daniel Wong,26-35,Female,Europe,UK,Manchester,P205,Headphones,Accessories,4,336,283.01,52.99,0.19,Credit Card,In-Store
T11829,2024-02-26,C1928,Lucas Brown,18-25,Male,South America,Brazil,São Paulo,P520,Microwave Oven,Appliances,1,1608,1133.1,474.9,0.23,Cash,Online
T11830,2024-03-28,C1929,Michael Ross,26-35,Other,North America,Canada,Vancouver,P303,Washing Machine,Appliances,4,5704,4869.24,834.76,0.2,UPI,Online
T11831,2024-01-31,C1930,Aditi Sharma,18-25,Other,Africa,South Africa,Johannesburg,P112,Mobile Phone,Electronics,1,1201,947.79,253.21,0.19,Net Banking,Online
T11832,2024-04-12,C1931,Michael Ross,50+,Male,Europe,Italy,Rome,P303,Washing Machine,Appliances,3,4158,2689.01,1468.99,0.06,Debit Card,Online
T11833,2024-03-15,C1932,Emily Clark,26-35,Male,Europe,France,Paris,P101,Laptop,Electronics,1,755,670.39,84.61,0.17,Credit Card,In-Store
T11834,2024-02-06,C1933,Maria Gomez,18-25,Male,Asia,UAE,Dubai,P303,Washing Machine,Appliances,1,1478,897.8,580.2,0.21,Credit Card,In-Store
T11835,2024-04-11,C1934,Rohan Gupta,18-25,Female,Africa,Egypt,Cairo,P520,Microwave Oven,Appliances,4,4600,3944.55,655.45,0.06,UPI,Online
T11836,2024-03-15,C1935,Emily Clark,50+,Other,North America,Canada,Toronto,P303,Washing Machine,Appliances,4,2488,1657.33,830.67,0.23,UPI,Online
T11837,2024-03-23,C1936,Natalie Reed,26-35,Male,Europe,Germany,Berlin,P205,Headphones,Accessories,2,2872,2488.54,383.46,0.11,Net Banking,Online
T11838,2024-01-19,C1937,Ethan Wilson,50+,Other,South America,Argentina,Buenos Aires,P303,Washing Machine,Appliances,4,7084,6313.02,770.98,0.14,Net Banking,Online
T11839,2024-03-01,C1938,Sonia Patel,26-35,Female,Africa,Egypt,Cairo,P112,Mobile Phone,Electronics,4,3388,2535.74,852.26,0.02,Net Banking,In-Store
T11840,2024-03-05,C1939,Natalie Reed,26-35,Female,Asia,UAE,Abu Dhabi,P205,Headphones,Accessories,3,5541,3564.7,1976.3,0.11,Credit Card,Online
T11841,2024-04-06,C1940,Aditi Sharma,36-50,Male,North America,Mexico,Monterrey,P101,Laptop,Electronics,1,1406,1047.63,358.37,0.07,UPI,In-Store
T11842,2024-03-07,C1941,Michael Ross,50+,Female,Asia,UAE,Dubai,P520,Microwave Oven,Appliances,2,1534,1051.65,482.35,0.14,Credit Card,Online
T11843,2024-04-19,C1942,John Carter,36-50,Other,North America,Canada,Toronto,P520,Microwave Oven,Appliances,1,981,869.71,111.29,0.06,Debit Card,Online
T11844,2024-03-26,C1943,Michael Ross,36-50,Male,North America,Mexico,Mexico City,P402,Monitor,Electronics,1,1226,883.96,342.04,0.17,Debit Card,Online
T11845,2024-01-04,C1944,Aditi Sharma,26-35,Male,North America,Mexico,Mexico City,P112,Mobile Phone,Electronics,4,4316,3492.09,823.91,0.14,Cash,Online
T11846,2024-04-10,C1945,Natalie Reed,18-25,Other,Africa,Egypt,Cairo,P303,Washing Machine,Appliances,3,1950,1607.3,342.7,0.14,Cash,In-Store
T11847,2024-02-02,C1946,Aditi Sharma,26-35,Male,Europe,France,Lyon,P112,Mobile Phone,Electronics,2,2258,1951.76,306.24,0.02,UPI,In-Store
T11848,2024-01-16,C1947,Aditi Sharma,36-50,Male,North America,Canada,Vancouver,P402,Monitor,Electronics,2,3714,2295.26,1418.74,0.09,Cash,Online
T11849,2024-01-08,C1948,Sarah Miller,36-50,Other,South America,Chile,Santiago,P303,Washing Machine,Appliances,4,1744,1507.71,236.29,0.24,UPI,Online
T11850,2024-03-19,C1949,Emily Clark,26-35,Female,Africa,South Africa,Johannesburg,P205,Headphones,Accessories,2,3418,2565.37,852.63,0.11,Debit Card,Online
T11851,2024-04-22,C1950,Sonia Patel,50+,Male,Europe,Italy,Milan,P112,Mobile Phone,Electronics,3,570,350.4,219.6,0.05,Credit Card,Online
T11852,2024-01-27,C1951,Meera Iyer,18-25,Male,South America,Chile,Santiago,P402,Monitor,Electronics,1,1457,951.66,505.34,0.17,Cash,In-Store
T11853,2024-04-24,C1952,Sonia Patel,26-35,Male,Europe,Germany,Munich,P303,Washing Machine,Appliances,3,4326,3567.65,758.35,0.07,UPI,Online
T11854,2024-03-18,C1953,Michael Ross,18-25,Male,North America,USA,Seattle,P205,Headphones,Accessories,4,4916,4083.88,832.12,0.23,Cash,In-Store
T11855,2024-02-09,C1954,Meera Iyer,26-35,Male,North America,Canada,Toronto,P101,Laptop,Electronics,1,1414,1101.39,312.61,0.09,Net Banking,Online
T11856,2024-03-15,C1955,Ethan Wilson,18-25,Other,North America,Mexico,Monterrey,P520,Microwave Oven,Appliances,1,1706,1266.56,439.44,0.06,Cash,Online
T11857,2024-03-10,C1956,Emily Clark,26-35,Female,Africa,South Africa,Johannesburg,P520,Microwave Oven,Appliances,4,1060,884.65,175.35,0.05,Credit Card,In-Store
T11858,2024-01-27,C1957,John Carter,36-50,Female,North America,Canada,Toronto,P520,Microwave Oven,Appliances,2,596,401.91,194.09,0.01,Debit Card,In-Store
T11859,2024-01-06,C1958,Aditi Sharma,50+,Male,North America,Canada,Toronto,P520,Microwave Oven,Appliances,2,2190,1749.45,440.55,0.15,UPI,Online
T11860,2024-03-19,C1959,Emily Clark,26-35,Male,Africa,Kenya,Nairobi,P303,Washing Machine,Appliances,2,200,138.34,61.66,0.13,UPI,Online
T11861,2024-03-10,C1960,Natalie Reed,26-35,Female,North America,Canada,Toronto,P101,Laptop,Electronics,2,1576,1201.3,374.7,0.2,Cash,Online
T11862,2024-02-05,C1961,Aditi Sharma,36-50,Male,Africa,South Africa,Johannesburg,P303,Washing Machine,Appliances,2,1530,950.64,579.36,0.09,UPI,Online
T11863,2024-04-23,C1962,Emily Clark,36-50,Other,South America,Brazil,Rio,P205,Headphones,Accessories,3,4584,3317.01,1266.99,0.03,Debit Card,In-Store
T11864,2024-02-02,C1963,Aditi Sharma,50+,Other,Asia,Japan,Tokyo,P205,Headphones,Accessories,1,1219,1078.03,140.97,0.02,Net Banking,In-Store
T11865,2024-03-13,C1964,Rohan Gupta,36-50,Female,Africa,South Africa,Johannesburg,P112,Mobile Phone,Electronics,4,5440,4222.59,1217.41,0.02,Cash,Online
T11866,2024-02-29,C1965,Aditi Sharma,50+,Other,South America,Brazil,São Paulo,P112,Mobile Phone,Electronics,2,2606,1740.86,865.14,0.15,UPI,In-Store
T11867,2024-03-10,C1966,Michael Ross,50+,Female,Asia,India,Bengaluru,P112,Mobile Phone,Electronics,3,3387,2304.18,1082.82,0.1,Debit Card,Online
T11868,2024-04-25,C1967,Emily Clark,26-35,Female,Asia,UAE,Dubai,P205,Headphones,Accessories,4,4844,3181.86,1662.14,0.22,UPI,Online
T11869,2024-04-23,C1968,Rohan Gupta,18-25,Male,Europe,UK,Manchester,P303,Washing Machine,Appliances,3,2880,2475.36,404.64,0.08,UPI,In-Store
T11870,2024-03-28,C1969,Meera Iyer,36-50,Male,South America,Chile,Santiago,P402,Monitor,Electronics,2,3890,3017.35,872.65,0.13,Cash,In-Store
T11871,2024-03-11,C1970,Priya Nair,18-25,Other,North America,Mexico,Mexico City,P112,Mobile Phone,Electronics,2,1310,839.05,470.95,0.07,Debit Card,In-Store
T11872,2024-02-03,C1971,Daniel Wong,26-35,Other,Europe,France,Lyon,P520,Microwave Oven,Appliances,4,3272,2756.68,515.32,0.1,Net Banking,In-Store
T11873,2024-03-01,C1972,Priya Nair,18-25,Male,Africa,South Africa,Cape Town,P402,Monitor,Electronics,3,594,491.26,102.74,0.08,Credit Card,In-Store
T11874,2024-01-22,C1973,Michael Ross,36-50,Female,Europe,Italy,Milan,P520,Microwave Oven,Appliances,4,4620,3870.67,749.33,0.07,Debit Card,Online
T11875,2024-01-24,C1974,John Carter,18-25,Female,South America,Argentina,Buenos Aires,P402,Monitor,Electronics,2,2730,1839.76,890.24,0.02,Debit Card,Online
T11876,2024-04-04,C1975,Natalie Reed,26-35,Female,Europe,UK,London,P101,Laptop,Electronics,3,4602,3599.88,1002.12,0.13,Credit Card,Online
T11877,2024-02-23,C1976,John Carter,18-25,Male,Asia,Singapore,Singapore,P101,Laptop,Electronics,2,1510,1144.99,365.01,0.16,Debit Card,In-Store
T11878,2024-04-22,C1977,Sarah Miller,50+,Female,Asia,Japan,Tokyo,P101,Laptop,Electronics,3,2988,1808.62,1179.38,0.13,Credit Card,In-Store
T11879,2024-03-21,C1978,Emily Clark,36-50,Male,Asia,Singapore,Singapore,P520,Microwave Oven,Appliances,2,3278,2333.27,944.73,0.09,UPI,Online
T11880,2024-02-12,C1979,Lucas Brown,26-35,Other,North America,USA,New York,P303,Washing Machine,Appliances,3,3633,3040.96,592.04,0.05,Credit Card,In-Store
T11881,2024-02-16,C1980,Emily Clark,18-25,Other,South America,Argentina,Buenos Aires,P402,Monitor,Electronics,2,3870,2651.58,1218.42,0.12,Net Banking,Online
T11882,2024-01-26,C1981,Sonia Patel,18-25,Male,South America,Argentina,Buenos Aires,P112,Mobile Phone,Electronics,3,1302,920.07,381.93,0.2,Debit Card,Online
T11883,2024-01-02,C1982,Meera Iyer,26-35,Male,Africa,Kenya,Nairobi,P520,Microwave Oven,Appliances,1,719,436.76,282.24,0.0,Credit Card,In-Store
T11884,2024-03-31,C1983,John Carter,26-35,Male,Africa,Egypt,Cairo,P402,Monitor,Electronics,1,1607,1185.65,421.35,0.2,Net Banking,In-Store
T11885,2024-03-13,C1984,Aditi Sharma,50+,Male,South America,Chile,Santiago,P402,Monitor,Electronics,4,6552,4411.87,2140.13,0.06,Net Banking,In-Store
T11886,2024-02-14,C1985,Emily Clark,36-50,Male,South America,Chile,Santiago,P520,Microwave Oven,Appliances,4,3816,2555.28,1260.72,0.18,Net Banking,In-Store
T11887,2024-03-16,C1986,Sonia Patel,26-35,Other,Asia,India,Delhi,P402,Monitor,Electronics,2,696,420.23,275.77,0.04,Debit Card,In-Store
T11888,2024-02-17,C1987,Sarah Miller,36-50,Female,North America,Canada,Toronto,P101,Laptop,Electronics,2,576,385.47,190.53,0.07,Debit Card,In-Store
T11889,2024-01-01,C1988,Meera Iyer,26-35,Male,South America,Chile,Santiago,P402,Monitor,Electronics,3,4866,4217.15,648.85,0.19,Debit Card,In-Store
T11890,2024-03-21,C1989,Aditi Sharma,26-35,Female,South America,Brazil,Rio,P402,Monitor,Electronics,4,3116,2604.9,511.1,0.0,Net Banking,In-Store
T11891,2024-02-02,C1990,Rohan Gupta,26-35,Male,South America,Argentina,Buenos Aires,P402,Monitor,Electronics,2,1694,1257.34,436.66,0.0,UPI,In-Store
T11892,2024-04-16,C1991,Sonia Patel,36-50,Female,North America,USA,New York,P205,Headphones,Accessories,1,251,176.55,74.45,0.04,Credit Card,In-Store
T11893,2024-01-04,C1992,Rohan Gupta,18-25,Female,Asia,India,Delhi,P402,Monitor,Electronics,1,1674,1093.73,580.27,0.22,Credit Card,Online
T11894,2024-03-28,C1993,Sonia Patel,26-35,Female,Europe,Germany,Munich,P402,Monitor,Electronics,2,2498,1627.01,870.99,0.03,UPI,In-Store
T11895,2024-01-28,C1994,Maria Gomez,50+,Male,South America,Brazil,Rio,P303,Washing Machine,Appliances,3,3198,2737.61,460.39,0.18,Cash,Online
T11896,2024-02-11,C1995,Natalie Reed,26-35,Other,North America,Canada,Toronto,P303,Washing Machine,Appliances,1,442,275.02,166.98,0.25,Net Banking,Online
T11897,2024-02-26,C1996,Meera Iyer,36-50,Other,South America,Argentina,Buenos Aires,P303,Washing Machine,Appliances,1,1690,1071.89,618.11,0.13,Debit Card,Online
T11898,2024-03-27,C1997,Sarah Miller,26-35,Other,North America,Canada,Vancouver,P402,Monitor,Electronics,3,1851,1111.39,739.61,0.11,Cash,In-Store
T11899,2024-04-14,C1998,Sarah Miller,36-50,Other,Africa,Egypt,Cairo,P205,Headphones,Accessories,2,3920,3428.24,491.76,0.12,Net Banking,In-Store
T11900,2024-02-18,C1999,Priya Nair,18-25,Male,Asia,India,Mumbai,P101,Laptop,Electronics,1,1892,1476.8,415.2,0.02,Credit Card,In-Store
T11901,2024-04-07,C2000,Daniel Wong,18-25,Male,Asia,Japan,Tokyo,P303,Washing Machine,Appliances,1,1135,989.41,145.59,0.24,Credit Card,In-Store
T11902,2024-02-05,C2001,Aditi Sharma,36-50,Male,Africa,South Africa,Johannesburg,P303,Washing Machine,Appliances,1,1920,1304.24,615.76,0.07,Cash,Online
T11903,2024-03-25,C2002,Meera Iyer,26-35,Other,North America,USA,New York,P112,Mobile Phone,Electronics,4,7124,5633.88,1490.12,0.04,Net Banking,Online
T11904,2024-03-20,C2003,Michael Ross,26-35,Female,South America,Argentina,Buenos Aires,P205,Headphones,Accessories,3,459,297.01,161.99,0.0,UPI,Online
T11905,2024-03-22,C2004,Ethan Wilson,50+,Male,Asia,Japan,Osaka,P303,Washing Machine,Appliances,2,2358,1512.62,845.38,0.11,Cash,In-Store
T11906,2024-01-21,C2005,Priya Nair,26-35,Other,Africa,Kenya,Nairobi,P205,Headphones,Accessories,1,1856,1289.51,566.49,0.18,UPI,In-Store
T11907,2024-01-10,C2006,Rohan Gupta,50+,Male,North America,Mexico,Mexico City,P303,Washing Machine,Appliances,3,462,407.65,54.35,0.22,Cash,Online
T11908,2024-02-02,C2007,John Carter,36-50,Female,Europe,UK,Manchester,P112,Mobile Phone,Electronics,2,1584,1342.86,241.14,0.08,Net Banking,In-Store
T11909,2024-03-05,C2008,John Carter,26-35,Male,North America,USA,New York,P112,Mobile Phone,Electronics,1,1586,1279.12,306.88,0.06,Net Banking,Online
T11910,2024-01-28,C2009,Michael Ross,18-25,Other,South America,Brazil,São Paulo,P402,Monitor,Electronics,3,4824,3347.15,1476.85,0.02,UPI,In-Store
T11911,2024-04-22,C2010,Emily Clark,18-25,Female,South America,Brazil,Rio,P303,Washing Machine,Appliances,2,1916,1482.87,433.13,0.16,Net Banking,In-Store
T11912,2024-04-05,C2011,Aditi Sharma,18-25,Other,Africa,South Africa,Cape Town,P205,Headphones,Accessories,3,1098,801.51,296.49,0.2,Credit Card,In-Store
T11913,2024-04-20,C2012,Natalie Reed,18-25,Female,Europe,Germany,Munich,P205,Headphones,Accessories,1,571,483.8,87.2,0.14,UPI,Online
T11914,2024-02-19,C2013,Rohan Gupta,50+,Female,South America,Chile,Santiago,P303,Washing Machine,Appliances,1,759,467.26,291.74,0.0,UPI,Online
T11915,2024-01-20,C2014,Meera Iyer,26-35,Other,Europe,Germany,Munich,P303,Washing Machine,Appliances,4,4072,3064.61,1007.39,0.01,UPI,Online
T11916,2024-04-09,C2015,Rohan Gupta,50+,Male,Europe,Italy,Rome,P303,Washing Machine,Appliances,2,1878,1611.04,266.96,0.18,Net Banking,In-Store
T11917,2024-03-27,C2016,Priya Nair,36-50,Female,Europe,Italy,Rome,P112,Mobile Phone,Electronics,4,6124,5386.91,737.09,0.19,Credit Card,In-Store
T11918,2024-01-22,C2017,Rohan Gupta,26-35,Male,Africa,Kenya,Nairobi,P402,Monitor,Electronics,2,3654,3081.53,572.47,0.05,Debit Card,Online
T11919,2024-04-15,C2018,Maria Gomez,18-25,Female,Europe,Germany,Berlin,P303,Washing Machine,Appliances,4,7156,6359.24,796.76,0.07,Debit Card,In-Store
T11920,2024-02-19,C2019,Emily Clark,50+,Other,North America,USA,Seattle,P112,Mobile Phone,Electronics,1,1600,1205.53,394.47,0.23,Net Banking,In-Store
T11921,2024-02-15,C2020,Sarah Miller,50+,Male,North America,Mexico,Mexico City,P520,Microwave Oven,Appliances,1,1187,851.18,335.82,0.03,Debit Card,In-Store
T11922,2024-01-11,C2021,Emily Clark,36-50,Male,North America,USA,Seattle,P402,Monitor,Electronics,1,348,309.86,38.14,0.23,Debit Card,Online
T11923,2024-02-26,C2022,Jake Turner,26-35,Male,North America,USA,Seattle,P520,Microwave Oven,Appliances,2,1782,1467.61,314.39,0.13,Credit Card,Online
T11924,2024-04-19,C2023,Daniel Wong,18-25,Male,Europe,Italy,Rome,P402,Monitor,Electronics,3,5232,3792.6,1439.4,0.11,UPI,Online
T11925,2024-03-01,C2024,Ethan Wilson,18-25,Female,Europe,Italy,Rome,P402,Monitor,Electronics,2,3838,3287.34,550.66,0.11,Credit Card,In-Store
T11926,2024-04-12,C2025,Lucas Brown,50+,Other,Asia,UAE,Dubai,P402,Monitor,Electronics,1,324,270.34,53.66,0.0,UPI,In-Store
T11927,2024-03-03,C2026,Sarah Miller,18-25,Other,North America,Mexico,Mexico City,P402,Monitor,Electronics,1,1916,1572.35,343.65,0.25,Debit Card,In-Store
T11928,2024-03-15,C2027,John Carter,18-25,Other,Africa,Kenya,Nairobi,P101,Laptop,Electronics,4,7136,4435.54,2700.46,0.23,Credit Card,Online
T11929,2024-01-19,C2028,Meera Iyer,36-50,Female,South America,Brazil,Rio,P520,Microwave Oven,Appliances,3,4833,3238.96,1594.04,0.05,Debit Card,Online
T11930,2024-02-16,C2029,John Carter,18-25,Female,Africa,Kenya,Nairobi,P112,Mobile Phone,Electronics,1,778,508.73,269.27,0.14,Net Banking,In-Store
T11931,2024-01-28,C2030,Natalie Reed,50+,Male,Asia,India,Bengaluru,P303,Washing Machine,Appliances,1,1492,1086.55,405.45,0.18,Cash,Online
T11932,2024-02-01,C2031,Meera Iyer,50+,Other,Europe,Italy,Rome,P112,Mobile Phone,Electronics,2,1062,909.9,152.1,0.11,Cash,In-Store
T11933,2024-03-06,C2032,Meera Iyer,26-35,Male,North America,USA,Chicago,P205,Headphones,Accessories,2,2338,1743.42,594.58,0.18,Cash,In-Store
T11934,2024-02-06,C2033,John Carter,36-50,Other,North America,Canada,Vancouver,P101,Laptop,Electronics,1,1778,1176.62,601.38,0.08,Credit Card,In-Store
T11935,2024-04-08,C2034,Maria Gomez,26-35,Male,Europe,Germany,Berlin,P205,Headphones,Accessories,2,374,224.95,149.05,0.23,Debit Card,Online
T11936,2024-01-12,C2035,Sonia Patel,18-25,Male,Africa,South Africa,Cape Town,P101,Laptop,Electronics,1,962,620.32,341.68,0.13,Net Banking,In-Store
T11937,2024-02-10,C2036,Natalie Reed,50+,Female,Asia,Japan,Tokyo,P101,Laptop,Electronics,3,4074,3581.05,492.95,0.1,Net Banking,In-Store
T11938,2024-02-03,C2037,John Carter,36-50,Other,Africa,South Africa,Johannesburg,P520,Microwave Oven,Appliances,1,1383,876.12,506.88,0.03,UPI,Online
T11939,2024-02-27,C2038,John Carter,50+,Female,Europe,UK,Manchester,P402,Monitor,Electronics,4,5132,3728.56,1403.44,0.06,Debit Card,In-Store
T11940,2024-01-19,C2039,Sarah Miller,18-25,Female,Asia,Japan,Tokyo,P520,Microwave Oven,Appliances,4,7220,5694.14,1525.86,0.19,Credit Card,In-Store
T11941,2024-04-17,C2040,Sonia Patel,50+,Female,North America,Mexico,Monterrey,P520,Microwave Oven,Appliances,3,2709,1813.12,895.88,0.2,Net Banking,Online
T11942,2024-04-24,C2041,Maria Gomez,50+,Female,Asia,UAE,Dubai,P101,Laptop,Electronics,1,751,654.12,96.88,0.02,Credit Card,In-Store
T11943,2024-04-05,C2042,Ethan Wilson,18-25,Other,South America,Brazil,Rio,P402,Monitor,Electronics,3,4047,2689.67,1357.33,0.07,Debit Card,Online
T11944,2024-03-15,C2043,Meera Iyer,18-25,Male,Africa,South Africa,Cape Town,P112,Mobile Phone,Electronics,4,2788,2235.13,552.87,0.13,Net Banking,Online
T11945,2024-04-11,C2044,Rohan Gupta,26-35,Other,Africa,Egypt,Cairo,P112,Mobile Phone,Electronics,3,429,377.66,51.34,0.01,Cash,Online
T11946,2024-03-25,C2045,Aditi Sharma,36-50,Female,North America,Mexico,Mexico City,P520,Microwave Oven,Appliances,4,3604,3111.53,492.47,0.14,UPI,Online
T11947,2024-03-13,C2046,Rohan Gupta,36-50,Other,Asia,India,Delhi,P520,Microwave Oven,Appliances,4,4596,3146.13,1449.87,0.18,UPI,Online
T11948,2024-01-26,C2047,Natalie Reed,26-35,Male,North America,USA,Seattle,P205,Headphones,Accessories,2,310,194.7,115.3,0.11,Net Banking,In-Store
T11949,2024-01-19,C2048,Priya Nair,26-35,Other,Asia,UAE,Dubai,P303,Washing Machine,Appliances,4,7184,5270.95,1913.05,0.01,UPI,Online
T11950,2024-01-28,C2049,Ethan Wilson,18-25,Other,Asia,Japan,Tokyo,P112,Mobile Phone,Electronics,1,627,469.86,157.14,0.08,Net Banking,In-Store
T11951,2024-02-27,C2050,Sonia Patel,50+,Male,North America,USA,New York,P520,Microwave Oven,Appliances,1,1810,1377.96,432.04,0.0,Debit Card,Online
T11952,2024-01-15,C2051,Aditi Sharma,18-25,Other,South America,Chile,Santiago,P101,Laptop,Electronics,4,2376,1969.68,406.32,0.03,Credit Card,In-Store
T11953,2024-01-13,C2052,Lucas Brown,50+,Female,Europe,Germany,Munich,P112,Mobile Phone,Electronics,2,1624,1448.62,175.38,0.2,Net Banking,Online
T11954,2024-03-21,C2053,Priya Nair,50+,Female,Africa,Kenya,Nairobi,P101,Laptop,Electronics,4,368,270.12,97.88,0.0,Credit Card,Online
T11955,2024-01-12,C2054,Daniel Wong,50+,Male,South America,Argentina,Buenos Aires,P520,Microwave Oven,Appliances,4,4356,3451.61,904.39,0.1,UPI,Online
T11956,2024-02-18,C2055,Sarah Miller,50+,Other,Europe,UK,London,P520,Microwave Oven,Appliances,3,3021,2679.0,342.0,0.13,Cash,In-Store
T11957,2024-02-02,C2056,Maria Gomez,26-35,Male,South America,Brazil,Rio,P112,Mobile Phone,Electronics,2,2008,1766.89,241.11,0.22,UPI,In-Store
T11958,2024-04-01,C2057,Jake Turner,36-50,Female,Europe,UK,Manchester,P101,Laptop,Electronics,2,3728,3179.11,548.89,0.09,Net Banking,In-Store
T11959,2024-03-02,C2058,Daniel Wong,36-50,Other,Asia,Japan,Tokyo,P101,Laptop,Electronics,3,3816,2418.26,1397.74,0.02,Cash,In-Store
T11960,2024-03-04,C2059,Sarah Miller,18-25,Male,Africa,Egypt,Cairo,P402,Monitor,Electronics,2,1982,1434.97,547.03,0.14,Credit Card,Online
T11961,2024-03-15,C2060,Rohan Gupta,18-25,Male,Africa,South Africa,Cape Town,P520,Microwave Oven,Appliances,1,784,559.54,224.46,0.09,Debit Card,Online
T11962,2024-03-28,C2061,Sonia Patel,18-25,Other,Asia,Singapore,Singapore,P520,Microwave Oven,Appliances,1,1924,1266.45,657.55,0.13,Net Banking,In-Store
T11963,2024-03-12,C2062,Lucas Brown,36-50,Other,Europe,UK,Manchester,P303,Washing Machine,Appliances,1,607,423.51,183.49,0.12,Credit Card,Online
T11964,2024-01-05,C2063,Emily Clark,50+,Female,Asia,UAE,Abu Dhabi,P402,Monitor,Electronics,3,330,244.6,85.4,0.04,Cash,In-Store
T11965,2024-02-17,C2064,Natalie Reed,18-25,Male,Africa,Kenya,Nairobi,P205,Headphones,Accessories,1,677,569.13,107.87,0.09,Net Banking,Online
T11966,2024-01-03,C2065,Natalie Reed,26-35,Female,Europe,Italy,Rome,P205,Headphones,Accessories,2,718,630.8,87.2,0.14,Credit Card,Online
T11967,2024-04-14,C2066,Daniel Wong,18-25,Male,Africa,Egypt,Cairo,P303,Washing Machine,Appliances,2,1256,1019.53,236.47,0.21,Net Banking,In-Store
T11968,2024-03-05,C2067,Natalie Reed,18-25,Male,South America,Brazil,Rio,P112,Mobile Phone,Electronics,3,4926,3231.61,1694.39,0.21,Credit Card,Online
T11969,2024-03-11,C2068,Michael Ross,26-35,Female,Asia,UAE,Abu Dhabi,P520,Microwave Oven,Appliances,3,318,227.74,90.26,0.09,UPI,In-Store
T11970,2024-04-20,C2069,Sarah Miller,36-50,Male,Asia,India,Mumbai,P205,Headphones,Accessories,1,936,629.34,306.66,0.05,UPI,Online
T11971,2024-01-03,C2070,Sonia Patel,50+,Female,North America,USA,Seattle,P101,Laptop,Electronics,1,171,111.16,59.84,0.15,Net Banking,In-Store
T11972,2024-01-23,C2071,Daniel Wong,18-25,Female,Africa,Kenya,Nairobi,P101,Laptop,Electronics,3,2436,2094.21,341.79,0.06,Credit Card,Online
T11973,2024-01-28,C2072,Maria Gomez,26-35,Male,North America,Mexico,Monterrey,P303,Washing Machine,Appliances,3,5676,4928.21,747.79,0.06,Debit Card,Online
T11974,2024-04-09,C2073,Sonia Patel,18-25,Male,Europe,France,Paris,P205,Headphones,Accessories,1,1475,1309.62,165.38,0.2,UPI,Online
T11975,2024-02-09,C2074,Priya Nair,36-50,Female,Asia,UAE,Dubai,P520,Microwave Oven,Appliances,3,2010,1252.01,757.99,0.18,UPI,Online
T11976,2024-03-08,C2075,Rohan Gupta,18-25,Female,Africa,Egypt,Cairo,P520,Microwave Oven,Appliances,1,713,460.36,252.64,0.17,UPI,Online
T11977,2024-01-10,C2076,Lucas Brown,36-50,Other,South America,Argentina,Buenos Aires,P520,Microwave Oven,Appliances,4,788,623.18,164.82,0.11,Cash,In-Store
T11978,2024-03-15,C2077,Priya Nair,18-25,Other,South America,Chile,Santiago,P303,Washing Machine,Appliances,4,7100,4824.38,2275.62,0.11,Net Banking,Online
T11979,2024-04-10,C2078,Michael Ross,36-50,Female,South America,Brazil,Rio,P303,Washing Machine,Appliances,3,5775,3925.88,1849.12,0.15,Credit Card,In-Store
T11980,2024-01-11,C2079,Aditi Sharma,18-25,Other,South America,Chile,Santiago,P112,Mobile Phone,Electronics,4,7144,4609.19,2534.81,0.23,UPI,In-Store
T11981,2024-03-29,C2080,Priya Nair,36-50,Other,Africa,South Africa,Johannesburg,P205,Headphones,Accessories,3,2031,1696.9,334.1,0.2,Credit Card,In-Store
T11982,2024-03-21,C2081,Sonia Patel,50+,Male,Asia,India,Bengaluru,P112,Mobile Phone,Electronics,1,492,424.83,67.17,0.13,UPI,Online
T11983,2024-04-08,C2082,Natalie Reed,26-35,Other,North America,Canada,Toronto,P303,Washing Machine,Appliances,3,4056,2765.54,1290.46,0.12,UPI,In-Store
T11984,2024-01-16,C2083,Rohan Gupta,18-25,Other,Asia,India,Delhi,P101,Laptop,Electronics,1,1459,983.5,475.5,0.22,Cash,Online
T11985,2024-02-27,C2084,Lucas Brown,18-25,Female,North America,Canada,Vancouver,P402,Monitor,Electronics,1,1473,890.51,582.49,0.07,Debit Card,Online
T11986,2024-03-20,C2085,Sarah Miller,36-50,Male,Europe,France,Paris,P402,Monitor,Electronics,2,2588,1654.52,933.48,0.15,Debit Card,Online
T11987,2024-03-23,C2086,Ethan Wilson,18-25,Female,Africa,Egypt,Cairo,P303,Washing Machine,Appliances,4,5964,4011.91,1952.09,0.23,Cash,Online
T11988,2024-03-27,C2087,Daniel Wong,36-50,Female,South America,Brazil,São Paulo,P520,Microwave Oven,Appliances,1,1401,1022.35,378.65,0.16,UPI,Online
T11989,2024-03-03,C2088,Ethan Wilson,26-35,Female,Africa,Kenya,Nairobi,P402,Monitor,Electronics,1,411,345.93,65.07,0.01,Cash,Online
T11990,2024-03-03,C2089,Jake Turner,18-25,Female,North America,USA,Chicago,P402,Monitor,Electronics,4,3144,2411.49,732.51,0.18,Credit Card,In-Store
T11991,2024-03-27,C2090,Priya Nair,50+,Male,North America,Canada,Vancouver,P101,Laptop,Electronics,4,6980,5039.89,1940.11,0.12,Debit Card,Online
T11992,2024-03-06,C2091,Daniel Wong,18-25,Female,Africa,South Africa,Johannesburg,P303,Washing Machine,Appliances,4,5904,3574.92,2329.08,0.16,Cash,In-Store
T11993,2024-02-28,C2092,Lucas Brown,26-35,Other,Europe,Germany,Munich,P205,Headphones,Accessories,2,2176,1330.39,845.61,0.25,UPI,In-Store
T11994,2024-03-13,C2093,Daniel Wong,36-50,Male,Asia,UAE,Dubai,P303,Washing Machine,Appliances,4,6852,5528.08,1323.92,0.03,Debit Card,In-Store
T11995,2024-02-13,C2094,Sonia Patel,36-50,Female,North America,USA,New York,P205,Headphones,Accessories,2,3808,2650.49,1157.51,0.21,Net Banking,Online
T11996,2024-02-16,C2095,Priya Nair,50+,Other,Asia,India,Delhi,P101,Laptop,Electronics,2,1584,1373.21,210.79,0.0,Debit Card,In-Store
T11997,2024-02-22,C2096,Rohan Gupta,18-25,Male,North America,Mexico,Monterrey,P520,Microwave Oven,Appliances,2,1978,1777.92,200.08,0.05,Debit Card,In-Store
T11998,2024-03-19,C2097,John Carter,50+,Male,North America,Mexico,Monterrey,P112,Mobile Phone,Electronics,3,3624,2205.05,1418.95,0.06,Credit Card,Online
T11999,2024-04-21,C2098,Maria Gomez,50+,Male,South America,Chile,Santiago,P402,Monitor,Electronics,1,344,281.12,62.88,0.05,UPI,Online
T12000,2024-03-07,C2099,Natalie Reed,50+,Female,North America,USA,Seattle,P402,Monitor,Electronics,2,696,457.54,238.46,0.13,Debit Card,In-Store
T12001,2024-02-25,C2100,Sonia Patel,26-35,Other,Africa,Kenya,Nairobi,P101,Laptop,Electronics,4,3540,2471.16,1068.84,0.0,Debit Card,Online
T12002,2024-04-01,C2101,Priya Nair,26-35,Male,Europe,UK,London,P402,Monitor,Electronics,3,1488,1237.81,250.19,0.12,Cash,In-Store
T12003,2024-03-26,C2102,Natalie Reed,18-25,Female,North America,Mexico,Mexico City,P205,Headphones,Accessories,4,6032,4361.18,1670.82,0.12,UPI,Online
T12004,2024-01-16,C2103,Sonia Patel,36-50,Female,Europe,France,Paris,P303,Washing Machine,Appliances,2,2116,1573.48,542.52,0.04,Net Banking,Online
T12005,2024-03-22,C2104,Sarah Miller,50+,Male,South America,Brazil,Rio,P402,Monitor,Electronics,3,2409,1778.47,630.53,0.17,Credit Card,Online
T12006,2024-04-12,C2105,Meera Iyer,26-35,Other,North America,USA,Seattle,P520,Microwave Oven,Appliances,3,4083,2456.02,1626.98,0.23,Cash,Online
T12007,2024-04-18,C2106,Emily Clark,26-35,Female,Europe,Germany,Munich,P520,Microwave Oven,Appliances,1,1872,1498.94,373.06,0.03,Cash,Online
T12008,2024-01-03,C2107,Emily Clark,18-25,Other,Europe,Italy,Rome,P205,Headphones,Accessories,3,2514,2092.66,421.34,0.07,Net Banking,Online
T12009,2024-04-05,C2108,Natalie Reed,26-35,Male,Africa,South Africa,Cape Town,P101,Laptop,Electronics,1,1236,973.76,262.24,0.22,Debit Card,Online
T12010,2024-04-18,C2109,Sarah Miller,50+,Other,North America,Canada,Toronto,P520,Microwave Oven,Appliances,1,402,278.13,123.87,0.16,Credit Card,In-Store
T12011,2024-01-28,C2110,Priya Nair,50+,Other,North America,Mexico,Monterrey,P520,Microwave Oven,Appliances,3,3090,2679.23,410.77,0.07,Net Banking,In-Store
T12012,2024-03-18,C2111,Emily Clark,36-50,Female,Europe,Italy,Rome,P520,Microwave Oven,Appliances,3,468,325.51,142.49,0.18,Debit Card,In-Store
T12013,2024-03-13,C2112,John Carter,26-35,Other,Europe,France,Lyon,P112,Mobile Phone,Electronics,1,517,423.41,93.59,0.1,Credit Card,In-Store
T12014,2024-04-01,C2113,Maria Gomez,18-25,Male,South America,Chile,Santiago,P303,Washing Machine,Appliances,1,1064,778.37,285.63,0.15,Credit Card,In-Store
T12015,2024-02-22,C2114,Natalie Reed,36-50,Male,Africa,South Africa,Johannesburg,P303,Washing Machine,Appliances,4,7088,5227.23,1860.77,0.07,Debit Card,Online
T12016,2024-03-28,C2115,Meera Iyer,26-35,Female,Europe,Italy,Rome,P112,Mobile Phone,Electronics,1,62,52.41,9.59,0.09,Net Banking,Online
T12017,2024-01-21,C2116,Rohan Gupta,36-50,Male,North America,Canada,Vancouver,P101,Laptop,Electronics,3,513,322.7,190.3,0.12,Net Banking,In-Store
T12018,2024-01-28,C2117,Ethan Wilson,18-25,Female,North America,Canada,Toronto,P402,Monitor,Electronics,2,850,626.31,223.69,0.1,Credit Card,Online
T12019,2024-01-29,C2118,Ethan Wilson,50+,Other,Asia,Singapore,Singapore,P402,Monitor,Electronics,1,1653,1194.9,458.1,0.2,Debit Card,Online
T12020,2024-04-02,C2119,Jake Turner,26-35,Male,South America,Argentina,Buenos Aires,P402,Monitor,Electronics,4,1516,1126.99,389.01,0.12,UPI,In-Store
T12021,2024-01-02,C2120,Emily Clark,50+,Female,Africa,South Africa,Johannesburg,P402,Monitor,Electronics,1,1162,872.17,289.83,0.15,Net Banking,In-Store
T12022,2024-04-08,C2121,Sarah Miller,26-35,Other,Europe,Germany,Munich,P303,Washing Machine,Appliances,3,1950,1613.09,336.91,0.19,Net Banking,In-Store
T12023,2024-04-21,C2122,Lucas Brown,18-25,Male,South America,Chile,Santiago,P520,Microwave Oven,Appliances,3,2844,2168.63,675.37,0.03,Credit Card,In-Store
T12024,2024-02-20,C2123,Daniel Wong,50+,Female,South America,Brazil,Rio,P520,Microwave Oven,Appliances,3,4779,3247.46,1531.54,0.18,Net Banking,In-Store
T12025,2024-02-16,C2124,Lucas Brown,18-25,Male,Asia,UAE,Dubai,P303,Washing Machine,Appliances,2,816,616.5,199.5,0.03,Cash,Online
T12026,2024-02-10,C2125,Jake Turner,26-35,Female,North America,Canada,Toronto,P303,Washing Machine,Appliances,3,2541,1898.66,642.34,0.11,Cash,In-Store
T12027,2024-03-23,C2126,Aditi Sharma,18-25,Female,Africa,Egypt,Cairo,P520,Microwave Oven,Appliances,3,5295,4439.32,855.68,0.11,Cash,In-Store
T12028,2024-01-23,C2127,Emily Clark,36-50,Other,Europe,UK,Manchester,P112,Mobile Phone,Electronics,4,4728,3558.93,1169.07,0.04,Cash,In-Store
T12029,2024-04-09,C2128,John Carter,36-50,Male,Africa,South Africa,Johannesburg,P303,Washing Machine,Appliances,3,756,477.96,278.04,0.03,Debit Card,Online
T12030,2024-03-11,C2129,Ethan Wilson,26-35,Other,North America,Canada,Vancouver,P520,Microwave Oven,Appliances,3,3360,2969.64,390.36,0.06,UPI,In-Store
T12031,2024-01-11,C2130,Jake Turner,36-50,Female,Africa,South Africa,Cape Town,P112,Mobile Phone,Electronics,4,1656,1474.49,181.51,0.06,Credit Card,Online
T12032,2024-04-02,C2131,Daniel Wong,50+,Female,Asia,Singapore,Singapore,P303,Washing Machine,Appliances,1,1819,1151.44,667.56,0.24,UPI,In-Store
T12033,2024-01-18,C2132,Aditi Sharma,50+,Female,Africa,South Africa,Cape Town,P205,Headphones,Accessories,3,771,479.52,291.48,0.19,Credit Card,In-Store
T12034,2024-01-10,C2133,Jake Turner,36-50,Other,Africa,Egypt,Cairo,P402,Monitor,Electronics,1,1260,883.97,376.03,0.12,Cash,Online
T12035,2024-01-03,C2134,Sonia Patel,18-25,Other,South America,Chile,Santiago,P402,Monitor,Electronics,2,1662,1327.22,334.78,0.11,Cash,Online
T12036,2024-01-24,C2135,Ethan Wilson,36-50,Male,Europe,France,Lyon,P205,Headphones,Accessories,2,1762,1069.07,692.93,0.15,Cash,Online
T12037,2024-01-24,C2136,Meera Iyer,36-50,Male,North America,Mexico,Mexico City,P205,Headphones,Accessories,3,3714,2280.84,1433.16,0.17,Credit Card,Online
T12038,2024-03-03,C2137,Meera Iyer,36-50,Female,Asia,Japan,Tokyo,P112,Mobile Phone,Electronics,3,4065,2645.25,1419.75,0.08,Cash,In-Store
T12039,2024-01-01,C2138,Rohan Gupta,26-35,Female,South America,Brazil,São Paulo,P205,Headphones,Accessories,3,1065,935.95,129.05,0.16,Debit Card,In-Store
T12040,2024-02-28,C2139,Emily Clark,36-50,Male,Asia,UAE,Dubai,P101,Laptop,Electronics,2,2820,1734.73,1085.27,0.01,Net Banking,In-Store
T12041,2024-04-21,C2140,Daniel Wong,36-50,Male,Asia,India,Mumbai,P303,Washing Machine,Appliances,1,190,158.78,31.22,0.08,Cash,Online
T12042,2024-01-01,C2141,Sarah Miller,26-35,Female,Asia,UAE,Abu Dhabi,P101,Laptop,Electronics,2,494,296.46,197.54,0.2,Debit Card,In-Store
T12043,2024-03-26,C2142,Ethan Wilson,18-25,Other,Asia,Singapore,Singapore,P112,Mobile Phone,Electronics,1,1760,1081.64,678.36,0.11,Debit Card,In-Store
T12044,2024-02-16,C2143,Aditi Sharma,18-25,Other,Asia,UAE,Abu Dhabi,P402,Monitor,Electronics,2,748,477.11,270.89,0.03,Net Banking,Online
T12045,2024-03-04,C2144,Priya Nair,50+,Male,North America,Mexico,Mexico City,P520,Microwave Oven,Appliances,3,2961,2158.73,802.27,0.22,Debit Card,Online
T12046,2024-01-30,C2145,Natalie Reed,18-25,Male,Asia,Singapore,Singapore,P402,Monitor,Electronics,1,109,90.37,18.63,0.25,Debit Card,In-Store
T12047,2024-02-02,C2146,Rohan Gupta,50+,Other,North America,Mexico,Monterrey,P402,Monitor,Electronics,2,148,91.18,56.82,0.04,Net Banking,In-Store
T12048,2024-02-02,C2147,Sonia Patel,18-25,Female,South America,Argentina,Buenos Aires,P112,Mobile Phone,Electronics,1,432,366.1,65.9,0.21,UPI,Online
T12049,2024-02-17,C2148,Meera Iyer,36-50,Other,Africa,Kenya,Nairobi,P520,Microwave Oven,Appliances,4,1928,1705.37,222.63,0.21,UPI,In-Store
T12050,2024-03-09,C2149,Meera Iyer,26-35,Male,Asia,India,Delhi,P402,Monitor,Electronics,4,3804,2403.52,1400.48,0.12,Net Banking,In-Store
T12051,2024-02-01,C2150,Aditi Sharma,26-35,Other,Africa,South Africa,Cape Town,P303,Washing Machine,Appliances,2,1590,1381.29,208.71,0.16,Net Banking,In-Store
T12052,2024-04-16,C2151,Maria Gomez,50+,Other,North America,Canada,Toronto,P101,Laptop,Electronics,1,483,382.45,100.55,0.03,Credit Card,Online
T12053,2024-02-29,C2152,Jake Turner,50+,Other,Europe,France,Lyon,P303,Washing Machine,Appliances,2,938,667.91,270.09,0.17,Cash,In-Store
T12054,2024-02-29,C2153,Daniel Wong,18-25,Other,Africa,Egypt,Cairo,P112,Mobile Phone,Electronics,4,1932,1642.0,290.0,0.07,Net Banking,In-Store
T12055,2024-03-08,C2154,Daniel Wong,36-50,Female,Africa,Kenya,Nairobi,P112,Mobile Phone,Electronics,1,1251,807.44,443.56,0.11,Cash,Online
T12056,2024-02-02,C2155,Maria Gomez,36-50,Female,South America,Argentina,Buenos Aires,P402,Monitor,Electronics,4,752,533.0,219.0,0.02,Debit Card,In-Store
T12057,2024-03-04,C2156,Daniel Wong,50+,Male,South America,Chile,Santiago,P402,Monitor,Electronics,2,2306,1836.66,469.34,0.11,Credit Card,In-Store
T12058,2024-03-28,C2157,Emily Clark,18-25,Female,Europe,France,Paris,P101,Laptop,Electronics,1,1799,1204.92,594.08,0.15,UPI,In-Store
T12059,2024-04-01,C2158,Emily Clark,36-50,Other,North America,Canada,Toronto,P402,Monitor,Electronics,1,1856,1151.47,704.53,0.05,UPI,Online
T12060,2024-03-14,C2159,Michael Ross,36-50,Female,Asia,Singapore,Singapore,P303,Washing Machine,Appliances,1,747,501.16,245.84,0.02,Net Banking,In-Store
T12061,2024-01-31,C2160,Natalie Reed,26-35,Male,Africa,Kenya,Nairobi,P520,Microwave Oven,Appliances,4,4932,4234.06,697.94,0.24,Debit Card,Online
T12062,2024-02-22,C2161,Jake Turner,18-25,Female,South America,Argentina,Buenos Aires,P112,Mobile Phone,Electronics,1,607,544.98,62.02,0.2,Cash,Online
T12063,2024-01-04,C2162,Maria Gomez,50+,Female,Europe,France,Paris,P205,Headphones,Accessories,3,2607,2075.88,531.12,0.13,Net Banking,Online
T12064,2024-04-21,C2163,Sarah Miller,26-35,Male,Europe,UK,Manchester,P402,Monitor,Electronics,4,5460,4635.04,824.96,0.09,Cash,Online
T12065,2024-01-17,C2164,Emily Clark,36-50,Female,Asia,Singapore,Singapore,P520,Microwave Oven,Appliances,1,1404,955.19,448.81,0.11,UPI,Online
T12066,2024-01-22,C2165,Natalie Reed,26-35,Female,North America,Mexico,Mexico City,P520,Microwave Oven,Appliances,1,1628,1356.45,271.55,0.14,Debit Card,Online
T12067,2024-02-15,C2166,Michael Ross,50+,Female,Asia,India,Delhi,P101,Laptop,Electronics,1,1620,1213.2,406.8,0.14,Cash,In-Store
T12068,2024-01-26,C2167,Daniel Wong,50+,Other,Asia,India,Mumbai,P520,Microwave Oven,Appliances,1,1813,1456.99,356.01,0.04,Debit Card,In-Store
T12069,2024-01-26,C2168,Meera Iyer,50+,Male,North America,USA,Chicago,P520,Microwave Oven,Appliances,2,848,731.49,116.51,0.18,Net Banking,Online
T12070,2024-03-05,C2169,Daniel Wong,18-25,Male,South America,Brazil,São Paulo,P303,Washing Machine,Appliances,4,3668,2630.05,1037.95,0.05,Debit Card,Online
T12071,2024-02-09,C2170,Jake Turner,26-35,Male,North America,Mexico,Monterrey,P112,Mobile Phone,Electronics,2,3340,2498.23,841.77,0.14,Cash,In-Store
T12072,2024-03-01,C2171,Priya Nair,26-35,Male,Europe,Germany,Munich,P520,Microwave Oven,Appliances,4,3844,3106.8,737.2,0.13,Credit Card,Online
T12073,2024-03-12,C2172,Sonia Patel,26-35,Male,Europe,UK,London,P402,Monitor,Electronics,3,2061,1610.16,450.84,0.03,Cash,In-Store
T12074,2024-04-12,C2173,Ethan Wilson,36-50,Male,Africa,Egypt,Cairo,P101,Laptop,Electronics,4,976,691.82,284.18,0.06,Cash,Online
T12075,2024-01-07,C2174,Ethan Wilson,26-35,Female,Africa,South Africa,Johannesburg,P402,Monitor,Electronics,1,1028,749.72,278.28,0.04,Net Banking,In-Store
T12076,2024-03-22,C2175,Lucas Brown,36-50,Male,North America,Mexico,Monterrey,P520,Microwave Oven,Appliances,1,648,501.51,146.49,0.15,Cash,Online
T12077,2024-01-31,C2176,Aditi Sharma,26-35,Other,Asia,UAE,Dubai,P101,Laptop,Electronics,1,1535,1370.39,164.61,0.07,Net Banking,Online
T12078,2024-01-07,C2177,Sonia Patel,50+,Other,South America,Chile,Santiago,P303,Washing Machine,Appliances,4,7488,4548.28,2939.72,0.2,Debit Card,In-Store
T12079,2024-02-16,C2178,Aditi Sharma,18-25,Other,North America,USA,Seattle,P205,Headphones,Accessories,2,3098,2545.56,552.44,0.2,Cash,In-Store
T12080,2024-03-21,C2179,Daniel Wong,18-25,Other,Europe,France,Paris,P112,Mobile Phone,Electronics,3,4641,3739.75,901.25,0.06,UPI,Online
T12081,2024-02-19,C2180,Natalie Reed,50+,Female,Europe,France,Paris,P205,Headphones,Accessories,1,656,423.23,232.77,0.12,Debit Card,In-Store
T12082,2024-03-09,C2181,Emily Clark,26-35,Other,Europe,France,Lyon,P112,Mobile Phone,Electronics,3,3135,2363.64,771.36,0.12,Net Banking,Online
T12083,2024-03-28,C2182,Priya Nair,18-25,Other,Europe,Germany,Berlin,P112,Mobile Phone,Electronics,3,4926,3838.02,1087.98,0.11,Credit Card,Online
T12084,2024-02-24,C2183,Emily Clark,18-25,Male,Asia,Singapore,Singapore,P101,Laptop,Electronics,1,1021,770.69,250.31,0.08,Credit Card,In-Store
T12085,2024-02-21,C2184,Natalie Reed,36-50,Male,Europe,France,Paris,P520,Microwave Oven,Appliances,2,2488,1720.27,767.73,0.05,UPI,Online
T12086,2024-02-13,C2185,Priya Nair,50+,Other,Europe,France,Lyon,P112,Mobile Phone,Electronics,4,3308,2596.37,711.63,0.11,Credit Card,Online
T12087,2024-03-08,C2186,Lucas Brown,26-35,Other,Europe,UK,Manchester,P303,Washing Machine,Appliances,2,154,111.61,42.39,0.12,UPI,Online
T12088,2024-01-04,C2187,Ethan Wilson,18-25,Female,South America,Argentina,Buenos Aires,P402,Monitor,Electronics,3,2502,2052.31,449.69,0.01,UPI,Online
T12089,2024-04-15,C2188,Priya Nair,26-35,Female,South America,Brazil,Rio,P303,Washing Machine,Appliances,4,4384,3006.84,1377.16,0.12,UPI,In-Store
T12090,2024-04-26,C2189,Priya Nair,26-35,Male,Asia,Japan,Osaka,P303,Washing Machine,Appliances,2,1056,892.6,163.4,0.21,Net Banking,In-Store
T12091,2024-03-07,C2190,Maria Gomez,18-25,Male,South America,Chile,Santiago,P112,Mobile Phone,Electronics,1,516,344.82,171.18,0.07,Credit Card,Online
T12092,2024-03-01,C2191,Aditi Sharma,26-35,Male,North America,Canada,Vancouver,P101,Laptop,Electronics,1,939,781.81,157.19,0.11,UPI,In-Store
T12093,2024-04-23,C2192,Rohan Gupta,36-50,Other,Africa,Kenya,Nairobi,P520,Microwave Oven,Appliances,3,1398,981.25,416.75,0.18,UPI,In-Store
T12094,2024-03-25,C2193,Priya Nair,36-50,Other,Europe,UK,Manchester,P205,Headphones,Accessories,1,712,463.13,248.87,0.21,Credit Card,In-Store
T12095,2024-04-04,C2194,John Carter,36-50,Female,South America,Brazil,Rio,P205,Headphones,Accessories,1,1355,990.7,364.3,0.07,Cash,In-Store
T12096,2024-03-28,C2195,Emily Clark,36-50,Other,Africa,South Africa,Cape Town,P402,Monitor,Electronics,3,1770,1592.42,177.58,0.15,Net Banking,In-Store
T12097,2024-03-05,C2196,Lucas Brown,36-50,Female,Asia,Singapore,Singapore,P402,Monitor,Electronics,4,4536,3157.72,1378.28,0.25,Debit Card,In-Store
T12098,2024-01-22,C2197,Meera Iyer,50+,Male,Africa,Egypt,Cairo,P112,Mobile Phone,Electronics,2,3908,3416.16,491.84,0.09,UPI,In-Store
T12099,2024-01-16,C2198,John Carter,36-50,Other,South America,Brazil,Rio,P303,Washing Machine,Appliances,1,382,328.73,53.27,0.21,Debit Card,In-Store
T12100,2024-02-20,C2199,John Carter,36-50,Other,Asia,UAE,Abu Dhabi,P112,Mobile Phone,Electronics,2,2992,2095.13,896.87,0.2,Net Banking,In-Store
T12101,2024-03-10,C2200,Natalie Reed,26-35,Female,South America,Brazil,São Paulo,P101,Laptop,Electronics,3,387,234.53,152.47,0.15,Credit Card,In-Store
T12102,2024-04-06,C2201,Maria Gomez,18-25,Male,Asia,Singapore,Singapore,P303,Washing Machine,Appliances,1,1637,1309.97,327.03,0.0,Credit Card,Online
T12103,2024-04-04,C2202,Ethan Wilson,26-35,Male,North America,Mexico,Monterrey,P303,Washing Machine,Appliances,1,1460,917.65,542.35,0.01,Cash,In-Store
T12104,2024-02-18,C2203,Natalie Reed,36-50,Other,Africa,South Africa,Cape Town,P520,Microwave Oven,Appliances,4,2064,1545.72,518.28,0.1,Cash,Online
T12105,2024-04-06,C2204,Natalie Reed,36-50,Male,North America,Mexico,Mexico City,P402,Monitor,Electronics,2,594,527.72,66.28,0.15,Net Banking,In-Store
T12106,2024-02-29,C2205,Natalie Reed,18-25,Other,South America,Argentina,Buenos Aires,P205,Headphones,Accessories,3,5979,5127.73,851.27,0.17,Credit Card,Online
T12107,2024-01-23,C2206,Daniel Wong,50+,Female,Africa,Egypt,Cairo,P303,Washing Machine,Appliances,2,3974,2638.01,1335.99,0.15,Credit Card,Online
T12108,2024-04-06,C2207,Rohan Gupta,26-35,Other,South America,Chile,Santiago,P402,Monitor,Electronics,1,1186,787.33,398.67,0.17,Debit Card,In-Store
T12109,2024-02-21,C2208,Natalie Reed,50+,Male,Asia,UAE,Abu Dhabi,P101,Laptop,Electronics,4,3916,3490.94,425.06,0.07,UPI,In-Store
T12110,2024-02-07,C2209,Sonia Patel,26-35,Female,Africa,South Africa,Johannesburg,P520,Microwave Oven,Appliances,2,1366,1207.43,158.57,0.1,Debit Card,Online
T12111,2024-02-23,C2210,Maria Gomez,50+,Other,Asia,Japan,Osaka,P520,Microwave Oven,Appliances,4,6188,4755.13,1432.87,0.05,Debit Card,In-Store
T12112,2024-01-16,C2211,Emily Clark,18-25,Female,Asia,India,Mumbai,P520,Microwave Oven,Appliances,1,1758,1066.7,691.3,0.03,Cash,In-Store
T12113,2024-03-27,C2212,Jake Turner,50+,Other,Asia,UAE,Dubai,P402,Monitor,Electronics,2,2270,1591.99,678.01,0.14,UPI,In-Store
T12114,2024-03-05,C2213,Lucas Brown,50+,Other,South America,Argentina,Buenos Aires,P205,Headphones,Accessories,2,1780,1098.11,681.89,0.09,Debit Card,Online
T12115,2024-01-09,C2214,Priya Nair,18-25,Other,Europe,Italy,Rome,P520,Microwave Oven,Appliances,2,1480,1313.85,166.15,0.23,UPI,Online
T12116,2024-01-03,C2215,Meera Iyer,50+,Male,Europe,Italy,Rome,P520,Microwave Oven,Appliances,2,1060,723.15,336.85,0.21,Cash,Online
T12117,2024-01-02,C2216,John Carter,18-25,Other,Europe,Germany,Berlin,P205,Headphones,Accessories,3,5091,3183.88,1907.12,0.03,Credit Card,In-Store
T12118,2024-02-16,C2217,Emily Clark,36-50,Male,Asia,Japan,Osaka,P112,Mobile Phone,Electronics,2,504,371.37,132.63,0.12,Debit Card,In-Store
T12119,2024-03-25,C2218,Sarah Miller,36-50,Other,Asia,Singapore,Singapore,P520,Microwave Oven,Appliances,3,1299,916.18,382.82,0.1,Cash,Online
T12120,2024-01-09,C2219,Ethan Wilson,26-35,Other,North America,Canada,Vancouver,P520,Microwave Oven,Appliances,1,522,450.21,71.79,0.19,Net Banking,Online
T12121,2024-01-20,C2220,Jake Turner,36-50,Female,South America,Brazil,Rio,P112,Mobile Phone,Electronics,2,3636,2363.58,1272.42,0.01,UPI,Online
T12122,2024-03-29,C2221,Rohan Gupta,50+,Female,North America,Mexico,Mexico City,P520,Microwave Oven,Appliances,2,1514,1285.22,228.78,0.18,Debit Card,Online
T12123,2024-02-20,C2222,Rohan Gupta,36-50,Female,Europe,Italy,Milan,P205,Headphones,Accessories,2,2454,1840.93,613.07,0.21,Net Banking,Online
T12124,2024-03-21,C2223,Sonia Patel,26-35,Female,Africa,South Africa,Cape Town,P101,Laptop,Electronics,3,1410,1036.18,373.82,0.05,Debit Card,In-Store
T12125,2024-02-14,C2224,Lucas Brown,26-35,Other,North America,Canada,Toronto,P205,Headphones,Accessories,4,3612,2788.78,823.22,0.21,Cash,In-Store
T12126,2024-04-19,C2225,Rohan Gupta,50+,Female,North America,Mexico,Mexico City,P303,Washing Machine,Appliances,3,3330,2111.27,1218.73,0.18,Net Banking,In-Store
T12127,2024-02-24,C2226,Ethan Wilson,18-25,Female,Africa,Kenya,Nairobi,P112,Mobile Phone,Electronics,1,1341,942.2,398.8,0.21,UPI,In-Store
T12128,2024-02-26,C2227,Ethan Wilson,36-50,Female,Asia,Japan,Tokyo,P303,Washing Machine,Appliances,2,1498,915.74,582.26,0.09,Credit Card,In-Store
T12129,2024-03-24,C2228,Aditi Sharma,18-25,Male,Africa,South Africa,Cape Town,P402,Monitor,Electronics,4,7420,6025.16,1394.84,0.07,UPI,In-Store
T12130,2024-03-04,C2229,Meera Iyer,50+,Female,South America,Chile,Santiago,P402,Monitor,Electronics,2,1258,973.99,284.01,0.18,Credit Card,In-Store
T12131,2024-03-20,C2230,Natalie Reed,36-50,Male,Asia,India,Delhi,P112,Mobile Phone,Electronics,3,4527,3713.41,813.59,0.09,Debit Card,In-Store
T12132,2024-01-22,C2231,Priya Nair,18-25,Other,Europe,France,Lyon,P520,Microwave Oven,Appliances,1,58,36.89,21.11,0.13,Net Banking,Online
T12133,2024-02-14,C2232,Meera Iyer,36-50,Male,Europe,Italy,Milan,P112,Mobile Phone,Electronics,4,1028,842.14,185.86,0.13,Credit Card,In-Store
T12134,2024-01-01,C2233,Sarah Miller,18-25,Female,North America,Canada,Vancouver,P101,Laptop,Electronics,4,2268,2003.09,264.91,0.01,UPI,In-Store
T12135,2024-03-20,C2234,Sarah Miller,36-50,Other,Europe,Germany,Munich,P101,Laptop,Electronics,2,1476,937.65,538.35,0.25,Net Banking,In-Store
T12136,2024-03-01,C2235,Ethan Wilson,18-25,Female,Africa,Kenya,Nairobi,P101,Laptop,Electronics,4,1744,1167.42,576.58,0.18,UPI,Online
T12137,2024-02-24,C2236,Meera Iyer,26-35,Male,Asia,Japan,Tokyo,P402,Monitor,Electronics,4,5644,4718.15,925.85,0.08,Net Banking,In-Store
T12138,2024-04-20,C2237,Ethan Wilson,36-50,Female,Europe,Germany,Munich,P303,Washing Machine,Appliances,2,1884,1509.23,374.77,0.05,Credit Card,Online
T12139,2024-03-20,C2238,Maria Gomez,50+,Male,Asia,Japan,Osaka,P205,Headphones,Accessories,3,3333,2805.47,527.53,0.15,Credit Card,Online
T12140,2024-02-22,C2239,Aditi Sharma,50+,Male,Asia,Japan,Osaka,P303,Washing Machine,Appliances,3,4323,3763.5,559.5,0.1,UPI,In-Store
T12141,2024-01-16,C2240,Ethan Wilson,50+,Other,Africa,Kenya,Nairobi,P520,Microwave Oven,Appliances,4,2360,1642.94,717.06,0.19,UPI,Online
T12142,2024-03-04,C2241,Meera Iyer,18-25,Male,Asia,Japan,Osaka,P402,Monitor,Electronics,3,1182,776.39,405.61,0.17,Net Banking,In-Store
T12143,2024-01-12,C2242,Meera Iyer,50+,Other,Europe,Italy,Rome,P520,Microwave Oven,Appliances,1,1844,1488.45,355.55,0.13,UPI,Online
T12144,2024-02-19,C2243,Aditi Sharma,26-35,Female,Africa,South Africa,Cape Town,P402,Monitor,Electronics,4,6260,4029.38,2230.62,0.1,Cash,Online
T12145,2024-01-29,C2244,Ethan Wilson,50+,Female,Africa,Kenya,Nairobi,P112,Mobile Phone,Electronics,3,5796,4327.19,1468.81,0.15,Net Banking,Online
T12146,2024-04-07,C2245,Priya Nair,36-50,Other,Asia,Japan,Tokyo,P520,Microwave Oven,Appliances,2,232,197.52,34.48,0.22,Debit Card,Online
T12147,2024-04-12,C2246,Maria Gomez,26-35,Other,South America,Brazil,Rio,P402,Monitor,Electronics,2,3654,2875.68,778.32,0.01,UPI,In-Store
T12148,2024-02-23,C2247,Meera Iyer,26-35,Male,North America,USA,New York,P303,Washing Machine,Appliances,2,1044,931.57,112.43,0.01,Net Banking,In-Store
T12149,2024-02-24,C2248,Jake Turner,36-50,Female,North America,Mexico,Mexico City,P520,Microwave Oven,Appliances,4,5208,3382.16,1825.84,0.17,Net Banking,In-Store
T12150,2024-03-27,C2249,Sonia Patel,36-50,Female,South America,Argentina,Buenos Aires,P520,Microwave Oven,Appliances,2,3370,2510.84,859.16,0.17,UPI,Online
T12151,2024-04-05,C2250,Michael Ross,18-25,Female,Asia,Japan,Osaka,P303,Washing Machine,Appliances,4,5004,3223.76,1780.24,0.02,Net Banking,Online
T12152,2024-03-17,C2251,Aditi Sharma,26-35,Male,Africa,Egypt,Cairo,P112,Mobile Phone,Electronics,4,4528,3814.3,713.7,0.05,UPI,Online
T12153,2024-04-26,C2252,Maria Gomez,26-35,Male,North America,Canada,Vancouver,P402,Monitor,Electronics,1,144,107.01,36.99,0.16,Net Banking,In-Store
T12154,2024-01-07,C2253,Rohan Gupta,26-35,Male,South America,Chile,Santiago,P101,Laptop,Electronics,3,2331,1987.29,343.71,0.07,Credit Card,Online
T12155,2024-01-30,C2254,Lucas Brown,50+,Male,South America,Argentina,Buenos Aires,P520,Microwave Oven,Appliances,1,1335,912.11,422.89,0.16,Net Banking,Online
T12156,2024-03-06,C2255,Sonia Patel,26-35,Male,North America,USA,New York,P205,Headphones,Accessories,2,1922,1392.58,529.42,0.19,Credit Card,Online
T12157,2024-02-01,C2256,Maria Gomez,18-25,Other,Asia,UAE,Dubai,P402,Monitor,Electronics,1,96,83.03,12.97,0.13,Credit Card,Online
T12158,2024-04-29,C2257,Aditi Sharma,18-25,Other,South America,Argentina,Buenos Aires,P101,Laptop,Electronics,4,812,714.79,97.21,0.13,Net Banking,In-Store
T12159,2024-01-05,C2258,John Carter,18-25,Male,North America,USA,New York,P520,Microwave Oven,Appliances,1,818,503.91,314.09,0.23,Net Banking,In-Store
T12160,2024-03-11,C2259,Sarah Miller,26-35,Other,Africa,South Africa,Cape Town,P520,Microwave Oven,Appliances,4,848,650.13,197.87,0.18,Cash,In-Store
T12161,2024-01-30,C2260,Jake Turner,50+,Other,North America,Canada,Toronto,P402,Monitor,Electronics,3,2697,2222.78,474.22,0.08,Cash,In-Store
T12162,2024-04-11,C2261,Jake Turner,18-25,Male,Africa,Egypt,Cairo,P520,Microwave Oven,Appliances,4,6088,4692.97,1395.03,0.18,Debit Card,Online
T12163,2024-04-04,C2262,Meera Iyer,26-35,Male,Asia,UAE,Abu Dhabi,P205,Headphones,Accessories,3,924,718.78,205.22,0.23,Credit Card,In-Store
T12164,2024-02-10,C2263,John Carter,18-25,Other,Asia,India,Mumbai,P520,Microwave Oven,Appliances,3,2028,1730.77,297.23,0.22,Credit Card,Online
T12165,2024-04-06,C2264,Priya Nair,18-25,Other,South America,Brazil,São Paulo,P101,Laptop,Electronics,4,4600,4135.42,464.58,0.19,UPI,Online
T12166,2024-03-31,C2265,Jake Turner,36-50,Male,North America,USA,Chicago,P402,Monitor,Electronics,3,2493,2015.46,477.54,0.2,Credit Card,Online
T12167,2024-03-23,C2266,Rohan Gupta,50+,Male,Asia,Singapore,Singapore,P112,Mobile Phone,Electronics,3,4917,4074.27,842.73,0.13,Debit Card,Online
T12168,2024-04-04,C2267,Sonia Patel,36-50,Male,Europe,UK,London,P520,Microwave Oven,Appliances,1,1126,785.96,340.04,0.11,Credit Card,In-Store
T12169,2024-02-15,C2268,Natalie Reed,36-50,Female,South America,Brazil,Rio,P101,Laptop,Electronics,2,3830,2381.16,1448.84,0.24,Credit Card,Online
T12170,2024-01-27,C2269,Rohan Gupta,26-35,Female,Europe,Germany,Berlin,P520,Microwave Oven,Appliances,2,2582,1659.3,922.7,0.16,UPI,Online
T12171,2024-02-20,C2270,Meera Iyer,26-35,Female,South America,Argentina,Buenos Aires,P112,Mobile Phone,Electronics,2,2394,2104.92,289.08,0.0,Cash,In-Store
T12172,2024-01-22,C2271,Lucas Brown,36-50,Male,Africa,Egypt,Cairo,P402,Monitor,Electronics,4,4152,3647.54,504.46,0.01,UPI,Online
T12173,2024-02-24,C2272,Emily Clark,18-25,Female,Asia,Japan,Osaka,P101,Laptop,Electronics,3,2310,2033.04,276.96,0.14,Net Banking,Online
T12174,2024-01-08,C2273,Lucas Brown,26-35,Male,Africa,Kenya,Nairobi,P205,Headphones,Accessories,2,3818,3389.92,428.08,0.1,Cash,Online
T12175,2024-01-02,C2274,Ethan Wilson,18-25,Other,North America,Mexico,Mexico City,P101,Laptop,Electronics,4,2624,2073.37,550.63,0.23,Cash,In-Store
T12176,2024-02-28,C2275,Sarah Miller,50+,Female,South America,Argentina,Buenos Aires,P101,Laptop,Electronics,3,1767,1367.57,399.43,0.04,Debit Card,In-Store
T12177,2024-02-13,C2276,Meera Iyer,26-35,Female,Asia,Japan,Osaka,P205,Headphones,Accessories,1,1129,926.67,202.33,0.08,Net Banking,Online
T12178,2024-02-01,C2277,Aditi Sharma,26-35,Male,Asia,Japan,Tokyo,P520,Microwave Oven,Appliances,2,3046,1984.11,1061.89,0.19,UPI,Online
T12179,2024-03-06,C2278,Lucas Brown,50+,Male,North America,USA,Seattle,P205,Headphones,Accessories,2,2020,1289.95,730.05,0.11,UPI,In-Store
T12180,2024-02-05,C2279,Lucas Brown,36-50,Female,North America,USA,Seattle,P402,Monitor,Electronics,1,1328,966.26,361.74,0.06,UPI,In-Store
T12181,2024-03-01,C2280,Rohan Gupta,50+,Male,Africa,Kenya,Nairobi,P402,Monitor,Electronics,2,1038,922.17,115.83,0.15,Net Banking,Online
T12182,2024-03-22,C2281,Natalie Reed,36-50,Other,Europe,Italy,Rome,P112,Mobile Phone,Electronics,4,2564,2010.57,553.43,0.02,Net Banking,In-Store
T12183,2024-04-28,C2282,Meera Iyer,50+,Male,North America,Mexico,Monterrey,P402,Monitor,Electronics,3,711,611.47,99.53,0.25,UPI,Online
T12184,2024-02-19,C2283,Sarah Miller,36-50,Female,Asia,Japan,Osaka,P101,Laptop,Electronics,4,7964,5681.58,2282.42,0.03,Net Banking,In-Store
T12185,2024-02-16,C2284,Lucas Brown,26-35,Other,North America,Canada,Vancouver,P402,Monitor,Electronics,3,2637,1954.0,683.0,0.21,Debit Card,Online
T12186,2024-01-29,C2285,Meera Iyer,18-25,Other,South America,Chile,Santiago,P205,Headphones,Accessories,4,6360,4453.68,1906.32,0.01,Net Banking,In-Store
T12187,2024-03-23,C2286,Natalie Reed,26-35,Other,Europe,Germany,Berlin,P303,Washing Machine,Appliances,1,1656,1366.0,290.0,0.11,UPI,Online
T12188,2024-01-10,C2287,Meera Iyer,50+,Other,North America,USA,New York,P101,Laptop,Electronics,2,1518,924.84,593.16,0.22,Cash,In-Store
T12189,2024-02-29,C2288,Michael Ross,18-25,Female,Europe,UK,London,P402,Monitor,Electronics,3,3339,2297.53,1041.47,0.1,Cash,Online
T12190,2024-02-15,C2289,Michael Ross,26-35,Male,Europe,UK,London,P112,Mobile Phone,Electronics,2,2940,1785.51,1154.49,0.15,Credit Card,Online
T12191,2024-01-19,C2290,Jake Turner,36-50,Female,South America,Brazil,Rio,P520,Microwave Oven,Appliances,1,493,436.99,56.01,0.15,Debit Card,Online
T12192,2024-03-31,C2291,Maria Gomez,36-50,Female,North America,USA,Seattle,P205,Headphones,Accessories,4,3152,2030.1,1121.9,0.21,UPI,In-Store
T12193,2024-02-26,C2292,Sarah Miller,26-35,Male,North America,Canada,Toronto,P303,Washing Machine,Appliances,4,4128,2803.09,1324.91,0.01,Cash,In-Store
T12194,2024-01-24,C2293,Priya Nair,50+,Female,Asia,UAE,Dubai,P112,Mobile Phone,Electronics,1,1498,1200.14,297.86,0.08,Debit Card,In-Store
T12195,2024-03-09,C2294,Ethan Wilson,26-35,Male,Africa,Kenya,Nairobi,P402,Monitor,Electronics,1,1744,1422.82,321.18,0.21,Debit Card,In-Store
T12196,2024-02-13,C2295,Maria Gomez,18-25,Male,South America,Argentina,Buenos Aires,P205,Headphones,Accessories,3,2748,1846.02,901.98,0.1,Credit Card,In-Store
T12197,2024-04-24,C2296,Ethan Wilson,36-50,Other,Europe,UK,London,P402,Monitor,Electronics,4,5900,4303.77,1596.23,0.06,Net Banking,Online
T12198,2024-04-10,C2297,Jake Turner,26-35,Male,South America,Chile,Santiago,P402,Monitor,Electronics,3,5895,4641.2,1253.8,0.16,Debit Card,Online
T12199,2024-04-16,C2298,John Carter,50+,Male,North America,USA,New York,P402,Monitor,Electronics,3,3792,2678.39,1113.61,0.1,Debit Card,Online
T12200,2024-02-08,C2299,Daniel Wong,50+,Female,Europe,Germany,Berlin,P520,Microwave Oven,Appliances,3,2769,2123.88,645.12,0.21,Cash,Online
T12201,2024-03-16,C2300,Jake Turner,50+,Male,North America,Mexico,Mexico City,P112,Mobile Phone,Electronics,3,948,664.34,283.66,0.14,UPI,Online
T12202,2024-01-25,C2301,Jake Turner,18-25,Male,North America,Canada,Vancouver,P303,Washing Machine,Appliances,4,836,533.08,302.92,0.2,Net Banking,Online
T12203,2024-04-27,C2302,Daniel Wong,50+,Male,Asia,Japan,Tokyo,P303,Washing Machine,Appliances,2,2124,1375.26,748.74,0.11,Net Banking,In-Store
T12204,2024-04-10,C2303,Jake Turner,36-50,Male,North America,Mexico,Mexico City,P112,Mobile Phone,Electronics,2,3294,2805.05,488.95,0.12,Debit Card,In-Store
T12205,2024-04-14,C2304,Sarah Miller,18-25,Other,South America,Argentina,Buenos Aires,P303,Washing Machine,Appliances,2,3752,2745.91,1006.09,0.02,Debit Card,In-Store
T12206,2024-01-02,C2305,Natalie Reed,26-35,Other,Asia,India,Bengaluru,P520,Microwave Oven,Appliances,4,6784,5784.97,999.03,0.06,UPI,In-Store
T12207,2024-02-23,C2306,Michael Ross,36-50,Male,South America,Brazil,São Paulo,P402,Monitor,Electronics,4,6924,4400.47,2523.53,0.0,Net Banking,Online
T12208,2024-04-03,C2307,Rohan Gupta,26-35,Other,Asia,India,Mumbai,P303,Washing Machine,Appliances,2,564,380.71,183.29,0.21,Debit Card,In-Store
T12209,2024-03-23,C2308,Aditi Sharma,36-50,Male,Europe,UK,London,P303,Washing Machine,Appliances,3,2178,1581.96,596.04,0.1,Net Banking,Online
T12210,2024-03-17,C2309,Sonia Patel,36-50,Male,Europe,France,Paris,P205,Headphones,Accessories,4,7784,6729.82,1054.18,0.1,Debit Card,Online
T12211,2024-04-04,C2310,Rohan Gupta,36-50,Male,South America,Chile,Santiago,P101,Laptop,Electronics,4,3180,1916.78,1263.22,0.16,Net Banking,In-Store
T12212,2024-01-06,C2311,Aditi Sharma,26-35,Male,Africa,Kenya,Nairobi,P402,Monitor,Electronics,4,3396,2223.97,1172.03,0.11,Net Banking,Online
T12213,2024-03-08,C2312,Jake Turner,18-25,Other,Asia,Japan,Tokyo,P520,Microwave Oven,Appliances,3,4590,2765.64,1824.36,0.21,Net Banking,In-Store
T12214,2024-04-16,C2313,Meera Iyer,50+,Female,Asia,Singapore,Singapore,P112,Mobile Phone,Electronics,3,270,188.63,81.37,0.15,Cash,Online
T12215,2024-03-19,C2314,Michael Ross,26-35,Male,Asia,Japan,Tokyo,P520,Microwave Oven,Appliances,2,2588,2060.39,527.61,0.1,Cash,In-Store
T12216,2024-01-04,C2315,Priya Nair,50+,Female,South America,Brazil,Rio,P101,Laptop,Electronics,1,293,212.37,80.63,0.19,Cash,Online
T12217,2024-03-30,C2316,Emily Clark,50+,Female,Africa,Kenya,Nairobi,P303,Washing Machine,Appliances,1,777,673.15,103.85,0.03,Debit Card,Online
T12218,2024-04-27,C2317,Priya Nair,36-50,Female,North America,Mexico,Mexico City,P402,Monitor,Electronics,3,1347,963.29,383.71,0.24,UPI,Online
T12219,2024-04-10,C2318,Natalie Reed,50+,Other,South America,Chile,Santiago,P205,Headphones,Accessories,4,3516,2268.34,1247.66,0.13,Debit Card,In-Store
T12220,2024-04-28,C2319,Maria Gomez,36-50,Female,Asia,Singapore,Singapore,P101,Laptop,Electronics,3,5871,4769.22,1101.78,0.12,Cash,Online
T12221,2024-04-12,C2320,Priya Nair,18-25,Other,South America,Chile,Santiago,P402,Monitor,Electronics,1,919,686.62,232.38,0.06,Credit Card,In-Store
T12222,2024-02-21,C2321,Ethan Wilson,18-25,Female,South America,Brazil,São Paulo,P205,Headphones,Accessories,3,3153,2198.8,954.2,0.2,Cash,Online
T12223,2024-03-27,C2322,John Carter,26-35,Female,Europe,Italy,Milan,P520,Microwave Oven,Appliances,1,176,107.93,68.07,0.25,Net Banking,In-Store
T12224,2024-03-28,C2323,Emily Clark,18-25,Other,Africa,Egypt,Cairo,P112,Mobile Phone,Electronics,4,5928,4999.24,928.76,0.02,Cash,Online
T12225,2024-03-20,C2324,Priya Nair,50+,Male,Africa,Egypt,Cairo,P303,Washing Machine,Appliances,3,5307,3841.6,1465.4,0.13,Debit Card,Online
T12226,2024-01-01,C2325,Daniel Wong,18-25,Other,Europe,Italy,Rome,P402,Monitor,Electronics,3,150,117.41,32.59,0.19,Debit Card,In-Store
T12227,2024-01-26,C2326,Emily Clark,26-35,Male,North America,USA,New York,P303,Washing Machine,Appliances,3,1434,909.34,524.66,0.1,Credit Card,In-Store
T12228,2024-04-06,C2327,Ethan Wilson,36-50,Female,Africa,South Africa,Cape Town,P402,Monitor,Electronics,3,1335,1190.27,144.73,0.01,Credit Card,Online
T12229,2024-04-28,C2328,John Carter,26-35,Female,North America,Mexico,Monterrey,P402,Monitor,Electronics,3,390,264.5,125.5,0.21,Credit Card,Online
T12230,2024-01-27,C2329,Daniel Wong,50+,Male,Africa,South Africa,Cape Town,P205,Headphones,Accessories,1,672,422.36,249.64,0.02,Debit Card,Online
T12231,2024-04-09,C2330,Lucas Brown,36-50,Male,North America,Canada,Toronto,P303,Washing Machine,Appliances,1,1544,1202.8,341.2,0.08,Net Banking,In-Store
T12232,2024-01-06,C2331,Lucas Brown,18-25,Female,Africa,South Africa,Johannesburg,P402,Monitor,Electronics,1,488,309.36,178.64,0.09,UPI,In-Store
T12233,2024-03-01,C2332,Lucas Brown,50+,Female,Europe,UK,Manchester,P112,Mobile Phone,Electronics,2,3584,2661.51,922.49,0.09,Net Banking,Online
T12234,2024-01-10,C2333,Maria Gomez,18-25,Female,South America,Argentina,Buenos Aires,P101,Laptop,Electronics,2,2356,1561.7,794.3,0.04,Debit Card,In-Store
T12235,2024-02-25,C2334,John Carter,50+,Male,South America,Chile,Santiago,P303,Washing Machine,Appliances,4,2936,2312.05,623.95,0.18,Cash,In-Store
T12236,2024-02-24,C2335,Natalie Reed,18-25,Male,North America,Mexico,Monterrey,P520,Microwave Oven,Appliances,3,5226,3677.64,1548.36,0.04,UPI,Online
T12237,2024-01-26,C2336,Natalie Reed,18-25,Female,South America,Chile,Santiago,P205,Headphones,Accessories,3,1248,770.19,477.81,0.22,Debit Card,In-Store
T12238,2024-03-20,C2337,Priya Nair,36-50,Other,Asia,India,Delhi,P402,Monitor,Electronics,2,288,244.65,43.35,0.04,UPI,Online
T12239,2024-03-02,C2338,Rohan Gupta,18-25,Female,Europe,Germany,Berlin,P303,Washing Machine,Appliances,3,4671,3243.92,1427.08,0.03,UPI,Online
T12240,2024-03-08,C2339,Sarah Miller,50+,Male,Asia,India,Bengaluru,P303,Washing Machine,Appliances,4,6712,4285.98,2426.02,0.01,Net Banking,In-Store
T12241,2024-01-30,C2340,Michael Ross,26-35,Male,South America,Chile,Santiago,P303,Washing Machine,Appliances,1,459,404.26,54.74,0.06,Credit Card,Online
T12242,2024-04-03,C2341,Natalie Reed,36-50,Other,Asia,Singapore,Singapore,P112,Mobile Phone,Electronics,3,5229,3167.09,2061.91,0.01,Cash,Online
T12243,2024-01-07,C2342,Jake Turner,36-50,Male,Asia,India,Delhi,P402,Monitor,Electronics,1,610,534.68,75.32,0.19,UPI,Online
T12244,2024-04-15,C2343,Daniel Wong,26-35,Male,North America,Mexico,Monterrey,P205,Headphones,Accessories,1,1536,1292.42,243.58,0.15,Debit Card,In-Store
T12245,2024-04-08,C2344,Ethan Wilson,36-50,Female,Africa,Kenya,Nairobi,P112,Mobile Phone,Electronics,3,1380,918.97,461.03,0.11,Credit Card,In-Store
T12246,2024-01-10,C2345,Natalie Reed,18-25,Other,Asia,India,Delhi,P303,Washing Machine,Appliances,1,1264,1076.54,187.46,0.07,Debit Card,Online
T12247,2024-01-08,C2346,Michael Ross,50+,Male,Europe,France,Lyon,P520,Microwave Oven,Appliances,1,1168,930.23,237.77,0.06,Debit Card,Online
T12248,2024-03-16,C2347,Ethan Wilson,36-50,Male,Europe,Italy,Rome,P520,Microwave Oven,Appliances,3,4761,3656.24,1104.76,0.24,UPI,In-Store
T12249,2024-01-03,C2348,Ethan Wilson,50+,Male,South America,Chile,Santiago,P112,Mobile Phone,Electronics,4,6032,4443.16,1588.84,0.23,Net Banking,In-Store
T12250,2024-03-24,C2349,Aditi Sharma,26-35,Male,South America,Argentina,Buenos Aires,P520,Microwave Oven,Appliances,1,719,496.86,222.14,0.09,Cash,In-Store
T12251,2024-01-17,C2350,Michael Ross,36-50,Male,Asia,Japan,Osaka,P520,Microwave Oven,Appliances,2,2644,1907.36,736.64,0.02,Debit Card,In-Store
T12252,2024-01-20,C2351,Meera Iyer,36-50,Male,Europe,Germany,Berlin,P205,Headphones,Accessories,1,563,454.93,108.07,0.01,Net Banking,Online
T12253,2024-03-18,C2352,Emily Clark,26-35,Female,Asia,Singapore,Singapore,P402,Monitor,Electronics,4,5256,4157.54,1098.46,0.06,UPI,Online
T12254,2024-04-27,C2353,Emily Clark,26-35,Male,South America,Argentina,Buenos Aires,P101,Laptop,Electronics,4,2208,1523.84,684.16,0.2,UPI,In-Store
T12255,2024-04-27,C2354,Natalie Reed,36-50,Other,North America,Canada,Toronto,P101,Laptop,Electronics,2,1082,939.42,142.58,0.12,Debit Card,Online
T12256,2024-01-03,C2355,John Carter,26-35,Female,North America,USA,New York,P112,Mobile Phone,Electronics,4,788,612.08,175.92,0.11,Credit Card,In-Store
T12257,2024-04-24,C2356,Sonia Patel,18-25,Other,Europe,France,Paris,P205,Headphones,Accessories,2,422,357.8,64.2,0.06,Net Banking,In-Store
T12258,2024-03-12,C2357,Meera Iyer,26-35,Other,South America,Argentina,Buenos Aires,P402,Monitor,Electronics,3,2661,1644.08,1016.92,0.15,Debit Card,In-Store
T12259,2024-04-24,C2358,Aditi Sharma,50+,Other,Asia,Japan,Tokyo,P303,Washing Machine,Appliances,2,3668,2321.05,1346.95,0.2,Net Banking,In-Store
T12260,2024-04-19,C2359,Meera Iyer,26-35,Other,South America,Brazil,São Paulo,P112,Mobile Phone,Electronics,3,393,267.52,125.48,0.2,UPI,Online
T12261,2024-01-27,C2360,Jake Turner,26-35,Other,Europe,UK,London,P112,Mobile Phone,Electronics,4,5344,4777.11,566.89,0.07,Debit Card,In-Store
T12262,2024-04-23,C2361,John Carter,26-35,Male,North America,USA,Chicago,P112,Mobile Phone,Electronics,2,3712,2341.08,1370.92,0.19,Debit Card,In-Store
T12263,2024-04-10,C2362,Aditi Sharma,18-25,Female,Africa,Egypt,Cairo,P101,Laptop,Electronics,3,1968,1199.21,768.79,0.22,Debit Card,In-Store
T12264,2024-04-27,C2363,John Carter,36-50,Other,Africa,Egypt,Cairo,P303,Washing Machine,Appliances,1,644,420.34,223.66,0.24,Credit Card,In-Store
T12265,2024-01-12,C2364,Priya Nair,26-35,Other,South America,Argentina,Buenos Aires,P101,Laptop,Electronics,3,5754,4788.13,965.87,0.09,Cash,In-Store
T12266,2024-01-08,C2365,Priya Nair,36-50,Female,Africa,South Africa,Johannesburg,P205,Headphones,Accessories,4,728,541.77,186.23,0.14,Debit Card,In-Store
T12267,2024-01-23,C2366,Natalie Reed,18-25,Female,South America,Chile,Santiago,P112,Mobile Phone,Electronics,4,5012,3658.96,1353.04,0.1,UPI,In-Store
T12268,2024-01-21,C2367,Aditi Sharma,50+,Male,Europe,France,Paris,P205,Headphones,Accessories,1,1178,710.28,467.72,0.06,Cash,Online
T12269,2024-01-16,C2368,Jake Turner,50+,Male,Europe,France,Paris,P520,Microwave Oven,Appliances,1,1413,1089.7,323.3,0.11,UPI,Online
T12270,2024-02-03,C2369,Aditi Sharma,36-50,Other,Europe,Germany,Munich,P205,Headphones,Accessories,1,843,523.29,319.71,0.08,Cash,In-Store
T12271,2024-02-10,C2370,Sarah Miller,18-25,Other,Asia,Japan,Osaka,P112,Mobile Phone,Electronics,2,1494,1169.59,324.41,0.15,UPI,In-Store
T12272,2024-01-15,C2371,Rohan Gupta,26-35,Female,Asia,Japan,Tokyo,P101,Laptop,Electronics,2,2332,2064.83,267.17,0.09,UPI,Online
T12273,2024-02-29,C2372,Ethan Wilson,50+,Male,Europe,Germany,Munich,P112,Mobile Phone,Electronics,1,1699,1073.18,625.82,0.17,Cash,In-Store
T12274,2024-02-17,C2373,Lucas Brown,18-25,Other,North America,Mexico,Monterrey,P402,Monitor,Electronics,3,438,317.43,120.57,0.21,Cash,In-Store
T12275,2024-03-20,C2374,Jake Turner,26-35,Female,South America,Chile,Santiago,P112,Mobile Phone,Electronics,4,3228,2772.21,455.79,0.11,Credit Card,In-Store
T12276,2024-04-02,C2375,Michael Ross,18-25,Male,Asia,UAE,Abu Dhabi,P402,Monitor,Electronics,2,918,697.4,220.6,0.23,Debit Card,In-Store
T12277,2024-02-21,C2376,Rohan Gupta,26-35,Male,North America,USA,Seattle,P101,Laptop,Electronics,2,3420,2819.69,600.31,0.03,Net Banking,In-Store
T12278,2024-02-21,C2377,Michael Ross,18-25,Other,Asia,UAE,Abu Dhabi,P205,Headphones,Accessories,3,3105,2783.57,321.43,0.1,Debit Card,Online
T12279,2024-03-12,C2378,Natalie Reed,18-25,Female,Europe,France,Paris,P205,Headphones,Accessories,3,2655,2318.33,336.67,0.24,Net Banking,In-Store
T12280,2024-02-26,C2379,Jake Turner,26-35,Female,Asia,India,Mumbai,P520,Microwave Oven,Appliances,2,554,455.77,98.23,0.19,Cash,Online
T12281,2024-01-14,C2380,Ethan Wilson,26-35,Other,Asia,India,Delhi,P112,Mobile Phone,Electronics,2,1154,964.68,189.32,0.0,Cash,Online
T12282,2024-04-19,C2381,Natalie Reed,18-25,Male,Africa,South Africa,Cape Town,P303,Washing Machine,Appliances,2,1770,1210.93,559.07,0.18,Debit Card,In-Store
T12283,2024-01-19,C2382,Maria Gomez,36-50,Other,Africa,Egypt,Cairo,P520,Microwave Oven,Appliances,4,7580,5752.84,1827.16,0.07,Net Banking,In-Store
T12284,2024-04-26,C2383,Priya Nair,18-25,Female,South America,Brazil,São Paulo,P101,Laptop,Electronics,1,700,626.84,73.16,0.01,UPI,Online
T12285,2024-03-03,C2384,Maria Gomez,26-35,Other,North America,Mexico,Mexico City,P112,Mobile Phone,Electronics,4,5948,3795.3,2152.7,0.23,UPI,In-Store
T12286,2024-03-01,C2385,Sonia Patel,26-35,Female,Europe,Germany,Berlin,P303,Washing Machine,Appliances,4,5520,4173.42,1346.58,0.14,Debit Card,In-Store
T12287,2024-04-11,C2386,John Carter,50+,Male,Europe,Italy,Rome,P303,Washing Machine,Appliances,1,495,352.48,142.52,0.17,UPI,Online
T12288,2024-01-05,C2387,Sonia Patel,50+,Other,Africa,Kenya,Nairobi,P402,Monitor,Electronics,3,5727,4494.08,1232.92,0.17,UPI,Online
T12289,2024-01-27,C2388,Jake Turner,36-50,Male,North America,Mexico,Mexico City,P520,Microwave Oven,Appliances,2,2562,1629.64,932.36,0.18,Credit Card,Online
T12290,2024-02-20,C2389,John Carter,26-35,Male,Europe,Germany,Munich,P303,Washing Machine,Appliances,2,1390,1063.83,326.17,0.18,Credit Card,Online
T12291,2024-03-10,C2390,John Carter,50+,Male,Asia,Singapore,Singapore,P112,Mobile Phone,Electronics,3,5892,5163.28,728.72,0.08,Credit Card,Online
T12292,2024-03-29,C2391,Aditi Sharma,36-50,Male,Europe,Italy,Milan,P520,Microwave Oven,Appliances,3,2604,2087.52,516.48,0.05,UPI,Online
T12293,2024-02-17,C2392,Aditi Sharma,18-25,Female,Europe,UK,Manchester,P205,Headphones,Accessories,4,5796,4706.15,1089.85,0.12,Cash,Online
T12294,2024-02-03,C2393,Jake Turner,26-35,Male,Europe,UK,London,P402,Monitor,Electronics,4,2524,1819.02,704.98,0.2,Net Banking,Online
T12295,2024-02-22,C2394,Aditi Sharma,36-50,Other,South America,Argentina,Buenos Aires,P112,Mobile Phone,Electronics,3,3897,2912.7,984.3,0.18,Debit Card,Online
T12296,2024-03-21,C2395,Lucas Brown,50+,Other,Africa,South Africa,Johannesburg,P205,Headphones,Accessories,3,3885,2754.3,1130.7,0.01,Debit Card,In-Store
T12297,2024-01-19,C2396,Natalie Reed,18-25,Female,Africa,Egypt,Cairo,P101,Laptop,Electronics,2,3880,3476.52,403.48,0.15,Credit Card,Online
T12298,2024-01-28,C2397,John Carter,50+,Female,Africa,Egypt,Cairo,P520,Microwave Oven,Appliances,2,662,493.8,168.2,0.07,UPI,Online
T12299,2024-02-26,C2398,Emily Clark,36-50,Male,North America,USA,Seattle,P112,Mobile Phone,Electronics,2,1380,925.71,454.29,0.18,Credit Card,In-Store
T12300,2024-03-25,C2399,Natalie Reed,50+,Other,South America,Chile,Santiago,P101,Laptop,Electronics,4,7464,6422.69,1041.31,0.07,Cash,In-Store
T12301,2024-04-16,C2400,Sarah Miller,26-35,Female,South America,Argentina,Buenos Aires,P101,Laptop,Electronics,3,3498,3143.8,354.2,0.07,Credit Card,Online
T12302,2024-02-02,C2401,Daniel Wong,26-35,Female,Europe,UK,Manchester,P205,Headphones,Accessories,4,6624,4381.21,2242.79,0.08,Cash,Online
T12303,2024-01-10,C2402,Ethan Wilson,18-25,Male,North America,Mexico,Mexico City,P112,Mobile Phone,Electronics,3,4167,2669.19,1497.81,0.17,Debit Card,Online
T12304,2024-03-22,C2403,Emily Clark,50+,Male,Africa,Kenya,Nairobi,P112,Mobile Phone,Electronics,2,3606,2572.3,1033.7,0.08,Debit Card,In-Store
T12305,2024-03-28,C2404,Maria Gomez,50+,Other,Africa,Egypt,Cairo,P303,Washing Machine,Appliances,1,1998,1611.79,386.21,0.14,Credit Card,Online
T12306,2024-04-05,C2405,Daniel Wong,18-25,Female,Europe,Germany,Munich,P205,Headphones,Accessories,2,1880,1357.78,522.22,0.23,Cash,Online
T12307,2024-01-13,C2406,Sonia Patel,50+,Female,Europe,Italy,Milan,P402,Monitor,Electronics,2,1580,1313.47,266.53,0.11,Credit Card,In-Store
T12308,2024-01-01,C2407,Daniel Wong,36-50,Male,Asia,Singapore,Singapore,P101,Laptop,Electronics,3,798,551.92,246.08,0.04,Credit Card,Online
T12309,2024-03-24,C2408,Priya Nair,26-35,Male,Europe,Germany,Munich,P101,Laptop,Electronics,3,5691,4996.5,694.5,0.22,Net Banking,Online
T12310,2024-01-12,C2409,Michael Ross,18-25,Female,Europe,Germany,Berlin,P303,Washing Machine,Appliances,1,1889,1420.46,468.54,0.14,Debit Card,Online
T12311,2024-04-20,C2410,Rohan Gupta,18-25,Male,North America,USA,Chicago,P101,Laptop,Electronics,4,7960,6527.36,1432.64,0.22,Net Banking,In-Store
T12312,2024-02-23,C2411,Natalie Reed,18-25,Other,Europe,UK,Manchester,P101,Laptop,Electronics,2,1648,1112.01,535.99,0.09,Net Banking,In-Store
T12313,2024-03-30,C2412,Michael Ross,50+,Female,North America,USA,Chicago,P205,Headphones,Accessories,3,1758,1244.42,513.58,0.03,Net Banking,Online
T12314,2024-03-26,C2413,Meera Iyer,18-25,Male,South America,Brazil,Rio,P112,Mobile Phone,Electronics,3,1317,791.98,525.02,0.08,Cash,Online
T12315,2024-03-11,C2414,Emily Clark,18-25,Male,North America,USA,Seattle,P101,Laptop,Electronics,1,814,632.58,181.42,0.02,Cash,Online
T12316,2024-02-01,C2415,Sarah Miller,18-25,Female,Asia,India,Mumbai,P303,Washing Machine,Appliances,1,108,94.26,13.74,0.03,Cash,Online
T12317,2024-03-26,C2416,Daniel Wong,50+,Other,North America,Canada,Toronto,P402,Monitor,Electronics,2,2600,2113.94,486.06,0.17,Cash,In-Store
T12318,2024-01-24,C2417,Sarah Miller,26-35,Female,Africa,Egypt,Cairo,P112,Mobile Phone,Electronics,2,1916,1410.13,505.87,0.17,Credit Card,In-Store
T12319,2024-01-03,C2418,Priya Nair,26-35,Other,South America,Brazil,Rio,P520,Microwave Oven,Appliances,1,342,265.82,76.18,0.23,Credit Card,Online
T12320,2024-02-21,C2419,Daniel Wong,36-50,Female,Asia,UAE,Abu Dhabi,P112,Mobile Phone,Electronics,3,5895,4957.12,937.88,0.18,Cash,In-Store
T12321,2024-04-25,C2420,Maria Gomez,18-25,Male,North America,Mexico,Monterrey,P520,Microwave Oven,Appliances,4,4036,3462.71,573.29,0.06,Cash,In-Store
T12322,2024-02-09,C2421,Rohan Gupta,50+,Male,Asia,India,Bengaluru,P112,Mobile Phone,Electronics,3,5694,3976.1,1717.9,0.05,Debit Card,In-Store
T12323,2024-01-31,C2422,Sarah Miller,18-25,Female,Africa,South Africa,Johannesburg,P205,Headphones,Accessories,3,4929,4290.46,638.54,0.01,UPI,In-Store
T12324,2024-03-23,C2423,John Carter,50+,Other,North America,Canada,Vancouver,P303,Washing Machine,Appliances,3,1905,1518.54,386.46,0.09,UPI,Online
T12325,2024-02-17,C2424,Emily Clark,36-50,Male,Africa,Egypt,Cairo,P303,Washing Machine,Appliances,1,1400,866.34,533.66,0.2,Net Banking,Online
T12326,2024-03-15,C2425,Emily Clark,26-35,Male,Europe,Germany,Munich,P520,Microwave Oven,Appliances,3,3306,2567.71,738.29,0.13,UPI,Online
T12327,2024-02-17,C2426,Lucas Brown,18-25,Male,North America,USA,New York,P520,Microwave Oven,Appliances,2,3592,2191.46,1400.54,0.04,UPI,In-Store
T12328,2024-04-18,C2427,Maria Gomez,26-35,Female,South America,Chile,Santiago,P402,Monitor,Electronics,1,979,685.95,293.05,0.24,Net Banking,Online
T12329,2024-01-16,C2428,Priya Nair,36-50,Female,South America,Argentina,Buenos Aires,P402,Monitor,Electronics,3,5448,4593.26,854.74,0.2,UPI,Online
T12330,2024-03-16,C2429,Sonia Patel,36-50,Other,South America,Argentina,Buenos Aires,P205,Headphones,Accessories,1,811,650.17,160.83,0.22,Net Banking,Online
T12331,2024-03-25,C2430,Priya Nair,50+,Female,North America,Canada,Toronto,P520,Microwave Oven,Appliances,2,3210,2593.56,616.44,0.02,Debit Card,Online
T12332,2024-03-09,C2431,Jake Turner,18-25,Male,North America,USA,Chicago,P520,Microwave Oven,Appliances,1,1838,1563.98,274.02,0.21,UPI,Online
T12333,2024-02-09,C2432,Rohan Gupta,26-35,Other,North America,Mexico,Mexico City,P101,Laptop,Electronics,2,3942,2610.91,1331.09,0.01,Debit Card,Online
T12334,2024-04-15,C2433,Ethan Wilson,18-25,Male,North America,Mexico,Mexico City,P303,Washing Machine,Appliances,1,239,194.21,44.79,0.05,Net Banking,Online
T12335,2024-03-16,C2434,Lucas Brown,18-25,Male,Africa,Kenya,Nairobi,P303,Washing Machine,Appliances,1,1885,1563.19,321.81,0.25,Cash,Online
T12336,2024-03-20,C2435,Rohan Gupta,36-50,Female,Europe,Germany,Berlin,P520,Microwave Oven,Appliances,3,5100,3838.06,1261.94,0.12,Credit Card,In-Store
T12337,2024-03-22,C2436,Maria Gomez,50+,Male,South America,Argentina,Buenos Aires,P101,Laptop,Electronics,2,1404,1204.74,199.26,0.24,Credit Card,Online
T12338,2024-03-27,C2437,Emily Clark,18-25,Female,Europe,Germany,Berlin,P402,Monitor,Electronics,3,1080,673.49,406.51,0.04,Cash,In-Store
T12339,2024-03-03,C2438,Daniel Wong,26-35,Male,South America,Brazil,São Paulo,P402,Monitor,Electronics,3,2607,1666.6,940.4,0.17,UPI,In-Store
T12340,2024-03-12,C2439,John Carter,36-50,Other,Africa,Egypt,Cairo,P101,Laptop,Electronics,1,1439,1170.63,268.37,0.05,Credit Card,In-Store
T12341,2024-02-22,C2440,John Carter,50+,Other,North America,USA,Chicago,P303,Washing Machine,Appliances,4,2852,2483.89,368.11,0.22,Cash,In-Store
T12342,2024-04-12,C2441,Meera Iyer,36-50,Female,South America,Chile,Santiago,P101,Laptop,Electronics,3,1869,1220.71,648.29,0.11,UPI,Online
T12343,2024-04-26,C2442,Sarah Miller,18-25,Female,Africa,Egypt,Cairo,P101,Laptop,Electronics,1,219,183.03,35.97,0.12,Net Banking,In-Store
T12344,2024-03-12,C2443,Aditi Sharma,50+,Male,South America,Argentina,Buenos Aires,P101,Laptop,Electronics,4,2032,1423.62,608.38,0.15,Credit Card,Online
T12345,2024-03-30,C2444,Sonia Patel,36-50,Female,South America,Brazil,São Paulo,P112,Mobile Phone,Electronics,3,2595,1988.67,606.33,0.04,Debit Card,Online
T12346,2024-04-28,C2445,Aditi Sharma,26-35,Other,Africa,South Africa,Johannesburg,P205,Headphones,Accessories,2,844,729.17,114.83,0.01,Net Banking,In-Store
T12347,2024-01-06,C2446,Meera Iyer,18-25,Male,South America,Argentina,Buenos Aires,P112,Mobile Phone,Electronics,4,2532,1874.59,657.41,0.16,Debit Card,Online
T12348,2024-01-14,C2447,Lucas Brown,50+,Male,Africa,Egypt,Cairo,P402,Monitor,Electronics,4,2928,2489.51,438.49,0.12,UPI,Online
T12349,2024-03-21,C2448,Sonia Patel,50+,Other,North America,Canada,Toronto,P402,Monitor,Electronics,4,4804,3339.63,1464.37,0.07,UPI,Online
T12350,2024-02-22,C2449,Aditi Sharma,36-50,Male,Europe,Italy,Milan,P402,Monitor,Electronics,1,1527,1157.99,369.01,0.25,Net Banking,Online
T12351,2024-01-24,C2450,Rohan Gupta,26-35,Other,North America,Canada,Toronto,P205,Headphones,Accessories,1,1473,986.94,486.06,0.11,Net Banking,In-Store
T12352,2024-03-25,C2451,Sonia Patel,26-35,Other,South America,Brazil,Rio,P112,Mobile Phone,Electronics,4,2124,1689.09,434.91,0.24,UPI,In-Store
T12353,2024-03-21,C2452,Maria Gomez,50+,Female,North America,Canada,Toronto,P101,Laptop,Electronics,2,1264,801.29,462.71,0.04,UPI,Online
T12354,2024-02-21,C2453,Priya Nair,26-35,Male,Europe,UK,London,P303,Washing Machine,Appliances,3,2541,1987.86,553.14,0.13,Debit Card,Online
T12355,2024-04-23,C2454,Rohan Gupta,18-25,Other,Asia,India,Bengaluru,P303,Washing Machine,Appliances,2,1318,858.32,459.68,0.06,Net Banking,In-Store
T12356,2024-04-08,C2455,Sarah Miller,18-25,Female,North America,Mexico,Mexico City,P303,Washing Machine,Appliances,3,3435,2412.08,1022.92,0.08,UPI,Online
T12357,2024-03-28,C2456,Michael Ross,50+,Other,Africa,South Africa,Cape Town,P205,Headphones,Accessories,3,5784,4949.73,834.27,0.06,Debit Card,In-Store
T12358,2024-04-01,C2457,Emily Clark,26-35,Male,Europe,Germany,Munich,P303,Washing Machine,Appliances,2,442,358.43,83.57,0.07,UPI,In-Store
T12359,2024-04-17,C2458,Natalie Reed,18-25,Female,Europe,Germany,Munich,P520,Microwave Oven,Appliances,3,861,673.13,187.87,0.02,Debit Card,Online
T12360,2024-01-19,C2459,Aditi Sharma,50+,Other,Africa,Kenya,Nairobi,P402,Monitor,Electronics,3,2367,1544.89,822.11,0.02,Cash,In-Store
T12361,2024-02-05,C2460,Emily Clark,36-50,Female,South America,Argentina,Buenos Aires,P101,Laptop,Electronics,2,3506,2576.82,929.18,0.21,Debit Card,In-Store
T12362,2024-03-03,C2461,Sonia Patel,36-50,Female,Asia,India,Bengaluru,P402,Monitor,Electronics,1,1510,1049.6,460.4,0.21,UPI,In-Store
T12363,2024-03-30,C2462,Ethan Wilson,26-35,Male,North America,Canada,Toronto,P205,Headphones,Accessories,2,1584,1346.0,238.0,0.21,Cash,Online
T12364,2024-02-06,C2463,Sonia Patel,50+,Other,Africa,South Africa,Johannesburg,P112,Mobile Phone,Electronics,1,579,435.94,143.06,0.09,Cash,In-Store
T12365,2024-01-01,C2464,Michael Ross,50+,Female,North America,Canada,Vancouver,P520,Microwave Oven,Appliances,4,3216,2891.63,324.37,0.19,Net Banking,In-Store
T12366,2024-03-31,C2465,Aditi Sharma,36-50,Other,Asia,UAE,Abu Dhabi,P205,Headphones,Accessories,4,2604,1599.86,1004.14,0.19,Credit Card,Online
T12367,2024-04-16,C2466,Aditi Sharma,18-25,Male,Asia,Japan,Tokyo,P112,Mobile Phone,Electronics,4,3944,2543.72,1400.28,0.14,Cash,In-Store
T12368,2024-01-14,C2467,Natalie Reed,50+,Male,South America,Argentina,Buenos Aires,P520,Microwave Oven,Appliances,4,2628,2292.57,335.43,0.1,Debit Card,Online
T12369,2024-02-27,C2468,Jake Turner,26-35,Other,South America,Chile,Santiago,P303,Washing Machine,Appliances,4,2916,1851.85,1064.15,0.25,Credit Card,In-Store
T12370,2024-02-01,C2469,Priya Nair,36-50,Female,Europe,Italy,Milan,P402,Monitor,Electronics,4,1224,745.56,478.44,0.18,Net Banking,In-Store
T12371,2024-02-22,C2470,Rohan Gupta,50+,Female,Africa,South Africa,Johannesburg,P520,Microwave Oven,Appliances,4,5928,5090.55,837.45,0.24,Cash,In-Store
T12372,2024-03-18,C2471,John Carter,50+,Other,Africa,Kenya,Nairobi,P112,Mobile Phone,Electronics,1,436,305.26,130.74,0.18,UPI,In-Store
T12373,2024-03-24,C2472,Priya Nair,26-35,Female,North America,Mexico,Monterrey,P402,Monitor,Electronics,3,768,523.02,244.98,0.05,Cash,Online
T12374,2024-04-14,C2473,Meera Iyer,50+,Other,North America,Canada,Vancouver,P520,Microwave Oven,Appliances,4,3368,2283.57,1084.43,0.15,Debit Card,In-Store
T12375,2024-04-06,C2474,Aditi Sharma,36-50,Female,Europe,Germany,Munich,P205,Headphones,Accessories,2,2430,2083.97,346.03,0.03,UPI,Online
T12376,2024-03-20,C2475,Meera Iyer,50+,Female,North America,Canada,Vancouver,P303,Washing Machine,Appliances,2,368,319.77,48.23,0.16,Cash,Online
T12377,2024-04-24,C2476,Lucas Brown,50+,Female,Africa,Egypt,Cairo,P520,Microwave Oven,Appliances,3,3642,3217.69,424.31,0.04,Net Banking,Online
T12378,2024-02-26,C2477,Emily Clark,18-25,Male,Asia,Singapore,Singapore,P303,Washing Machine,Appliances,2,936,798.42,137.58,0.05,Cash,Online
T12379,2024-04-02,C2478,Ethan Wilson,50+,Other,South America,Brazil,Rio,P520,Microwave Oven,Appliances,3,5274,4590.73,683.27,0.07,Credit Card,Online
T12380,2024-04-28,C2479,Meera Iyer,36-50,Female,Asia,India,Bengaluru,P402,Monitor,Electronics,2,1496,1325.45,170.55,0.03,UPI,Online
T12381,2024-01-27,C2480,Jake Turner,26-35,Male,Asia,Japan,Osaka,P402,Monitor,Electronics,3,2691,2392.88,298.12,0.02,Cash,In-Store
T12382,2024-02-13,C2481,Maria Gomez,50+,Other,Africa,Kenya,Nairobi,P205,Headphones,Accessories,2,1666,1221.31,444.69,0.04,Cash,In-Store
T12383,2024-04-13,C2482,Emily Clark,36-50,Female,South America,Argentina,Buenos Aires,P112,Mobile Phone,Electronics,3,5034,4042.97,991.03,0.13,Net Banking,Online
T12384,2024-04-26,C2483,Ethan Wilson,18-25,Other,Africa,South Africa,Johannesburg,P101,Laptop,Electronics,3,1056,757.77,298.23,0.12,Net Banking,In-Store
T12385,2024-01-09,C2484,Natalie Reed,26-35,Female,South America,Brazil,São Paulo,P520,Microwave Oven,Appliances,4,4352,3024.42,1327.58,0.01,UPI,Online
T12386,2024-04-10,C2485,Priya Nair,26-35,Female,Asia,Singapore,Singapore,P101,Laptop,Electronics,3,2283,1721.75,561.25,0.06,Cash,Online
T12387,2024-03-16,C2486,Aditi Sharma,26-35,Other,Europe,France,Lyon,P402,Monitor,Electronics,4,1684,1414.18,269.82,0.22,Net Banking,In-Store
T12388,2024-04-26,C2487,Maria Gomez,36-50,Male,Europe,France,Lyon,P520,Microwave Oven,Appliances,1,431,282.63,148.37,0.24,UPI,In-Store
T12389,2024-03-08,C2488,Priya Nair,26-35,Other,North America,Canada,Toronto,P101,Laptop,Electronics,4,5400,3465.66,1934.34,0.01,UPI,In-Store
T12390,2024-01-03,C2489,Jake Turner,36-50,Female,Asia,UAE,Abu Dhabi,P112,Mobile Phone,Electronics,4,1424,986.54,437.46,0.07,Net Banking,Online
T12391,2024-03-14,C2490,Natalie Reed,36-50,Other,North America,Mexico,Monterrey,P205,Headphones,Accessories,2,1564,1262.55,301.45,0.2,Credit Card,In-Store
T12392,2024-01-17,C2491,Jake Turner,26-35,Male,Asia,Singapore,Singapore,P402,Monitor,Electronics,1,1645,1439.02,205.98,0.07,Cash,In-Store
T12393,2024-03-25,C2492,Rohan Gupta,36-50,Male,Europe,Italy,Milan,P112,Mobile Phone,Electronics,3,3753,2760.81,992.19,0.21,Debit Card,Online
T12394,2024-02-08,C2493,Maria Gomez,26-35,Male,South America,Argentina,Buenos Aires,P205,Headphones,Accessories,1,1309,884.44,424.56,0.24,UPI,Online
T12395,2024-03-22,C2494,Daniel Wong,50+,Female,Africa,South Africa,Cape Town,P101,Laptop,Electronics,3,2895,2046.6,848.4,0.04,Cash,In-Store
T12396,2024-03-16,C2495,Priya Nair,36-50,Other,South America,Brazil,São Paulo,P205,Headphones,Accessories,2,336,217.4,118.6,0.11,UPI,In-Store
T12397,2024-01-26,C2496,Daniel Wong,18-25,Other,North America,Canada,Vancouver,P112,Mobile Phone,Electronics,2,2162,1585.25,576.75,0.2,Cash,In-Store
T12398,2024-01-31,C2497,Lucas Brown,26-35,Female,Asia,UAE,Abu Dhabi,P112,Mobile Phone,Electronics,1,1561,1390.21,170.79,0.02,UPI,In-Store
T12399,2024-02-04,C2498,Lucas Brown,36-50,Female,North America,Mexico,Mexico City,P101,Laptop,Electronics,1,604,505.07,98.93,0.14,Credit Card,In-Store
T12400,2024-02-16,C2499,Maria Gomez,26-35,Male,South America,Argentina,Buenos Aires,P303,Washing Machine,Appliances,4,1464,1003.73,460.27,0.24,UPI,Online
T12401,2024-02-03,C2500,Michael Ross,18-25,Other,Asia,Singapore,Singapore,P112,Mobile Phone,Electronics,4,3656,2836.16,819.84,0.17,UPI,In-Store
T12402,2024-01-30,C2501,Lucas Brown,50+,Female,Africa,Kenya,Nairobi,P101,Laptop,Electronics,4,3184,2478.58,705.42,0.08,Net Banking,Online
T12403,2024-03-20,C2502,Sonia Patel,18-25,Other,Africa,Kenya,Nairobi,P101,Laptop,Electronics,4,6912,4922.0,1990.0,0.1,Credit Card,In-Store
T12404,2024-02-13,C2503,Lucas Brown,18-25,Female,Asia,India,Delhi,P402,Monitor,Electronics,4,4864,4318.69,545.31,0.09,Cash,In-Store
T12405,2024-02-18,C2504,Sonia Patel,18-25,Other,Europe,Italy,Rome,P101,Laptop,Electronics,1,320,230.94,89.06,0.17,Debit Card,In-Store
T12406,2024-01-15,C2505,Rohan Gupta,26-35,Male,Africa,Egypt,Cairo,P402,Monitor,Electronics,2,1248,856.7,391.3,0.06,Debit Card,In-Store
T12407,2024-04-14,C2506,Emily Clark,36-50,Other,Europe,France,Paris,P303,Washing Machine,Appliances,1,101,87.79,13.21,0.16,Net Banking,Online
T12408,2024-04-29,C2507,John Carter,18-25,Male,Europe,UK,London,P303,Washing Machine,Appliances,4,3696,2542.19,1153.81,0.02,UPI,Online
T12409,2024-01-04,C2508,Ethan Wilson,18-25,Other,Europe,Germany,Berlin,P112,Mobile Phone,Electronics,1,694,509.71,184.29,0.07,Net Banking,In-Store
T12410,2024-03-20,C2509,Rohan Gupta,18-25,Male,Asia,Singapore,Singapore,P205,Headphones,Accessories,1,1575,1027.55,547.45,0.05,Cash,Online
T12411,2024-04-19,C2510,Lucas Brown,36-50,Male,Africa,Kenya,Nairobi,P101,Laptop,Electronics,3,873,542.1,330.9,0.17,UPI,Online
T12412,2024-03-22,C2511,Maria Gomez,50+,Other,North America,Mexico,Mexico City,P205,Headphones,Accessories,4,2008,1381.88,626.12,0.05,Debit Card,In-Store
T12413,2024-03-22,C2512,Ethan Wilson,26-35,Other,Europe,UK,London,P112,Mobile Phone,Electronics,3,540,467.37,72.63,0.06,Cash,In-Store
T12414,2024-02-18,C2513,Priya Nair,18-25,Male,South America,Brazil,Rio,P520,Microwave Oven,Appliances,1,112,71.83,40.17,0.19,Cash,In-Store
T12415,2024-04-14,C2514,Jake Turner,36-50,Female,South America,Brazil,São Paulo,P520,Microwave Oven,Appliances,1,64,51.28,12.72,0.21,Credit Card,Online
T12416,2024-01-03,C2515,Lucas Brown,26-35,Female,Europe,UK,Manchester,P112,Mobile Phone,Electronics,2,2666,2080.59,585.41,0.16,Net Banking,In-Store
T12417,2024-02-14,C2516,Sonia Patel,50+,Male,North America,Canada,Toronto,P303,Washing Machine,Appliances,3,1140,865.14,274.86,0.09,UPI,Online
T12418,2024-04-27,C2517,Jake Turner,50+,Other,Europe,UK,Manchester,P112,Mobile Phone,Electronics,1,436,261.78,174.22,0.12,UPI,In-Store
T12419,2024-01-26,C2518,Ethan Wilson,50+,Female,Asia,Japan,Osaka,P402,Monitor,Electronics,3,3309,2138.96,1170.04,0.11,Debit Card,Online
T12420,2024-03-04,C2519,Jake Turner,50+,Male,North America,Canada,Toronto,P112,Mobile Phone,Electronics,2,896,558.97,337.03,0.12,Net Banking,Online
T12421,2024-03-14,C2520,Emily Clark,26-35,Female,Africa,South Africa,Johannesburg,P205,Headphones,Accessories,4,6760,4903.97,1856.03,0.23,Net Banking,In-Store
T12422,2024-01-01,C2521,Natalie Reed,26-35,Other,South America,Argentina,Buenos Aires,P101,Laptop,Electronics,2,726,632.25,93.75,0.1,UPI,In-Store
T12423,2024-04-11,C2522,Natalie Reed,50+,Male,North America,USA,New York,P205,Headphones,Accessories,4,1836,1155.42,680.58,0.0,Net Banking,In-Store
T12424,2024-04-26,C2523,Ethan Wilson,36-50,Male,Europe,Germany,Munich,P520,Microwave Oven,Appliances,1,434,370.36,63.64,0.15,Cash,Online
T12425,2024-01-03,C2524,John Carter,26-35,Female,North America,Canada,Toronto,P303,Washing Machine,Appliances,3,5193,3147.58,2045.42,0.15,UPI,In-Store
T12426,2024-04-02,C2525,Lucas Brown,26-35,Female,North America,Canada,Vancouver,P520,Microwave Oven,Appliances,1,877,594.5,282.5,0.11,UPI,Online
T12427,2024-04-27,C2526,Sarah Miller,18-25,Female,Europe,Italy,Milan,P205,Headphones,Accessories,3,849,565.81,283.19,0.01,UPI,In-Store
T12428,2024-04-18,C2527,Jake Turner,26-35,Other,Asia,India,Delhi,P205,Headphones,Accessories,2,1704,1435.95,268.05,0.2,Cash,Online
T12429,2024-01-10,C2528,Michael Ross,36-50,Other,Asia,Japan,Osaka,P520,Microwave Oven,Appliances,3,2112,1829.27,282.73,0.09,UPI,Online
T12430,2024-01-24,C2529,Aditi Sharma,36-50,Other,South America,Chile,Santiago,P402,Monitor,Electronics,1,1297,885.38,411.62,0.07,Net Banking,In-Store
T12431,2024-02-26,C2530,Natalie Reed,18-25,Female,North America,USA,Seattle,P520,Microwave Oven,Appliances,1,147,101.69,45.31,0.23,Credit Card,Online
T12432,2024-01-01,C2531,Priya Nair,36-50,Male,South America,Brazil,Rio,P402,Monitor,Electronics,4,1196,794.29,401.71,0.05,UPI,In-Store
T12433,2024-04-24,C2532,Ethan Wilson,50+,Female,Asia,UAE,Abu Dhabi,P112,Mobile Phone,Electronics,2,3386,2539.04,846.96,0.03,Debit Card,Online
T12434,2024-01-25,C2533,John Carter,50+,Female,South America,Argentina,Buenos Aires,P303,Washing Machine,Appliances,1,181,137.77,43.23,0.05,Debit Card,Online
T12435,2024-01-16,C2534,Michael Ross,18-25,Other,Asia,Japan,Osaka,P520,Microwave Oven,Appliances,2,2364,1762.46,601.54,0.24,Debit Card,In-Store
T12436,2024-01-19,C2535,Lucas Brown,36-50,Male,Asia,Japan,Osaka,P520,Microwave Oven,Appliances,3,2994,2243.68,750.32,0.14,Net Banking,Online
T12437,2024-01-10,C2536,Jake Turner,18-25,Male,Africa,Egypt,Cairo,P112,Mobile Phone,Electronics,3,5253,3422.38,1830.62,0.16,Net Banking,In-Store
T12438,2024-03-22,C2537,Meera Iyer,50+,Other,Africa,Kenya,Nairobi,P303,Washing Machine,Appliances,2,3080,2723.19,356.81,0.03,UPI,Online
T12439,2024-01-04,C2538,Sonia Patel,50+,Male,Africa,Kenya,Nairobi,P520,Microwave Oven,Appliances,3,1113,679.24,433.76,0.04,UPI,In-Store
T12440,2024-01-31,C2539,Lucas Brown,50+,Male,Asia,Japan,Osaka,P520,Microwave Oven,Appliances,2,3208,2608.04,599.96,0.13,Net Banking,In-Store
T12441,2024-04-10,C2540,Meera Iyer,50+,Female,South America,Chile,Santiago,P112,Mobile Phone,Electronics,3,207,186.23,20.77,0.25,Credit Card,Online
T12442,2024-02-17,C2541,Ethan Wilson,50+,Male,North America,USA,Seattle,P402,Monitor,Electronics,3,1350,946.45,403.55,0.15,Net Banking,Online
T12443,2024-01-04,C2542,Emily Clark,50+,Other,Africa,Kenya,Nairobi,P303,Washing Machine,Appliances,2,2062,1428.61,633.39,0.15,Debit Card,In-Store
T12444,2024-04-06,C2543,Emily Clark,18-25,Other,Africa,Egypt,Cairo,P402,Monitor,Electronics,4,7020,5598.35,1421.65,0.07,Cash,Online
T12445,2024-01-28,C2544,Natalie Reed,18-25,Female,Europe,Germany,Berlin,P205,Headphones,Accessories,2,2830,2212.29,617.71,0.24,UPI,In-Store
T12446,2024-04-17,C2545,Michael Ross,26-35,Female,Asia,UAE,Abu Dhabi,P205,Headphones,Accessories,4,4116,2982.88,1133.12,0.11,Cash,In-Store
T12447,2024-04-14,C2546,Aditi Sharma,50+,Male,Africa,Egypt,Cairo,P205,Headphones,Accessories,2,3342,2329.02,1012.98,0.06,UPI,Online
T12448,2024-03-26,C2547,Emily Clark,50+,Other,South America,Argentina,Buenos Aires,P303,Washing Machine,Appliances,4,4952,4317.11,634.89,0.22,Credit Card,Online
T12449,2024-03-26,C2548,Ethan Wilson,18-25,Male,South America,Argentina,Buenos Aires,P101,Laptop,Electronics,2,1848,1509.95,338.05,0.2,UPI,In-Store
T12450,2024-02-29,C2549,Lucas Brown,50+,Male,South America,Chile,Santiago,P520,Microwave Oven,Appliances,2,2646,2248.78,397.22,0.19,Cash,In-Store
T12451,2024-01-19,C2550,Rohan Gupta,50+,Male,North America,Canada,Toronto,P303,Washing Machine,Appliances,4,4192,3175.98,1016.02,0.17,Cash,In-Store
T12452,2024-02-06,C2551,Daniel Wong,36-50,Male,North America,USA,Seattle,P205,Headphones,Accessories,4,7720,6539.59,1180.41,0.17,Cash,In-Store
T12453,2024-01-02,C2552,Sonia Patel,26-35,Female,Africa,South Africa,Cape Town,P101,Laptop,Electronics,3,2775,1988.45,786.55,0.22,Net Banking,In-Store
T12454,2024-01-12,C2553,Emily Clark,50+,Female,Asia,Japan,Osaka,P303,Washing Machine,Appliances,3,510,407.85,102.15,0.05,Credit Card,In-Store
T12455,2024-02-29,C2554,Daniel Wong,36-50,Female,South America,Chile,Santiago,P205,Headphones,Accessories,3,186,120.14,65.86,0.2,Debit Card,In-Store
T12456,2024-03-12,C2555,Sarah Miller,36-50,Male,South America,Argentina,Buenos Aires,P402,Monitor,Electronics,4,7444,5328.1,2115.9,0.25,Debit Card,In-Store
T12457,2024-01-28,C2556,Rohan Gupta,18-25,Female,North America,Mexico,Mexico City,P402,Monitor,Electronics,2,1876,1193.57,682.43,0.11,Credit Card,In-Store
T12458,2024-04-20,C2557,Meera Iyer,36-50,Female,Africa,Kenya,Nairobi,P101,Laptop,Electronics,4,3408,2472.94,935.06,0.11,Credit Card,Online
T12459,2024-01-02,C2558,John Carter,36-50,Male,South America,Argentina,Buenos Aires,P520,Microwave Oven,Appliances,1,1188,723.77,464.23,0.15,Credit Card,Online
T12460,2024-02-05,C2559,Maria Gomez,50+,Other,Europe,Italy,Milan,P402,Monitor,Electronics,3,1122,714.79,407.21,0.03,Debit Card,Online
T12461,2024-01-02,C2560,Emily Clark,18-25,Female,North America,Mexico,Mexico City,P101,Laptop,Electronics,4,4036,2726.03,1309.97,0.04,Cash,In-Store
T12462,2024-03-31,C2561,Natalie Reed,50+,Female,Africa,Kenya,Nairobi,P205,Headphones,Accessories,2,3062,2033.2,1028.8,0.1,Debit Card,Online
T12463,2024-03-03,C2562,Rohan Gupta,26-35,Female,Asia,Singapore,Singapore,P205,Headphones,Accessories,1,1031,770.74,260.26,0.0,Cash,In-Store
T12464,2024-01-21,C2563,Sarah Miller,50+,Male,South America,Chile,Santiago,P205,Headphones,Accessories,2,794,536.71,257.29,0.06,Cash,In-Store
T12465,2024-04-16,C2564,Meera Iyer,18-25,Other,North America,Canada,Vancouver,P205,Headphones,Accessories,2,908,760.53,147.47,0.03,Cash,Online
T12466,2024-02-15,C2565,Daniel Wong,18-25,Female,North America,Canada,Toronto,P112,Mobile Phone,Electronics,1,1986,1732.36,253.64,0.21,Cash,Online
T12467,2024-02-28,C2566,Priya Nair,18-25,Other,South America,Brazil,Rio,P205,Headphones,Accessories,2,2830,2047.29,782.71,0.24,Credit Card,In-Store
T12468,2024-02-22,C2567,Rohan Gupta,50+,Male,Europe,Germany,Munich,P402,Monitor,Electronics,4,3628,2297.68,1330.32,0.07,Net Banking,In-Store
T12469,2024-01-14,C2568,Michael Ross,18-25,Other,Asia,India,Mumbai,P112,Mobile Phone,Electronics,4,6080,3908.98,2171.02,0.21,Debit Card,In-Store
T12470,2024-01-26,C2569,Emily Clark,36-50,Other,Africa,Kenya,Nairobi,P402,Monitor,Electronics,1,1950,1424.97,525.03,0.11,Cash,Online
T12471,2024-01-23,C2570,Meera Iyer,36-50,Male,Europe,UK,Manchester,P402,Monitor,Electronics,1,667,546.72,120.28,0.02,Net Banking,In-Store
T12472,2024-04-05,C2571,Lucas Brown,18-25,Other,North America,Canada,Toronto,P303,Washing Machine,Appliances,2,620,551.42,68.58,0.13,Net Banking,In-Store
T12473,2024-04-05,C2572,Michael Ross,18-25,Male,North America,Canada,Vancouver,P112,Mobile Phone,Electronics,4,916,638.49,277.51,0.01,UPI,Online
T12474,2024-03-24,C2573,John Carter,26-35,Male,Asia,Japan,Osaka,P101,Laptop,Electronics,3,3849,2455.52,1393.48,0.12,Net Banking,Online
T12475,2024-03-23,C2574,Priya Nair,50+,Other,Asia,Japan,Tokyo,P520,Microwave Oven,Appliances,4,5220,3662.86,1557.14,0.04,Cash,Online
T12476,2024-04-27,C2575,Natalie Reed,18-25,Male,Asia,UAE,Abu Dhabi,P205,Headphones,Accessories,2,3058,2606.66,451.34,0.1,Cash,In-Store
T12477,2024-01-05,C2576,Daniel Wong,26-35,Female,North America,Canada,Vancouver,P101,Laptop,Electronics,1,1881,1216.26,664.74,0.17,UPI,In-Store
T12478,2024-03-11,C2577,Maria Gomez,26-35,Other,Europe,France,Paris,P205,Headphones,Accessories,4,2528,2158.21,369.79,0.09,Net Banking,Online
T12479,2024-02-02,C2578,Emily Clark,26-35,Other,Africa,Kenya,Nairobi,P303,Washing Machine,Appliances,1,1885,1179.89,705.11,0.19,Credit Card,Online
T12480,2024-01-07,C2579,Natalie Reed,18-25,Male,Asia,Singapore,Singapore,P402,Monitor,Electronics,4,1156,812.3,343.7,0.02,Net Banking,In-Store
T12481,2024-03-26,C2580,Meera Iyer,26-35,Male,Asia,Singapore,Singapore,P303,Washing Machine,Appliances,2,3906,3477.93,428.07,0.18,Cash,In-Store
T12482,2024-02-07,C2581,Sonia Patel,26-35,Male,Europe,Italy,Milan,P520,Microwave Oven,Appliances,2,1794,1426.39,367.61,0.08,Net Banking,Online
T12483,2024-03-10,C2582,Emily Clark,18-25,Male,Africa,Egypt,Cairo,P520,Microwave Oven,Appliances,4,6216,4817.57,1398.43,0.02,Debit Card,Online
T12484,2024-02-25,C2583,Rohan Gupta,18-25,Other,South America,Argentina,Buenos Aires,P112,Mobile Phone,Electronics,3,3717,2800.61,916.39,0.24,Credit Card,Online
T12485,2024-04-12,C2584,Lucas Brown,36-50,Male,Africa,Kenya,Nairobi,P402,Monitor,Electronics,4,6304,4335.47,1968.53,0.2,Debit Card,In-Store
T12486,2024-04-26,C2585,Sarah Miller,50+,Female,North America,USA,New York,P303,Washing Machine,Appliances,1,1242,958.89,283.11,0.21,Debit Card,Online
T12487,2024-04-03,C2586,Ethan Wilson,50+,Male,Europe,France,Lyon,P402,Monitor,Electronics,1,586,366.13,219.87,0.03,UPI,Online
T12488,2024-01-05,C2587,Sonia Patel,26-35,Male,Asia,Singapore,Singapore,P205,Headphones,Accessories,3,5265,4197.04,1067.96,0.11,Debit Card,In-Store
T12489,2024-01-21,C2588,Lucas Brown,36-50,Female,South America,Brazil,Rio,P112,Mobile Phone,Electronics,2,2220,1682.04,537.96,0.12,Debit Card,In-Store
T12490,2024-01-17,C2589,Meera Iyer,26-35,Female,Europe,Germany,Munich,P520,Microwave Oven,Appliances,1,137,102.0,35.0,0.03,UPI,Online
T12491,2024-04-28,C2590,Priya Nair,26-35,Other,North America,USA,Chicago,P205,Headphones,Accessories,1,1604,1254.95,349.05,0.03,UPI,In-Store
T12492,2024-04-03,C2591,Michael Ross,50+,Female,North America,Mexico,Monterrey,P101,Laptop,Electronics,3,2436,2058.74,377.26,0.22,UPI,In-Store
T12493,2024-04-27,C2592,Priya Nair,36-50,Other,Asia,Singapore,Singapore,P112,Mobile Phone,Electronics,4,2428,1983.88,444.12,0.21,UPI,In-Store
T12494,2024-03-12,C2593,Emily Clark,36-50,Female,Europe,Italy,Milan,P112,Mobile Phone,Electronics,3,3303,2624.97,678.03,0.09,Debit Card,In-Store
T12495,2024-02-04,C2594,Sarah Miller,36-50,Female,Asia,Singapore,Singapore,P402,Monitor,Electronics,3,4218,2814.58,1403.42,0.02,Net Banking,In-Store
T12496,2024-04-12,C2595,John Carter,36-50,Female,South America,Brazil,São Paulo,P112,Mobile Phone,Electronics,3,3969,2515.36,1453.64,0.02,Net Banking,In-Store
T12497,2024-04-15,C2596,Meera Iyer,50+,Other,North America,Canada,Toronto,P520,Microwave Oven,Appliances,3,1968,1280.91,687.09,0.2,Credit Card,Online
T12498,2024-04-18,C2597,Maria Gomez,36-50,Female,North America,Mexico,Mexico City,P101,Laptop,Electronics,2,3860,2355.58,1504.42,0.08,Cash,Online
T12499,2024-01-16,C2598,John Carter,36-50,Other,North America,USA,Chicago,P101,Laptop,Electronics,4,1700,1389.68,310.32,0.17,Debit Card,Online
T12500,2024-01-15,C2599,Michael Ross,26-35,Female,North America,Canada,Toronto,P520,Microwave Oven,Appliances,4,3492,2288.71,1203.29,0.1,Cash,Online
T12501,2024-03-31,C2600,Sonia Patel,50+,Other,Africa,Kenya,Nairobi,P205,Headphones,Accessories,3,1851,1384.83,466.17,0.0,Net Banking,Online
T12502,2024-01-09,C2601,Jake Turner,36-50,Female,North America,Canada,Toronto,P101,Laptop,Electronics,3,5838,3593.67,2244.33,0.24,Credit Card,Online
T12503,2024-01-21,C2602,Jake Turner,26-35,Female,South America,Argentina,Buenos Aires,P205,Headphones,Accessories,3,1911,1355.9,555.1,0.23,Debit Card,In-Store
T12504,2024-01-04,C2603,Meera Iyer,18-25,Male,South America,Argentina,Buenos Aires,P101,Laptop,Electronics,4,6028,4713.99,1314.01,0.16,Cash,Online
T12505,2024-01-30,C2604,Jake Turner,50+,Male,South America,Brazil,Rio,P520,Microwave Oven,Appliances,1,697,441.53,255.47,0.04,Credit Card,In-Store
T12506,2024-02-19,C2605,Jake Turner,18-25,Female,Asia,Singapore,Singapore,P205,Headphones,Accessories,2,3792,3159.05,632.95,0.22,Net Banking,Online
T12507,2024-04-15,C2606,John Carter,18-25,Male,Africa,Egypt,Cairo,P520,Microwave Oven,Appliances,4,612,519.71,92.29,0.04,Cash,In-Store
T12508,2024-03-01,C2607,Maria Gomez,26-35,Male,Africa,Kenya,Nairobi,P205,Headphones,Accessories,4,3316,2431.08,884.92,0.14,UPI,In-Store
T12509,2024-04-21,C2608,Sonia Patel,26-35,Male,South America,Brazil,Rio,P402,Monitor,Electronics,1,144,122.65,21.35,0.16,Debit Card,In-Store
T12510,2024-02-07,C2609,John Carter,26-35,Male,Europe,Germany,Munich,P402,Monitor,Electronics,3,2433,1893.08,539.92,0.04,Credit Card,In-Store
T12511,2024-01-23,C2610,Rohan Gupta,36-50,Male,Europe,Germany,Berlin,P520,Microwave Oven,Appliances,2,3802,2404.71,1397.29,0.11,UPI,Online
T12512,2024-04-12,C2611,Priya Nair,36-50,Female,Asia,UAE,Abu Dhabi,P520,Microwave Oven,Appliances,2,3950,3161.11,788.89,0.15,Net Banking,In-Store
T12513,2024-02-21,C2612,Daniel Wong,26-35,Female,North America,Canada,Toronto,P303,Washing Machine,Appliances,4,3300,2864.6,435.4,0.1,Net Banking,Online
T12514,2024-02-03,C2613,Maria Gomez,26-35,Male,North America,USA,New York,P205,Headphones,Accessories,4,2048,1821.32,226.68,0.03,UPI,Online
T12515,2024-02-15,C2614,Meera Iyer,18-25,Male,North America,Canada,Vancouver,P303,Washing Machine,Appliances,2,784,541.77,242.23,0.22,UPI,In-Store
T12516,2024-03-26,C2615,Sarah Miller,50+,Female,South America,Argentina,Buenos Aires,P112,Mobile Phone,Electronics,1,400,358.45,41.55,0.14,Debit Card,Online
T12517,2024-04-06,C2616,Aditi Sharma,26-35,Female,Asia,Singapore,Singapore,P205,Headphones,Accessories,4,3516,2978.85,537.15,0.0,UPI,In-Store
T12518,2024-01-07,C2617,Maria Gomez,36-50,Other,Europe,UK,London,P402,Monitor,Electronics,2,684,589.97,94.03,0.01,Cash,Online
T12519,2024-03-26,C2618,Natalie Reed,50+,Other,Africa,Kenya,Nairobi,P205,Headphones,Accessories,1,497,389.03,107.97,0.21,Debit Card,In-Store
T12520,2024-01-15,C2619,Natalie Reed,26-35,Female,North America,Mexico,Mexico City,P402,Monitor,Electronics,3,4356,3202.36,1153.64,0.0,Cash,In-Store
T12521,2024-01-25,C2620,Sarah Miller,50+,Other,Europe,France,Lyon,P205,Headphones,Accessories,1,174,146.35,27.65,0.13,Credit Card,In-Store
T12522,2024-04-21,C2621,Natalie Reed,26-35,Male,South America,Argentina,Buenos Aires,P402,Monitor,Electronics,2,398,246.77,151.23,0.03,Net Banking,In-Store
T12523,2024-04-02,C2622,Natalie Reed,36-50,Other,North America,Mexico,Monterrey,P303,Washing Machine,Appliances,3,1110,797.19,312.81,0.07,Credit Card,Online
T12524,2024-02-02,C2623,John Carter,50+,Female,South America,Brazil,Rio,P101,Laptop,Electronics,1,541,377.96,163.04,0.18,Net Banking,In-Store
T12525,2024-01-07,C2624,Emily Clark,18-25,Other,North America,Canada,Toronto,P205,Headphones,Accessories,4,5940,4031.61,1908.39,0.19,Credit Card,In-Store
T12526,2024-04-29,C2625,Priya Nair,26-35,Male,South America,Brazil,São Paulo,P402,Monitor,Electronics,4,6636,5083.36,1552.64,0.0,Cash,Online
T12527,2024-04-04,C2626,Natalie Reed,50+,Male,Asia,UAE,Dubai,P101,Laptop,Electronics,2,968,854.53,113.47,0.2,Net Banking,Online
T12528,2024-01-17,C2627,Priya Nair,18-25,Other,North America,Canada,Toronto,P303,Washing Machine,Appliances,3,5910,4684.83,1225.17,0.17,Cash,Online
T12529,2024-01-04,C2628,Daniel Wong,26-35,Male,Africa,Kenya,Nairobi,P303,Washing Machine,Appliances,3,5991,4126.72,1864.28,0.13,UPI,In-Store
T12530,2024-03-25,C2629,Lucas Brown,18-25,Other,Asia,India,Bengaluru,P112,Mobile Phone,Electronics,1,834,593.96,240.04,0.14,UPI,In-Store
T12531,2024-04-05,C2630,Jake Turner,18-25,Female,Asia,Singapore,Singapore,P402,Monitor,Electronics,1,1664,1123.6,540.4,0.17,Cash,Online
T12532,2024-03-19,C2631,Natalie Reed,26-35,Other,Asia,Singapore,Singapore,P112,Mobile Phone,Electronics,2,3310,2324.19,985.81,0.08,Cash,Online
T12533,2024-01-20,C2632,Aditi Sharma,26-35,Female,South America,Brazil,São Paulo,P112,Mobile Phone,Electronics,1,1388,882.08,505.92,0.19,Credit Card,In-Store
T12534,2024-04-29,C2633,Maria Gomez,26-35,Other,North America,Canada,Toronto,P112,Mobile Phone,Electronics,2,2436,1522.91,913.09,0.01,Net Banking,In-Store
T12535,2024-01-13,C2634,Maria Gomez,26-35,Other,North America,Canada,Vancouver,P402,Monitor,Electronics,2,3992,3317.93,674.07,0.15,Cash,In-Store
T12536,2024-04-03,C2635,Sonia Patel,50+,Other,South America,Argentina,Buenos Aires,P402,Monitor,Electronics,2,3112,2482.39,629.61,0.07,UPI,In-Store
T12537,2024-02-20,C2636,Natalie Reed,50+,Female,North America,Canada,Toronto,P101,Laptop,Electronics,4,4640,3526.66,1113.34,0.03,UPI,Online
T12538,2024-03-31,C2637,Priya Nair,36-50,Female,South America,Argentina,Buenos Aires,P112,Mobile Phone,Electronics,1,787,605.43,181.57,0.03,Debit Card,Online
T12539,2024-01-07,C2638,Daniel Wong,36-50,Other,Africa,South Africa,Cape Town,P520,Microwave Oven,Appliances,4,3256,1994.14,1261.86,0.07,Credit Card,In-Store
T12540,2024-01-26,C2639,Emily Clark,50+,Female,Europe,Germany,Berlin,P101,Laptop,Electronics,2,1160,985.98,174.02,0.11,Net Banking,In-Store
T12541,2024-04-18,C2640,Emily Clark,26-35,Other,North America,USA,Chicago,P205,Headphones,Accessories,2,3074,2376.62,697.38,0.18,Net Banking,Online
T12542,2024-01-12,C2641,Emily Clark,50+,Female,North America,Mexico,Mexico City,P402,Monitor,Electronics,2,3812,2453.35,1358.65,0.08,UPI,In-Store
T12543,2024-01-22,C2642,Sonia Patel,36-50,Female,Africa,Egypt,Cairo,P205,Headphones,Accessories,2,3558,2579.96,978.04,0.17,Cash,Online
T12544,2024-02-23,C2643,Meera Iyer,36-50,Other,North America,Mexico,Mexico City,P402,Monitor,Electronics,2,3084,2378.99,705.01,0.24,Net Banking,In-Store
T12545,2024-02-03,C2644,John Carter,18-25,Other,Africa,Egypt,Cairo,P101,Laptop,Electronics,4,4844,3353.58,1490.42,0.03,Cash,In-Store
T12546,2024-02-23,C2645,John Carter,36-50,Other,North America,Canada,Vancouver,P303,Washing Machine,Appliances,2,2482,1917.75,564.25,0.24,UPI,In-Store
T12547,2024-01-18,C2646,Meera Iyer,36-50,Male,Asia,India,Bengaluru,P303,Washing Machine,Appliances,4,3676,2989.83,686.17,0.07,UPI,In-Store
T12548,2024-04-08,C2647,Aditi Sharma,50+,Female,South America,Brazil,Rio,P303,Washing Machine,Appliances,3,5952,5093.72,858.28,0.19,UPI,Online
T12549,2024-04-01,C2648,Sonia Patel,36-50,Male,Asia,India,Bengaluru,P101,Laptop,Electronics,4,260,169.89,90.11,0.21,Net Banking,In-Store
T12550,2024-04-27,C2649,Jake Turner,50+,Female,South America,Chile,Santiago,P303,Washing Machine,Appliances,1,669,407.52,261.48,0.03,Cash,In-Store
T12551,2024-02-03,C2650,Meera Iyer,36-50,Other,Africa,South Africa,Cape Town,P520,Microwave Oven,Appliances,1,1548,1167.75,380.25,0.03,UPI,In-Store
T12552,2024-04-24,C2651,Meera Iyer,18-25,Female,Europe,Italy,Rome,P205,Headphones,Accessories,4,2852,2345.01,506.99,0.2,Credit Card,Online
T12553,2024-01-23,C2652,Michael Ross,18-25,Female,South America,Chile,Santiago,P205,Headphones,Accessories,3,3984,3506.05,477.95,0.18,Cash,In-Store
T12554,2024-04-11,C2653,Natalie Reed,18-25,Male,Europe,UK,Manchester,P112,Mobile Phone,Electronics,4,1676,1381.57,294.43,0.11,Cash,Online
T12555,2024-04-18,C2654,Michael Ross,50+,Other,Asia,UAE,Dubai,P101,Laptop,Electronics,1,426,306.6,119.4,0.24,UPI,In-Store
T12556,2024-04-05,C2655,Rohan Gupta,50+,Other,South America,Argentina,Buenos Aires,P303,Washing Machine,Appliances,3,4818,3438.44,1379.56,0.01,Net Banking,Online
T12557,2024-01-21,C2656,John Carter,36-50,Male,Asia,UAE,Dubai,P402,Monitor,Electronics,2,2934,2378.45,555.55,0.13,Net Banking,In-Store
T12558,2024-03-29,C2657,Maria Gomez,26-35,Male,Europe,Italy,Milan,P303,Washing Machine,Appliances,4,7092,6193.19,898.81,0.2,Debit Card,Online
T12559,2024-01-22,C2658,Rohan Gupta,50+,Male,Europe,Italy,Rome,P112,Mobile Phone,Electronics,4,4940,3818.23,1121.77,0.2,Debit Card,Online
T12560,2024-04-08,C2659,Jake Turner,18-25,Male,North America,Canada,Vancouver,P205,Headphones,Accessories,3,5649,3708.63,1940.37,0.09,Credit Card,Online
T12561,2024-01-24,C2660,John Carter,18-25,Female,Africa,Kenya,Nairobi,P101,Laptop,Electronics,1,414,349.15,64.85,0.06,Net Banking,In-Store
T12562,2024-04-18,C2661,John Carter,18-25,Other,Asia,India,Delhi,P303,Washing Machine,Appliances,4,1184,960.59,223.41,0.2,Credit Card,Online
T12563,2024-02-16,C2662,Aditi Sharma,36-50,Female,Africa,South Africa,Cape Town,P402,Monitor,Electronics,3,2019,1408.79,610.21,0.12,Credit Card,In-Store
T12564,2024-03-02,C2663,Meera Iyer,50+,Other,South America,Chile,Santiago,P520,Microwave Oven,Appliances,4,1808,1434.05,373.95,0.14,Credit Card,In-Store
T12565,2024-02-16,C2664,Jake Turner,36-50,Other,Asia,Singapore,Singapore,P303,Washing Machine,Appliances,2,604,447.17,156.83,0.16,Credit Card,In-Store
T12566,2024-02-14,C2665,Sonia Patel,26-35,Female,Europe,Italy,Rome,P303,Washing Machine,Appliances,4,4040,3506.32,533.68,0.18,UPI,In-Store
T12567,2024-04-21,C2666,Meera Iyer,36-50,Other,Africa,South Africa,Johannesburg,P402,Monitor,Electronics,3,2721,2212.01,508.99,0.24,Credit Card,Online
T12568,2024-01-17,C2667,Maria Gomez,36-50,Female,Europe,UK,Manchester,P112,Mobile Phone,Electronics,4,728,587.41,140.59,0.17,Debit Card,Online
T12569,2024-01-10,C2668,Maria Gomez,26-35,Female,Europe,UK,London,P112,Mobile Phone,Electronics,2,922,705.94,216.06,0.17,Net Banking,In-Store
T12570,2024-04-23,C2669,Natalie Reed,50+,Other,Asia,Japan,Tokyo,P101,Laptop,Electronics,4,5432,3845.66,1586.34,0.23,Credit Card,Online
T12571,2024-03-14,C2670,Maria Gomez,50+,Female,Asia,Japan,Osaka,P101,Laptop,Electronics,2,1846,1640.16,205.84,0.13,Credit Card,In-Store
T12572,2024-01-24,C2671,Emily Clark,26-35,Other,North America,USA,Seattle,P303,Washing Machine,Appliances,2,1896,1376.42,519.58,0.13,Cash,In-Store
T12573,2024-04-10,C2672,Michael Ross,50+,Female,Europe,France,Lyon,P112,Mobile Phone,Electronics,1,819,625.11,193.89,0.14,Cash,In-Store
T12574,2024-04-17,C2673,Ethan Wilson,36-50,Other,North America,USA,Seattle,P303,Washing Machine,Appliances,2,1206,1019.67,186.33,0.16,UPI,Online
T12575,2024-04-17,C2674,Meera Iyer,50+,Other,Europe,Germany,Berlin,P520,Microwave Oven,Appliances,3,5130,4513.34,616.66,0.15,Credit Card,Online
T12576,2024-02-18,C2675,Rohan Gupta,18-25,Female,North America,Mexico,Monterrey,P112,Mobile Phone,Electronics,4,3416,2620.34,795.66,0.03,Cash,In-Store
T12577,2024-03-18,C2676,Lucas Brown,26-35,Female,North America,Canada,Toronto,P402,Monitor,Electronics,3,765,543.59,221.41,0.24,Credit Card,Online
T12578,2024-04-02,C2677,Natalie Reed,50+,Male,Africa,South Africa,Cape Town,P303,Washing Machine,Appliances,2,3076,2339.21,736.79,0.09,Net Banking,In-Store
T12579,2024-04-18,C2678,Emily Clark,36-50,Other,North America,Mexico,Monterrey,P112,Mobile Phone,Electronics,1,1557,1060.74,496.26,0.21,Debit Card,In-Store
T12580,2024-01-28,C2679,Meera Iyer,18-25,Female,South America,Brazil,São Paulo,P112,Mobile Phone,Electronics,2,1080,849.47,230.53,0.15,Net Banking,In-Store
T12581,2024-02-06,C2680,Michael Ross,18-25,Female,Asia,Singapore,Singapore,P520,Microwave Oven,Appliances,2,1920,1611.62,308.38,0.14,Credit Card,In-Store
T12582,2024-02-17,C2681,John Carter,50+,Other,Africa,Egypt,Cairo,P101,Laptop,Electronics,3,726,477.31,248.69,0.04,Cash,In-Store
T12583,2024-01-26,C2682,Ethan Wilson,50+,Male,Africa,Egypt,Cairo,P303,Washing Machine,Appliances,1,1001,811.44,189.56,0.18,Debit Card,Online
T12584,2024-04-24,C2683,Priya Nair,26-35,Male,Africa,Egypt,Cairo,P303,Washing Machine,Appliances,1,1654,1146.63,507.37,0.25,Net Banking,In-Store
T12585,2024-02-16,C2684,Michael Ross,36-50,Other,Asia,Singapore,Singapore,P205,Headphones,Accessories,4,3156,2418.69,737.31,0.21,Debit Card,Online
T12586,2024-01-06,C2685,Ethan Wilson,50+,Female,North America,USA,New York,P303,Washing Machine,Appliances,3,891,732.08,158.92,0.24,Credit Card,In-Store
T12587,2024-03-07,C2686,Sonia Patel,36-50,Other,South America,Brazil,Rio,P303,Washing Machine,Appliances,2,1270,1122.28,147.72,0.11,Credit Card,In-Store
T12588,2024-01-14,C2687,Sonia Patel,36-50,Other,North America,Canada,Vancouver,P101,Laptop,Electronics,4,6788,5115.87,1672.13,0.1,Cash,In-Store
T12589,2024-04-19,C2688,Sonia Patel,36-50,Male,Africa,South Africa,Johannesburg,P520,Microwave Oven,Appliances,2,3304,2663.31,640.69,0.2,Debit Card,In-Store
T12590,2024-03-16,C2689,Meera Iyer,36-50,Other,Asia,Japan,Tokyo,P205,Headphones,Accessories,2,2796,2143.02,652.98,0.2,Cash,Online
T12591,2024-04-08,C2690,Meera Iyer,36-50,Female,North America,USA,New York,P303,Washing Machine,Appliances,3,1011,787.52,223.48,0.08,Cash,In-Store
T12592,2024-02-04,C2691,Rohan Gupta,36-50,Other,Europe,France,Lyon,P101,Laptop,Electronics,3,2661,2272.4,388.6,0.03,UPI,In-Store
T12593,2024-03-02,C2692,Daniel Wong,18-25,Male,South America,Argentina,Buenos Aires,P520,Microwave Oven,Appliances,2,808,579.95,228.05,0.07,Net Banking,Online
T12594,2024-02-05,C2693,Meera Iyer,36-50,Male,Asia,Singapore,Singapore,P520,Microwave Oven,Appliances,2,2104,1847.75,256.25,0.1,Credit Card,In-Store
T12595,2024-03-10,C2694,Ethan Wilson,18-25,Male,Europe,Germany,Berlin,P205,Headphones,Accessories,4,1780,1204.75,575.25,0.03,Net Banking,In-Store
T12596,2024-01-03,C2695,Maria Gomez,18-25,Other,Europe,Italy,Rome,P112,Mobile Phone,Electronics,3,399,350.47,48.53,0.11,Debit Card,Online
T12597,2024-02-11,C2696,Lucas Brown,26-35,Other,Africa,Egypt,Cairo,P402,Monitor,Electronics,4,2672,1726.7,945.3,0.16,UPI,In-Store
T12598,2024-04-05,C2697,Michael Ross,36-50,Male,North America,Mexico,Mexico City,P205,Headphones,Accessories,4,2864,2311.22,552.78,0.08,UPI,Online
T12599,2024-01-13,C2698,John Carter,50+,Male,Africa,Egypt,Cairo,P402,Monitor,Electronics,2,168,126.68,41.32,0.03,Cash,In-Store
T12600,2024-04-19,C2699,Priya Nair,26-35,Other,South America,Argentina,Buenos Aires,P520,Microwave Oven,Appliances,2,416,310.65,105.35,0.11,Net Banking,In-Store
T12601,2024-01-21,C2700,Michael Ross,18-25,Other,North America,Mexico,Mexico City,P101,Laptop,Electronics,2,2068,1757.35,310.65,0.1,Net Banking,In-Store
T12602,2024-01-23,C2701,John Carter,26-35,Female,Africa,Kenya,Nairobi,P402,Monitor,Electronics,3,480,331.8,148.2,0.19,Debit Card,Online
T12603,2024-04-24,C2702,Rohan Gupta,50+,Female,Europe,Italy,Milan,P112,Mobile Phone,Electronics,2,2570,1817.2,752.8,0.25,Debit Card,Online
T12604,2024-04-13,C2703,Rohan Gupta,26-35,Female,Africa,South Africa,Johannesburg,P101,Laptop,Electronics,2,842,619.82,222.18,0.13,Net Banking,In-Store
T12605,2024-01-03,C2704,Ethan Wilson,26-35,Male,Asia,Singapore,Singapore,P520,Microwave Oven,Appliances,2,3072,2007.86,1064.14,0.19,Cash,Online
T12606,2024-03-23,C2705,Jake Turner,18-25,Male,North America,USA,Seattle,P303,Washing Machine,Appliances,3,5283,3613.78,1669.22,0.04,Credit Card,Online
T12607,2024-01-14,C2706,Lucas Brown,26-35,Male,Africa,South Africa,Johannesburg,P205,Headphones,Accessories,2,3990,3204.93,785.07,0.19,UPI,In-Store
T12608,2024-01-16,C2707,Sarah Miller,36-50,Other,North America,USA,New York,P303,Washing Machine,Appliances,3,2685,2190.53,494.47,0.08,UPI,Online
T12609,2024-04-09,C2708,Priya Nair,26-35,Female,Africa,Kenya,Nairobi,P402,Monitor,Electronics,4,5284,3610.87,1673.13,0.25,Credit Card,In-Store
T12610,2024-03-20,C2709,Natalie Reed,36-50,Other,Africa,Kenya,Nairobi,P402,Monitor,Electronics,1,533,470.57,62.43,0.18,UPI,Online
T12611,2024-02-17,C2710,Michael Ross,26-35,Female,Asia,Singapore,Singapore,P112,Mobile Phone,Electronics,2,564,462.31,101.69,0.15,Cash,Online
T12612,2024-02-13,C2711,Natalie Reed,18-25,Male,Africa,South Africa,Johannesburg,P402,Monitor,Electronics,4,6508,5127.95,1380.05,0.2,Net Banking,Online
T12613,2024-01-13,C2712,Rohan Gupta,26-35,Male,Europe,UK,Manchester,P112,Mobile Phone,Electronics,2,2656,2022.54,633.46,0.14,UPI,Online
T12614,2024-03-19,C2713,Aditi Sharma,26-35,Female,South America,Brazil,São Paulo,P402,Monitor,Electronics,2,980,773.2,206.8,0.0,UPI,In-Store
T12615,2024-03-07,C2714,Maria Gomez,18-25,Other,Asia,UAE,Dubai,P101,Laptop,Electronics,4,4084,2571.08,1512.92,0.07,Debit Card,In-Store
T12616,2024-01-31,C2715,Sarah Miller,18-25,Female,Africa,South Africa,Johannesburg,P520,Microwave Oven,Appliances,1,1100,772.42,327.58,0.02,UPI,Online
T12617,2024-03-02,C2716,John Carter,18-25,Female,North America,Mexico,Mexico City,P303,Washing Machine,Appliances,4,5828,3938.12,1889.88,0.18,Debit Card,In-Store
T12618,2024-01-17,C2717,Rohan Gupta,26-35,Other,South America,Argentina,Buenos Aires,P205,Headphones,Accessories,3,5076,3454.78,1621.22,0.09,Net Banking,Online
T12619,2024-04-05,C2718,Emily Clark,26-35,Female,Africa,Kenya,Nairobi,P303,Washing Machine,Appliances,3,1686,1197.66,488.34,0.14,UPI,Online
T12620,2024-02-22,C2719,Michael Ross,36-50,Male,North America,Canada,Vancouver,P520,Microwave Oven,Appliances,3,3003,2509.68,493.32,0.24,UPI,Online
T12621,2024-02-14,C2720,Meera Iyer,50+,Male,Africa,South Africa,Johannesburg,P205,Headphones,Accessories,3,2607,1728.18,878.82,0.22,UPI,In-Store
T12622,2024-03-06,C2721,Daniel Wong,26-35,Male,Europe,France,Lyon,P112,Mobile Phone,Electronics,1,1667,1231.43,435.57,0.02,Credit Card,In-Store
T12623,2024-03-20,C2722,Natalie Reed,18-25,Male,South America,Brazil,São Paulo,P303,Washing Machine,Appliances,2,328,217.27,110.73,0.08,UPI,In-Store
T12624,2024-04-13,C2723,Lucas Brown,36-50,Other,South America,Chile,Santiago,P112,Mobile Phone,Electronics,3,5088,3628.42,1459.58,0.23,UPI,Online
T12625,2024-03-31,C2724,Natalie Reed,36-50,Male,North America,USA,New York,P520,Microwave Oven,Appliances,1,1713,1226.42,486.58,0.05,Credit Card,Online
T12626,2024-04-05,C2725,Rohan Gupta,26-35,Female,Africa,Egypt,Cairo,P520,Microwave Oven,Appliances,4,4760,3698.85,1061.15,0.17,UPI,In-Store
T12627,2024-02-12,C2726,Maria Gomez,36-50,Other,Europe,Germany,Munich,P520,Microwave Oven,Appliances,4,2468,1881.73,586.27,0.21,Net Banking,In-Store
T12628,2024-04-29,C2727,Meera Iyer,26-35,Male,Europe,France,Paris,P112,Mobile Phone,Electronics,3,801,540.95,260.05,0.15,Credit Card,Online
T12629,2024-04-05,C2728,John Carter,18-25,Female,South America,Brazil,Rio,P303,Washing Machine,Appliances,1,106,84.31,21.69,0.21,Net Banking,In-Store
T12630,2024-04-21,C2729,Priya Nair,18-25,Other,Asia,India,Bengaluru,P205,Headphones,Accessories,3,801,535.49,265.51,0.21,Debit Card,In-Store
T12631,2024-03-30,C2730,Meera Iyer,36-50,Other,Europe,Italy,Milan,P402,Monitor,Electronics,4,6552,5480.33,1071.67,0.21,Credit Card,Online
T12632,2024-04-17,C2731,Emily Clark,18-25,Male,Asia,Singapore,Singapore,P101,Laptop,Electronics,2,1650,1353.84,296.16,0.05,Credit Card,In-Store
T12633,2024-02-08,C2732,Rohan Gupta,18-25,Female,Asia,India,Mumbai,P520,Microwave Oven,Appliances,3,222,161.12,60.88,0.05,Net Banking,Online
T12634,2024-02-29,C2733,Jake Turner,18-25,Other,Europe,France,Paris,P205,Headphones,Accessories,3,1449,1100.37,348.63,0.2,Credit Card,In-Store
T12635,2024-02-01,C2734,Sonia Patel,50+,Female,North America,Mexico,Mexico City,P303,Washing Machine,Appliances,2,290,212.56,77.44,0.16,Debit Card,In-Store
T12636,2024-02-11,C2735,Sarah Miller,50+,Female,Europe,UK,Manchester,P303,Washing Machine,Appliances,3,459,395.7,63.3,0.02,UPI,In-Store
T12637,2024-01-26,C2736,Emily Clark,36-50,Other,Asia,UAE,Dubai,P205,Headphones,Accessories,4,4464,3554.14,909.86,0.23,Credit Card,Online
T12638,2024-04-18,C2737,Sarah Miller,50+,Other,South America,Argentina,Buenos Aires,P303,Washing Machine,Appliances,4,3520,2124.54,1395.46,0.08,Cash,In-Store
T12639,2024-04-28,C2738,Daniel Wong,50+,Male,North America,USA,Chicago,P112,Mobile Phone,Electronics,3,5718,4485.16,1232.84,0.01,Credit Card,Online
T12640,2024-01-07,C2739,Michael Ross,50+,Female,Africa,Kenya,Nairobi,P303,Washing Machine,Appliances,4,5636,3831.31,1804.69,0.12,Cash,Online
T12641,2024-03-11,C2740,Ethan Wilson,26-35,Other,South America,Brazil,Rio,P101,Laptop,Electronics,1,230,178.02,51.98,0.18,Debit Card,In-Store
T12642,2024-02-26,C2741,Maria Gomez,50+,Other,South America,Brazil,São Paulo,P520,Microwave Oven,Appliances,3,891,635.65,255.35,0.0,UPI,Online
T12643,2024-01-27,C2742,Michael Ross,18-25,Female,South America,Brazil,Rio,P112,Mobile Phone,Electronics,2,3908,2496.08,1411.92,0.13,Credit Card,Online
T12644,2024-03-23,C2743,Meera Iyer,50+,Female,Africa,Kenya,Nairobi,P303,Washing Machine,Appliances,2,3688,2538.09,1149.91,0.14,Net Banking,Online
T12645,2024-03-21,C2744,Jake Turner,26-35,Female,Asia,Japan,Tokyo,P101,Laptop,Electronics,3,561,338.72,222.28,0.02,Cash,In-Store
T12646,2024-04-22,C2745,Rohan Gupta,50+,Male,South America,Argentina,Buenos Aires,P402,Monitor,Electronics,1,1941,1280.38,660.62,0.13,Debit Card,Online
T12647,2024-03-29,C2746,Sonia Patel,26-35,Female,Asia,Japan,Osaka,P205,Headphones,Accessories,2,2186,1806.03,379.97,0.03,Net Banking,In-Store
T12648,2024-01-29,C2747,Priya Nair,18-25,Female,North America,Mexico,Monterrey,P112,Mobile Phone,Electronics,4,6200,4912.99,1287.01,0.19,Credit Card,Online
T12649,2024-04-03,C2748,Maria Gomez,26-35,Female,Africa,Egypt,Cairo,P520,Microwave Oven,Appliances,2,3438,2596.51,841.49,0.23,Cash,Online
T12650,2024-03-11,C2749,Rohan Gupta,50+,Male,Asia,Japan,Tokyo,P402,Monitor,Electronics,2,1888,1345.34,542.66,0.25,UPI,In-Store
T12651,2024-01-25,C2750,Emily Clark,26-35,Female,Africa,Kenya,Nairobi,P520,Microwave Oven,Appliances,1,365,250.25,114.75,0.21,Credit Card,Online
T12652,2024-02-27,C2751,Daniel Wong,50+,Female,Africa,Egypt,Cairo,P402,Monitor,Electronics,4,1752,1483.71,268.29,0.05,Net Banking,In-Store
T12653,2024-02-26,C2752,Aditi Sharma,50+,Other,South America,Argentina,Buenos Aires,P205,Headphones,Accessories,1,1020,917.85,102.15,0.07,Cash,Online
T12654,2024-03-26,C2753,Sarah Miller,50+,Female,Asia,Japan,Tokyo,P402,Monitor,Electronics,1,1925,1287.72,637.28,0.0,Credit Card,In-Store
T12655,2024-02-17,C2754,Meera Iyer,50+,Male,Africa,Kenya,Nairobi,P402,Monitor,Electronics,4,3708,2653.98,1054.02,0.18,UPI,In-Store
T12656,2024-02-17,C2755,Michael Ross,26-35,Female,Asia,Japan,Tokyo,P101,Laptop,Electronics,3,1293,960.4,332.6,0.01,Credit Card,Online
T12657,2024-04-14,C2756,Michael Ross,18-25,Other,South America,Argentina,Buenos Aires,P205,Headphones,Accessories,4,812,520.02,291.98,0.04,Credit Card,In-Store
T12658,2024-02-05,C2757,John Carter,18-25,Male,Europe,France,Lyon,P112,Mobile Phone,Electronics,4,4964,3399.87,1564.13,0.11,Net Banking,Online
T12659,2024-04-29,C2758,Aditi Sharma,18-25,Female,North America,Canada,Vancouver,P303,Washing Machine,Appliances,4,1208,817.67,390.33,0.1,Credit Card,Online
T12660,2024-01-21,C2759,Ethan Wilson,26-35,Male,Africa,Kenya,Nairobi,P402,Monitor,Electronics,3,4998,4483.47,514.53,0.02,UPI,Online
T12661,2024-03-30,C2760,Meera Iyer,18-25,Other,Africa,Kenya,Nairobi,P205,Headphones,Accessories,1,597,489.95,107.05,0.12,UPI,In-Store
T12662,2024-01-04,C2761,Sarah Miller,26-35,Female,Africa,Egypt,Cairo,P303,Washing Machine,Appliances,1,570,464.36,105.64,0.18,Net Banking,In-Store
T12663,2024-03-09,C2762,Aditi Sharma,50+,Male,South America,Argentina,Buenos Aires,P112,Mobile Phone,Electronics,1,1310,927.54,382.46,0.12,Net Banking,In-Store
T12664,2024-03-12,C2763,Aditi Sharma,26-35,Female,Asia,UAE,Dubai,P303,Washing Machine,Appliances,4,6076,3953.11,2122.89,0.08,Credit Card,In-Store
T12665,2024-04-16,C2764,Aditi Sharma,50+,Other,South America,Argentina,Buenos Aires,P112,Mobile Phone,Electronics,4,5848,5226.1,621.9,0.22,UPI,In-Store
T12666,2024-01-09,C2765,Emily Clark,36-50,Male,Africa,South Africa,Johannesburg,P101,Laptop,Electronics,2,2748,2216.62,531.38,0.17,Debit Card,In-Store
T12667,2024-04-01,C2766,Meera Iyer,36-50,Female,North America,Mexico,Monterrey,P402,Monitor,Electronics,2,756,636.02,119.98,0.22,Net Banking,Online
T12668,2024-03-27,C2767,John Carter,36-50,Female,North America,Mexico,Monterrey,P520,Microwave Oven,Appliances,3,4614,2772.14,1841.86,0.11,Cash,In-Store
T12669,2024-02-22,C2768,Michael Ross,50+,Other,North America,Canada,Vancouver,P520,Microwave Oven,Appliances,4,3668,2752.49,915.51,0.01,Cash,In-Store
T12670,2024-03-09,C2769,Daniel Wong,18-25,Other,North America,Mexico,Monterrey,P520,Microwave Oven,Appliances,1,55,46.73,8.27,0.14,Cash,In-Store
T12671,2024-02-18,C2770,Aditi Sharma,36-50,Female,South America,Argentina,Buenos Aires,P205,Headphones,Accessories,3,5829,4245.3,1583.7,0.24,Debit Card,Online
T12672,2024-01-21,C2771,Sonia Patel,26-35,Other,Asia,UAE,Abu Dhabi,P303,Washing Machine,Appliances,4,4184,2629.7,1554.3,0.24,UPI,In-Store
T12673,2024-04-19,C2772,Ethan Wilson,18-25,Male,Europe,UK,London,P520,Microwave Oven,Appliances,4,5128,3658.27,1469.73,0.12,Cash,In-Store
T12674,2024-01-07,C2773,Sonia Patel,50+,Other,Europe,UK,London,P303,Washing Machine,Appliances,2,3014,1844.03,1169.97,0.15,Cash,In-Store
T12675,2024-02-13,C2774,Aditi Sharma,18-25,Female,Africa,Kenya,Nairobi,P101,Laptop,Electronics,3,5268,4002.06,1265.94,0.02,Cash,Online
T12676,2024-03-21,C2775,Sarah Miller,36-50,Male,Asia,India,Delhi,P205,Headphones,Accessories,1,1518,996.88,521.12,0.12,Net Banking,Online
T12677,2024-02-17,C2776,Natalie Reed,18-25,Male,North America,Canada,Toronto,P205,Headphones,Accessories,2,1028,683.86,344.14,0.06,UPI,In-Store
T12678,2024-01-13,C2777,Natalie Reed,36-50,Female,Africa,Kenya,Nairobi,P402,Monitor,Electronics,4,2432,2144.37,287.63,0.17,Credit Card,Online
T12679,2024-02-22,C2778,Aditi Sharma,18-25,Other,Europe,France,Lyon,P520,Microwave Oven,Appliances,2,1818,1344.14,473.86,0.24,Net Banking,In-Store
T12680,2024-01-02,C2779,Emily Clark,26-35,Male,Asia,Singapore,Singapore,P303,Washing Machine,Appliances,1,874,773.25,100.75,0.02,Debit Card,Online
T12681,2024-02-21,C2780,Aditi Sharma,26-35,Female,South America,Chile,Santiago,P101,Laptop,Electronics,1,718,612.75,105.25,0.1,Cash,Online
T12682,2024-04-24,C2781,Maria Gomez,18-25,Male,South America,Brazil,São Paulo,P520,Microwave Oven,Appliances,3,1134,908.57,225.43,0.15,Debit Card,In-Store
T12683,2024-02-17,C2782,John Carter,50+,Other,Europe,Italy,Milan,P205,Headphones,Accessories,3,810,531.38,278.62,0.09,UPI,In-Store
T12684,2024-04-28,C2783,Rohan Gupta,36-50,Other,Africa,Kenya,Nairobi,P112,Mobile Phone,Electronics,4,7028,4552.86,2475.14,0.01,Cash,In-Store
T12685,2024-01-05,C2784,Sarah Miller,50+,Male,North America,Mexico,Monterrey,P205,Headphones,Accessories,3,4344,2649.98,1694.02,0.12,Net Banking,Online
T12686,2024-02-09,C2785,Natalie Reed,18-25,Other,South America,Brazil,Rio,P205,Headphones,Accessories,3,3360,2725.57,634.43,0.08,Cash,In-Store
T12687,2024-02-19,C2786,Aditi Sharma,50+,Female,South America,Argentina,Buenos Aires,P112,Mobile Phone,Electronics,2,2910,2309.33,600.67,0.21,Credit Card,Online
T12688,2024-02-11,C2787,Natalie Reed,50+,Female,Africa,Egypt,Cairo,P520,Microwave Oven,Appliances,4,4668,3511.0,1157.0,0.2,Credit Card,Online
T12689,2024-02-27,C2788,Lucas Brown,26-35,Female,Africa,South Africa,Johannesburg,P402,Monitor,Electronics,3,3855,2396.58,1458.42,0.17,Credit Card,In-Store
T12690,2024-01-21,C2789,Natalie Reed,26-35,Other,North America,Mexico,Mexico City,P303,Washing Machine,Appliances,2,3352,2353.38,998.62,0.16,Cash,In-Store
T12691,2024-03-30,C2790,Michael Ross,26-35,Female,Africa,South Africa,Johannesburg,P303,Washing Machine,Appliances,4,2916,2177.89,738.11,0.08,Net Banking,In-Store
T12692,2024-01-01,C2791,Aditi Sharma,50+,Other,Asia,Japan,Tokyo,P402,Monitor,Electronics,3,3384,2092.84,1291.16,0.01,Debit Card,Online
T12693,2024-01-16,C2792,Daniel Wong,36-50,Other,North America,Canada,Vancouver,P402,Monitor,Electronics,2,3470,2824.25,645.75,0.04,Cash,Online
T12694,2024-01-30,C2793,Natalie Reed,18-25,Other,Africa,South Africa,Cape Town,P112,Mobile Phone,Electronics,2,1576,1050.15,525.85,0.07,Debit Card,Online
T12695,2024-01-06,C2794,Emily Clark,36-50,Other,South America,Brazil,São Paulo,P303,Washing Machine,Appliances,3,2574,1555.37,1018.63,0.04,UPI,In-Store
T12696,2024-02-27,C2795,Lucas Brown,36-50,Other,South America,Brazil,São Paulo,P112,Mobile Phone,Electronics,2,3290,2152.31,1137.69,0.1,Net Banking,In-Store
T12697,2024-01-22,C2796,Emily Clark,18-25,Other,Asia,Singapore,Singapore,P402,Monitor,Electronics,4,6500,5186.62,1313.38,0.11,UPI,Online
T12698,2024-01-06,C2797,Lucas Brown,36-50,Female,Africa,South Africa,Johannesburg,P112,Mobile Phone,Electronics,4,3340,2401.68,938.32,0.07,Debit Card,In-Store
T12699,2024-04-19,C2798,Sarah Miller,26-35,Male,Asia,Singapore,Singapore,P520,Microwave Oven,Appliances,2,854,528.9,325.1,0.01,Cash,Online
T12700,2024-04-16,C2799,Sarah Miller,50+,Female,Asia,Japan,Tokyo,P101,Laptop,Electronics,1,1149,696.01,452.99,0.19,Cash,Online
T12701,2024-04-27,C2800,Emily Clark,50+,Female,South America,Brazil,Rio,P520,Microwave Oven,Appliances,2,2268,1604.58,663.42,0.21,UPI,Online
T12702,2024-01-04,C2801,Priya Nair,18-25,Male,Europe,France,Lyon,P101,Laptop,Electronics,3,1839,1216.7,622.3,0.18,Credit Card,In-Store
T12703,2024-04-22,C2802,Michael Ross,50+,Female,North America,Mexico,Mexico City,P205,Headphones,Accessories,1,393,283.46,109.54,0.11,Net Banking,In-Store
T12704,2024-01-27,C2803,Ethan Wilson,50+,Male,Africa,South Africa,Cape Town,P520,Microwave Oven,Appliances,1,898,729.1,168.9,0.07,Net Banking,Online
T12705,2024-01-26,C2804,Daniel Wong,18-25,Male,Africa,Kenya,Nairobi,P303,Washing Machine,Appliances,1,841,552.65,288.35,0.11,Debit Card,Online
T12706,2024-02-16,C2805,Maria Gomez,26-35,Female,Asia,India,Mumbai,P402,Monitor,Electronics,3,5283,4624.5,658.5,0.1,Cash,In-Store
T12707,2024-02-01,C2806,Meera Iyer,26-35,Other,South America,Chile,Santiago,P303,Washing Machine,Appliances,3,2508,1952.75,555.25,0.22,Net Banking,In-Store
T12708,2024-03-08,C2807,Rohan Gupta,26-35,Female,Europe,UK,London,P402,Monitor,Electronics,1,1049,679.2,369.8,0.17,Cash,In-Store
T12709,2024-03-19,C2808,Rohan Gupta,36-50,Male,North America,USA,Seattle,P205,Headphones,Accessories,2,3832,3349.26,482.74,0.07,UPI,In-Store
T12710,2024-03-09,C2809,Aditi Sharma,26-35,Female,Europe,France,Lyon,P303,Washing Machine,Appliances,3,5370,4193.44,1176.56,0.2,Credit Card,Online
T12711,2024-02-04,C2810,Rohan Gupta,36-50,Other,Europe,Germany,Berlin,P101,Laptop,Electronics,4,1572,1179.49,392.51,0.08,Cash,In-Store
T12712,2024-02-13,C2811,John Carter,18-25,Male,Africa,Egypt,Cairo,P101,Laptop,Electronics,3,5541,3594.28,1946.72,0.1,UPI,In-Store
T12713,2024-02-04,C2812,John Carter,26-35,Female,North America,Mexico,Mexico City,P101,Laptop,Electronics,1,78,60.6,17.4,0.05,Net Banking,In-Store
T12714,2024-01-23,C2813,Sarah Miller,36-50,Female,Europe,UK,Manchester,P520,Microwave Oven,Appliances,1,1465,1298.46,166.54,0.12,UPI,In-Store
T12715,2024-03-19,C2814,Natalie Reed,26-35,Female,Asia,Singapore,Singapore,P112,Mobile Phone,Electronics,1,329,252.94,76.06,0.24,Credit Card,In-Store
T12716,2024-02-08,C2815,Emily Clark,18-25,Other,Asia,Singapore,Singapore,P520,Microwave Oven,Appliances,2,3048,2576.1,471.9,0.14,Net Banking,Online
T12717,2024-03-14,C2816,Meera Iyer,26-35,Other,Asia,India,Delhi,P520,Microwave Oven,Appliances,4,6320,4472.97,1847.03,0.15,Cash,In-Store
T12718,2024-04-22,C2817,Sonia Patel,26-35,Other,Asia,Japan,Osaka,P101,Laptop,Electronics,2,950,583.54,366.46,0.05,Cash,In-Store
T12719,2024-02-29,C2818,Priya Nair,36-50,Male,Europe,France,Paris,P402,Monitor,Electronics,2,1308,1011.5,296.5,0.13,Cash,In-Store
T12720,2024-03-23,C2819,Sonia Patel,26-35,Male,South America,Argentina,Buenos Aires,P402,Monitor,Electronics,1,556,360.27,195.73,0.1,UPI,In-Store
T12721,2024-04-29,C2820,Ethan Wilson,18-25,Female,Africa,Egypt,Cairo,P205,Headphones,Accessories,2,3520,2653.98,866.02,0.15,Debit Card,Online
T12722,2024-01-20,C2821,Priya Nair,18-25,Other,North America,Canada,Toronto,P112,Mobile Phone,Electronics,2,3360,2528.38,831.62,0.01,Debit Card,In-Store
T12723,2024-01-14,C2822,Natalie Reed,18-25,Male,Africa,Kenya,Nairobi,P112,Mobile Phone,Electronics,4,3764,2883.91,880.09,0.11,Net Banking,Online
T12724,2024-03-22,C2823,Rohan Gupta,26-35,Male,Asia,UAE,Abu Dhabi,P303,Washing Machine,Appliances,4,4092,2770.01,1321.99,0.0,Net Banking,In-Store
T12725,2024-01-24,C2824,Natalie Reed,26-35,Male,Africa,Egypt,Cairo,P402,Monitor,Electronics,1,596,436.03,159.97,0.1,Cash,In-Store
T12726,2024-02-19,C2825,Priya Nair,18-25,Male,Africa,Kenya,Nairobi,P101,Laptop,Electronics,2,1548,1024.89,523.11,0.23,Net Banking,Online
T12727,2024-03-08,C2826,Aditi Sharma,36-50,Male,Europe,Italy,Milan,P402,Monitor,Electronics,4,7568,5748.63,1819.37,0.2,Credit Card,Online
T12728,2024-02-02,C2827,Emily Clark,36-50,Other,South America,Chile,Santiago,P205,Headphones,Accessories,3,4338,3261.79,1076.21,0.17,Debit Card,In-Store
T12729,2024-01-27,C2828,Michael Ross,18-25,Other,Europe,Italy,Rome,P520,Microwave Oven,Appliances,1,191,124.49,66.51,0.0,Debit Card,Online
T12730,2024-04-22,C2829,Aditi Sharma,36-50,Female,Africa,Egypt,Cairo,P303,Washing Machine,Appliances,2,118,88.5,29.5,0.04,Debit Card,In-Store
T12731,2024-03-26,C2830,Maria Gomez,50+,Male,Europe,Italy,Rome,P205,Headphones,Accessories,1,962,651.59,310.41,0.06,Cash,In-Store
T12732,2024-01-13,C2831,Michael Ross,26-35,Female,North America,Mexico,Monterrey,P101,Laptop,Electronics,2,1836,1111.2,724.8,0.18,Net Banking,Online
T12733,2024-03-11,C2832,Meera Iyer,36-50,Male,South America,Brazil,São Paulo,P402,Monitor,Electronics,4,7464,6087.18,1376.82,0.19,Credit Card,Online
T12734,2024-01-29,C2833,Ethan Wilson,26-35,Female,Africa,Egypt,Cairo,P112,Mobile Phone,Electronics,2,198,165.08,32.92,0.07,Cash,Online
T12735,2024-03-09,C2834,Lucas Brown,50+,Male,Asia,Singapore,Singapore,P303,Washing Machine,Appliances,2,3674,3109.34,564.66,0.05,Net Banking,In-Store
T12736,2024-01-06,C2835,Sonia Patel,36-50,Male,Asia,Singapore,Singapore,P402,Monitor,Electronics,4,4532,3341.31,1190.69,0.07,Credit Card,Online
T12737,2024-03-03,C2836,Ethan Wilson,36-50,Female,Africa,South Africa,Johannesburg,P101,Laptop,Electronics,4,6084,5079.41,1004.59,0.19,Cash,Online
T12738,2024-01-18,C2837,Maria Gomez,36-50,Male,Europe,Germany,Munich,P303,Washing Machine,Appliances,4,1056,795.19,260.81,0.16,UPI,In-Store
T12739,2024-01-03,C2838,Meera Iyer,50+,Male,Africa,Egypt,Cairo,P520,Microwave Oven,Appliances,2,1632,983.78,648.22,0.01,Debit Card,Online
T12740,2024-02-13,C2839,Michael Ross,36-50,Male,North America,Canada,Toronto,P101,Laptop,Electronics,3,798,677.94,120.06,0.16,Debit Card,In-Store
T12741,2024-03-04,C2840,Natalie Reed,50+,Male,North America,Mexico,Mexico City,P101,Laptop,Electronics,2,766,530.1,235.9,0.01,Debit Card,In-Store
T12742,2024-03-11,C2841,Natalie Reed,18-25,Other,Asia,Japan,Tokyo,P520,Microwave Oven,Appliances,4,4952,3933.05,1018.95,0.09,Credit Card,In-Store
T12743,2024-02-13,C2842,Meera Iyer,50+,Female,Europe,France,Lyon,P402,Monitor,Electronics,3,735,658.25,76.75,0.06,Debit Card,Online
T12744,2024-03-02,C2843,Aditi Sharma,26-35,Other,South America,Brazil,São Paulo,P101,Laptop,Electronics,1,1602,1056.07,545.93,0.14,Debit Card,In-Store
T12745,2024-03-13,C2844,Emily Clark,36-50,Male,Europe,Germany,Munich,P205,Headphones,Accessories,3,2808,2296.19,511.81,0.16,UPI,Online
T12746,2024-01-15,C2845,Sonia Patel,36-50,Male,South America,Argentina,Buenos Aires,P520,Microwave Oven,Appliances,2,760,504.92,255.08,0.16,Net Banking,Online
T12747,2024-01-06,C2846,Lucas Brown,26-35,Female,North America,Mexico,Mexico City,P303,Washing Machine,Appliances,1,965,656.32,308.68,0.12,UPI,Online
T12748,2024-04-22,C2847,Sarah Miller,26-35,Male,Africa,Kenya,Nairobi,P520,Microwave Oven,Appliances,3,1017,663.78,353.22,0.11,Cash,Online
T12749,2024-01-19,C2848,Jake Turner,18-25,Female,Africa,Egypt,Cairo,P303,Washing Machine,Appliances,3,4464,3367.29,1096.71,0.06,Credit Card,Online
T12750,2024-04-26,C2849,Aditi Sharma,36-50,Male,Asia,Singapore,Singapore,P303,Washing Machine,Appliances,4,7856,4964.74,2891.26,0.23,UPI,Online
T12751,2024-01-09,C2850,Daniel Wong,36-50,Other,Europe,France,Lyon,P112,Mobile Phone,Electronics,2,1930,1701.04,228.96,0.14,Net Banking,Online
T12752,2024-01-20,C2851,Priya Nair,50+,Male,Asia,UAE,Dubai,P402,Monitor,Electronics,1,1493,1185.64,307.36,0.01,Debit Card,In-Store
T12753,2024-01-01,C2852,Jake Turner,36-50,Male,Europe,Italy,Milan,P303,Washing Machine,Appliances,1,1066,720.46,345.54,0.13,UPI,In-Store
T12754,2024-03-06,C2853,Sonia Patel,50+,Male,Asia,UAE,Dubai,P101,Laptop,Electronics,4,6520,4866.72,1653.28,0.18,Cash,Online
T12755,2024-02-29,C2854,Daniel Wong,36-50,Other,Africa,Egypt,Cairo,P520,Microwave Oven,Appliances,1,1069,848.36,220.64,0.1,Credit Card,In-Store
T12756,2024-02-05,C2855,Lucas Brown,26-35,Male,North America,USA,Seattle,P205,Headphones,Accessories,1,1919,1598.24,320.76,0.24,Net Banking,Online
T12757,2024-04-23,C2856,Michael Ross,26-35,Male,Asia,India,Bengaluru,P520,Microwave Oven,Appliances,2,532,408.56,123.44,0.2,Credit Card,In-Store
T12758,2024-04-28,C2857,Priya Nair,50+,Female,Europe,France,Lyon,P205,Headphones,Accessories,3,3921,3051.03,869.97,0.0,Cash,Online
T12759,2024-02-26,C2858,Meera Iyer,18-25,Male,North America,Canada,Toronto,P520,Microwave Oven,Appliances,4,6308,5352.22,955.78,0.06,Cash,In-Store
T12760,2024-01-27,C2859,Emily Clark,36-50,Male,South America,Brazil,Rio,P112,Mobile Phone,Electronics,4,620,535.27,84.73,0.19,Cash,Online
T12761,2024-01-25,C2860,John Carter,18-25,Female,South America,Argentina,Buenos Aires,P205,Headphones,Accessories,3,417,295.79,121.21,0.09,Debit Card,Online
T12762,2024-04-05,C2861,Lucas Brown,26-35,Male,North America,Mexico,Monterrey,P101,Laptop,Electronics,1,1915,1644.71,270.29,0.12,Cash,In-Store
T12763,2024-04-20,C2862,Priya Nair,26-35,Male,North America,Canada,Toronto,P101,Laptop,Electronics,3,5226,4376.73,849.27,0.12,UPI,Online
T12764,2024-02-13,C2863,John Carter,50+,Male,Europe,UK,London,P101,Laptop,Electronics,1,1089,772.45,316.55,0.0,Credit Card,Online
T12765,2024-03-19,C2864,Maria Gomez,18-25,Female,North America,Canada,Vancouver,P112,Mobile Phone,Electronics,3,999,648.12,350.88,0.25,Net Banking,Online
T12766,2024-04-26,C2865,Rohan Gupta,26-35,Other,Europe,Germany,Berlin,P101,Laptop,Electronics,4,3196,2066.48,1129.52,0.2,Cash,In-Store
T12767,2024-04-14,C2866,Maria Gomez,26-35,Female,South America,Argentina,Buenos Aires,P520,Microwave Oven,Appliances,2,738,622.36,115.64,0.21,Net Banking,In-Store
T12768,2024-02-27,C2867,Natalie Reed,26-35,Female,North America,USA,Seattle,P303,Washing Machine,Appliances,2,3382,2749.81,632.19,0.03,Credit Card,In-Store
T12769,2024-03-05,C2868,Jake Turner,36-50,Male,Europe,UK,London,P402,Monitor,Electronics,1,1154,721.73,432.27,0.16,Credit Card,Online
T12770,2024-02-26,C2869,Michael Ross,36-50,Other,Asia,Japan,Tokyo,P101,Laptop,Electronics,2,1562,1239.89,322.11,0.24,Debit Card,Online
T12771,2024-04-26,C2870,Sonia Patel,26-35,Male,Asia,Singapore,Singapore,P520,Microwave Oven,Appliances,4,4576,3896.69,679.31,0.24,Net Banking,In-Store
T12772,2024-01-21,C2871,Michael Ross,50+,Female,Africa,Kenya,Nairobi,P402,Monitor,Electronics,2,2406,1848.2,557.8,0.08,Debit Card,Online
T12773,2024-03-10,C2872,Daniel Wong,36-50,Male,Europe,UK,London,P101,Laptop,Electronics,1,918,651.73,266.27,0.14,Debit Card,Online
T12774,2024-01-06,C2873,Natalie Reed,18-25,Male,South America,Brazil,São Paulo,P205,Headphones,Accessories,4,2092,1690.11,401.89,0.0,Net Banking,Online
T12775,2024-01-14,C2874,Rohan Gupta,18-25,Male,North America,Canada,Toronto,P205,Headphones,Accessories,1,1593,972.29,620.71,0.07,Cash,In-Store
T12776,2024-04-16,C2875,Aditi Sharma,18-25,Male,Europe,France,Lyon,P112,Mobile Phone,Electronics,4,4012,3029.26,982.74,0.07,Net Banking,In-Store
T12777,2024-02-01,C2876,Ethan Wilson,26-35,Other,Africa,Kenya,Nairobi,P402,Monitor,Electronics,2,1510,1024.52,485.48,0.12,Cash,Online
T12778,2024-04-01,C2877,Daniel Wong,18-25,Other,South America,Argentina,Buenos Aires,P303,Washing Machine,Appliances,2,3064,2500.83,563.17,0.14,Credit Card,Online
T12779,2024-03-21,C2878,Jake Turner,26-35,Male,Europe,UK,London,P520,Microwave Oven,Appliances,4,332,255.24,76.76,0.24,Net Banking,In-Store
T12780,2024-02-17,C2879,Sonia Patel,18-25,Other,North America,USA,Chicago,P101,Laptop,Electronics,4,2960,2373.97,586.03,0.22,Cash,Online
T12781,2024-04-25,C2880,Meera Iyer,26-35,Male,Europe,Italy,Milan,P520,Microwave Oven,Appliances,3,336,257.29,78.71,0.05,Debit Card,In-Store
T12782,2024-01-12,C2881,Sonia Patel,36-50,Female,South America,Argentina,Buenos Aires,P112,Mobile Phone,Electronics,2,1670,1403.68,266.32,0.19,Credit Card,In-Store
T12783,2024-02-21,C2882,Sonia Patel,18-25,Female,Africa,Egypt,Cairo,P303,Washing Machine,Appliances,4,4600,3750.51,849.49,0.17,UPI,Online
T12784,2024-01-28,C2883,Daniel Wong,18-25,Female,Asia,India,Mumbai,P303,Washing Machine,Appliances,1,126,103.68,22.32,0.1,Debit Card,Online
T12785,2024-03-18,C2884,Michael Ross,18-25,Female,South America,Chile,Santiago,P402,Monitor,Electronics,3,4983,3824.53,1158.47,0.23,Net Banking,Online
T12786,2024-04-11,C2885,Lucas Brown,36-50,Other,North America,Mexico,Monterrey,P520,Microwave Oven,Appliances,3,2433,2124.21,308.79,0.16,Credit Card,In-Store
T12787,2024-03-02,C2886,Daniel Wong,50+,Other,North America,Mexico,Mexico City,P402,Monitor,Electronics,4,4164,2908.32,1255.68,0.23,Cash,Online
T12788,2024-02-07,C2887,Jake Turner,18-25,Male,South America,Chile,Santiago,P205,Headphones,Accessories,4,4112,3048.89,1063.11,0.04,Debit Card,In-Store
T12789,2024-03-18,C2888,Sonia Patel,18-25,Other,Africa,Kenya,Nairobi,P520,Microwave Oven,Appliances,2,314,208.37,105.63,0.01,Debit Card,In-Store
T12790,2024-04-23,C2889,Sarah Miller,36-50,Male,Africa,Kenya,Nairobi,P112,Mobile Phone,Electronics,4,6980,5325.5,1654.5,0.01,Cash,Online
T12791,2024-04-06,C2890,Ethan Wilson,36-50,Male,Europe,UK,Manchester,P303,Washing Machine,Appliances,1,490,372.19,117.81,0.02,Debit Card,In-Store
T12792,2024-01-28,C2891,Jake Turner,36-50,Female,Europe,France,Paris,P205,Headphones,Accessories,2,1344,1083.35,260.65,0.19,Net Banking,Online
T12793,2024-02-05,C2892,Jake Turner,36-50,Male,Europe,Italy,Rome,P303,Washing Machine,Appliances,4,4936,3114.18,1821.82,0.06,UPI,In-Store
T12794,2024-01-23,C2893,Maria Gomez,26-35,Other,North America,Canada,Toronto,P303,Washing Machine,Appliances,4,7360,5268.59,2091.41,0.2,Credit Card,In-Store
T12795,2024-03-29,C2894,Daniel Wong,36-50,Male,Africa,Egypt,Cairo,P112,Mobile Phone,Electronics,1,129,111.24,17.76,0.19,Net Banking,In-Store
T12796,2024-03-21,C2895,Meera Iyer,36-50,Male,Europe,Germany,Berlin,P520,Microwave Oven,Appliances,4,7736,4826.66,2909.34,0.21,Net Banking,In-Store
T12797,2024-01-13,C2896,Jake Turner,50+,Other,Asia,Singapore,Singapore,P112,Mobile Phone,Electronics,4,7956,5378.66,2577.34,0.08,Net Banking,Online
T12798,2024-02-23,C2897,Sonia Patel,18-25,Male,Asia,UAE,Dubai,P402,Monitor,Electronics,2,3738,2770.18,967.82,0.14,Cash,In-Store
T12799,2024-04-03,C2898,Sarah Miller,50+,Male,Africa,Kenya,Nairobi,P303,Washing Machine,Appliances,2,2504,1793.21,710.79,0.06,Cash,Online
T12800,2024-04-01,C2899,Priya Nair,50+,Female,Europe,Italy,Milan,P101,Laptop,Electronics,4,3092,2150.61,941.39,0.18,Net Banking,In-Store
T12801,2024-01-23,C2900,Natalie Reed,50+,Male,South America,Argentina,Buenos Aires,P112,Mobile Phone,Electronics,1,346,231.89,114.11,0.15,Net Banking,In-Store
T12802,2024-02-18,C2901,Meera Iyer,18-25,Male,North America,USA,Seattle,P520,Microwave Oven,Appliances,3,5157,4420.82,736.18,0.0,Cash,In-Store
T12803,2024-01-28,C2902,Sarah Miller,18-25,Female,South America,Brazil,Rio,P520,Microwave Oven,Appliances,4,6808,5546.15,1261.85,0.03,Cash,Online
T12804,2024-03-01,C2903,Sarah Miller,50+,Other,Africa,Egypt,Cairo,P101,Laptop,Electronics,2,3820,2677.96,1142.04,0.14,Net Banking,Online
T12805,2024-02-28,C2904,Sonia Patel,36-50,Male,South America,Brazil,São Paulo,P520,Microwave Oven,Appliances,2,128,79.12,48.88,0.11,Net Banking,Online
T12806,2024-01-20,C2905,Aditi Sharma,50+,Other,North America,Mexico,Mexico City,P112,Mobile Phone,Electronics,2,168,120.44,47.56,0.1,Debit Card,In-Store
T12807,2024-03-27,C2906,Ethan Wilson,36-50,Male,South America,Chile,Santiago,P520,Microwave Oven,Appliances,3,2523,1970.46,552.54,0.08,Credit Card,In-Store
T12808,2024-02-08,C2907,Michael Ross,18-25,Male,Africa,South Africa,Cape Town,P402,Monitor,Electronics,1,196,153.36,42.64,0.05,Credit Card,Online
T12809,2024-02-16,C2908,Natalie Reed,36-50,Other,Asia,India,Bengaluru,P205,Headphones,Accessories,2,3264,1991.12,1272.88,0.2,Net Banking,Online
T12810,2024-02-04,C2909,Lucas Brown,50+,Male,Asia,UAE,Abu Dhabi,P101,Laptop,Electronics,2,3460,2565.01,894.99,0.2,Net Banking,Online
T12811,2024-01-17,C2910,Daniel Wong,18-25,Male,Africa,South Africa,Cape Town,P402,Monitor,Electronics,1,63,54.76,8.24,0.24,Net Banking,Online
T12812,2024-04-10,C2911,Aditi Sharma,36-50,Male,Asia,Singapore,Singapore,P303,Washing Machine,Appliances,1,921,742.4,178.6,0.19,Credit Card,Online
T12813,2024-04-23,C2912,Priya Nair,26-35,Female,North America,USA,Chicago,P303,Washing Machine,Appliances,1,1057,826.76,230.24,0.12,Debit Card,Online
T12814,2024-01-31,C2913,Rohan Gupta,26-35,Female,Asia,Japan,Tokyo,P101,Laptop,Electronics,2,2804,2472.57,331.43,0.09,Debit Card,In-Store
T12815,2024-03-08,C2914,Natalie Reed,36-50,Other,Asia,UAE,Dubai,P520,Microwave Oven,Appliances,4,6568,5686.72,881.28,0.18,Credit Card,In-Store
T12816,2024-03-12,C2915,Meera Iyer,50+,Male,North America,USA,Chicago,P101,Laptop,Electronics,2,2008,1224.18,783.82,0.16,Cash,Online
T12817,2024-04-29,C2916,Rohan Gupta,18-25,Male,Asia,Singapore,Singapore,P101,Laptop,Electronics,2,1234,829.29,404.71,0.03,Cash,In-Store
T12818,2024-04-03,C2917,Meera Iyer,36-50,Female,North America,USA,New York,P520,Microwave Oven,Appliances,2,2966,2446.27,519.73,0.23,Debit Card,In-Store
T12819,2024-02-29,C2918,Emily Clark,26-35,Female,Asia,India,Delhi,P520,Microwave Oven,Appliances,4,7840,6435.27,1404.73,0.04,Credit Card,Online
T12820,2024-04-14,C2919,Jake Turner,36-50,Female,Africa,South Africa,Cape Town,P402,Monitor,Electronics,1,1672,1293.82,378.18,0.05,Credit Card,In-Store
T12821,2024-04-05,C2920,Emily Clark,50+,Other,South America,Brazil,Rio,P205,Headphones,Accessories,1,802,715.92,86.08,0.15,Debit Card,In-Store
T12822,2024-04-06,C2921,Lucas Brown,50+,Female,Europe,Italy,Rome,P101,Laptop,Electronics,2,2586,1713.05,872.95,0.08,Net Banking,Online
T12823,2024-03-24,C2922,Aditi Sharma,26-35,Male,South America,Argentina,Buenos Aires,P402,Monitor,Electronics,2,3644,2295.43,1348.57,0.23,Debit Card,Online
T12824,2024-04-17,C2923,Lucas Brown,50+,Female,Asia,Singapore,Singapore,P303,Washing Machine,Appliances,1,1652,1139.68,512.32,0.16,Credit Card,In-Store
T12825,2024-02-12,C2924,Lucas Brown,18-25,Other,North America,Canada,Toronto,P205,Headphones,Accessories,3,1053,705.13,347.87,0.0,Net Banking,Online
T12826,2024-04-01,C2925,Daniel Wong,26-35,Other,Africa,Egypt,Cairo,P520,Microwave Oven,Appliances,3,3231,2803.94,427.06,0.22,UPI,Online
T12827,2024-02-20,C2926,Rohan Gupta,36-50,Other,South America,Brazil,São Paulo,P520,Microwave Oven,Appliances,1,1896,1370.72,525.28,0.13,UPI,In-Store
T12828,2024-02-03,C2927,Michael Ross,26-35,Male,Asia,UAE,Dubai,P520,Microwave Oven,Appliances,2,1340,879.47,460.53,0.21,Net Banking,In-Store
T12829,2024-03-23,C2928,Maria Gomez,50+,Male,Europe,Italy,Milan,P205,Headphones,Accessories,1,1462,990.43,471.57,0.01,Net Banking,In-Store
T12830,2024-02-22,C2929,Rohan Gupta,36-50,Other,Europe,Germany,Berlin,P112,Mobile Phone,Electronics,2,242,196.22,45.78,0.11,UPI,Online
T12831,2024-01-16,C2930,Aditi Sharma,50+,Male,Europe,UK,London,P520,Microwave Oven,Appliances,2,3082,2544.64,537.36,0.13,Net Banking,Online
T12832,2024-02-16,C2931,Daniel Wong,36-50,Male,Africa,Kenya,Nairobi,P303,Washing Machine,Appliances,3,588,527.5,60.5,0.05,UPI,In-Store
T12833,2024-01-06,C2932,Sonia Patel,50+,Other,Africa,Kenya,Nairobi,P205,Headphones,Accessories,2,362,323.95,38.05,0.07,Debit Card,In-Store
T12834,2024-04-09,C2933,Daniel Wong,50+,Other,Africa,Kenya,Nairobi,P112,Mobile Phone,Electronics,2,1688,1305.65,382.35,0.06,UPI,In-Store
T12835,2024-01-02,C2934,Emily Clark,26-35,Other,North America,Mexico,Mexico City,P520,Microwave Oven,Appliances,2,2818,2161.65,656.35,0.16,Debit Card,In-Store
T12836,2024-01-15,C2935,Sonia Patel,18-25,Female,North America,Mexico,Mexico City,P520,Microwave Oven,Appliances,3,573,415.33,157.67,0.0,UPI,In-Store
T12837,2024-03-21,C2936,Daniel Wong,26-35,Female,South America,Brazil,Rio,P101,Laptop,Electronics,2,650,537.67,112.33,0.06,UPI,Online
T12838,2024-02-09,C2937,Lucas Brown,26-35,Male,North America,Canada,Vancouver,P303,Washing Machine,Appliances,3,1011,719.43,291.57,0.21,Net Banking,In-Store
T12839,2024-04-19,C2938,Priya Nair,26-35,Male,Europe,Germany,Berlin,P303,Washing Machine,Appliances,4,4680,3392.43,1287.57,0.07,UPI,Online
T12840,2024-04-22,C2939,Daniel Wong,26-35,Other,Europe,UK,London,P101,Laptop,Electronics,1,533,346.69,186.31,0.24,Cash,In-Store
T12841,2024-04-07,C2940,Priya Nair,26-35,Female,North America,Mexico,Mexico City,P520,Microwave Oven,Appliances,4,7928,5727.17,2200.83,0.05,Credit Card,In-Store
T12842,2024-01-20,C2941,John Carter,26-35,Other,Europe,France,Lyon,P402,Monitor,Electronics,2,1088,738.06,349.94,0.13,Debit Card,In-Store
T12843,2024-03-07,C2942,Ethan Wilson,26-35,Female,South America,Brazil,São Paulo,P303,Washing Machine,Appliances,2,3748,2768.82,979.18,0.14,UPI,Online
T12844,2024-04-03,C2943,Lucas Brown,36-50,Female,North America,Canada,Vancouver,P205,Headphones,Accessories,3,3264,2440.28,823.72,0.02,UPI,Online
T12845,2024-02-08,C2944,John Carter,50+,Female,North America,Canada,Vancouver,P303,Washing Machine,Appliances,1,1091,899.1,191.9,0.23,UPI,Online
T12846,2024-01-21,C2945,Lucas Brown,26-35,Male,Asia,Singapore,Singapore,P303,Washing Machine,Appliances,4,6196,3755.73,2440.27,0.06,Debit Card,In-Store
T12847,2024-02-08,C2946,Emily Clark,50+,Other,North America,Canada,Vancouver,P402,Monitor,Electronics,2,1746,1055.57,690.43,0.22,Cash,Online
T12848,2024-02-25,C2947,Sarah Miller,50+,Female,Asia,Japan,Osaka,P520,Microwave Oven,Appliances,2,3070,1856.33,1213.67,0.16,Cash,In-Store
T12849,2024-03-04,C2948,Emily Clark,18-25,Female,Asia,UAE,Dubai,P520,Microwave Oven,Appliances,3,2313,1549.02,763.98,0.16,Cash,In-Store
T12850,2024-04-09,C2949,Aditi Sharma,26-35,Other,North America,Mexico,Mexico City,P520,Microwave Oven,Appliances,1,1557,1161.42,395.58,0.16,Net Banking,In-Store
T12851,2024-03-28,C2950,Lucas Brown,26-35,Male,Africa,Kenya,Nairobi,P520,Microwave Oven,Appliances,4,380,292.66,87.34,0.14,Cash,Online
T12852,2024-03-30,C2951,Aditi Sharma,26-35,Male,South America,Brazil,São Paulo,P205,Headphones,Accessories,1,1511,1321.38,189.62,0.22,Cash,Online
T12853,2024-01-13,C2952,Maria Gomez,50+,Male,Europe,Germany,Berlin,P112,Mobile Phone,Electronics,1,837,698.01,138.99,0.2,Debit Card,In-Store
T12854,2024-01-27,C2953,Natalie Reed,50+,Male,Africa,Kenya,Nairobi,P303,Washing Machine,Appliances,4,5416,4622.69,793.31,0.12,UPI,In-Store
T12855,2024-02-08,C2954,Maria Gomez,18-25,Male,Africa,Egypt,Cairo,P402,Monitor,Electronics,3,306,209.32,96.68,0.01,Cash,Online
T12856,2024-03-12,C2955,Jake Turner,36-50,Other,Asia,UAE,Dubai,P303,Washing Machine,Appliances,4,2072,1403.36,668.64,0.09,Net Banking,In-Store
T12857,2024-02-04,C2956,Natalie Reed,26-35,Female,Asia,Singapore,Singapore,P101,Laptop,Electronics,1,250,212.54,37.46,0.14,Credit Card,In-Store
T12858,2024-04-12,C2957,Jake Turner,50+,Male,Africa,Egypt,Cairo,P112,Mobile Phone,Electronics,2,3450,2495.97,954.03,0.13,Credit Card,Online
T12859,2024-04-29,C2958,John Carter,26-35,Male,Asia,Singapore,Singapore,P520,Microwave Oven,Appliances,3,3750,2720.75,1029.25,0.09,UPI,In-Store
T12860,2024-03-04,C2959,Daniel Wong,26-35,Male,Europe,France,Lyon,P303,Washing Machine,Appliances,4,5148,3802.06,1345.94,0.01,Debit Card,Online
T12861,2024-03-13,C2960,Rohan Gupta,26-35,Other,North America,Canada,Vancouver,P101,Laptop,Electronics,1,1534,1031.96,502.04,0.05,Cash,In-Store
T12862,2024-02-22,C2961,Sarah Miller,50+,Other,North America,Canada,Toronto,P303,Washing Machine,Appliances,3,2217,1788.88,428.12,0.12,UPI,In-Store
T12863,2024-02-07,C2962,Natalie Reed,50+,Female,Asia,UAE,Abu Dhabi,P402,Monitor,Electronics,4,2704,1955.74,748.26,0.13,Credit Card,Online
T12864,2024-01-17,C2963,Rohan Gupta,50+,Male,North America,Mexico,Mexico City,P520,Microwave Oven,Appliances,3,1269,1005.07,263.93,0.12,Net Banking,In-Store
T12865,2024-02-20,C2964,Michael Ross,36-50,Other,Africa,Egypt,Cairo,P402,Monitor,Electronics,3,255,154.03,100.97,0.11,UPI,In-Store
T12866,2024-01-13,C2965,Jake Turner,50+,Female,Africa,Egypt,Cairo,P205,Headphones,Accessories,2,3980,2747.66,1232.34,0.0,Cash,Online
T12867,2024-01-08,C2966,Ethan Wilson,26-35,Male,Asia,India,Delhi,P520,Microwave Oven,Appliances,4,3460,2554.44,905.56,0.19,Net Banking,Online
T12868,2024-04-26,C2967,Aditi Sharma,18-25,Female,Africa,South Africa,Cape Town,P101,Laptop,Electronics,1,1228,811.02,416.98,0.06,Net Banking,Online
T12869,2024-02-20,C2968,Jake Turner,18-25,Other,Africa,Egypt,Cairo,P520,Microwave Oven,Appliances,3,3516,2333.01,1182.99,0.21,Credit Card,Online
T12870,2024-04-21,C2969,Michael Ross,50+,Female,South America,Argentina,Buenos Aires,P112,Mobile Phone,Electronics,1,805,532.55,272.45,0.2,Cash,Online
T12871,2024-04-12,C2970,Lucas Brown,26-35,Male,Africa,Kenya,Nairobi,P520,Microwave Oven,Appliances,3,3099,2303.89,795.11,0.13,Net Banking,In-Store
T12872,2024-02-18,C2971,Sonia Patel,36-50,Other,Asia,Singapore,Singapore,P402,Monitor,Electronics,2,2752,1749.16,1002.84,0.14,Cash,Online
T12873,2024-03-17,C2972,Natalie Reed,26-35,Female,North America,Mexico,Monterrey,P205,Headphones,Accessories,2,3088,2501.48,586.52,0.13,Cash,In-Store
T12874,2024-03-24,C2973,Jake Turner,18-25,Other,Asia,Singapore,Singapore,P303,Washing Machine,Appliances,1,590,370.15,219.85,0.17,Cash,In-Store
T12875,2024-01-03,C2974,Natalie Reed,36-50,Other,South America,Argentina,Buenos Aires,P205,Headphones,Accessories,1,1758,1512.56,245.44,0.16,Credit Card,In-Store
T12876,2024-01-02,C2975,Sonia Patel,26-35,Other,Europe,Italy,Milan,P402,Monitor,Electronics,1,418,349.92,68.08,0.05,Cash,In-Store
T12877,2024-04-17,C2976,Maria Gomez,36-50,Other,North America,USA,Seattle,P205,Headphones,Accessories,4,916,654.79,261.21,0.15,Cash,In-Store
T12878,2024-02-16,C2977,Priya Nair,36-50,Male,South America,Brazil,Rio,P101,Laptop,Electronics,3,828,695.42,132.58,0.15,Net Banking,Online
T12879,2024-03-23,C2978,Michael Ross,26-35,Female,South America,Brazil,Rio,P112,Mobile Phone,Electronics,1,1731,1256.23,474.77,0.0,Net Banking,Online
T12880,2024-01-07,C2979,Ethan Wilson,26-35,Male,Europe,France,Paris,P101,Laptop,Electronics,4,2668,1772.09,895.91,0.12,Credit Card,Online
T12881,2024-02-05,C2980,Maria Gomez,26-35,Male,North America,USA,New York,P303,Washing Machine,Appliances,3,4005,3015.68,989.32,0.03,UPI,Online
T12882,2024-03-14,C2981,Natalie Reed,18-25,Female,Asia,Singapore,Singapore,P520,Microwave Oven,Appliances,1,204,182.63,21.37,0.0,Debit Card,In-Store
T12883,2024-04-23,C2982,John Carter,36-50,Female,Asia,Singapore,Singapore,P205,Headphones,Accessories,1,1042,914.71,127.29,0.2,Debit Card,Online
T12884,2024-04-07,C2983,Jake Turner,50+,Female,Europe,Germany,Munich,P112,Mobile Phone,Electronics,4,6376,3848.1,2527.9,0.15,UPI,In-Store
T12885,2024-01-22,C2984,Rohan Gupta,18-25,Other,South America,Brazil,São Paulo,P303,Washing Machine,Appliances,2,1528,1014.47,513.53,0.07,Credit Card,In-Store
T12886,2024-01-13,C2985,Daniel Wong,26-35,Other,Asia,Singapore,Singapore,P112,Mobile Phone,Electronics,3,195,156.14,38.86,0.24,Net Banking,In-Store
T12887,2024-03-10,C2986,Meera Iyer,18-25,Male,South America,Argentina,Buenos Aires,P520,Microwave Oven,Appliances,4,1616,1432.28,183.72,0.23,UPI,In-Store
T12888,2024-03-30,C2987,Sonia Patel,50+,Male,Europe,Italy,Rome,P520,Microwave Oven,Appliances,2,890,654.51,235.49,0.1,Credit Card,Online
T12889,2024-02-11,C2988,Maria Gomez,18-25,Male,Asia,UAE,Abu Dhabi,P205,Headphones,Accessories,3,1473,922.97,550.03,0.23,Debit Card,In-Store
T12890,2024-01-26,C2989,Ethan Wilson,50+,Other,Europe,UK,London,P520,Microwave Oven,Appliances,3,2031,1248.19,782.81,0.15,Net Banking,Online
T12891,2024-04-27,C2990,Aditi Sharma,18-25,Other,Africa,South Africa,Cape Town,P402,Monitor,Electronics,4,5252,3796.44,1455.56,0.09,UPI,Online
T12892,2024-03-21,C2991,Michael Ross,36-50,Male,Europe,France,Paris,P205,Headphones,Accessories,2,2964,1875.32,1088.68,0.03,Net Banking,In-Store
T12893,2024-03-09,C2992,Daniel Wong,18-25,Male,Europe,Germany,Munich,P520,Microwave Oven,Appliances,2,2192,1943.55,248.45,0.17,Credit Card,In-Store
T12894,2024-03-27,C2993,Jake Turner,50+,Female,Asia,Japan,Tokyo,P205,Headphones,Accessories,3,4464,2688.07,1775.93,0.08,Credit Card,Online
T12895,2024-01-12,C2994,Daniel Wong,26-35,Other,Asia,Singapore,Singapore,P205,Headphones,Accessories,2,998,844.58,153.42,0.2,Credit Card,In-Store
T12896,2024-01-17,C2995,Rohan Gupta,26-35,Other,North America,Canada,Vancouver,P303,Washing Machine,Appliances,4,1076,660.28,415.72,0.21,Cash,Online
T12897,2024-04-05,C2996,Michael Ross,36-50,Other,Europe,Italy,Milan,P112,Mobile Phone,Electronics,3,2523,1725.18,797.82,0.09,Cash,Online
T12898,2024-03-06,C2997,Sarah Miller,36-50,Male,Europe,France,Paris,P205,Headphones,Accessories,1,1663,999.58,663.42,0.01,Cash,In-Store
T12899,2024-04-04,C2998,Lucas Brown,50+,Other,Africa,Kenya,Nairobi,P112,Mobile Phone,Electronics,3,1722,1193.08,528.92,0.24,Cash,Online
T12900,2024-01-09,C2999,Daniel Wong,36-50,Female,Asia,UAE,Dubai,P205,Headphones,Accessories,1,1798,1182.8,615.2,0.1,Net Banking,In-Store
T12901,2024-02-09,C3000,Natalie Reed,26-35,Male,South America,Brazil,São Paulo,P112,Mobile Phone,Electronics,3,2523,1875.51,647.49,0.06,Debit Card,In-Store
T12902,2024-02-02,C3001,Meera Iyer,26-35,Other,South America,Chile,Santiago,P205,Headphones,Accessories,3,2682,2054.02,627.98,0.06,Credit Card,In-Store
T12903,2024-03-18,C3002,Natalie Reed,26-35,Male,Africa,Kenya,Nairobi,P520,Microwave Oven,Appliances,4,5724,3777.37,1946.63,0.06,Debit Card,Online
T12904,2024-03-30,C3003,Maria Gomez,26-35,Male,North America,Mexico,Monterrey,P205,Headphones,Accessories,1,1489,1027.72,461.28,0.14,Credit Card,In-Store
T12905,2024-01-18,C3004,Emily Clark,18-25,Male,South America,Chile,Santiago,P205,Headphones,Accessories,2,1754,1357.58,396.42,0.02,Debit Card,Online
T12906,2024-01-02,C3005,Michael Ross,50+,Female,Asia,Singapore,Singapore,P101,Laptop,Electronics,3,480,309.16,170.84,0.23,Cash,Online
T12907,2024-01-14,C3006,Michael Ross,50+,Male,South America,Chile,Santiago,P205,Headphones,Accessories,2,1274,898.35,375.65,0.21,Net Banking,In-Store
T12908,2024-02-07,C3007,Sonia Patel,18-25,Female,Africa,Kenya,Nairobi,P402,Monitor,Electronics,2,1310,1166.63,143.37,0.11,Cash,In-Store
T12909,2024-02-05,C3008,Aditi Sharma,18-25,Female,Asia,Japan,Tokyo,P520,Microwave Oven,Appliances,4,6280,4586.8,1693.2,0.12,UPI,Online
T12910,2024-03-30,C3009,Sonia Patel,50+,Male,Asia,India,Mumbai,P402,Monitor,Electronics,4,1276,953.97,322.03,0.13,Debit Card,In-Store
T12911,2024-03-05,C3010,Maria Gomez,36-50,Female,Europe,Germany,Berlin,P112,Mobile Phone,Electronics,3,3087,1951.18,1135.82,0.21,UPI,Online
T12912,2024-01-25,C3011,Sonia Patel,36-50,Male,Europe,UK,Manchester,P402,Monitor,Electronics,3,2658,2221.7,436.3,0.09,Net Banking,In-Store
T12913,2024-02-07,C3012,Meera Iyer,26-35,Female,Africa,Egypt,Cairo,P303,Washing Machine,Appliances,2,1648,1423.94,224.06,0.22,Net Banking,In-Store
T12914,2024-04-12,C3013,Maria Gomez,36-50,Male,Europe,Italy,Milan,P520,Microwave Oven,Appliances,3,1611,1151.74,459.26,0.08,UPI,In-Store
T12915,2024-01-10,C3014,Rohan Gupta,26-35,Female,Africa,Egypt,Cairo,P112,Mobile Phone,Electronics,1,1613,1145.03,467.97,0.15,Credit Card,In-Store
T12916,2024-01-21,C3015,Lucas Brown,18-25,Other,Africa,South Africa,Johannesburg,P520,Microwave Oven,Appliances,4,7360,6413.08,946.92,0.13,Debit Card,Online
T12917,2024-01-15,C3016,Sarah Miller,26-35,Other,Europe,France,Lyon,P101,Laptop,Electronics,4,7888,6132.55,1755.45,0.16,Credit Card,In-Store
T12918,2024-03-06,C3017,Michael Ross,18-25,Other,Asia,Japan,Tokyo,P112,Mobile Phone,Electronics,1,1973,1665.62,307.38,0.19,UPI,Online
T12919,2024-01-17,C3018,Lucas Brown,18-25,Male,North America,Mexico,Monterrey,P205,Headphones,Accessories,3,3219,2566.99,652.01,0.11,Debit Card,In-Store
T12920,2024-02-12,C3019,Sonia Patel,50+,Male,North America,Canada,Toronto,P101,Laptop,Electronics,1,64,42.13,21.87,0.03,Cash,In-Store
T12921,2024-03-25,C3020,Natalie Reed,18-25,Female,South America,Argentina,Buenos Aires,P205,Headphones,Accessories,1,749,577.28,171.72,0.06,UPI,Online
T12922,2024-04-12,C3021,Meera Iyer,26-35,Male,Africa,Egypt,Cairo,P402,Monitor,Electronics,1,1958,1554.5,403.5,0.14,Credit Card,In-Store
T12923,2024-04-25,C3022,Sonia Patel,18-25,Female,North America,Mexico,Mexico City,P112,Mobile Phone,Electronics,2,1270,888.89,381.11,0.1,UPI,In-Store
T12924,2024-04-13,C3023,Emily Clark,50+,Female,Africa,South Africa,Johannesburg,P101,Laptop,Electronics,4,4260,3184.53,1075.47,0.04,Cash,Online
T12925,2024-02-13,C3024,Maria Gomez,26-35,Male,Asia,UAE,Dubai,P112,Mobile Phone,Electronics,1,553,398.06,154.94,0.16,Net Banking,In-Store
T12926,2024-03-15,C3025,Aditi Sharma,50+,Other,Asia,Singapore,Singapore,P205,Headphones,Accessories,3,5385,3666.01,1718.99,0.15,UPI,In-Store
T12927,2024-03-22,C3026,Lucas Brown,50+,Male,South America,Brazil,Rio,P112,Mobile Phone,Electronics,4,1408,1210.17,197.83,0.14,Net Banking,In-Store
T12928,2024-03-17,C3027,Aditi Sharma,36-50,Female,South America,Chile,Santiago,P402,Monitor,Electronics,1,1266,869.24,396.76,0.23,Debit Card,Online
T12929,2024-02-05,C3028,Maria Gomez,36-50,Male,North America,Canada,Toronto,P205,Headphones,Accessories,1,947,676.95,270.05,0.04,Net Banking,In-Store
T12930,2024-02-05,C3029,Lucas Brown,36-50,Other,Africa,South Africa,Johannesburg,P402,Monitor,Electronics,3,1317,864.25,452.75,0.11,Debit Card,Online
T12931,2024-04-09,C3030,Daniel Wong,50+,Other,South America,Brazil,Rio,P101,Laptop,Electronics,2,2846,1882.86,963.14,0.07,Net Banking,In-Store
T12932,2024-04-02,C3031,Michael Ross,18-25,Male,Europe,France,Lyon,P101,Laptop,Electronics,4,7088,6036.12,1051.88,0.03,Credit Card,Online
T12933,2024-01-05,C3032,Meera Iyer,18-25,Female,Asia,India,Bengaluru,P112,Mobile Phone,Electronics,4,7252,6286.28,965.72,0.25,UPI,In-Store
T12934,2024-03-18,C3033,Meera Iyer,26-35,Other,Europe,Italy,Rome,P112,Mobile Phone,Electronics,3,5226,4558.99,667.01,0.09,UPI,In-Store
T12935,2024-01-24,C3034,Sonia Patel,26-35,Male,Africa,Kenya,Nairobi,P205,Headphones,Accessories,3,1416,1033.52,382.48,0.04,Net Banking,Online
T12936,2024-03-01,C3035,Lucas Brown,50+,Male,Europe,Italy,Rome,P112,Mobile Phone,Electronics,4,2732,2261.74,470.26,0.21,Cash,In-Store
T12937,2024-04-07,C3036,Daniel Wong,50+,Female,Asia,Singapore,Singapore,P402,Monitor,Electronics,4,4836,3286.29,1549.71,0.06,Credit Card,In-Store
T12938,2024-03-29,C3037,Meera Iyer,18-25,Male,Africa,Egypt,Cairo,P520,Microwave Oven,Appliances,4,1916,1423.19,492.81,0.25,UPI,Online
T12939,2024-01-18,C3038,Maria Gomez,50+,Other,South America,Argentina,Buenos Aires,P402,Monitor,Electronics,4,544,372.76,171.24,0.22,Cash,Online
T12940,2024-01-10,C3039,Daniel Wong,50+,Female,North America,Mexico,Mexico City,P520,Microwave Oven,Appliances,2,3318,2447.85,870.15,0.06,Cash,Online
T12941,2024-01-29,C3040,Priya Nair,26-35,Male,Europe,Germany,Berlin,P205,Headphones,Accessories,2,1972,1282.72,689.28,0.11,Debit Card,Online
T12942,2024-02-06,C3041,Ethan Wilson,50+,Other,Europe,Italy,Rome,P520,Microwave Oven,Appliances,2,3884,3465.34,418.66,0.23,Cash,In-Store
T12943,2024-02-23,C3042,Sarah Miller,36-50,Other,Europe,France,Lyon,P112,Mobile Phone,Electronics,3,4536,4003.67,532.33,0.04,Debit Card,In-Store
T12944,2024-04-05,C3043,Natalie Reed,18-25,Other,South America,Argentina,Buenos Aires,P402,Monitor,Electronics,3,1740,1317.55,422.45,0.14,Net Banking,Online
T12945,2024-02-16,C3044,Aditi Sharma,36-50,Other,Africa,Egypt,Cairo,P520,Microwave Oven,Appliances,2,3538,2847.36,690.64,0.05,Cash,Online
T12946,2024-02-23,C3045,John Carter,18-25,Female,Europe,Germany,Berlin,P101,Laptop,Electronics,3,4257,2930.5,1326.5,0.01,Credit Card,In-Store
T12947,2024-01-27,C3046,Jake Turner,50+,Other,South America,Brazil,São Paulo,P520,Microwave Oven,Appliances,4,6292,5162.03,1129.97,0.19,Debit Card,Online
T12948,2024-01-07,C3047,Priya Nair,18-25,Other,Europe,Italy,Milan,P112,Mobile Phone,Electronics,1,1756,1096.98,659.02,0.15,Credit Card,Online
T12949,2024-04-29,C3048,John Carter,36-50,Other,North America,Canada,Toronto,P101,Laptop,Electronics,2,1906,1679.44,226.56,0.16,Debit Card,In-Store
T12950,2024-01-26,C3049,Sonia Patel,50+,Male,Africa,South Africa,Johannesburg,P101,Laptop,Electronics,2,2742,1666.24,1075.76,0.2,Debit Card,Online
T12951,2024-01-16,C3050,Priya Nair,36-50,Female,North America,USA,New York,P520,Microwave Oven,Appliances,1,1076,843.21,232.79,0.04,Cash,In-Store
T12952,2024-04-07,C3051,Jake Turner,50+,Other,North America,USA,Seattle,P112,Mobile Phone,Electronics,1,1223,843.15,379.85,0.01,Net Banking,Online
T12953,2024-04-22,C3052,Priya Nair,18-25,Male,Europe,France,Lyon,P402,Monitor,Electronics,4,3216,1993.21,1222.79,0.13,UPI,In-Store
T12954,2024-04-20,C3053,Sarah Miller,26-35,Male,Asia,Japan,Osaka,P303,Washing Machine,Appliances,4,1512,1103.03,408.97,0.11,Debit Card,Online
T12955,2024-02-24,C3054,Sarah Miller,26-35,Other,South America,Brazil,Rio,P112,Mobile Phone,Electronics,1,769,476.9,292.1,0.06,Debit Card,Online
T12956,2024-01-25,C3055,Jake Turner,36-50,Female,Africa,Egypt,Cairo,P101,Laptop,Electronics,2,452,315.54,136.46,0.11,Net Banking,In-Store
T12957,2024-02-08,C3056,Rohan Gupta,18-25,Female,Europe,France,Lyon,P520,Microwave Oven,Appliances,1,1650,1149.54,500.46,0.14,Credit Card,Online
T12958,2024-03-10,C3057,Natalie Reed,50+,Other,South America,Brazil,São Paulo,P303,Washing Machine,Appliances,4,2936,2383.39,552.61,0.13,Debit Card,In-Store
T12959,2024-01-06,C3058,Emily Clark,36-50,Male,Asia,UAE,Abu Dhabi,P205,Headphones,Accessories,3,1797,1126.51,670.49,0.03,Cash,In-Store
T12960,2024-01-30,C3059,Jake Turner,36-50,Other,Asia,Singapore,Singapore,P402,Monitor,Electronics,2,2344,1816.05,527.95,0.02,Net Banking,Online
T12961,2024-04-26,C3060,Michael Ross,36-50,Female,Europe,Germany,Munich,P112,Mobile Phone,Electronics,2,3596,2204.13,1391.87,0.14,Net Banking,In-Store
T12962,2024-04-13,C3061,Sarah Miller,36-50,Male,Africa,Egypt,Cairo,P520,Microwave Oven,Appliances,3,2889,1780.32,1108.68,0.15,Credit Card,Online
T12963,2024-02-29,C3062,Daniel Wong,50+,Female,Europe,Germany,Berlin,P402,Monitor,Electronics,1,1218,731.96,486.04,0.24,Cash,In-Store
T12964,2024-04-28,C3063,Sonia Patel,50+,Female,Africa,South Africa,Cape Town,P303,Washing Machine,Appliances,1,1389,876.97,512.03,0.15,UPI,In-Store
T12965,2024-04-25,C3064,Meera Iyer,50+,Male,Africa,Egypt,Cairo,P402,Monitor,Electronics,1,517,358.45,158.55,0.08,Debit Card,Online
T12966,2024-03-03,C3065,Meera Iyer,50+,Female,Europe,Germany,Berlin,P101,Laptop,Electronics,1,72,53.88,18.12,0.05,UPI,Online
T12967,2024-02-24,C3066,Daniel Wong,36-50,Female,Africa,Kenya,Nairobi,P205,Headphones,Accessories,3,1245,897.11,347.89,0.14,Debit Card,In-Store
T12968,2024-03-31,C3067,Maria Gomez,26-35,Female,Asia,UAE,Dubai,P101,Laptop,Electronics,3,4488,2791.16,1696.84,0.09,UPI,Online
T12969,2024-02-15,C3068,Aditi Sharma,26-35,Female,Africa,Kenya,Nairobi,P520,Microwave Oven,Appliances,2,1700,1177.98,522.02,0.24,Cash,Online
T12970,2024-01-20,C3069,Sarah Miller,18-25,Male,North America,USA,Chicago,P303,Washing Machine,Appliances,4,3152,2071.23,1080.77,0.24,Credit Card,In-Store
T12971,2024-03-26,C3070,Lucas Brown,26-35,Female,Africa,Egypt,Cairo,P112,Mobile Phone,Electronics,1,90,73.04,16.96,0.21,Cash,In-Store
T12972,2024-03-19,C3071,Daniel Wong,26-35,Female,North America,USA,Chicago,P205,Headphones,Accessories,1,1969,1364.54,604.46,0.06,Net Banking,In-Store
T12973,2024-03-30,C3072,Jake Turner,18-25,Male,South America,Brazil,Rio,P402,Monitor,Electronics,2,2648,1824.58,823.42,0.09,Cash,In-Store
T12974,2024-01-21,C3073,Michael Ross,50+,Male,Africa,Kenya,Nairobi,P303,Washing Machine,Appliances,4,3452,2536.45,915.55,0.16,Credit Card,In-Store
T12975,2024-04-17,C3074,Natalie Reed,50+,Other,Europe,Germany,Berlin,P101,Laptop,Electronics,4,988,836.95,151.05,0.1,Debit Card,Online
T12976,2024-03-11,C3075,Maria Gomez,36-50,Male,Asia,Singapore,Singapore,P205,Headphones,Accessories,4,3788,2902.18,885.82,0.13,Credit Card,In-Store
T12977,2024-02-11,C3076,Sonia Patel,50+,Male,North America,Canada,Toronto,P101,Laptop,Electronics,4,6152,4283.68,1868.32,0.06,Debit Card,Online
T12978,2024-04-20,C3077,Sarah Miller,36-50,Female,Africa,Kenya,Nairobi,P520,Microwave Oven,Appliances,3,4653,3876.09,776.91,0.16,Debit Card,In-Store
T12979,2024-02-04,C3078,Maria Gomez,18-25,Male,Asia,Singapore,Singapore,P101,Laptop,Electronics,2,2548,2185.98,362.02,0.18,UPI,In-Store
T12980,2024-04-01,C3079,Lucas Brown,50+,Other,North America,Mexico,Mexico City,P303,Washing Machine,Appliances,2,3658,2941.19,716.81,0.01,UPI,Online
T12981,2024-03-12,C3080,Aditi Sharma,36-50,Female,Europe,Italy,Rome,P112,Mobile Phone,Electronics,1,1563,1035.51,527.49,0.17,UPI,In-Store
T12982,2024-03-17,C3081,Sonia Patel,26-35,Female,South America,Brazil,São Paulo,P112,Mobile Phone,Electronics,2,162,107.3,54.7,0.16,UPI,Online
T12983,2024-03-18,C3082,Jake Turner,36-50,Other,Asia,Singapore,Singapore,P402,Monitor,Electronics,2,1216,841.35,374.65,0.17,Net Banking,In-Store
T12984,2024-02-16,C3083,Aditi Sharma,50+,Male,Europe,France,Paris,P520,Microwave Oven,Appliances,3,3276,2103.26,1172.74,0.09,UPI,Online
T12985,2024-04-16,C3084,Jake Turner,18-25,Female,North America,Mexico,Mexico City,P112,Mobile Phone,Electronics,4,7572,5445.5,2126.5,0.05,Debit Card,In-Store
T12986,2024-04-25,C3085,Rohan Gupta,18-25,Other,North America,Canada,Toronto,P303,Washing Machine,Appliances,4,6412,4179.58,2232.42,0.09,Debit Card,In-Store
T12987,2024-02-08,C3086,Lucas Brown,36-50,Female,North America,Mexico,Mexico City,P205,Headphones,Accessories,2,626,483.21,142.79,0.01,Debit Card,In-Store
T12988,2024-01-07,C3087,Sarah Miller,36-50,Female,South America,Chile,Santiago,P112,Mobile Phone,Electronics,2,3716,3163.98,552.02,0.13,UPI,Online
T12989,2024-03-04,C3088,Jake Turner,50+,Male,Asia,India,Delhi,P402,Monitor,Electronics,4,3084,2386.2,697.8,0.15,Debit Card,Online
T12990,2024-03-19,C3089,Daniel Wong,36-50,Other,South America,Chile,Santiago,P402,Monitor,Electronics,1,1089,773.73,315.27,0.09,UPI,Online
T12991,2024-04-01,C3090,Rohan Gupta,26-35,Other,Asia,Japan,Tokyo,P303,Washing Machine,Appliances,1,154,135.46,18.54,0.18,Net Banking,Online
T12992,2024-02-05,C3091,Emily Clark,36-50,Female,North America,Canada,Toronto,P101,Laptop,Electronics,3,3348,2583.19,764.81,0.22,Net Banking,In-Store
T12993,2024-03-12,C3092,Natalie Reed,36-50,Male,Africa,Kenya,Nairobi,P303,Washing Machine,Appliances,1,193,146.4,46.6,0.07,Debit Card,In-Store
T12994,2024-01-22,C3093,Jake Turner,36-50,Other,North America,USA,Chicago,P303,Washing Machine,Appliances,1,893,762.89,130.11,0.25,UPI,In-Store
T12995,2024-03-09,C3094,Daniel Wong,50+,Female,North America,USA,Seattle,P402,Monitor,Electronics,3,3720,3154.88,565.12,0.21,Debit Card,In-Store
T12996,2024-01-07,C3095,Meera Iyer,18-25,Other,North America,USA,Seattle,P205,Headphones,Accessories,4,5720,4461.62,1258.38,0.05,Cash,Online
T12997,2024-03-19,C3096,Rohan Gupta,18-25,Female,Africa,Kenya,Nairobi,P520,Microwave Oven,Appliances,2,146,107.14,38.86,0.14,Debit Card,Online
T12998,2024-03-30,C3097,Daniel Wong,18-25,Other,Asia,UAE,Dubai,P303,Washing Machine,Appliances,2,1142,935.38,206.62,0.13,Debit Card,In-Store
T12999,2024-04-21,C3098,Sarah Miller,50+,Male,North America,USA,Chicago,P101,Laptop,Electronics,1,1612,1034.51,577.49,0.0,Credit Card,Online
T13000,2024-04-29,C3099,Ethan Wilson,50+,Other,Europe,France,Paris,P303,Washing Machine,Appliances,2,116,83.99,32.01,0.12,Debit Card,In-Store
T13001,2024-03-13,C3100,John Carter,18-25,Other,Africa,Egypt,Cairo,P112,Mobile Phone,Electronics,3,3099,2049.61,1049.39,0.05,Debit Card,Online
T13002,2024-02-12,C3101,John Carter,50+,Other,Europe,France,Lyon,P303,Washing Machine,Appliances,4,3296,2409.83,886.17,0.18,Credit Card,In-Store
T13003,2024-02-13,C3102,Natalie Reed,26-35,Other,Africa,South Africa,Johannesburg,P101,Laptop,Electronics,3,1035,709.58,325.42,0.12,Credit Card,In-Store
T13004,2024-02-28,C3103,Sonia Patel,50+,Female,Asia,Japan,Osaka,P205,Headphones,Accessories,1,920,591.48,328.52,0.23,Net Banking,In-Store
T13005,2024-04-21,C3104,Daniel Wong,26-35,Male,Asia,UAE,Dubai,P520,Microwave Oven,Appliances,2,3366,2479.98,886.02,0.02,UPI,Online
T13006,2024-01-18,C3105,Jake Turner,36-50,Female,North America,Mexico,Mexico City,P112,Mobile Phone,Electronics,4,1220,1095.03,124.97,0.01,Cash,In-Store
T13007,2024-01-02,C3106,Michael Ross,26-35,Male,South America,Argentina,Buenos Aires,P402,Monitor,Electronics,2,2840,1868.45,971.55,0.22,Net Banking,Online
T13008,2024-04-26,C3107,Sarah Miller,36-50,Female,Africa,Egypt,Cairo,P520,Microwave Oven,Appliances,4,3316,2021.89,1294.11,0.19,Credit Card,In-Store
T13009,2024-04-19,C3108,Meera Iyer,26-35,Female,Asia,UAE,Dubai,P205,Headphones,Accessories,1,565,370.25,194.75,0.11,Net Banking,Online
T13010,2024-01-01,C3109,Rohan Gupta,26-35,Male,South America,Chile,Santiago,P112,Mobile Phone,Electronics,1,1784,1105.19,678.81,0.09,Net Banking,Online
T13011,2024-01-19,C3110,John Carter,26-35,Male,South America,Brazil,São Paulo,P101,Laptop,Electronics,3,1245,947.97,297.03,0.17,Cash,In-Store
T13012,2024-04-13,C3111,Jake Turner,18-25,Female,Asia,Singapore,Singapore,P520,Microwave Oven,Appliances,2,960,667.22,292.78,0.19,Cash,In-Store
T13013,2024-04-23,C3112,Priya Nair,50+,Male,North America,Mexico,Mexico City,P520,Microwave Oven,Appliances,2,3860,3442.17,417.83,0.01,Credit Card,Online
T13014,2024-03-18,C3113,Rohan Gupta,18-25,Female,Europe,UK,London,P205,Headphones,Accessories,1,1813,1402.44,410.56,0.09,Debit Card,Online
T13015,2024-03-22,C3114,Priya Nair,18-25,Female,Asia,UAE,Abu Dhabi,P303,Washing Machine,Appliances,2,1622,1085.65,536.35,0.13,Cash,In-Store
T13016,2024-03-14,C3115,Michael Ross,36-50,Other,Africa,South Africa,Cape Town,P520,Microwave Oven,Appliances,2,3416,2921.97,494.03,0.04,Net Banking,In-Store
T13017,2024-01-27,C3116,Michael Ross,26-35,Male,North America,Canada,Toronto,P112,Mobile Phone,Electronics,4,968,632.21,335.79,0.16,Cash,In-Store
T13018,2024-01-09,C3117,Daniel Wong,26-35,Other,South America,Argentina,Buenos Aires,P303,Washing Machine,Appliances,4,5848,4568.24,1279.76,0.04,Credit Card,In-Store
T13019,2024-04-23,C3118,Rohan Gupta,18-25,Male,Europe,Germany,Munich,P101,Laptop,Electronics,1,1514,1003.75,510.25,0.19,Net Banking,In-Store
T13020,2024-01-11,C3119,Emily Clark,18-25,Other,Europe,UK,Manchester,P101,Laptop,Electronics,4,6408,4220.0,2188.0,0.04,Debit Card,In-Store
T13021,2024-03-24,C3120,Emily Clark,50+,Other,North America,Mexico,Mexico City,P112,Mobile Phone,Electronics,1,1947,1607.51,339.49,0.02,Credit Card,Online
T13022,2024-04-13,C3121,Emily Clark,36-50,Other,Asia,Japan,Tokyo,P402,Monitor,Electronics,3,3813,3291.18,521.82,0.22,Credit Card,In-Store
T13023,2024-02-10,C3122,Ethan Wilson,36-50,Female,Asia,Japan,Osaka,P205,Headphones,Accessories,1,810,549.54,260.46,0.18,Debit Card,In-Store
T13024,2024-03-14,C3123,John Carter,18-25,Female,Europe,France,Paris,P520,Microwave Oven,Appliances,2,2634,2095.09,538.91,0.04,Cash,In-Store
T13025,2024-01-30,C3124,Jake Turner,18-25,Other,Africa,Egypt,Cairo,P205,Headphones,Accessories,2,972,665.81,306.19,0.12,Debit Card,Online
T13026,2024-03-25,C3125,Sarah Miller,50+,Other,Europe,UK,Manchester,P205,Headphones,Accessories,1,1503,923.38,579.62,0.1,Cash,In-Store
T13027,2024-04-13,C3126,Rohan Gupta,18-25,Other,North America,Canada,Toronto,P402,Monitor,Electronics,4,7048,5910.35,1137.65,0.16,Cash,Online
T13028,2024-03-05,C3127,John Carter,50+,Male,North America,Mexico,Mexico City,P112,Mobile Phone,Electronics,1,1450,1282.51,167.49,0.06,Credit Card,Online
T13029,2024-04-05,C3128,Sarah Miller,18-25,Male,North America,Canada,Toronto,P101,Laptop,Electronics,1,289,233.94,55.06,0.11,Net Banking,Online
T13030,2024-03-16,C3129,Emily Clark,50+,Male,South America,Chile,Santiago,P101,Laptop,Electronics,3,4269,2907.19,1361.81,0.17,Net Banking,In-Store
T13031,2024-03-01,C3130,Lucas Brown,18-25,Male,North America,Canada,Toronto,P101,Laptop,Electronics,4,6420,5381.56,1038.44,0.05,Debit Card,Online
T13032,2024-04-04,C3131,John Carter,36-50,Other,Asia,UAE,Abu Dhabi,P303,Washing Machine,Appliances,2,226,168.26,57.74,0.08,UPI,In-Store
T13033,2024-03-15,C3132,Maria Gomez,50+,Other,North America,Canada,Toronto,P205,Headphones,Accessories,1,519,324.64,194.36,0.05,Debit Card,Online
T13034,2024-03-24,C3133,Meera Iyer,36-50,Female,Europe,Germany,Berlin,P101,Laptop,Electronics,3,3282,2818.7,463.3,0.13,Credit Card,In-Store
T13035,2024-03-13,C3134,Maria Gomez,50+,Male,Africa,Egypt,Cairo,P402,Monitor,Electronics,1,625,528.63,96.37,0.03,Debit Card,Online
T13036,2024-04-26,C3135,John Carter,18-25,Other,North America,Canada,Vancouver,P101,Laptop,Electronics,2,3812,3055.08,756.92,0.06,UPI,Online
T13037,2024-02-29,C3136,Jake Turner,18-25,Other,South America,Brazil,Rio,P112,Mobile Phone,Electronics,2,3692,2322.58,1369.42,0.09,Credit Card,Online
T13038,2024-03-10,C3137,Aditi Sharma,50+,Female,Africa,Egypt,Cairo,P303,Washing Machine,Appliances,4,5252,4643.56,608.44,0.15,UPI,In-Store
T13039,2024-04-28,C3138,Daniel Wong,26-35,Female,South America,Argentina,Buenos Aires,P112,Mobile Phone,Electronics,2,3232,2221.62,1010.38,0.09,Net Banking,In-Store
T13040,2024-02-07,C3139,Maria Gomez,26-35,Male,North America,Canada,Vancouver,P112,Mobile Phone,Electronics,3,729,607.24,121.76,0.08,Debit Card,In-Store
T13041,2024-01-25,C3140,Maria Gomez,50+,Other,Africa,Kenya,Nairobi,P101,Laptop,Electronics,3,2172,1846.12,325.88,0.18,Net Banking,In-Store
T13042,2024-03-15,C3141,John Carter,26-35,Female,South America,Argentina,Buenos Aires,P303,Washing Machine,Appliances,4,2128,1376.33,751.67,0.18,UPI,Online
T13043,2024-03-04,C3142,Lucas Brown,18-25,Female,Africa,South Africa,Cape Town,P112,Mobile Phone,Electronics,4,2668,1996.23,671.77,0.01,UPI,Online
T13044,2024-03-08,C3143,Maria Gomez,26-35,Male,North America,Mexico,Mexico City,P205,Headphones,Accessories,4,684,577.97,106.03,0.16,Net Banking,In-Store
T13045,2024-01-25,C3144,Lucas Brown,50+,Other,North America,Canada,Vancouver,P520,Microwave Oven,Appliances,4,4968,4359.04,608.96,0.21,Credit Card,Online
T13046,2024-04-26,C3145,Aditi Sharma,50+,Female,North America,USA,Chicago,P402,Monitor,Electronics,3,5565,3672.31,1892.69,0.01,Credit Card,Online
T13047,2024-02-06,C3146,Michael Ross,26-35,Female,Europe,Italy,Rome,P402,Monitor,Electronics,1,547,411.35,135.65,0.24,Debit Card,Online
T13048,2024-04-20,C3147,Sarah Miller,26-35,Male,Africa,Kenya,Nairobi,P101,Laptop,Electronics,3,4413,3174.99,1238.01,0.19,UPI,Online
T13049,2024-03-12,C3148,John Carter,26-35,Female,South America,Brazil,São Paulo,P205,Headphones,Accessories,2,818,606.47,211.53,0.22,Cash,In-Store
T13050,2024-04-24,C3149,Priya Nair,26-35,Male,Europe,Italy,Milan,P303,Washing Machine,Appliances,1,1295,814.75,480.25,0.03,Cash,In-Store
T13051,2024-01-07,C3150,Emily Clark,50+,Male,Asia,Singapore,Singapore,P112,Mobile Phone,Electronics,2,1606,1415.45,190.55,0.01,Cash,Online
T13052,2024-02-19,C3151,Priya Nair,36-50,Other,Asia,India,Mumbai,P101,Laptop,Electronics,1,1370,1174.36,195.64,0.03,Debit Card,In-Store
T13053,2024-01-05,C3152,Maria Gomez,36-50,Male,South America,Argentina,Buenos Aires,P402,Monitor,Electronics,4,3896,2988.39,907.61,0.18,UPI,In-Store
T13054,2024-04-05,C3153,Sonia Patel,26-35,Other,Asia,UAE,Dubai,P205,Headphones,Accessories,4,512,392.72,119.28,0.1,UPI,Online
T13055,2024-02-25,C3154,Natalie Reed,26-35,Other,Asia,India,Bengaluru,P303,Washing Machine,Appliances,1,253,160.01,92.99,0.13,Credit Card,Online
T13056,2024-04-01,C3155,Priya Nair,18-25,Male,Africa,Egypt,Cairo,P402,Monitor,Electronics,3,3198,2107.12,1090.88,0.05,Credit Card,Online
T13057,2024-04-05,C3156,Priya Nair,18-25,Other,Europe,France,Paris,P402,Monitor,Electronics,2,3282,2332.14,949.86,0.02,Debit Card,Online
T13058,2024-03-20,C3157,Natalie Reed,36-50,Other,Asia,Japan,Osaka,P205,Headphones,Accessories,3,3624,2479.78,1144.22,0.23,UPI,Online
T13059,2024-03-25,C3158,Emily Clark,36-50,Male,Africa,Egypt,Cairo,P520,Microwave Oven,Appliances,3,3468,2948.01,519.99,0.1,Cash,In-Store
T13060,2024-01-14,C3159,Sonia Patel,36-50,Female,Europe,UK,London,P520,Microwave Oven,Appliances,4,2168,1544.4,623.6,0.02,Credit Card,Online
T13061,2024-02-21,C3160,Priya Nair,50+,Male,North America,Canada,Toronto,P520,Microwave Oven,Appliances,2,2442,1841.5,600.5,0.17,Net Banking,Online
T13062,2024-01-19,C3161,Maria Gomez,50+,Female,South America,Brazil,São Paulo,P101,Laptop,Electronics,4,7636,5118.68,2517.32,0.18,Debit Card,In-Store
T13063,2024-03-01,C3162,Natalie Reed,18-25,Other,North America,Mexico,Monterrey,P520,Microwave Oven,Appliances,1,207,167.09,39.91,0.21,UPI,In-Store
T13064,2024-03-28,C3163,Aditi Sharma,50+,Female,South America,Chile,Santiago,P205,Headphones,Accessories,4,3188,2059.02,1128.98,0.02,UPI,In-Store
T13065,2024-03-22,C3164,Meera Iyer,26-35,Other,Asia,Japan,Osaka,P101,Laptop,Electronics,3,3432,2380.85,1051.15,0.13,Net Banking,In-Store
T13066,2024-02-10,C3165,Aditi Sharma,50+,Female,Europe,France,Paris,P402,Monitor,Electronics,2,2064,1728.91,335.09,0.12,Credit Card,In-Store
T13067,2024-01-04,C3166,Natalie Reed,50+,Female,Asia,UAE,Dubai,P402,Monitor,Electronics,1,346,256.78,89.22,0.1,Net Banking,In-Store
T13068,2024-04-10,C3167,Natalie Reed,36-50,Other,Asia,UAE,Dubai,P112,Mobile Phone,Electronics,1,1916,1253.07,662.93,0.11,Net Banking,In-Store
T13069,2024-02-29,C3168,Meera Iyer,26-35,Female,South America,Argentina,Buenos Aires,P303,Washing Machine,Appliances,4,5416,4695.86,720.14,0.21,UPI,In-Store
T13070,2024-02-13,C3169,Lucas Brown,26-35,Other,Asia,Japan,Tokyo,P520,Microwave Oven,Appliances,4,5644,3488.37,2155.63,0.02,UPI,Online
T13071,2024-02-13,C3170,John Carter,26-35,Female,South America,Argentina,Buenos Aires,P520,Microwave Oven,Appliances,2,3712,3025.43,686.57,0.15,Net Banking,Online
T13072,2024-03-22,C3171,Lucas Brown,50+,Female,South America,Chile,Santiago,P101,Laptop,Electronics,3,5463,4066.14,1396.86,0.1,UPI,In-Store
T13073,2024-04-23,C3172,John Carter,26-35,Male,Asia,India,Delhi,P520,Microwave Oven,Appliances,3,1752,1272.1,479.9,0.14,Cash,In-Store
T13074,2024-04-24,C3173,Natalie Reed,26-35,Male,Europe,UK,Manchester,P112,Mobile Phone,Electronics,4,6072,3701.52,2370.48,0.07,Credit Card,Online
T13075,2024-02-09,C3174,Lucas Brown,18-25,Female,Asia,India,Bengaluru,P101,Laptop,Electronics,3,3603,2629.92,973.08,0.05,Debit Card,In-Store
T13076,2024-03-25,C3175,Natalie Reed,36-50,Male,North America,Mexico,Monterrey,P112,Mobile Phone,Electronics,2,2586,2217.48,368.52,0.12,Credit Card,In-Store
T13077,2024-02-14,C3176,Rohan Gupta,36-50,Female,Asia,India,Mumbai,P402,Monitor,Electronics,2,2764,2207.06,556.94,0.08,Debit Card,Online
T13078,2024-04-23,C3177,Daniel Wong,26-35,Male,North America,Mexico,Monterrey,P303,Washing Machine,Appliances,3,2214,1958.84,255.16,0.21,Credit Card,In-Store
T13079,2024-02-04,C3178,John Carter,26-35,Male,Asia,India,Delhi,P520,Microwave Oven,Appliances,2,1920,1717.45,202.55,0.09,UPI,In-Store
T13080,2024-03-02,C3179,Sarah Miller,50+,Female,Asia,India,Delhi,P112,Mobile Phone,Electronics,4,5188,3460.52,1727.48,0.02,Credit Card,Online
T13081,2024-03-15,C3180,Maria Gomez,18-25,Other,Asia,Japan,Tokyo,P402,Monitor,Electronics,3,5799,5089.91,709.09,0.04,Net Banking,In-Store
T13082,2024-02-11,C3181,Michael Ross,26-35,Male,South America,Brazil,Rio,P402,Monitor,Electronics,2,1958,1675.83,282.17,0.08,UPI,In-Store
T13083,2024-04-24,C3182,John Carter,18-25,Male,Africa,Egypt,Cairo,P402,Monitor,Electronics,1,1349,1172.44,176.56,0.23,Debit Card,Online
T13084,2024-04-03,C3183,Jake Turner,26-35,Other,Asia,UAE,Abu Dhabi,P303,Washing Machine,Appliances,4,1348,869.26,478.74,0.14,Credit Card,In-Store
T13085,2024-02-24,C3184,Aditi Sharma,50+,Male,Africa,Kenya,Nairobi,P101,Laptop,Electronics,4,1516,973.5,542.5,0.1,Net Banking,Online
T13086,2024-02-12,C3185,Daniel Wong,26-35,Male,Asia,UAE,Abu Dhabi,P520,Microwave Oven,Appliances,3,3078,2463.96,614.04,0.19,Credit Card,Online
T13087,2024-04-29,C3186,Michael Ross,50+,Female,Europe,UK,London,P101,Laptop,Electronics,2,2110,1825.46,284.54,0.08,Debit Card,Online
T13088,2024-03-18,C3187,Michael Ross,36-50,Other,Africa,Egypt,Cairo,P101,Laptop,Electronics,2,2986,2412.04,573.96,0.15,Credit Card,In-Store
T13089,2024-03-04,C3188,Sarah Miller,18-25,Female,Europe,France,Paris,P402,Monitor,Electronics,4,6584,4740.94,1843.06,0.17,Credit Card,In-Store
T13090,2024-02-25,C3189,Daniel Wong,36-50,Other,Europe,UK,Manchester,P402,Monitor,Electronics,4,3392,2078.97,1313.03,0.22,Credit Card,Online
T13091,2024-03-09,C3190,Jake Turner,36-50,Male,North America,USA,Seattle,P205,Headphones,Accessories,2,3692,2292.99,1399.01,0.17,Debit Card,In-Store
T13092,2024-01-15,C3191,Sonia Patel,26-35,Male,North America,Mexico,Mexico City,P101,Laptop,Electronics,4,7336,6317.2,1018.8,0.09,Debit Card,In-Store
T13093,2024-04-20,C3192,Priya Nair,18-25,Female,South America,Brazil,Rio,P205,Headphones,Accessories,3,5568,4205.81,1362.19,0.22,Cash,Online
T13094,2024-03-23,C3193,Rohan Gupta,50+,Other,Africa,Egypt,Cairo,P112,Mobile Phone,Electronics,1,1677,1281.16,395.84,0.13,UPI,In-Store
T13095,2024-03-03,C3194,Sonia Patel,36-50,Male,Europe,Italy,Rome,P520,Microwave Oven,Appliances,3,2676,2367.18,308.82,0.16,UPI,In-Store
T13096,2024-03-07,C3195,Maria Gomez,18-25,Female,Asia,India,Mumbai,P101,Laptop,Electronics,2,872,783.14,88.86,0.02,Cash,Online
T13097,2024-02-27,C3196,Sarah Miller,50+,Female,North America,Mexico,Monterrey,P303,Washing Machine,Appliances,1,1927,1711.32,215.68,0.06,UPI,In-Store
T13098,2024-01-10,C3197,Ethan Wilson,50+,Female,South America,Brazil,São Paulo,P402,Monitor,Electronics,1,1320,998.64,321.36,0.05,Net Banking,In-Store
T13099,2024-01-10,C3198,Daniel Wong,26-35,Male,North America,USA,Chicago,P303,Washing Machine,Appliances,1,1632,1417.59,214.41,0.01,Debit Card,Online
T13100,2024-01-04,C3199,Daniel Wong,26-35,Male,Asia,Singapore,Singapore,P205,Headphones,Accessories,4,4744,3535.9,1208.1,0.12,Credit Card,In-Store
T13101,2024-01-02,C3200,Meera Iyer,36-50,Male,Asia,India,Bengaluru,P205,Headphones,Accessories,4,968,716.11,251.89,0.02,Net Banking,Online
T13102,2024-01-07,C3201,Ethan Wilson,36-50,Male,Asia,India,Delhi,P112,Mobile Phone,Electronics,3,5271,3594.16,1676.84,0.0,Net Banking,Online
T13103,2024-04-18,C3202,Sarah Miller,18-25,Other,Europe,UK,Manchester,P205,Headphones,Accessories,2,1466,917.26,548.74,0.02,Credit Card,Online
T13104,2024-01-14,C3203,Daniel Wong,36-50,Other,Asia,UAE,Abu Dhabi,P101,Laptop,Electronics,2,3742,2531.04,1210.96,0.23,Net Banking,Online
T13105,2024-03-31,C3204,Sarah Miller,36-50,Other,South America,Brazil,Rio,P520,Microwave Oven,Appliances,2,3544,3069.64,474.36,0.06,Debit Card,Online
T13106,2024-03-01,C3205,Ethan Wilson,50+,Other,Europe,France,Paris,P520,Microwave Oven,Appliances,4,616,437.68,178.32,0.18,UPI,Online
T13107,2024-04-17,C3206,Ethan Wilson,18-25,Female,Europe,Italy,Rome,P402,Monitor,Electronics,1,370,307.77,62.23,0.04,Cash,In-Store
T13108,2024-04-06,C3207,Jake Turner,50+,Female,North America,USA,Seattle,P520,Microwave Oven,Appliances,2,3516,2250.29,1265.71,0.16,Credit Card,Online
T13109,2024-03-22,C3208,Ethan Wilson,36-50,Male,South America,Argentina,Buenos Aires,P520,Microwave Oven,Appliances,4,7872,6129.48,1742.52,0.11,Cash,In-Store
T13110,2024-04-06,C3209,Ethan Wilson,18-25,Female,Asia,Japan,Osaka,P303,Washing Machine,Appliances,3,162,115.29,46.71,0.03,Cash,In-Store
T13111,2024-03-11,C3210,John Carter,50+,Female,Europe,France,Paris,P112,Mobile Phone,Electronics,1,397,340.77,56.23,0.2,Debit Card,In-Store
T13112,2024-04-10,C3211,Ethan Wilson,18-25,Female,Africa,South Africa,Johannesburg,P101,Laptop,Electronics,3,5481,3652.66,1828.34,0.02,Debit Card,In-Store
T13113,2024-04-28,C3212,Sonia Patel,50+,Male,South America,Chile,Santiago,P520,Microwave Oven,Appliances,2,3046,2314.06,731.94,0.07,Credit Card,Online
T13114,2024-03-08,C3213,Sarah Miller,50+,Other,South America,Brazil,Rio,P101,Laptop,Electronics,4,528,469.43,58.57,0.11,Net Banking,In-Store
T13115,2024-01-15,C3214,Aditi Sharma,36-50,Male,North America,USA,New York,P101,Laptop,Electronics,4,1356,979.66,376.34,0.07,Cash,In-Store
T13116,2024-01-30,C3215,Priya Nair,50+,Female,Europe,UK,Manchester,P520,Microwave Oven,Appliances,1,1036,640.61,395.39,0.04,Cash,In-Store
T13117,2024-03-19,C3216,Michael Ross,26-35,Male,Asia,India,Mumbai,P205,Headphones,Accessories,2,3538,2778.79,759.21,0.18,Cash,Online
T13118,2024-02-05,C3217,Emily Clark,18-25,Female,Africa,Kenya,Nairobi,P402,Monitor,Electronics,1,1561,1296.93,264.07,0.03,UPI,In-Store
T13119,2024-01-23,C3218,Michael Ross,36-50,Male,North America,Canada,Toronto,P303,Washing Machine,Appliances,4,1160,1027.58,132.42,0.2,Debit Card,Online
T13120,2024-01-14,C3219,Michael Ross,18-25,Male,North America,Mexico,Mexico City,P303,Washing Machine,Appliances,2,1408,1043.56,364.44,0.08,Credit Card,In-Store
T13121,2024-04-25,C3220,Michael Ross,36-50,Other,Africa,Egypt,Cairo,P303,Washing Machine,Appliances,2,114,68.78,45.22,0.01,Net Banking,Online
T13122,2024-03-08,C3221,Maria Gomez,26-35,Male,Europe,France,Paris,P303,Washing Machine,Appliances,2,1922,1657.72,264.28,0.19,Net Banking,In-Store
T13123,2024-02-26,C3222,John Carter,36-50,Other,South America,Argentina,Buenos Aires,P112,Mobile Phone,Electronics,3,4773,3320.11,1452.89,0.1,Credit Card,Online
T13124,2024-03-15,C3223,Lucas Brown,18-25,Female,North America,USA,Chicago,P303,Washing Machine,Appliances,3,1383,951.07,431.93,0.16,Credit Card,Online
T13125,2024-03-20,C3224,Daniel Wong,18-25,Female,Asia,Japan,Osaka,P112,Mobile Phone,Electronics,3,2865,2458.79,406.21,0.24,Debit Card,In-Store
T13126,2024-01-12,C3225,Daniel Wong,26-35,Other,South America,Argentina,Buenos Aires,P101,Laptop,Electronics,1,349,301.18,47.82,0.23,Debit Card,Online
T13127,2024-04-05,C3226,Maria Gomez,26-35,Female,Europe,France,Lyon,P101,Laptop,Electronics,4,4164,3685.01,478.99,0.03,Debit Card,In-Store
T13128,2024-01-21,C3227,Ethan Wilson,50+,Female,Asia,Singapore,Singapore,P112,Mobile Phone,Electronics,3,5367,3817.65,1549.35,0.16,Cash,In-Store
T13129,2024-01-21,C3228,Sonia Patel,36-50,Male,Asia,India,Delhi,P402,Monitor,Electronics,3,1293,1024.68,268.32,0.16,Debit Card,In-Store
T13130,2024-03-16,C3229,Emily Clark,18-25,Other,South America,Chile,Santiago,P402,Monitor,Electronics,2,1278,1093.18,184.82,0.19,Credit Card,Online
T13131,2024-02-25,C3230,Sonia Patel,18-25,Female,Asia,Japan,Osaka,P402,Monitor,Electronics,3,924,817.46,106.54,0.24,Debit Card,In-Store
T13132,2024-03-03,C3231,Lucas Brown,36-50,Male,Africa,South Africa,Cape Town,P205,Headphones,Accessories,4,1816,1258.45,557.55,0.22,Credit Card,Online
T13133,2024-02-25,C3232,Emily Clark,18-25,Female,North America,Canada,Vancouver,P520,Microwave Oven,Appliances,4,236,197.26,38.74,0.03,UPI,In-Store
T13134,2024-04-01,C3233,Sarah Miller,18-25,Female,Europe,Germany,Munich,P101,Laptop,Electronics,1,79,65.68,13.32,0.01,Net Banking,Online
T13135,2024-04-05,C3234,Ethan Wilson,36-50,Other,North America,USA,Chicago,P112,Mobile Phone,Electronics,1,595,385.55,209.45,0.0,Cash,Online
T13136,2024-01-31,C3235,Michael Ross,50+,Other,Europe,France,Paris,P205,Headphones,Accessories,3,1998,1212.17,785.83,0.15,Net Banking,In-Store
T13137,2024-02-13,C3236,Jake Turner,18-25,Other,Europe,Italy,Rome,P402,Monitor,Electronics,3,2025,1360.55,664.45,0.16,Net Banking,In-Store
T13138,2024-03-09,C3237,Lucas Brown,50+,Female,South America,Brazil,Rio,P101,Laptop,Electronics,3,2922,1794.94,1127.06,0.24,UPI,Online
T13139,2024-02-05,C3238,Ethan Wilson,26-35,Male,Asia,Singapore,Singapore,P520,Microwave Oven,Appliances,4,3616,2521.89,1094.11,0.21,Net Banking,Online
T13140,2024-04-05,C3239,Meera Iyer,36-50,Male,Africa,Egypt,Cairo,P303,Washing Machine,Appliances,2,434,305.97,128.03,0.15,Cash,Online
T13141,2024-03-21,C3240,Aditi Sharma,50+,Other,North America,Mexico,Monterrey,P520,Microwave Oven,Appliances,1,1124,838.22,285.78,0.02,Credit Card,Online
T13142,2024-01-15,C3241,John Carter,26-35,Female,Africa,Kenya,Nairobi,P303,Washing Machine,Appliances,1,393,260.62,132.38,0.08,Net Banking,In-Store
T13143,2024-04-19,C3242,Lucas Brown,50+,Other,North America,Canada,Vancouver,P101,Laptop,Electronics,2,2742,2101.34,640.66,0.15,Cash,In-Store
T13144,2024-04-27,C3243,Natalie Reed,36-50,Other,North America,USA,Seattle,P205,Headphones,Accessories,4,3768,2458.28,1309.72,0.08,Cash,Online
T13145,2024-01-31,C3244,Jake Turner,50+,Male,Africa,Egypt,Cairo,P101,Laptop,Electronics,1,533,447.01,85.99,0.15,Credit Card,In-Store
T13146,2024-01-08,C3245,John Carter,50+,Female,Africa,South Africa,Johannesburg,P101,Laptop,Electronics,4,5860,3933.73,1926.27,0.13,UPI,Online
T13147,2024-02-27,C3246,Natalie Reed,36-50,Other,South America,Brazil,São Paulo,P303,Washing Machine,Appliances,2,2256,1786.81,469.19,0.15,Net Banking,Online
T13148,2024-04-17,C3247,John Carter,18-25,Male,Asia,India,Delhi,P402,Monitor,Electronics,3,1059,655.38,403.62,0.16,Debit Card,Online
T13149,2024-04-01,C3248,John Carter,50+,Female,Europe,France,Paris,P520,Microwave Oven,Appliances,2,192,163.31,28.69,0.08,Debit Card,Online
T13150,2024-02-19,C3249,Michael Ross,26-35,Female,South America,Brazil,Rio,P520,Microwave Oven,Appliances,4,2944,2218.98,725.02,0.16,UPI,In-Store
T13151,2024-01-05,C3250,Sonia Patel,26-35,Male,Asia,UAE,Dubai,P205,Headphones,Accessories,2,3172,2621.98,550.02,0.23,Cash,In-Store
T13152,2024-01-31,C3251,Meera Iyer,18-25,Female,South America,Argentina,Buenos Aires,P112,Mobile Phone,Electronics,2,1304,882.56,421.44,0.03,Credit Card,Online
T13153,2024-01-28,C3252,Lucas Brown,26-35,Male,Africa,Kenya,Nairobi,P101,Laptop,Electronics,4,1436,922.58,513.42,0.18,UPI,Online
T13154,2024-02-03,C3253,Meera Iyer,26-35,Male,Europe,Germany,Berlin,P303,Washing Machine,Appliances,3,1458,1239.97,218.03,0.07,UPI,In-Store
T13155,2024-04-22,C3254,Lucas Brown,36-50,Other,North America,Mexico,Mexico City,P402,Monitor,Electronics,1,225,180.09,44.91,0.11,Credit Card,In-Store
T13156,2024-04-04,C3255,Maria Gomez,18-25,Male,South America,Brazil,São Paulo,P520,Microwave Oven,Appliances,3,5574,4058.69,1515.31,0.03,Cash,Online
T13157,2024-03-27,C3256,Priya Nair,26-35,Other,Africa,Kenya,Nairobi,P205,Headphones,Accessories,2,410,296.86,113.14,0.11,Credit Card,Online
T13158,2024-02-14,C3257,Meera Iyer,26-35,Other,Africa,Egypt,Cairo,P205,Headphones,Accessories,4,1808,1090.42,717.58,0.16,Debit Card,Online
T13159,2024-02-01,C3258,Emily Clark,26-35,Other,Africa,Egypt,Cairo,P402,Monitor,Electronics,2,1304,1020.91,283.09,0.03,Cash,In-Store
T13160,2024-02-28,C3259,Meera Iyer,26-35,Other,Asia,India,Bengaluru,P402,Monitor,Electronics,1,756,460.65,295.35,0.12,Net Banking,Online
T13161,2024-01-11,C3260,Emily Clark,26-35,Male,Asia,UAE,Abu Dhabi,P402,Monitor,Electronics,2,3334,2671.49,662.51,0.0,Net Banking,In-Store
T13162,2024-03-02,C3261,Michael Ross,18-25,Male,Asia,Japan,Tokyo,P205,Headphones,Accessories,1,1722,1121.54,600.46,0.11,UPI,In-Store
T13163,2024-03-31,C3262,Aditi Sharma,18-25,Other,Africa,Kenya,Nairobi,P520,Microwave Oven,Appliances,1,302,209.95,92.05,0.24,Net Banking,In-Store
T13164,2024-03-31,C3263,Lucas Brown,36-50,Other,North America,USA,New York,P303,Washing Machine,Appliances,2,190,162.58,27.42,0.14,Net Banking,Online
T13165,2024-04-20,C3264,Natalie Reed,18-25,Male,Europe,Germany,Munich,P402,Monitor,Electronics,1,294,227.53,66.47,0.0,Net Banking,In-Store
T13166,2024-01-30,C3265,Aditi Sharma,36-50,Female,Africa,Egypt,Cairo,P303,Washing Machine,Appliances,1,1074,762.32,311.68,0.21,Cash,In-Store
T13167,2024-01-08,C3266,Michael Ross,50+,Male,Europe,UK,London,P112,Mobile Phone,Electronics,1,1103,752.16,350.84,0.08,Cash,In-Store
T13168,2024-04-17,C3267,Jake Turner,36-50,Other,Asia,India,Bengaluru,P303,Washing Machine,Appliances,3,3000,2025.8,974.2,0.15,Net Banking,In-Store
T13169,2024-02-13,C3268,Ethan Wilson,36-50,Other,Europe,Italy,Milan,P112,Mobile Phone,Electronics,3,3450,2281.62,1168.38,0.23,Cash,Online
T13170,2024-01-30,C3269,Ethan Wilson,50+,Male,North America,Mexico,Monterrey,P303,Washing Machine,Appliances,3,864,715.16,148.84,0.19,Debit Card,In-Store
T13171,2024-03-11,C3270,Natalie Reed,50+,Female,Europe,France,Lyon,P112,Mobile Phone,Electronics,4,3232,2073.76,1158.24,0.08,Debit Card,Online
T13172,2024-04-28,C3271,Natalie Reed,18-25,Female,North America,USA,Seattle,P101,Laptop,Electronics,3,768,517.16,250.84,0.19,UPI,In-Store
T13173,2024-04-23,C3272,Emily Clark,26-35,Female,Africa,Kenya,Nairobi,P402,Monitor,Electronics,2,2374,1599.11,774.89,0.24,Cash,In-Store
T13174,2024-02-07,C3273,Meera Iyer,36-50,Other,Africa,South Africa,Johannesburg,P112,Mobile Phone,Electronics,1,1433,955.36,477.64,0.01,Net Banking,Online
T13175,2024-01-20,C3274,Michael Ross,26-35,Male,Europe,UK,London,P112,Mobile Phone,Electronics,2,198,144.96,53.04,0.18,Cash,In-Store
T13176,2024-01-22,C3275,Priya Nair,18-25,Male,North America,Canada,Toronto,P402,Monitor,Electronics,1,262,194.54,67.46,0.06,Debit Card,Online
T13177,2024-03-22,C3276,Aditi Sharma,18-25,Male,North America,USA,Chicago,P112,Mobile Phone,Electronics,3,5370,3240.04,2129.96,0.11,Debit Card,Online
T13178,2024-04-22,C3277,Emily Clark,18-25,Female,South America,Chile,Santiago,P303,Washing Machine,Appliances,3,4917,3265.95,1651.05,0.11,Net Banking,In-Store
T13179,2024-02-01,C3278,Jake Turner,26-35,Male,Africa,Kenya,Nairobi,P205,Headphones,Accessories,4,3788,3096.17,691.83,0.16,Debit Card,Online
T13180,2024-01-14,C3279,Rohan Gupta,18-25,Other,Africa,South Africa,Cape Town,P303,Washing Machine,Appliances,4,2600,2304.32,295.68,0.04,Credit Card,In-Store
T13181,2024-03-03,C3280,Lucas Brown,26-35,Female,South America,Chile,Santiago,P303,Washing Machine,Appliances,2,2444,2054.76,389.24,0.18,Debit Card,Online
T13182,2024-04-10,C3281,Lucas Brown,26-35,Male,North America,USA,Chicago,P101,Laptop,Electronics,4,7524,6662.31,861.69,0.24,Debit Card,Online
T13183,2024-01-18,C3282,Sarah Miller,18-25,Male,Europe,France,Lyon,P520,Microwave Oven,Appliances,3,486,388.46,97.54,0.03,Cash,Online
T13184,2024-03-31,C3283,Sarah Miller,18-25,Male,North America,Mexico,Monterrey,P205,Headphones,Accessories,1,1689,1318.89,370.11,0.14,Credit Card,In-Store
T13185,2024-03-01,C3284,Ethan Wilson,50+,Male,South America,Chile,Santiago,P520,Microwave Oven,Appliances,4,3672,2224.24,1447.76,0.18,Debit Card,In-Store
T13186,2024-04-24,C3285,Jake Turner,18-25,Male,North America,Canada,Toronto,P101,Laptop,Electronics,3,324,205.54,118.46,0.21,Debit Card,Online
T13187,2024-02-15,C3286,Lucas Brown,26-35,Other,Asia,India,Mumbai,P303,Washing Machine,Appliances,2,1704,1156.3,547.7,0.17,Cash,Online
T13188,2024-01-04,C3287,Aditi Sharma,50+,Other,Europe,Italy,Rome,P101,Laptop,Electronics,1,1938,1258.54,679.46,0.14,Net Banking,In-Store
T13189,2024-01-08,C3288,Maria Gomez,26-35,Female,Africa,Egypt,Cairo,P402,Monitor,Electronics,2,3800,2952.96,847.04,0.19,Debit Card,Online
T13190,2024-01-16,C3289,Maria Gomez,26-35,Other,Africa,South Africa,Cape Town,P112,Mobile Phone,Electronics,2,1654,1076.7,577.3,0.1,Credit Card,Online
T13191,2024-01-12,C3290,Sonia Patel,50+,Male,Africa,South Africa,Cape Town,P205,Headphones,Accessories,3,783,585.72,197.28,0.03,Net Banking,Online
T13192,2024-01-12,C3291,Priya Nair,50+,Female,Africa,Egypt,Cairo,P303,Washing Machine,Appliances,2,2164,1413.51,750.49,0.22,UPI,In-Store
T13193,2024-03-05,C3292,Daniel Wong,36-50,Other,Africa,South Africa,Cape Town,P520,Microwave Oven,Appliances,2,3780,3361.56,418.44,0.1,Credit Card,Online
T13194,2024-03-31,C3293,Emily Clark,18-25,Female,South America,Brazil,São Paulo,P205,Headphones,Accessories,4,1972,1258.52,713.48,0.2,Debit Card,In-Store
T13195,2024-04-12,C3294,John Carter,18-25,Male,North America,Canada,Vancouver,P402,Monitor,Electronics,3,4587,3563.8,1023.2,0.19,Debit Card,Online
T13196,2024-03-22,C3295,Maria Gomez,18-25,Other,Europe,UK,Manchester,P112,Mobile Phone,Electronics,4,5232,3722.78,1509.22,0.06,UPI,In-Store
T13197,2024-02-16,C3296,John Carter,50+,Female,Europe,France,Paris,P303,Washing Machine,Appliances,2,2468,1893.87,574.13,0.06,Cash,Online
T13198,2024-04-22,C3297,Jake Turner,26-35,Other,Europe,France,Lyon,P101,Laptop,Electronics,2,3442,3028.58,413.42,0.06,UPI,In-Store
T13199,2024-02-11,C3298,Emily Clark,18-25,Male,Africa,South Africa,Cape Town,P303,Washing Machine,Appliances,1,203,130.04,72.96,0.07,UPI,In-Store
T13200,2024-01-14,C3299,Priya Nair,36-50,Male,North America,USA,Seattle,P520,Microwave Oven,Appliances,2,3496,2587.36,908.64,0.06,UPI,Online
T13201,2024-02-13,C3300,Michael Ross,18-25,Male,South America,Argentina,Buenos Aires,P101,Laptop,Electronics,2,3686,2558.17,1127.83,0.1,Net Banking,In-Store
T13202,2024-01-22,C3301,Sarah Miller,50+,Female,Africa,South Africa,Johannesburg,P101,Laptop,Electronics,3,321,219.79,101.21,0.12,UPI,Online
T13203,2024-04-09,C3302,Maria Gomez,36-50,Other,Europe,UK,Manchester,P101,Laptop,Electronics,1,1557,1137.97,419.03,0.25,Debit Card,Online
T13204,2024-03-06,C3303,Rohan Gupta,26-35,Female,Europe,France,Lyon,P402,Monitor,Electronics,3,5682,3698.63,1983.37,0.16,Cash,In-Store
T13205,2024-01-22,C3304,Priya Nair,50+,Other,South America,Brazil,São Paulo,P101,Laptop,Electronics,3,2415,1540.81,874.19,0.18,Net Banking,In-Store
T13206,2024-03-27,C3305,Jake Turner,50+,Female,Europe,Germany,Munich,P112,Mobile Phone,Electronics,4,1720,1313.47,406.53,0.04,Debit Card,In-Store
T13207,2024-04-29,C3306,Jake Turner,36-50,Other,Africa,Kenya,Nairobi,P101,Laptop,Electronics,4,6412,5453.03,958.97,0.01,Credit Card,Online
T13208,2024-01-15,C3307,Rohan Gupta,18-25,Female,Asia,UAE,Dubai,P303,Washing Machine,Appliances,1,1771,1164.54,606.46,0.15,Debit Card,In-Store
T13209,2024-01-07,C3308,Sarah Miller,36-50,Male,Asia,Japan,Tokyo,P205,Headphones,Accessories,1,1029,709.07,319.93,0.2,UPI,Online
T13210,2024-04-11,C3309,Aditi Sharma,18-25,Female,Asia,India,Mumbai,P303,Washing Machine,Appliances,4,508,319.85,188.15,0.1,Debit Card,Online
T13211,2024-01-24,C3310,Sarah Miller,36-50,Other,South America,Chile,Santiago,P112,Mobile Phone,Electronics,3,936,724.61,211.39,0.15,Credit Card,In-Store
T13212,2024-01-12,C3311,Lucas Brown,50+,Other,Europe,Germany,Munich,P402,Monitor,Electronics,1,308,249.86,58.14,0.07,Debit Card,In-Store
T13213,2024-02-15,C3312,Jake Turner,50+,Female,Asia,Japan,Tokyo,P303,Washing Machine,Appliances,3,1071,865.84,205.16,0.02,Net Banking,Online
T13214,2024-02-09,C3313,Natalie Reed,18-25,Female,Asia,Singapore,Singapore,P101,Laptop,Electronics,1,1774,1422.95,351.05,0.0,Debit Card,In-Store
T13215,2024-04-10,C3314,Maria Gomez,50+,Other,Africa,Egypt,Cairo,P520,Microwave Oven,Appliances,2,3802,2657.56,1144.44,0.2,Debit Card,In-Store
T13216,2024-04-18,C3315,Meera Iyer,36-50,Female,Europe,Italy,Milan,P520,Microwave Oven,Appliances,2,3396,2870.47,525.53,0.13,Credit Card,Online
T13217,2024-03-19,C3316,Natalie Reed,50+,Male,South America,Chile,Santiago,P303,Washing Machine,Appliances,3,3129,2189.31,939.69,0.23,UPI,Online
T13218,2024-03-04,C3317,Sarah Miller,36-50,Other,South America,Chile,Santiago,P205,Headphones,Accessories,3,4245,3241.07,1003.93,0.06,Cash,Online
T13219,2024-03-07,C3318,Maria Gomez,18-25,Female,North America,Canada,Toronto,P520,Microwave Oven,Appliances,1,879,673.54,205.46,0.18,Cash,In-Store
T13220,2024-03-11,C3319,John Carter,18-25,Other,North America,Canada,Toronto,P520,Microwave Oven,Appliances,1,809,489.7,319.3,0.22,Debit Card,In-Store
T13221,2024-01-29,C3320,Natalie Reed,18-25,Other,Asia,Singapore,Singapore,P112,Mobile Phone,Electronics,2,162,110.69,51.31,0.13,UPI,In-Store
T13222,2024-04-25,C3321,Maria Gomez,50+,Female,South America,Argentina,Buenos Aires,P112,Mobile Phone,Electronics,4,3836,2417.48,1418.52,0.11,UPI,In-Store
T13223,2024-01-14,C3322,Emily Clark,26-35,Other,South America,Chile,Santiago,P112,Mobile Phone,Electronics,4,3148,2418.57,729.43,0.04,Debit Card,In-Store
T13224,2024-02-08,C3323,Daniel Wong,18-25,Male,South America,Chile,Santiago,P101,Laptop,Electronics,4,7108,5602.11,1505.89,0.08,UPI,Online
T13225,2024-04-04,C3324,Ethan Wilson,50+,Male,Europe,Italy,Milan,P520,Microwave Oven,Appliances,1,166,106.24,59.76,0.17,UPI,In-Store
T13226,2024-03-20,C3325,Rohan Gupta,36-50,Female,North America,Mexico,Monterrey,P205,Headphones,Accessories,2,3010,2168.67,841.33,0.21,Debit Card,Online
T13227,2024-04-01,C3326,Sarah Miller,18-25,Female,North America,USA,Chicago,P520,Microwave Oven,Appliances,1,1242,906.56,335.44,0.18,Debit Card,In-Store
T13228,2024-04-25,C3327,Aditi Sharma,50+,Female,North America,USA,Seattle,P101,Laptop,Electronics,4,3704,3320.26,383.74,0.2,Cash,In-Store
T13229,2024-01-13,C3328,Maria Gomez,26-35,Male,North America,Mexico,Monterrey,P402,Monitor,Electronics,4,2056,1605.79,450.21,0.1,Debit Card,In-Store
T13230,2024-04-19,C3329,Jake Turner,50+,Other,Europe,Italy,Milan,P112,Mobile Phone,Electronics,1,380,289.81,90.19,0.22,UPI,Online
T13231,2024-04-07,C3330,John Carter,50+,Male,South America,Brazil,Rio,P402,Monitor,Electronics,4,6192,4459.92,1732.08,0.19,Debit Card,In-Store
T13232,2024-01-29,C3331,Sonia Patel,36-50,Other,North America,Canada,Toronto,P101,Laptop,Electronics,2,3788,3056.32,731.68,0.24,Debit Card,In-Store
T13233,2024-01-21,C3332,Jake Turner,50+,Female,Europe,Germany,Munich,P205,Headphones,Accessories,4,2928,2236.43,691.57,0.14,Debit Card,In-Store
T13234,2024-02-20,C3333,Priya Nair,50+,Female,Asia,India,Mumbai,P101,Laptop,Electronics,1,1475,1004.8,470.2,0.25,Net Banking,Online
T13235,2024-01-01,C3334,Natalie Reed,50+,Female,Asia,UAE,Abu Dhabi,P112,Mobile Phone,Electronics,1,1436,1001.14,434.86,0.13,Debit Card,Online
T13236,2024-02-16,C3335,Daniel Wong,26-35,Female,North America,Mexico,Monterrey,P520,Microwave Oven,Appliances,2,1550,1320.85,229.15,0.22,UPI,In-Store
T13237,2024-02-02,C3336,Emily Clark,18-25,Other,Europe,France,Lyon,P101,Laptop,Electronics,2,2100,1576.75,523.25,0.16,Net Banking,In-Store
T13238,2024-02-24,C3337,Rohan Gupta,18-25,Male,North America,Mexico,Monterrey,P402,Monitor,Electronics,2,2534,2170.23,363.77,0.1,Net Banking,Online
T13239,2024-04-25,C3338,Lucas Brown,18-25,Female,Asia,UAE,Abu Dhabi,P112,Mobile Phone,Electronics,2,858,612.14,245.86,0.2,Debit Card,In-Store
T13240,2024-01-29,C3339,Sonia Patel,18-25,Male,South America,Brazil,São Paulo,P101,Laptop,Electronics,3,1410,1207.48,202.52,0.17,UPI,Online
T13241,2024-02-14,C3340,John Carter,18-25,Male,Europe,UK,London,P101,Laptop,Electronics,4,2180,1833.83,346.17,0.18,Credit Card,In-Store
T13242,2024-03-22,C3341,Ethan Wilson,26-35,Male,North America,Canada,Toronto,P101,Laptop,Electronics,2,990,626.84,363.16,0.21,Debit Card,In-Store
T13243,2024-01-15,C3342,Ethan Wilson,18-25,Female,North America,Canada,Vancouver,P303,Washing Machine,Appliances,4,7560,4989.75,2570.25,0.02,Net Banking,In-Store
T13244,2024-03-10,C3343,Lucas Brown,26-35,Female,Europe,Italy,Milan,P402,Monitor,Electronics,4,4428,3121.88,1306.12,0.06,Credit Card,In-Store
T13245,2024-04-15,C3344,Sonia Patel,36-50,Female,South America,Argentina,Buenos Aires,P205,Headphones,Accessories,4,6772,5091.94,1680.06,0.15,Credit Card,Online
T13246,2024-03-28,C3345,John Carter,36-50,Female,North America,Mexico,Mexico City,P303,Washing Machine,Appliances,3,3297,2425.3,871.7,0.03,Net Banking,In-Store
T13247,2024-02-27,C3346,John Carter,36-50,Female,Africa,South Africa,Johannesburg,P205,Headphones,Accessories,3,3255,2393.03,861.97,0.11,Net Banking,Online
T13248,2024-03-20,C3347,Sarah Miller,50+,Female,Asia,Japan,Tokyo,P101,Laptop,Electronics,1,1412,898.78,513.22,0.22,Credit Card,Online
T13249,2024-04-12,C3348,Jake Turner,18-25,Other,Europe,Germany,Berlin,P101,Laptop,Electronics,4,5024,4105.82,918.18,0.2,Credit Card,In-Store
T13250,2024-01-14,C3349,Michael Ross,18-25,Other,Africa,South Africa,Cape Town,P101,Laptop,Electronics,4,2464,1866.17,597.83,0.06,UPI,In-Store
T13251,2024-04-26,C3350,Natalie Reed,36-50,Male,North America,USA,New York,P205,Headphones,Accessories,4,484,336.41,147.59,0.08,Debit Card,In-Store
T13252,2024-04-14,C3351,Meera Iyer,18-25,Male,Asia,Japan,Tokyo,P520,Microwave Oven,Appliances,3,810,697.35,112.65,0.11,Debit Card,In-Store
T13253,2024-01-04,C3352,Lucas Brown,36-50,Other,Africa,South Africa,Johannesburg,P520,Microwave Oven,Appliances,3,2730,1919.5,810.5,0.15,UPI,In-Store
T13254,2024-02-24,C3353,Aditi Sharma,26-35,Female,North America,USA,Seattle,P520,Microwave Oven,Appliances,3,3360,2776.41,583.59,0.07,Net Banking,In-Store
T13255,2024-03-11,C3354,Jake Turner,50+,Male,Africa,Kenya,Nairobi,P402,Monitor,Electronics,1,1321,937.78,383.22,0.01,Debit Card,Online
T13256,2024-01-30,C3355,Lucas Brown,26-35,Male,South America,Brazil,Rio,P112,Mobile Phone,Electronics,3,2433,1932.16,500.84,0.23,Debit Card,Online
T13257,2024-02-21,C3356,Michael Ross,36-50,Female,North America,Mexico,Mexico City,P112,Mobile Phone,Electronics,2,3198,2394.21,803.79,0.13,UPI,In-Store
T13258,2024-03-30,C3357,Sonia Patel,50+,Female,Asia,Singapore,Singapore,P112,Mobile Phone,Electronics,3,2184,1778.94,405.06,0.16,Debit Card,Online
T13259,2024-04-20,C3358,Rohan Gupta,26-35,Female,South America,Chile,Santiago,P402,Monitor,Electronics,3,3375,2364.3,1010.7,0.22,Credit Card,Online
T13260,2024-03-31,C3359,Emily Clark,26-35,Other,South America,Chile,Santiago,P112,Mobile Phone,Electronics,4,5988,4442.15,1545.85,0.22,Cash,Online
T13261,2024-03-12,C3360,Lucas Brown,26-35,Other,Asia,Singapore,Singapore,P112,Mobile Phone,Electronics,3,2790,2353.4,436.6,0.19,UPI,Online
T13262,2024-03-15,C3361,Natalie Reed,26-35,Female,Asia,Japan,Osaka,P520,Microwave Oven,Appliances,2,3766,2407.3,1358.7,0.05,Debit Card,In-Store
T13263,2024-02-24,C3362,Maria Gomez,18-25,Female,South America,Chile,Santiago,P205,Headphones,Accessories,1,65,41.52,23.48,0.08,Credit Card,Online
T13264,2024-02-03,C3363,Meera Iyer,18-25,Male,North America,Mexico,Monterrey,P112,Mobile Phone,Electronics,3,954,827.48,126.52,0.16,Cash,Online
T13265,2024-04-24,C3364,John Carter,18-25,Male,Asia,Japan,Tokyo,P101,Laptop,Electronics,2,1696,1034.59,661.41,0.1,Net Banking,In-Store
T13266,2024-01-06,C3365,Michael Ross,50+,Other,Asia,Japan,Osaka,P101,Laptop,Electronics,4,1860,1579.72,280.28,0.2,Net Banking,In-Store
T13267,2024-02-01,C3366,Sonia Patel,50+,Male,Asia,UAE,Abu Dhabi,P402,Monitor,Electronics,3,405,338.47,66.53,0.08,Credit Card,In-Store
T13268,2024-01-30,C3367,Sonia Patel,50+,Female,North America,USA,Seattle,P303,Washing Machine,Appliances,3,2793,2261.96,531.04,0.07,Cash,Online
T13269,2024-02-02,C3368,Sonia Patel,50+,Other,Asia,Japan,Osaka,P101,Laptop,Electronics,3,1758,1089.18,668.82,0.01,Cash,In-Store
T13270,2024-02-08,C3369,Priya Nair,18-25,Other,North America,Canada,Vancouver,P112,Mobile Phone,Electronics,2,2044,1507.48,536.52,0.07,Net Banking,In-Store
T13271,2024-04-06,C3370,Jake Turner,18-25,Male,Europe,UK,Manchester,P112,Mobile Phone,Electronics,4,1844,1337.84,506.16,0.23,Net Banking,In-Store
T13272,2024-04-15,C3371,Maria Gomez,50+,Female,South America,Argentina,Buenos Aires,P112,Mobile Phone,Electronics,4,3232,2079.88,1152.12,0.17,UPI,Online
T13273,2024-03-02,C3372,Maria Gomez,36-50,Other,Europe,France,Paris,P402,Monitor,Electronics,1,558,437.54,120.46,0.16,Net Banking,Online
T13274,2024-02-14,C3373,Daniel Wong,18-25,Male,South America,Brazil,São Paulo,P520,Microwave Oven,Appliances,2,1796,1143.72,652.28,0.21,Debit Card,Online
T13275,2024-02-09,C3374,Maria Gomez,36-50,Female,North America,Canada,Toronto,P112,Mobile Phone,Electronics,4,960,785.46,174.54,0.07,Cash,Online
T13276,2024-04-20,C3375,Sarah Miller,36-50,Male,North America,Mexico,Monterrey,P402,Monitor,Electronics,3,2760,2091.86,668.14,0.17,Cash,In-Store
T13277,2024-04-23,C3376,Rohan Gupta,26-35,Other,Asia,UAE,Abu Dhabi,P101,Laptop,Electronics,3,4158,2942.86,1215.14,0.15,Credit Card,In-Store
T13278,2024-03-19,C3377,Lucas Brown,26-35,Male,North America,Mexico,Monterrey,P402,Monitor,Electronics,4,7884,6532.94,1351.06,0.11,Net Banking,In-Store
T13279,2024-01-29,C3378,Lucas Brown,50+,Other,Africa,Egypt,Cairo,P101,Laptop,Electronics,3,1926,1732.68,193.32,0.09,Cash,Online
T13280,2024-01-15,C3379,Rohan Gupta,36-50,Male,Europe,Germany,Munich,P520,Microwave Oven,Appliances,4,1140,868.17,271.83,0.22,Credit Card,Online
T13281,2024-02-27,C3380,John Carter,50+,Female,Europe,Germany,Munich,P520,Microwave Oven,Appliances,1,1886,1156.27,729.73,0.08,Cash,Online
T13282,2024-02-05,C3381,Lucas Brown,18-25,Female,South America,Argentina,Buenos Aires,P205,Headphones,Accessories,4,7176,5786.97,1389.03,0.01,Cash,In-Store
T13283,2024-02-18,C3382,John Carter,50+,Other,Asia,UAE,Abu Dhabi,P205,Headphones,Accessories,1,1050,865.67,184.33,0.25,Debit Card,In-Store
T13284,2024-04-21,C3383,Priya Nair,18-25,Male,Africa,Kenya,Nairobi,P205,Headphones,Accessories,2,2174,1416.78,757.22,0.03,Cash,Online
T13285,2024-01-03,C3384,Natalie Reed,50+,Other,Asia,Singapore,Singapore,P101,Laptop,Electronics,2,178,118.46,59.54,0.04,UPI,Online
T13286,2024-03-30,C3385,Natalie Reed,26-35,Female,Asia,UAE,Dubai,P101,Laptop,Electronics,3,174,143.48,30.52,0.07,Net Banking,In-Store
T13287,2024-01-25,C3386,John Carter,18-25,Other,Europe,France,Paris,P402,Monitor,Electronics,2,854,706.11,147.89,0.02,Credit Card,In-Store
T13288,2024-03-02,C3387,Aditi Sharma,26-35,Female,Africa,Egypt,Cairo,P205,Headphones,Accessories,4,5932,4056.77,1875.23,0.14,Cash,Online
T13289,2024-03-16,C3388,Emily Clark,18-25,Female,Africa,Egypt,Cairo,P303,Washing Machine,Appliances,4,3372,2918.59,453.41,0.01,UPI,In-Store
T13290,2024-01-29,C3389,Jake Turner,50+,Male,Africa,Egypt,Cairo,P303,Washing Machine,Appliances,3,3276,2876.83,399.17,0.23,Credit Card,In-Store
T13291,2024-04-03,C3390,Natalie Reed,50+,Female,Europe,France,Paris,P520,Microwave Oven,Appliances,1,1885,1395.72,489.28,0.25,UPI,In-Store
T13292,2024-03-14,C3391,Sarah Miller,36-50,Male,Africa,Egypt,Cairo,P101,Laptop,Electronics,3,5016,3232.89,1783.11,0.16,Net Banking,Online
T13293,2024-01-04,C3392,Sarah Miller,26-35,Female,Africa,Egypt,Cairo,P402,Monitor,Electronics,2,1746,1244.15,501.85,0.15,Cash,In-Store
T13294,2024-04-09,C3393,Natalie Reed,36-50,Male,Africa,Egypt,Cairo,P112,Mobile Phone,Electronics,3,5190,3949.96,1240.04,0.14,Cash,In-Store
T13295,2024-03-15,C3394,Aditi Sharma,18-25,Female,South America,Chile,Santiago,P101,Laptop,Electronics,1,766,552.15,213.85,0.02,UPI,In-Store
T13296,2024-04-07,C3395,Rohan Gupta,50+,Female,Europe,France,Paris,P205,Headphones,Accessories,1,1678,1393.45,284.55,0.04,Net Banking,In-Store
T13297,2024-03-01,C3396,Sonia Patel,26-35,Male,North America,USA,New York,P205,Headphones,Accessories,4,5584,3450.79,2133.21,0.0,Cash,In-Store
T13298,2024-02-22,C3397,Aditi Sharma,18-25,Male,North America,Canada,Toronto,P303,Washing Machine,Appliances,3,5298,3484.81,1813.19,0.19,UPI,In-Store
T13299,2024-04-15,C3398,Rohan Gupta,36-50,Female,North America,Canada,Toronto,P520,Microwave Oven,Appliances,1,311,198.73,112.27,0.12,Cash,Online
T13300,2024-03-03,C3399,Emily Clark,50+,Male,Africa,Kenya,Nairobi,P402,Monitor,Electronics,1,774,574.75,199.25,0.11,UPI,In-Store
T13301,2024-01-04,C3400,Emily Clark,50+,Male,Africa,Egypt,Cairo,P303,Washing Machine,Appliances,1,515,444.8,70.2,0.21,Cash,Online
T13302,2024-03-17,C3401,Jake Turner,26-35,Other,North America,USA,New York,P205,Headphones,Accessories,2,2016,1404.55,611.45,0.11,Credit Card,In-Store
T13303,2024-03-05,C3402,Natalie Reed,18-25,Female,Asia,UAE,Abu Dhabi,P303,Washing Machine,Appliances,2,1800,1616.99,183.01,0.01,Debit Card,In-Store
T13304,2024-01-21,C3403,Jake Turner,36-50,Female,South America,Chile,Santiago,P112,Mobile Phone,Electronics,2,128,78.44,49.56,0.06,UPI,Online
T13305,2024-02-01,C3404,Jake Turner,50+,Other,Europe,France,Lyon,P205,Headphones,Accessories,1,245,149.7,95.3,0.11,UPI,In-Store
T13306,2024-04-26,C3405,Michael Ross,18-25,Female,Asia,Singapore,Singapore,P205,Headphones,Accessories,1,1938,1394.95,543.05,0.13,Credit Card,In-Store
T13307,2024-01-18,C3406,Rohan Gupta,50+,Female,South America,Argentina,Buenos Aires,P303,Washing Machine,Appliances,2,2400,1500.93,899.07,0.24,UPI,In-Store
T13308,2024-03-08,C3407,Sonia Patel,50+,Other,North America,Mexico,Monterrey,P101,Laptop,Electronics,1,328,207.8,120.2,0.14,Cash,Online
T13309,2024-02-20,C3408,Meera Iyer,26-35,Other,Africa,South Africa,Cape Town,P205,Headphones,Accessories,4,7776,5709.55,2066.45,0.17,Debit Card,In-Store
T13310,2024-01-18,C3409,Aditi Sharma,26-35,Female,Africa,Kenya,Nairobi,P101,Laptop,Electronics,4,4912,2962.28,1949.72,0.01,Debit Card,Online
T13311,2024-03-09,C3410,Meera Iyer,36-50,Female,North America,USA,Chicago,P205,Headphones,Accessories,4,2816,2504.42,311.58,0.04,Cash,Online
T13312,2024-03-23,C3411,Ethan Wilson,50+,Other,North America,USA,New York,P303,Washing Machine,Appliances,4,1152,796.96,355.04,0.03,Credit Card,Online
T13313,2024-02-17,C3412,John Carter,50+,Female,North America,Canada,Toronto,P520,Microwave Oven,Appliances,1,459,328.29,130.71,0.05,UPI,In-Store
T13314,2024-01-13,C3413,Maria Gomez,36-50,Male,Asia,Singapore,Singapore,P520,Microwave Oven,Appliances,1,1826,1487.2,338.8,0.18,Net Banking,Online
T13315,2024-02-26,C3414,Rohan Gupta,50+,Male,Africa,South Africa,Johannesburg,P205,Headphones,Accessories,1,1737,1423.7,313.3,0.18,Debit Card,Online
T13316,2024-02-17,C3415,Emily Clark,26-35,Female,Europe,France,Lyon,P303,Washing Machine,Appliances,4,5436,4307.87,1128.13,0.2,Credit Card,In-Store
T13317,2024-01-17,C3416,Meera Iyer,18-25,Female,South America,Chile,Santiago,P205,Headphones,Accessories,4,4348,3564.62,783.38,0.15,Debit Card,In-Store
T13318,2024-04-06,C3417,Jake Turner,26-35,Other,Europe,Germany,Munich,P303,Washing Machine,Appliances,4,3908,2608.64,1299.36,0.12,Net Banking,In-Store
T13319,2024-03-30,C3418,Rohan Gupta,50+,Male,Asia,India,Mumbai,P520,Microwave Oven,Appliances,1,245,204.34,40.66,0.07,Credit Card,In-Store
T13320,2024-02-09,C3419,Priya Nair,18-25,Male,Asia,Japan,Tokyo,P402,Monitor,Electronics,3,5277,4738.49,538.51,0.25,Net Banking,Online
T13321,2024-03-03,C3420,Daniel Wong,50+,Female,Europe,Italy,Milan,P112,Mobile Phone,Electronics,1,1860,1205.49,654.51,0.18,UPI,Online
T13322,2024-02-04,C3421,Rohan Gupta,36-50,Other,Africa,Kenya,Nairobi,P112,Mobile Phone,Electronics,4,476,423.47,52.53,0.24,Debit Card,Online
T13323,2024-02-13,C3422,Lucas Brown,36-50,Other,North America,Canada,Toronto,P205,Headphones,Accessories,4,2964,1992.28,971.72,0.13,Debit Card,Online
T13324,2024-02-09,C3423,Emily Clark,36-50,Other,Asia,India,Bengaluru,P520,Microwave Oven,Appliances,1,262,217.98,44.02,0.14,UPI,Online
T13325,2024-03-01,C3424,Natalie Reed,50+,Female,North America,USA,New York,P112,Mobile Phone,Electronics,4,1428,1138.14,289.86,0.11,Net Banking,In-Store
T13326,2024-03-27,C3425,Emily Clark,50+,Female,Europe,Germany,Berlin,P303,Washing Machine,Appliances,3,1938,1631.38,306.62,0.03,UPI,In-Store
T13327,2024-04-13,C3426,Daniel Wong,18-25,Other,North America,Mexico,Mexico City,P303,Washing Machine,Appliances,3,861,559.15,301.85,0.01,Debit Card,Online
T13328,2024-02-27,C3427,Daniel Wong,50+,Other,South America,Argentina,Buenos Aires,P205,Headphones,Accessories,2,3974,2934.97,1039.03,0.25,Credit Card,Online
T13329,2024-03-14,C3428,Sarah Miller,26-35,Male,Africa,Egypt,Cairo,P205,Headphones,Accessories,3,5805,3657.26,2147.74,0.15,Cash,In-Store
T13330,2024-03-05,C3429,Natalie Reed,26-35,Female,Asia,Singapore,Singapore,P112,Mobile Phone,Electronics,2,1158,785.52,372.48,0.02,UPI,In-Store
T13331,2024-03-14,C3430,Priya Nair,50+,Other,Asia,Singapore,Singapore,P101,Laptop,Electronics,4,6920,5992.86,927.14,0.17,UPI,In-Store
T13332,2024-02-17,C3431,Aditi Sharma,50+,Female,Europe,UK,Manchester,P520,Microwave Oven,Appliances,3,1035,815.39,219.61,0.01,Cash,In-Store
T13333,2024-01-06,C3432,Maria Gomez,36-50,Other,Asia,UAE,Dubai,P303,Washing Machine,Appliances,2,1364,1216.77,147.23,0.07,Cash,Online
T13334,2024-04-21,C3433,Natalie Reed,36-50,Female,Asia,Singapore,Singapore,P205,Headphones,Accessories,3,4083,3618.51,464.49,0.23,Net Banking,Online
T13335,2024-03-22,C3434,Aditi Sharma,36-50,Female,Africa,South Africa,Cape Town,P101,Laptop,Electronics,1,585,444.36,140.64,0.09,Credit Card,In-Store
T13336,2024-03-10,C3435,Sonia Patel,36-50,Other,Europe,Italy,Rome,P112,Mobile Phone,Electronics,2,850,669.74,180.26,0.21,UPI,In-Store
T13337,2024-03-06,C3436,Maria Gomez,50+,Female,Europe,UK,Manchester,P112,Mobile Phone,Electronics,2,3234,2850.9,383.1,0.2,Debit Card,In-Store
T13338,2024-01-24,C3437,Aditi Sharma,18-25,Other,Africa,South Africa,Cape Town,P112,Mobile Phone,Electronics,3,3999,3341.91,657.09,0.18,Credit Card,In-Store
T13339,2024-01-21,C3438,Ethan Wilson,36-50,Male,Asia,Singapore,Singapore,P101,Laptop,Electronics,2,3350,3001.85,348.15,0.1,Cash,In-Store
T13340,2024-04-10,C3439,Natalie Reed,36-50,Male,Asia,India,Mumbai,P112,Mobile Phone,Electronics,2,3732,2509.1,1222.9,0.04,Net Banking,In-Store
T13341,2024-04-06,C3440,Sonia Patel,18-25,Other,Europe,UK,Manchester,P205,Headphones,Accessories,3,3603,2848.08,754.92,0.21,Net Banking,In-Store
T13342,2024-02-27,C3441,Emily Clark,26-35,Female,North America,USA,Seattle,P402,Monitor,Electronics,1,1757,1057.41,699.59,0.12,Net Banking,In-Store
T13343,2024-02-15,C3442,Emily Clark,50+,Female,North America,Canada,Toronto,P402,Monitor,Electronics,3,1710,1082.99,627.01,0.06,Debit Card,Online
T13344,2024-01-04,C3443,Michael Ross,18-25,Other,Europe,UK,London,P205,Headphones,Accessories,1,1575,1249.53,325.47,0.15,Debit Card,Online
T13345,2024-03-28,C3444,Michael Ross,18-25,Male,South America,Brazil,São Paulo,P112,Mobile Phone,Electronics,3,4668,2974.36,1693.64,0.12,Net Banking,Online
T13346,2024-01-17,C3445,Jake Turner,36-50,Male,Asia,Singapore,Singapore,P112,Mobile Phone,Electronics,1,1261,930.82,330.18,0.12,UPI,In-Store
T13347,2024-04-16,C3446,Priya Nair,18-25,Other,Asia,UAE,Dubai,P205,Headphones,Accessories,4,5344,3401.38,1942.62,0.02,Cash,Online
T13348,2024-01-10,C3447,Sonia Patel,26-35,Female,North America,Mexico,Mexico City,P520,Microwave Oven,Appliances,1,830,521.89,308.11,0.1,Net Banking,In-Store
T13349,2024-01-19,C3448,Michael Ross,36-50,Male,North America,Canada,Vancouver,P205,Headphones,Accessories,3,4044,3372.65,671.35,0.12,Debit Card,In-Store
T13350,2024-04-10,C3449,Daniel Wong,26-35,Other,North America,USA,Chicago,P112,Mobile Phone,Electronics,4,4924,3567.09,1356.91,0.21,Credit Card,In-Store
T13351,2024-03-15,C3450,Michael Ross,18-25,Other,Asia,Japan,Tokyo,P520,Microwave Oven,Appliances,4,3160,2767.78,392.22,0.23,UPI,Online
T13352,2024-04-17,C3451,Daniel Wong,50+,Female,Europe,UK,Manchester,P402,Monitor,Electronics,3,3108,1909.56,1198.44,0.14,Cash,Online
T13353,2024-03-27,C3452,Natalie Reed,36-50,Male,Africa,South Africa,Johannesburg,P520,Microwave Oven,Appliances,2,606,513.23,92.77,0.06,Credit Card,In-Store
T13354,2024-01-25,C3453,Lucas Brown,18-25,Female,South America,Argentina,Buenos Aires,P303,Washing Machine,Appliances,2,2922,1842.96,1079.04,0.18,Net Banking,Online
T13355,2024-02-18,C3454,Sarah Miller,18-25,Female,Africa,Kenya,Nairobi,P112,Mobile Phone,Electronics,2,978,838.14,139.86,0.15,Cash,Online
T13356,2024-01-18,C3455,Rohan Gupta,18-25,Male,South America,Brazil,São Paulo,P402,Monitor,Electronics,3,798,614.2,183.8,0.02,Net Banking,Online
T13357,2024-01-07,C3456,Lucas Brown,36-50,Male,South America,Brazil,São Paulo,P402,Monitor,Electronics,1,687,490.37,196.63,0.19,UPI,Online
T13358,2024-03-30,C3457,Rohan Gupta,50+,Other,North America,Mexico,Mexico City,P402,Monitor,Electronics,2,2876,1806.21,1069.79,0.12,Cash,In-Store
T13359,2024-03-26,C3458,Maria Gomez,36-50,Female,Europe,Germany,Berlin,P402,Monitor,Electronics,4,1348,884.78,463.22,0.07,Debit Card,Online
T13360,2024-02-21,C3459,Priya Nair,36-50,Female,Europe,Italy,Milan,P101,Laptop,Electronics,4,608,396.43,211.57,0.02,Cash,In-Store
T13361,2024-01-14,C3460,Maria Gomez,26-35,Other,Asia,UAE,Abu Dhabi,P101,Laptop,Electronics,4,6756,5516.65,1239.35,0.25,Cash,In-Store
T13362,2024-04-02,C3461,Jake Turner,50+,Male,Africa,Kenya,Nairobi,P402,Monitor,Electronics,3,5187,3295.12,1891.88,0.21,Credit Card,Online
T13363,2024-01-03,C3462,Rohan Gupta,18-25,Male,Africa,South Africa,Johannesburg,P205,Headphones,Accessories,4,5276,4239.47,1036.53,0.24,Net Banking,In-Store
T13364,2024-04-05,C3463,Jake Turner,18-25,Male,Africa,Kenya,Nairobi,P112,Mobile Phone,Electronics,3,3417,2096.81,1320.19,0.04,UPI,In-Store
T13365,2024-01-27,C3464,Aditi Sharma,26-35,Male,Europe,UK,Manchester,P101,Laptop,Electronics,3,3318,2186.11,1131.89,0.14,Cash,Online
T13366,2024-03-28,C3465,Meera Iyer,18-25,Other,South America,Argentina,Buenos Aires,P112,Mobile Phone,Electronics,4,5696,4138.98,1557.02,0.15,Credit Card,Online
T13367,2024-02-22,C3466,Rohan Gupta,18-25,Female,North America,Canada,Toronto,P303,Washing Machine,Appliances,2,1220,766.77,453.23,0.08,Debit Card,Online
T13368,2024-03-03,C3467,Emily Clark,50+,Other,South America,Brazil,Rio,P112,Mobile Phone,Electronics,1,1717,1463.68,253.32,0.11,Debit Card,In-Store
T13369,2024-03-06,C3468,Sonia Patel,36-50,Other,Europe,Italy,Milan,P303,Washing Machine,Appliances,2,2036,1781.72,254.28,0.12,Cash,Online
T13370,2024-03-13,C3469,Rohan Gupta,36-50,Other,Asia,UAE,Abu Dhabi,P520,Microwave Oven,Appliances,4,5304,3423.25,1880.75,0.03,UPI,In-Store
T13371,2024-01-27,C3470,Daniel Wong,50+,Female,Africa,South Africa,Cape Town,P205,Headphones,Accessories,4,5276,3785.63,1490.37,0.15,UPI,Online
T13372,2024-03-10,C3471,Lucas Brown,50+,Other,Europe,Italy,Rome,P303,Washing Machine,Appliances,3,3054,2542.2,511.8,0.24,Net Banking,Online
T13373,2024-01-05,C3472,Daniel Wong,36-50,Male,South America,Argentina,Buenos Aires,P520,Microwave Oven,Appliances,3,3594,3059.65,534.35,0.18,UPI,In-Store
T13374,2024-04-27,C3473,Sonia Patel,26-35,Male,Asia,India,Mumbai,P101,Laptop,Electronics,4,3296,1982.19,1313.81,0.22,Net Banking,Online
T13375,2024-04-12,C3474,Meera Iyer,50+,Male,North America,Canada,Toronto,P205,Headphones,Accessories,2,2206,1370.37,835.63,0.14,UPI,In-Store
T13376,2024-03-24,C3475,Daniel Wong,36-50,Other,Europe,Italy,Milan,P112,Mobile Phone,Electronics,3,2850,2325.59,524.41,0.02,Debit Card,In-Store
T13377,2024-02-09,C3476,Michael Ross,36-50,Other,Europe,Germany,Berlin,P402,Monitor,Electronics,1,1562,1138.11,423.89,0.22,Debit Card,Online
T13378,2024-03-09,C3477,Aditi Sharma,26-35,Other,Asia,Singapore,Singapore,P402,Monitor,Electronics,3,3180,2017.99,1162.01,0.23,Net Banking,Online
T13379,2024-03-02,C3478,Jake Turner,18-25,Male,South America,Chile,Santiago,P520,Microwave Oven,Appliances,3,3681,3144.62,536.38,0.05,Net Banking,Online
T13380,2024-04-16,C3479,Sonia Patel,36-50,Male,South America,Chile,Santiago,P402,Monitor,Electronics,1,1841,1250.54,590.46,0.23,Cash,In-Store
T13381,2024-01-02,C3480,Michael Ross,36-50,Other,South America,Chile,Santiago,P520,Microwave Oven,Appliances,2,686,493.97,192.03,0.14,UPI,In-Store
T13382,2024-04-26,C3481,Aditi Sharma,36-50,Male,North America,Mexico,Monterrey,P520,Microwave Oven,Appliances,1,1053,770.64,282.36,0.02,Net Banking,In-Store
T13383,2024-03-06,C3482,Aditi Sharma,18-25,Other,Asia,India,Mumbai,P112,Mobile Phone,Electronics,4,3648,2678.97,969.03,0.08,Debit Card,Online
T13384,2024-01-31,C3483,Aditi Sharma,50+,Female,Asia,India,Delhi,P303,Washing Machine,Appliances,1,1327,808.21,518.79,0.24,Cash,In-Store
T13385,2024-02-06,C3484,Michael Ross,18-25,Other,North America,Canada,Vancouver,P303,Washing Machine,Appliances,3,1605,1224.72,380.28,0.06,UPI,Online
T13386,2024-03-07,C3485,Natalie Reed,18-25,Female,Asia,Japan,Osaka,P112,Mobile Phone,Electronics,2,290,192.17,97.83,0.05,Cash,In-Store
T13387,2024-02-01,C3486,Jake Turner,26-35,Male,Africa,Egypt,Cairo,P205,Headphones,Accessories,1,88,75.09,12.91,0.11,Net Banking,In-Store
T13388,2024-01-03,C3487,Meera Iyer,50+,Other,Europe,UK,Manchester,P101,Laptop,Electronics,2,1208,868.32,339.68,0.25,Net Banking,Online
T13389,2024-03-14,C3488,Ethan Wilson,36-50,Male,North America,Mexico,Mexico City,P205,Headphones,Accessories,1,1904,1301.06,602.94,0.08,Net Banking,In-Store
T13390,2024-04-12,C3489,Daniel Wong,36-50,Male,South America,Argentina,Buenos Aires,P112,Mobile Phone,Electronics,2,374,305.93,68.07,0.13,Cash,Online
T13391,2024-02-15,C3490,Ethan Wilson,18-25,Male,Asia,Japan,Tokyo,P101,Laptop,Electronics,3,1479,1081.33,397.67,0.03,Net Banking,Online
T13392,2024-02-07,C3491,Lucas Brown,18-25,Female,North America,Canada,Vancouver,P303,Washing Machine,Appliances,2,3222,2138.52,1083.48,0.05,Debit Card,In-Store
T13393,2024-04-08,C3492,Meera Iyer,18-25,Other,Europe,UK,London,P205,Headphones,Accessories,1,1188,1044.45,143.55,0.11,Credit Card,Online
T13394,2024-01-12,C3493,Daniel Wong,50+,Male,Europe,France,Paris,P402,Monitor,Electronics,3,777,597.09,179.91,0.16,Net Banking,In-Store
T13395,2024-01-06,C3494,Daniel Wong,50+,Other,Asia,India,Delhi,P303,Washing Machine,Appliances,2,3772,2732.9,1039.1,0.04,Credit Card,In-Store
T13396,2024-02-20,C3495,Maria Gomez,26-35,Male,North America,Mexico,Monterrey,P303,Washing Machine,Appliances,1,1300,1138.98,161.02,0.18,Cash,Online
T13397,2024-03-02,C3496,John Carter,26-35,Other,Africa,South Africa,Cape Town,P101,Laptop,Electronics,2,2866,1740.2,1125.8,0.19,Cash,Online
T13398,2024-04-15,C3497,Priya Nair,36-50,Other,Europe,Italy,Milan,P112,Mobile Phone,Electronics,1,952,729.36,222.64,0.09,Net Banking,Online
T13399,2024-01-24,C3498,Priya Nair,36-50,Other,North America,Canada,Vancouver,P205,Headphones,Accessories,2,3112,2136.93,975.07,0.16,UPI,In-Store
T13400,2024-01-21,C3499,Sarah Miller,36-50,Other,North America,USA,Seattle,P112,Mobile Phone,Electronics,1,507,342.61,164.39,0.19,Net Banking,Online
T13401,2024-04-11,C3500,Maria Gomez,36-50,Other,North America,Mexico,Monterrey,P520,Microwave Oven,Appliances,2,3784,2425.99,1358.01,0.21,Net Banking,In-Store
T13402,2024-03-22,C3501,Natalie Reed,26-35,Female,North America,USA,New York,P112,Mobile Phone,Electronics,1,1988,1398.72,589.28,0.08,Net Banking,In-Store
T13403,2024-01-17,C3502,Maria Gomez,36-50,Female,Europe,UK,Manchester,P402,Monitor,Electronics,4,6188,4936.91,1251.09,0.1,Credit Card,In-Store
T13404,2024-02-29,C3503,Meera Iyer,18-25,Male,Africa,Egypt,Cairo,P112,Mobile Phone,Electronics,2,612,387.92,224.08,0.11,Debit Card,In-Store
T13405,2024-03-19,C3504,Meera Iyer,18-25,Female,Africa,Egypt,Cairo,P303,Washing Machine,Appliances,4,1868,1546.11,321.89,0.07,Net Banking,Online
T13406,2024-03-25,C3505,John Carter,26-35,Other,North America,Canada,Vancouver,P112,Mobile Phone,Electronics,2,2660,2357.42,302.58,0.19,Cash,In-Store
T13407,2024-04-09,C3506,Aditi Sharma,26-35,Male,Asia,UAE,Abu Dhabi,P402,Monitor,Electronics,3,5997,5073.57,923.43,0.25,Debit Card,In-Store
T13408,2024-02-14,C3507,Aditi Sharma,50+,Male,Africa,Kenya,Nairobi,P402,Monitor,Electronics,2,2386,1970.55,415.45,0.11,Credit Card,Online
T13409,2024-02-15,C3508,Aditi Sharma,50+,Male,Africa,Kenya,Nairobi,P205,Headphones,Accessories,3,879,619.43,259.57,0.11,Credit Card,In-Store
T13410,2024-03-02,C3509,Lucas Brown,36-50,Male,Asia,Singapore,Singapore,P402,Monitor,Electronics,1,964,675.05,288.95,0.13,UPI,Online
T13411,2024-04-25,C3510,Jake Turner,50+,Male,Africa,Kenya,Nairobi,P205,Headphones,Accessories,2,2872,2575.39,296.61,0.17,Cash,In-Store
T13412,2024-02-25,C3511,Priya Nair,50+,Female,Africa,Egypt,Cairo,P303,Washing Machine,Appliances,2,2190,1493.05,696.95,0.07,UPI,Online
T13413,2024-01-08,C3512,Daniel Wong,26-35,Female,Asia,Singapore,Singapore,P205,Headphones,Accessories,1,1708,1453.03,254.97,0.06,Net Banking,In-Store
T13414,2024-01-28,C3513,Priya Nair,36-50,Other,Asia,India,Mumbai,P101,Laptop,Electronics,2,700,441.54,258.46,0.21,Credit Card,In-Store
T13415,2024-01-05,C3514,Michael Ross,18-25,Other,Africa,Kenya,Nairobi,P101,Laptop,Electronics,2,886,651.79,234.21,0.19,Cash,In-Store
T13416,2024-01-21,C3515,Maria Gomez,50+,Female,North America,Canada,Toronto,P205,Headphones,Accessories,1,1204,956.64,247.36,0.01,Cash,Online
T13417,2024-02-18,C3516,Ethan Wilson,36-50,Male,North America,Canada,Toronto,P112,Mobile Phone,Electronics,4,6408,5261.08,1146.92,0.17,Credit Card,Online
T13418,2024-04-13,C3517,Ethan Wilson,26-35,Male,Africa,Kenya,Nairobi,P205,Headphones,Accessories,1,1208,774.82,433.18,0.17,Cash,In-Store
T13419,2024-01-27,C3518,Rohan Gupta,36-50,Other,Europe,Italy,Rome,P205,Headphones,Accessories,4,7476,4516.24,2959.76,0.02,Net Banking,Online
T13420,2024-03-22,C3519,Natalie Reed,26-35,Male,Asia,UAE,Dubai,P402,Monitor,Electronics,2,2630,2038.56,591.44,0.1,UPI,In-Store
T13421,2024-01-07,C3520,Maria Gomez,18-25,Other,Europe,Italy,Rome,P520,Microwave Oven,Appliances,3,4029,2696.82,1332.18,0.09,Credit Card,Online
T13422,2024-01-13,C3521,Meera Iyer,18-25,Male,Asia,India,Delhi,P303,Washing Machine,Appliances,4,7172,4306.14,2865.86,0.11,Net Banking,In-Store
T13423,2024-02-07,C3522,Natalie Reed,36-50,Other,South America,Chile,Santiago,P112,Mobile Phone,Electronics,2,3014,2138.48,875.52,0.22,Net Banking,Online
T13424,2024-04-29,C3523,Priya Nair,18-25,Male,Europe,Italy,Milan,P205,Headphones,Accessories,4,2664,2129.37,534.63,0.17,Debit Card,Online
T13425,2024-04-24,C3524,Maria Gomez,26-35,Female,South America,Argentina,Buenos Aires,P520,Microwave Oven,Appliances,2,3936,2967.82,968.18,0.2,Credit Card,Online
T13426,2024-01-04,C3525,Michael Ross,50+,Other,North America,USA,Seattle,P112,Mobile Phone,Electronics,1,1583,1196.06,386.94,0.15,Debit Card,In-Store
T13427,2024-02-06,C3526,Ethan Wilson,50+,Male,North America,Canada,Vancouver,P205,Headphones,Accessories,1,1140,928.23,211.77,0.18,Cash,Online
T13428,2024-02-02,C3527,Maria Gomez,36-50,Other,Europe,Italy,Rome,P101,Laptop,Electronics,3,2223,1373.15,849.85,0.23,Net Banking,Online
T13429,2024-02-26,C3528,Sonia Patel,50+,Male,Africa,Kenya,Nairobi,P205,Headphones,Accessories,2,1390,1226.51,163.49,0.15,Cash,In-Store
T13430,2024-03-16,C3529,Natalie Reed,18-25,Male,Africa,South Africa,Johannesburg,P402,Monitor,Electronics,4,7652,6440.73,1211.27,0.04,Debit Card,In-Store
T13431,2024-02-14,C3530,Priya Nair,50+,Other,North America,Canada,Vancouver,P112,Mobile Phone,Electronics,2,3640,2528.51,1111.49,0.2,Debit Card,Online
T13432,2024-04-02,C3531,Natalie Reed,36-50,Other,Europe,UK,London,P303,Washing Machine,Appliances,1,1741,1554.07,186.93,0.22,Credit Card,In-Store
T13433,2024-03-27,C3532,Ethan Wilson,18-25,Male,Europe,Germany,Munich,P303,Washing Machine,Appliances,1,698,540.53,157.47,0.09,Cash,In-Store
T13434,2024-04-25,C3533,Aditi Sharma,50+,Other,Africa,Egypt,Cairo,P520,Microwave Oven,Appliances,1,592,402.22,189.78,0.16,Debit Card,Online
T13435,2024-02-20,C3534,Natalie Reed,18-25,Male,North America,Canada,Vancouver,P303,Washing Machine,Appliances,3,4923,3891.67,1031.33,0.11,Cash,In-Store
T13436,2024-02-19,C3535,Natalie Reed,36-50,Other,South America,Chile,Santiago,P101,Laptop,Electronics,2,1472,1182.55,289.45,0.14,UPI,Online
T13437,2024-02-07,C3536,Aditi Sharma,18-25,Other,Asia,India,Mumbai,P402,Monitor,Electronics,2,1280,796.17,483.83,0.05,UPI,In-Store
T13438,2024-03-02,C3537,Sonia Patel,18-25,Other,North America,Mexico,Monterrey,P303,Washing Machine,Appliances,4,464,331.19,132.81,0.12,Debit Card,In-Store
T13439,2024-02-29,C3538,Ethan Wilson,50+,Other,South America,Brazil,São Paulo,P205,Headphones,Accessories,1,1881,1439.13,441.87,0.07,Net Banking,Online
T13440,2024-01-12,C3539,Rohan Gupta,18-25,Other,Europe,France,Lyon,P205,Headphones,Accessories,1,522,340.73,181.27,0.08,Credit Card,Online
T13441,2024-03-29,C3540,Priya Nair,36-50,Other,Europe,France,Lyon,P402,Monitor,Electronics,1,188,167.43,20.57,0.19,Net Banking,Online
T13442,2024-02-07,C3541,Maria Gomez,50+,Male,Europe,Germany,Berlin,P402,Monitor,Electronics,1,1602,1327.55,274.45,0.01,Net Banking,In-Store
T13443,2024-01-07,C3542,Priya Nair,50+,Male,South America,Chile,Santiago,P205,Headphones,Accessories,4,260,222.74,37.26,0.23,UPI,In-Store
T13444,2024-01-04,C3543,Maria Gomez,18-25,Other,Europe,Germany,Berlin,P205,Headphones,Accessories,1,1200,903.86,296.14,0.02,Cash,Online
T13445,2024-02-08,C3544,Natalie Reed,36-50,Male,South America,Brazil,São Paulo,P402,Monitor,Electronics,1,1956,1742.84,213.16,0.17,Net Banking,In-Store
T13446,2024-03-05,C3545,Aditi Sharma,50+,Male,Asia,UAE,Abu Dhabi,P520,Microwave Oven,Appliances,1,664,473.05,190.95,0.0,UPI,Online
T13447,2024-02-02,C3546,Emily Clark,18-25,Female,North America,Mexico,Mexico City,P101,Laptop,Electronics,4,1308,908.23,399.77,0.14,Net Banking,Online
T13448,2024-03-27,C3547,Michael Ross,18-25,Male,Europe,Germany,Berlin,P205,Headphones,Accessories,3,1431,1283.71,147.29,0.16,UPI,Online
T13449,2024-03-19,C3548,Sonia Patel,50+,Female,Asia,India,Delhi,P303,Washing Machine,Appliances,2,2600,1637.82,962.18,0.19,Net Banking,Online
T13450,2024-03-16,C3549,Daniel Wong,18-25,Female,Asia,Japan,Tokyo,P205,Headphones,Accessories,1,370,240.72,129.28,0.2,Net Banking,In-Store
T13451,2024-02-18,C3550,Ethan Wilson,18-25,Female,North America,USA,Seattle,P520,Microwave Oven,Appliances,4,5404,4740.44,663.56,0.02,Debit Card,In-Store
T13452,2024-01-21,C3551,Lucas Brown,50+,Other,Europe,Germany,Munich,P101,Laptop,Electronics,3,5487,3359.5,2127.5,0.02,Debit Card,Online
T13453,2024-01-14,C3552,Sarah Miller,18-25,Male,Africa,Egypt,Cairo,P101,Laptop,Electronics,1,120,93.65,26.35,0.17,Debit Card,In-Store
T13454,2024-03-27,C3553,John Carter,26-35,Other,Africa,Egypt,Cairo,P520,Microwave Oven,Appliances,4,400,265.92,134.08,0.18,Credit Card,Online
T13455,2024-04-25,C3554,Sonia Patel,36-50,Other,Africa,South Africa,Cape Town,P112,Mobile Phone,Electronics,2,2074,1425.97,648.03,0.19,Cash,Online
T13456,2024-03-14,C3555,Maria Gomez,18-25,Other,Asia,Singapore,Singapore,P402,Monitor,Electronics,2,2516,1765.46,750.54,0.09,Debit Card,In-Store
T13457,2024-04-22,C3556,Emily Clark,50+,Female,South America,Argentina,Buenos Aires,P101,Laptop,Electronics,3,753,544.5,208.5,0.25,UPI,In-Store
T13458,2024-04-15,C3557,Maria Gomez,36-50,Other,Africa,Kenya,Nairobi,P101,Laptop,Electronics,2,1256,1123.57,132.43,0.18,Credit Card,In-Store
T13459,2024-03-31,C3558,Sonia Patel,18-25,Other,Europe,France,Lyon,P303,Washing Machine,Appliances,2,3912,2459.48,1452.52,0.1,UPI,Online
T13460,2024-01-24,C3559,Jake Turner,36-50,Male,Asia,UAE,Abu Dhabi,P101,Laptop,Electronics,3,2595,1796.62,798.38,0.07,Net Banking,In-Store
T13461,2024-04-11,C3560,John Carter,18-25,Female,South America,Argentina,Buenos Aires,P402,Monitor,Electronics,3,1431,976.22,454.78,0.13,Debit Card,In-Store
T13462,2024-02-10,C3561,John Carter,36-50,Female,Europe,France,Lyon,P112,Mobile Phone,Electronics,4,7636,6115.25,1520.75,0.0,UPI,Online
T13463,2024-01-22,C3562,Michael Ross,36-50,Female,Europe,UK,London,P303,Washing Machine,Appliances,2,1136,801.3,334.7,0.08,Cash,In-Store
T13464,2024-04-10,C3563,Jake Turner,50+,Male,Europe,Germany,Munich,P112,Mobile Phone,Electronics,4,512,309.1,202.9,0.1,Cash,In-Store
T13465,2024-03-14,C3564,Sarah Miller,36-50,Male,Europe,Italy,Rome,P101,Laptop,Electronics,1,1992,1774.91,217.09,0.11,Debit Card,Online
T13466,2024-04-04,C3565,Rohan Gupta,36-50,Other,Africa,Egypt,Cairo,P520,Microwave Oven,Appliances,1,1587,956.1,630.9,0.16,Credit Card,In-Store
T13467,2024-03-12,C3566,Sarah Miller,36-50,Other,South America,Chile,Santiago,P303,Washing Machine,Appliances,4,5572,4653.24,918.76,0.03,Credit Card,Online
T13468,2024-03-22,C3567,Meera Iyer,36-50,Other,North America,Canada,Vancouver,P101,Laptop,Electronics,2,3612,2831.42,780.58,0.25,Debit Card,Online
T13469,2024-03-22,C3568,Natalie Reed,50+,Other,North America,USA,New York,P112,Mobile Phone,Electronics,2,2852,2004.33,847.67,0.03,Cash,Online
T13470,2024-03-03,C3569,Michael Ross,18-25,Female,Asia,Japan,Tokyo,P112,Mobile Phone,Electronics,4,7264,5868.11,1395.89,0.05,UPI,Online
T13471,2024-03-17,C3570,Natalie Reed,36-50,Other,South America,Chile,Santiago,P205,Headphones,Accessories,1,73,50.89,22.11,0.09,Credit Card,In-Store
T13472,2024-02-02,C3571,Priya Nair,36-50,Male,North America,Canada,Toronto,P112,Mobile Phone,Electronics,3,4932,3058.43,1873.57,0.16,UPI,In-Store
T13473,2024-02-28,C3572,Sonia Patel,36-50,Other,North America,USA,Seattle,P402,Monitor,Electronics,4,1624,1005.7,618.3,0.05,UPI,Online
T13474,2024-04-28,C3573,John Carter,18-25,Female,Europe,UK,Manchester,P205,Headphones,Accessories,3,438,292.47,145.53,0.14,Net Banking,In-Store
T13475,2024-04-07,C3574,Daniel Wong,18-25,Male,South America,Chile,Santiago,P402,Monitor,Electronics,3,1776,1178.33,597.67,0.2,UPI,Online
T13476,2024-02-01,C3575,Emily Clark,36-50,Male,South America,Argentina,Buenos Aires,P402,Monitor,Electronics,2,3380,2511.96,868.04,0.2,Cash,In-Store
T13477,2024-03-15,C3576,Emily Clark,26-35,Other,Asia,Singapore,Singapore,P402,Monitor,Electronics,1,453,357.84,95.16,0.01,Net Banking,Online
T13478,2024-03-12,C3577,Aditi Sharma,50+,Male,Asia,Singapore,Singapore,P205,Headphones,Accessories,4,4352,2804.57,1547.43,0.2,Credit Card,In-Store
T13479,2024-04-14,C3578,Daniel Wong,36-50,Other,Europe,France,Lyon,P402,Monitor,Electronics,1,368,313.63,54.37,0.01,Cash,Online
T13480,2024-02-04,C3579,Daniel Wong,18-25,Male,Europe,UK,London,P101,Laptop,Electronics,1,501,343.41,157.59,0.23,Credit Card,Online
T13481,2024-04-04,C3580,Jake Turner,50+,Other,North America,Canada,Vancouver,P402,Monitor,Electronics,2,2526,2170.65,355.35,0.17,Debit Card,In-Store
T13482,2024-01-21,C3581,Lucas Brown,36-50,Female,South America,Argentina,Buenos Aires,P303,Washing Machine,Appliances,4,2176,1509.89,666.11,0.14,Net Banking,Online
T13483,2024-01-15,C3582,Lucas Brown,26-35,Male,South America,Argentina,Buenos Aires,P303,Washing Machine,Appliances,2,1554,1143.0,411.0,0.0,Net Banking,Online
T13484,2024-03-05,C3583,Sonia Patel,36-50,Other,Europe,Germany,Berlin,P205,Headphones,Accessories,4,1620,1437.84,182.16,0.07,UPI,Online
T13485,2024-03-30,C3584,Michael Ross,36-50,Other,Africa,South Africa,Johannesburg,P101,Laptop,Electronics,3,4500,2861.94,1638.06,0.18,Credit Card,Online
T13486,2024-02-10,C3585,Lucas Brown,36-50,Female,Africa,South Africa,Johannesburg,P402,Monitor,Electronics,3,3795,2686.99,1108.01,0.15,Net Banking,In-Store
T13487,2024-03-21,C3586,Lucas Brown,26-35,Female,South America,Brazil,Rio,P402,Monitor,Electronics,1,432,292.97,139.03,0.13,UPI,Online
T13488,2024-03-21,C3587,Maria Gomez,36-50,Male,Africa,Egypt,Cairo,P205,Headphones,Accessories,3,3576,2586.76,989.24,0.07,Net Banking,In-Store
T13489,2024-02-05,C3588,Rohan Gupta,18-25,Female,Asia,Japan,Osaka,P101,Laptop,Electronics,3,5511,3615.56,1895.44,0.14,Debit Card,Online
T13490,2024-01-19,C3589,Maria Gomez,50+,Male,Africa,Egypt,Cairo,P303,Washing Machine,Appliances,3,264,235.96,28.04,0.16,Debit Card,Online
T13491,2024-02-16,C3590,Aditi Sharma,36-50,Female,Asia,Singapore,Singapore,P205,Headphones,Accessories,4,2388,1713.91,674.09,0.1,UPI,Online
T13492,2024-04-22,C3591,Aditi Sharma,26-35,Other,Europe,France,Lyon,P303,Washing Machine,Appliances,3,4116,3523.07,592.93,0.18,UPI,In-Store
T13493,2024-01-18,C3592,Meera Iyer,50+,Other,South America,Chile,Santiago,P112,Mobile Phone,Electronics,1,750,670.03,79.97,0.11,UPI,Online
T13494,2024-03-29,C3593,John Carter,50+,Female,Europe,UK,Manchester,P112,Mobile Phone,Electronics,4,1080,733.89,346.11,0.14,Cash,Online
T13495,2024-01-10,C3594,Emily Clark,26-35,Female,South America,Argentina,Buenos Aires,P101,Laptop,Electronics,1,1069,831.77,237.23,0.07,Net Banking,In-Store
T13496,2024-01-11,C3595,Rohan Gupta,36-50,Other,Europe,Italy,Rome,P205,Headphones,Accessories,4,548,359.83,188.17,0.02,UPI,In-Store
T13497,2024-04-26,C3596,Meera Iyer,36-50,Female,South America,Brazil,São Paulo,P303,Washing Machine,Appliances,2,3604,2434.97,1169.03,0.24,Debit Card,In-Store
T13498,2024-01-15,C3597,Meera Iyer,26-35,Other,Europe,Italy,Milan,P303,Washing Machine,Appliances,4,7268,6496.17,771.83,0.08,Credit Card,In-Store
T13499,2024-04-10,C3598,Lucas Brown,26-35,Female,North America,Canada,Toronto,P205,Headphones,Accessories,2,2042,1601.59,440.41,0.23,Net Banking,Online
T13500,2024-03-21,C3599,Jake Turner,50+,Other,North America,Mexico,Mexico City,P520,Microwave Oven,Appliances,3,195,126.08,68.92,0.14,UPI,In-Store
T13501,2024-04-20,C3600,Maria Gomez,18-25,Female,Europe,Germany,Berlin,P101,Laptop,Electronics,4,5208,4210.61,997.39,0.08,Cash,Online
T13502,2024-03-06,C3601,Michael Ross,26-35,Male,Asia,UAE,Abu Dhabi,P402,Monitor,Electronics,4,3584,2653.5,930.5,0.14,Credit Card,In-Store
T13503,2024-02-19,C3602,Sarah Miller,18-25,Male,North America,Mexico,Mexico City,P205,Headphones,Accessories,4,5552,3580.5,1971.5,0.06,Debit Card,Online
T13504,2024-01-15,C3603,Lucas Brown,50+,Other,Africa,Kenya,Nairobi,P520,Microwave Oven,Appliances,2,2630,2265.33,364.67,0.24,Debit Card,In-Store
T13505,2024-03-31,C3604,Ethan Wilson,50+,Female,Africa,Kenya,Nairobi,P520,Microwave Oven,Appliances,1,1196,1072.85,123.15,0.19,Net Banking,Online
T13506,2024-04-27,C3605,Jake Turner,36-50,Other,South America,Brazil,São Paulo,P520,Microwave Oven,Appliances,3,3813,2968.16,844.84,0.09,UPI,In-Store
T13507,2024-01-07,C3606,Priya Nair,18-25,Other,Europe,Italy,Milan,P205,Headphones,Accessories,4,5620,4392.71,1227.29,0.18,Debit Card,Online
T13508,2024-02-28,C3607,Jake Turner,50+,Other,Europe,France,Lyon,P205,Headphones,Accessories,1,846,725.66,120.34,0.17,Net Banking,In-Store
T13509,2024-04-27,C3608,Aditi Sharma,50+,Male,Asia,Singapore,Singapore,P402,Monitor,Electronics,4,4040,2681.7,1358.3,0.09,Debit Card,Online
T13510,2024-03-04,C3609,Rohan Gupta,50+,Other,Africa,South Africa,Cape Town,P303,Washing Machine,Appliances,4,1792,1502.84,289.16,0.1,UPI,Online
T13511,2024-01-18,C3610,Maria Gomez,36-50,Female,North America,Mexico,Monterrey,P205,Headphones,Accessories,4,716,443.51,272.49,0.18,Debit Card,Online
T13512,2024-04-29,C3611,Meera Iyer,26-35,Male,Europe,Germany,Munich,P303,Washing Machine,Appliances,2,208,156.42,51.58,0.21,Credit Card,In-Store
T13513,2024-03-09,C3612,Michael Ross,26-35,Other,Europe,UK,Manchester,P520,Microwave Oven,Appliances,2,2632,1986.82,645.18,0.17,UPI,In-Store
T13514,2024-04-07,C3613,Sonia Patel,50+,Other,Asia,Japan,Tokyo,P303,Washing Machine,Appliances,2,3282,2042.23,1239.77,0.25,UPI,In-Store
T13515,2024-03-24,C3614,Priya Nair,26-35,Male,Africa,Egypt,Cairo,P402,Monitor,Electronics,1,1638,1386.4,251.6,0.13,Cash,Online
T13516,2024-02-12,C3615,Michael Ross,26-35,Female,South America,Chile,Santiago,P303,Washing Machine,Appliances,3,4680,3237.71,1442.29,0.17,Credit Card,Online
T13517,2024-01-02,C3616,Rohan Gupta,26-35,Other,North America,Canada,Toronto,P303,Washing Machine,Appliances,2,3202,2864.97,337.03,0.17,UPI,Online
T13518,2024-03-01,C3617,Michael Ross,50+,Other,Europe,Italy,Milan,P112,Mobile Phone,Electronics,2,3772,2353.83,1418.17,0.1,Net Banking,Online
T13519,2024-04-24,C3618,Priya Nair,50+,Other,South America,Brazil,Rio,P101,Laptop,Electronics,2,1964,1271.31,692.69,0.13,Debit Card,In-Store
T13520,2024-04-12,C3619,Daniel Wong,18-25,Female,South America,Chile,Santiago,P303,Washing Machine,Appliances,3,381,318.09,62.91,0.02,Cash,Online
T13521,2024-03-25,C3620,John Carter,50+,Female,Africa,Egypt,Cairo,P112,Mobile Phone,Electronics,3,2232,1743.69,488.31,0.01,Net Banking,Online
T13522,2024-04-20,C3621,Ethan Wilson,50+,Male,North America,USA,New York,P520,Microwave Oven,Appliances,2,3848,3343.4,504.6,0.07,Net Banking,In-Store
T13523,2024-04-18,C3622,Aditi Sharma,50+,Male,Asia,Singapore,Singapore,P101,Laptop,Electronics,2,3514,2121.74,1392.26,0.0,Credit Card,Online
T13524,2024-02-16,C3623,John Carter,26-35,Female,South America,Chile,Santiago,P101,Laptop,Electronics,2,2256,1577.53,678.47,0.24,Net Banking,In-Store
T13525,2024-02-14,C3624,Priya Nair,50+,Female,North America,Mexico,Mexico City,P112,Mobile Phone,Electronics,2,536,372.0,164.0,0.04,Cash,Online
T13526,2024-03-25,C3625,Natalie Reed,50+,Female,North America,Canada,Vancouver,P205,Headphones,Accessories,1,294,223.77,70.23,0.21,Cash,Online
T13527,2024-03-24,C3626,Rohan Gupta,26-35,Other,Asia,UAE,Dubai,P303,Washing Machine,Appliances,4,2936,1830.9,1105.1,0.11,Cash,In-Store
T13528,2024-04-27,C3627,Natalie Reed,18-25,Male,North America,Mexico,Monterrey,P112,Mobile Phone,Electronics,4,7492,5161.1,2330.9,0.1,Cash,In-Store
T13529,2024-01-13,C3628,Natalie Reed,18-25,Other,South America,Argentina,Buenos Aires,P205,Headphones,Accessories,1,1270,1021.03,248.97,0.16,Cash,In-Store
T13530,2024-01-20,C3629,Lucas Brown,18-25,Male,Africa,Kenya,Nairobi,P205,Headphones,Accessories,3,5739,4162.56,1576.44,0.13,Cash,In-Store
T13531,2024-03-01,C3630,Aditi Sharma,50+,Male,South America,Chile,Santiago,P205,Headphones,Accessories,4,300,227.79,72.21,0.17,Credit Card,Online
T13532,2024-04-14,C3631,Maria Gomez,36-50,Female,Europe,Italy,Rome,P520,Microwave Oven,Appliances,1,572,393.62,178.38,0.19,UPI,Online
T13533,2024-02-07,C3632,Meera Iyer,36-50,Other,South America,Chile,Santiago,P205,Headphones,Accessories,1,136,109.27,26.73,0.23,Cash,In-Store
T13534,2024-01-28,C3633,Rohan Gupta,36-50,Female,North America,USA,Chicago,P101,Laptop,Electronics,2,3786,3293.68,492.32,0.07,UPI,In-Store
T13535,2024-04-22,C3634,Priya Nair,36-50,Male,Europe,Germany,Berlin,P402,Monitor,Electronics,3,4485,2866.17,1618.83,0.24,Credit Card,In-Store
T13536,2024-04-22,C3635,Sonia Patel,18-25,Other,Africa,South Africa,Cape Town,P101,Laptop,Electronics,4,4292,2975.53,1316.47,0.13,UPI,In-Store
T13537,2024-01-29,C3636,John Carter,18-25,Male,Europe,UK,London,P520,Microwave Oven,Appliances,1,380,231.98,148.02,0.14,Credit Card,In-Store
T13538,2024-01-19,C3637,Ethan Wilson,18-25,Male,South America,Argentina,Buenos Aires,P520,Microwave Oven,Appliances,2,3276,2123.19,1152.81,0.02,Debit Card,In-Store
T13539,2024-04-01,C3638,Ethan Wilson,50+,Female,Africa,South Africa,Cape Town,P101,Laptop,Electronics,4,5012,4370.81,641.19,0.02,Cash,In-Store
T13540,2024-03-09,C3639,Natalie Reed,26-35,Male,North America,Canada,Vancouver,P303,Washing Machine,Appliances,4,2300,1907.89,392.11,0.24,Cash,Online
T13541,2024-02-12,C3640,Daniel Wong,36-50,Female,Europe,France,Paris,P205,Headphones,Accessories,1,1657,1237.6,419.4,0.1,Debit Card,In-Store
T13542,2024-03-03,C3641,Daniel Wong,50+,Male,South America,Chile,Santiago,P205,Headphones,Accessories,2,3974,2474.2,1499.8,0.01,Credit Card,In-Store
T13543,2024-04-21,C3642,Ethan Wilson,36-50,Female,Africa,South Africa,Johannesburg,P520,Microwave Oven,Appliances,2,194,161.52,32.48,0.2,Net Banking,Online
T13544,2024-02-02,C3643,Sonia Patel,26-35,Female,Africa,South Africa,Cape Town,P101,Laptop,Electronics,4,2704,2008.44,695.56,0.12,Net Banking,In-Store
T13545,2024-04-09,C3644,Priya Nair,18-25,Female,Africa,South Africa,Cape Town,P205,Headphones,Accessories,4,364,260.51,103.49,0.13,Credit Card,Online
T13546,2024-01-17,C3645,Aditi Sharma,50+,Other,North America,Canada,Toronto,P112,Mobile Phone,Electronics,1,1861,1600.22,260.78,0.22,Debit Card,In-Store
T13547,2024-02-12,C3646,Daniel Wong,26-35,Male,Asia,Singapore,Singapore,P205,Headphones,Accessories,3,3867,2436.78,1430.22,0.18,UPI,In-Store
T13548,2024-01-10,C3647,John Carter,50+,Other,Asia,India,Mumbai,P402,Monitor,Electronics,1,1486,1124.32,361.68,0.21,Cash,In-Store
T13549,2024-01-21,C3648,Sarah Miller,36-50,Male,North America,Mexico,Monterrey,P520,Microwave Oven,Appliances,3,4443,3506.09,936.91,0.18,Net Banking,In-Store
T13550,2024-01-26,C3649,Ethan Wilson,26-35,Male,North America,USA,New York,P112,Mobile Phone,Electronics,1,1733,1415.67,317.33,0.1,Cash,In-Store
T13551,2024-02-05,C3650,Priya Nair,18-25,Female,Asia,Japan,Osaka,P303,Washing Machine,Appliances,2,2292,1704.58,587.42,0.15,Cash,Online
T13552,2024-02-06,C3651,Natalie Reed,18-25,Other,Asia,UAE,Abu Dhabi,P101,Laptop,Electronics,2,1544,1153.42,390.58,0.01,UPI,Online
T13553,2024-01-13,C3652,Jake Turner,50+,Male,Europe,Italy,Rome,P205,Headphones,Accessories,4,3156,1984.16,1171.84,0.04,Net Banking,In-Store
T13554,2024-03-14,C3653,Sonia Patel,18-25,Other,Asia,India,Delhi,P402,Monitor,Electronics,3,2526,2129.92,396.08,0.1,UPI,In-Store
T13555,2024-02-10,C3654,Sarah Miller,36-50,Male,Asia,Singapore,Singapore,P112,Mobile Phone,Electronics,1,475,424.23,50.77,0.07,Cash,In-Store
T13556,2024-04-05,C3655,Lucas Brown,36-50,Male,Europe,UK,London,P205,Headphones,Accessories,1,575,404.58,170.42,0.1,Debit Card,In-Store
T13557,2024-01-24,C3656,Emily Clark,36-50,Male,Europe,Italy,Milan,P303,Washing Machine,Appliances,2,1030,693.61,336.39,0.21,UPI,Online
T13558,2024-01-26,C3657,Sarah Miller,36-50,Male,South America,Brazil,Rio,P402,Monitor,Electronics,4,2164,1415.16,748.84,0.07,Net Banking,In-Store
T13559,2024-02-02,C3658,Daniel Wong,50+,Male,Europe,Germany,Berlin,P520,Microwave Oven,Appliances,4,7744,6620.82,1123.18,0.21,Debit Card,In-Store
T13560,2024-03-29,C3659,Maria Gomez,18-25,Male,Europe,UK,Manchester,P520,Microwave Oven,Appliances,1,784,597.23,186.77,0.2,Net Banking,Online
T13561,2024-04-24,C3660,Jake Turner,26-35,Female,Africa,Egypt,Cairo,P520,Microwave Oven,Appliances,3,648,518.83,129.17,0.16,Credit Card,In-Store
T13562,2024-01-29,C3661,Priya Nair,26-35,Male,North America,Mexico,Mexico City,P402,Monitor,Electronics,2,3082,1948.59,1133.41,0.22,UPI,Online
T13563,2024-01-29,C3662,Emily Clark,18-25,Other,North America,Canada,Toronto,P112,Mobile Phone,Electronics,2,3410,2151.39,1258.61,0.02,Cash,In-Store
T13564,2024-02-07,C3663,Ethan Wilson,36-50,Other,Africa,South Africa,Johannesburg,P402,Monitor,Electronics,1,918,788.55,129.45,0.16,Cash,Online
T13565,2024-02-04,C3664,Lucas Brown,26-35,Male,South America,Chile,Santiago,P520,Microwave Oven,Appliances,2,1618,1341.31,276.69,0.19,Debit Card,In-Store
T13566,2024-04-19,C3665,Sonia Patel,18-25,Female,North America,Canada,Toronto,P205,Headphones,Accessories,1,212,174.76,37.24,0.1,Debit Card,In-Store
T13567,2024-04-18,C3666,Maria Gomez,18-25,Other,Europe,Italy,Rome,P303,Washing Machine,Appliances,2,576,410.18,165.82,0.21,Net Banking,Online
T13568,2024-01-22,C3667,Ethan Wilson,50+,Male,Asia,Japan,Tokyo,P402,Monitor,Electronics,3,477,316.82,160.18,0.18,UPI,Online
T13569,2024-03-26,C3668,Meera Iyer,18-25,Other,South America,Argentina,Buenos Aires,P402,Monitor,Electronics,4,4204,3171.85,1032.15,0.2,UPI,In-Store
T13570,2024-02-03,C3669,Emily Clark,18-25,Male,North America,USA,Chicago,P101,Laptop,Electronics,4,2536,1712.3,823.7,0.03,UPI,In-Store
T13571,2024-03-12,C3670,John Carter,26-35,Female,Africa,South Africa,Cape Town,P402,Monitor,Electronics,2,538,344.91,193.09,0.12,Cash,In-Store
T13572,2024-03-15,C3671,Sonia Patel,26-35,Female,Africa,South Africa,Cape Town,P205,Headphones,Accessories,2,370,227.07,142.93,0.05,UPI,Online
T13573,2024-02-04,C3672,Jake Turner,36-50,Other,Africa,Kenya,Nairobi,P402,Monitor,Electronics,2,2232,1460.38,771.62,0.2,Credit Card,Online
T13574,2024-02-28,C3673,John Carter,50+,Female,South America,Argentina,Buenos Aires,P101,Laptop,Electronics,4,7548,5449.79,2098.21,0.08,Debit Card,In-Store
T13575,2024-01-07,C3674,Aditi Sharma,18-25,Female,North America,Mexico,Mexico City,P520,Microwave Oven,Appliances,2,512,391.75,120.25,0.03,UPI,Online
T13576,2024-03-21,C3675,Rohan Gupta,36-50,Other,Asia,Singapore,Singapore,P112,Mobile Phone,Electronics,3,1836,1132.65,703.35,0.13,Credit Card,Online
T13577,2024-03-30,C3676,Jake Turner,18-25,Male,Europe,Germany,Munich,P402,Monitor,Electronics,4,4392,3442.91,949.09,0.04,UPI,Online
T13578,2024-04-17,C3677,Sonia Patel,36-50,Other,Africa,South Africa,Cape Town,P402,Monitor,Electronics,4,1640,1327.53,312.47,0.23,Cash,In-Store
T13579,2024-03-07,C3678,Lucas Brown,18-25,Male,South America,Argentina,Buenos Aires,P303,Washing Machine,Appliances,2,1478,984.92,493.08,0.08,UPI,Online
T13580,2024-03-28,C3679,Sonia Patel,36-50,Female,North America,Mexico,Monterrey,P520,Microwave Oven,Appliances,3,1755,1225.27,529.73,0.16,Debit Card,In-Store
T13581,2024-04-07,C3680,Lucas Brown,36-50,Female,Asia,Japan,Tokyo,P112,Mobile Phone,Electronics,1,1860,1635.41,224.59,0.14,UPI,Online
T13582,2024-01-15,C3681,Daniel Wong,26-35,Female,South America,Argentina,Buenos Aires,P205,Headphones,Accessories,4,4632,4062.05,569.95,0.19,Net Banking,Online
T13583,2024-03-28,C3682,Maria Gomez,18-25,Other,Europe,UK,London,P112,Mobile Phone,Electronics,3,3237,2489.27,747.73,0.19,Net Banking,In-Store
T13584,2024-02-18,C3683,John Carter,26-35,Other,South America,Chile,Santiago,P205,Headphones,Accessories,1,927,625.32,301.68,0.02,Net Banking,Online
T13585,2024-02-15,C3684,Michael Ross,36-50,Other,Europe,Italy,Rome,P101,Laptop,Electronics,3,3045,1844.75,1200.25,0.03,UPI,Online
T13586,2024-03-29,C3685,Lucas Brown,26-35,Female,Africa,Egypt,Cairo,P101,Laptop,Electronics,3,1206,786.27,419.73,0.01,Cash,Online
T13587,2024-01-05,C3686,John Carter,26-35,Other,Europe,Italy,Milan,P520,Microwave Oven,Appliances,4,4872,3903.91,968.09,0.17,Cash,Online
T13588,2024-01-29,C3687,Michael Ross,36-50,Female,North America,Mexico,Mexico City,P520,Microwave Oven,Appliances,4,7244,5053.54,2190.46,0.04,Net Banking,In-Store
T13589,2024-02-20,C3688,Priya Nair,26-35,Male,Africa,South Africa,Johannesburg,P303,Washing Machine,Appliances,1,782,596.56,185.44,0.11,Credit Card,Online
T13590,2024-02-21,C3689,Priya Nair,18-25,Other,Europe,Italy,Rome,P520,Microwave Oven,Appliances,4,7696,6066.67,1629.33,0.23,Net Banking,Online
T13591,2024-01-17,C3690,Jake Turner,26-35,Male,Asia,Japan,Tokyo,P112,Mobile Phone,Electronics,3,2361,1999.52,361.48,0.15,Cash,Online
T13592,2024-01-03,C3691,Priya Nair,18-25,Male,Europe,Italy,Milan,P402,Monitor,Electronics,1,71,50.61,20.39,0.12,Debit Card,Online
T13593,2024-04-23,C3692,Meera Iyer,50+,Other,Europe,Italy,Rome,P112,Mobile Phone,Electronics,2,1614,1323.13,290.87,0.15,Cash,Online
T13594,2024-04-28,C3693,John Carter,18-25,Other,South America,Brazil,Rio,P101,Laptop,Electronics,1,425,341.71,83.29,0.22,Credit Card,Online
T13595,2024-01-20,C3694,Jake Turner,18-25,Other,Africa,South Africa,Johannesburg,P205,Headphones,Accessories,3,2271,1375.08,895.92,0.1,Cash,In-Store
T13596,2024-01-17,C3695,Natalie Reed,50+,Female,South America,Chile,Santiago,P101,Laptop,Electronics,3,1488,1332.07,155.93,0.11,Net Banking,In-Store
T13597,2024-02-03,C3696,Sarah Miller,50+,Other,North America,Mexico,Mexico City,P112,Mobile Phone,Electronics,2,2876,1876.03,999.97,0.2,Credit Card,In-Store
T13598,2024-03-09,C3697,Sarah Miller,50+,Other,Europe,Italy,Rome,P112,Mobile Phone,Electronics,3,5814,3827.59,1986.41,0.19,Net Banking,In-Store
T13599,2024-01-13,C3698,Daniel Wong,26-35,Female,Asia,India,Bengaluru,P402,Monitor,Electronics,3,3300,2647.29,652.71,0.11,UPI,Online
T13600,2024-03-29,C3699,Lucas Brown,36-50,Female,Africa,Kenya,Nairobi,P112,Mobile Phone,Electronics,1,578,467.53,110.47,0.01,Debit Card,Online
T13601,2024-02-25,C3700,Emily Clark,26-35,Male,Africa,Kenya,Nairobi,P303,Washing Machine,Appliances,2,528,410.7,117.3,0.22,Net Banking,Online
T13602,2024-02-23,C3701,Priya Nair,18-25,Female,North America,Canada,Vancouver,P402,Monitor,Electronics,3,5061,4175.86,885.14,0.15,Cash,In-Store
T13603,2024-03-27,C3702,John Carter,18-25,Male,North America,USA,Seattle,P303,Washing Machine,Appliances,3,2175,1341.21,833.79,0.0,Debit Card,Online
T13604,2024-02-05,C3703,Natalie Reed,26-35,Female,South America,Chile,Santiago,P303,Washing Machine,Appliances,3,930,832.1,97.9,0.09,Cash,In-Store
T13605,2024-01-06,C3704,Aditi Sharma,36-50,Male,Asia,Singapore,Singapore,P112,Mobile Phone,Electronics,3,4401,2834.48,1566.52,0.14,Net Banking,In-Store
T13606,2024-01-17,C3705,Ethan Wilson,50+,Male,South America,Brazil,São Paulo,P520,Microwave Oven,Appliances,2,1546,1323.94,222.06,0.25,Net Banking,Online
T13607,2024-04-19,C3706,Sonia Patel,50+,Male,Africa,Egypt,Cairo,P303,Washing Machine,Appliances,2,1550,940.93,609.07,0.09,Credit Card,In-Store
T13608,2024-03-03,C3707,Lucas Brown,50+,Other,Europe,Italy,Rome,P303,Washing Machine,Appliances,2,2448,2164.11,283.89,0.02,Credit Card,Online
T13609,2024-04-18,C3708,Meera Iyer,26-35,Other,South America,Chile,Santiago,P112,Mobile Phone,Electronics,3,5523,3811.85,1711.15,0.16,Cash,In-Store
T13610,2024-03-07,C3709,Meera Iyer,26-35,Other,Africa,Egypt,Cairo,P520,Microwave Oven,Appliances,2,1670,1482.82,187.18,0.11,Credit Card,In-Store
T13611,2024-03-14,C3710,Sonia Patel,26-35,Female,Africa,South Africa,Cape Town,P520,Microwave Oven,Appliances,1,832,721.81,110.19,0.24,Net Banking,In-Store
T13612,2024-02-20,C3711,Jake Turner,36-50,Male,North America,USA,Chicago,P520,Microwave Oven,Appliances,4,4580,3130.65,1449.35,0.24,Cash,Online
T13613,2024-02-22,C3712,Rohan Gupta,36-50,Male,Europe,Italy,Milan,P520,Microwave Oven,Appliances,3,2505,1907.01,597.99,0.12,Net Banking,Online
T13614,2024-04-20,C3713,Michael Ross,26-35,Male,Asia,India,Delhi,P112,Mobile Phone,Electronics,3,3495,2229.8,1265.2,0.09,Debit Card,Online
T13615,2024-01-06,C3714,Sarah Miller,36-50,Male,Europe,UK,London,P520,Microwave Oven,Appliances,3,4293,3606.54,686.46,0.16,Debit Card,In-Store
T13616,2024-03-31,C3715,Michael Ross,50+,Other,South America,Chile,Santiago,P101,Laptop,Electronics,1,1576,1347.97,228.03,0.23,Net Banking,Online
T13617,2024-03-01,C3716,Maria Gomez,50+,Male,North America,Canada,Vancouver,P402,Monitor,Electronics,1,1611,1160.26,450.74,0.13,Debit Card,In-Store
T13618,2024-04-25,C3717,Daniel Wong,36-50,Other,Asia,India,Mumbai,P205,Headphones,Accessories,4,1304,1067.94,236.06,0.13,Credit Card,In-Store
T13619,2024-01-31,C3718,Meera Iyer,50+,Female,North America,Canada,Toronto,P402,Monitor,Electronics,3,1380,1123.07,256.93,0.22,UPI,Online
T13620,2024-04-06,C3719,Daniel Wong,26-35,Female,Asia,Singapore,Singapore,P112,Mobile Phone,Electronics,1,1419,1262.42,156.58,0.13,Net Banking,Online
T13621,2024-04-26,C3720,Meera Iyer,26-35,Female,Asia,Japan,Tokyo,P101,Laptop,Electronics,1,261,208.77,52.23,0.14,Cash,Online
T13622,2024-04-23,C3721,Aditi Sharma,18-25,Female,North America,USA,Seattle,P303,Washing Machine,Appliances,4,6356,4770.01,1585.99,0.22,Credit Card,Online
T13623,2024-03-19,C3722,Natalie Reed,36-50,Male,Asia,UAE,Abu Dhabi,P303,Washing Machine,Appliances,4,3048,1932.99,1115.01,0.02,UPI,In-Store
T13624,2024-03-14,C3723,Sonia Patel,18-25,Female,Asia,Japan,Osaka,P101,Laptop,Electronics,1,1360,1122.44,237.56,0.04,Cash,Online
T13625,2024-03-21,C3724,John Carter,36-50,Other,Africa,South Africa,Cape Town,P205,Headphones,Accessories,3,4593,3322.78,1270.22,0.18,UPI,In-Store
T13626,2024-04-21,C3725,John Carter,18-25,Other,South America,Brazil,Rio,P205,Headphones,Accessories,4,2736,1729.36,1006.64,0.12,Net Banking,In-Store
T13627,2024-01-03,C3726,Sonia Patel,26-35,Male,Asia,Singapore,Singapore,P112,Mobile Phone,Electronics,3,2991,1804.44,1186.56,0.22,UPI,Online
T13628,2024-03-27,C3727,Maria Gomez,26-35,Other,North America,Canada,Toronto,P112,Mobile Phone,Electronics,2,502,428.88,73.12,0.22,Net Banking,Online
T13629,2024-01-05,C3728,Natalie Reed,18-25,Male,Europe,UK,Manchester,P101,Laptop,Electronics,1,1897,1588.26,308.74,0.15,Credit Card,Online
T13630,2024-03-12,C3729,Maria Gomez,18-25,Male,Asia,India,Mumbai,P402,Monitor,Electronics,2,2506,1919.16,586.84,0.24,Credit Card,In-Store
T13631,2024-01-10,C3730,Natalie Reed,18-25,Other,South America,Chile,Santiago,P520,Microwave Oven,Appliances,4,6380,5291.56,1088.44,0.06,UPI,Online
T13632,2024-03-31,C3731,Sarah Miller,50+,Other,Africa,Kenya,Nairobi,P402,Monitor,Electronics,4,4160,3261.11,898.89,0.01,Debit Card,In-Store
T13633,2024-01-15,C3732,John Carter,26-35,Male,South America,Chile,Santiago,P205,Headphones,Accessories,1,1888,1498.47,389.53,0.18,Cash,In-Store
T13634,2024-02-22,C3733,Natalie Reed,50+,Other,North America,Mexico,Monterrey,P520,Microwave Oven,Appliances,2,222,161.74,60.26,0.09,UPI,Online
T13635,2024-01-19,C3734,Daniel Wong,18-25,Male,Europe,Italy,Rome,P205,Headphones,Accessories,4,3604,2297.88,1306.12,0.08,Net Banking,In-Store
T13636,2024-01-17,C3735,Michael Ross,18-25,Female,North America,Canada,Toronto,P520,Microwave Oven,Appliances,1,1247,1054.02,192.98,0.13,Net Banking,Online
T13637,2024-02-19,C3736,Sarah Miller,18-25,Female,Asia,India,Delhi,P205,Headphones,Accessories,3,5715,3919.19,1795.81,0.09,Net Banking,In-Store
T13638,2024-01-05,C3737,Jake Turner,36-50,Female,Asia,UAE,Dubai,P303,Washing Machine,Appliances,2,3002,1954.2,1047.8,0.07,Net Banking,In-Store
T13639,2024-04-01,C3738,Meera Iyer,26-35,Female,Europe,Germany,Berlin,P520,Microwave Oven,Appliances,1,1632,1369.45,262.55,0.17,Cash,In-Store
T13640,2024-02-13,C3739,Sonia Patel,36-50,Male,Asia,India,Mumbai,P205,Headphones,Accessories,3,2391,1656.98,734.02,0.13,Cash,In-Store
T13641,2024-04-18,C3740,Meera Iyer,36-50,Female,North America,Mexico,Monterrey,P520,Microwave Oven,Appliances,1,1977,1236.83,740.17,0.11,Cash,Online
T13642,2024-04-11,C3741,Priya Nair,50+,Male,Europe,Germany,Berlin,P402,Monitor,Electronics,4,2328,1614.62,713.38,0.11,Debit Card,Online
T13643,2024-01-07,C3742,Emily Clark,50+,Other,Asia,UAE,Dubai,P101,Laptop,Electronics,2,3328,2968.5,359.5,0.22,Net Banking,In-Store
T13644,2024-02-21,C3743,Priya Nair,36-50,Male,South America,Brazil,São Paulo,P205,Headphones,Accessories,2,2868,2110.07,757.93,0.24,Debit Card,Online
T13645,2024-01-16,C3744,Ethan Wilson,18-25,Female,Asia,Japan,Tokyo,P205,Headphones,Accessories,4,5464,3605.36,1858.64,0.02,UPI,In-Store
T13646,2024-04-28,C3745,Jake Turner,36-50,Male,Asia,Japan,Tokyo,P402,Monitor,Electronics,3,5037,3880.14,1156.86,0.24,Cash,Online
T13647,2024-04-12,C3746,Sonia Patel,36-50,Other,North America,USA,New York,P112,Mobile Phone,Electronics,3,678,509.17,168.83,0.23,Cash,Online
T13648,2024-01-14,C3747,Ethan Wilson,18-25,Female,Africa,South Africa,Cape Town,P205,Headphones,Accessories,4,1076,849.91,226.09,0.18,Net Banking,Online
T13649,2024-04-27,C3748,John Carter,36-50,Other,North America,Mexico,Monterrey,P520,Microwave Oven,Appliances,1,1862,1136.84,725.16,0.04,Credit Card,In-Store
T13650,2024-01-30,C3749,Sonia Patel,26-35,Female,Asia,Singapore,Singapore,P101,Laptop,Electronics,3,2937,1913.51,1023.49,0.02,Debit Card,In-Store
T13651,2024-04-13,C3750,Rohan Gupta,50+,Male,Africa,South Africa,Johannesburg,P402,Monitor,Electronics,2,2964,1846.58,1117.42,0.09,Cash,In-Store
T13652,2024-03-06,C3751,Rohan Gupta,26-35,Male,Africa,Egypt,Cairo,P520,Microwave Oven,Appliances,1,362,267.61,94.39,0.01,Cash,In-Store
T13653,2024-03-14,C3752,Ethan Wilson,50+,Other,Asia,UAE,Dubai,P520,Microwave Oven,Appliances,2,1816,1543.06,272.94,0.03,Net Banking,Online
T13654,2024-02-02,C3753,Maria Gomez,26-35,Female,Europe,France,Paris,P205,Headphones,Accessories,4,1224,1079.65,144.35,0.17,Cash,Online
T13655,2024-01-04,C3754,Ethan Wilson,26-35,Other,North America,Canada,Toronto,P112,Mobile Phone,Electronics,4,2552,1900.41,651.59,0.14,Credit Card,In-Store
T13656,2024-03-20,C3755,Lucas Brown,18-25,Male,South America,Chile,Santiago,P205,Headphones,Accessories,2,3304,2921.71,382.29,0.09,UPI,In-Store
T13657,2024-03-02,C3756,Lucas Brown,18-25,Male,South America,Chile,Santiago,P101,Laptop,Electronics,2,654,584.78,69.22,0.24,Cash,Online
T13658,2024-04-15,C3757,Daniel Wong,26-35,Other,Europe,Italy,Milan,P112,Mobile Phone,Electronics,4,1764,1447.46,316.54,0.05,Debit Card,Online
T13659,2024-03-07,C3758,Sonia Patel,36-50,Male,Africa,South Africa,Johannesburg,P205,Headphones,Accessories,4,3388,2216.82,1171.18,0.24,Cash,Online
T13660,2024-04-19,C3759,Sarah Miller,50+,Other,South America,Argentina,Buenos Aires,P402,Monitor,Electronics,3,2376,1810.56,565.44,0.1,Net Banking,In-Store
T13661,2024-03-04,C3760,Sarah Miller,18-25,Female,South America,Argentina,Buenos Aires,P112,Mobile Phone,Electronics,1,1104,949.51,154.49,0.24,Net Banking,In-Store
T13662,2024-04-19,C3761,Emily Clark,26-35,Female,Africa,South Africa,Cape Town,P303,Washing Machine,Appliances,4,7180,4829.48,2350.52,0.11,Net Banking,Online
T13663,2024-03-22,C3762,Aditi Sharma,26-35,Female,North America,USA,New York,P520,Microwave Oven,Appliances,4,7852,5149.36,2702.64,0.06,Net Banking,Online
T13664,2024-03-14,C3763,Emily Clark,18-25,Male,South America,Argentina,Buenos Aires,P402,Monitor,Electronics,1,178,132.2,45.8,0.07,UPI,In-Store
T13665,2024-01-09,C3764,Rohan Gupta,18-25,Other,South America,Chile,Santiago,P303,Washing Machine,Appliances,3,4584,3677.21,906.79,0.13,Net Banking,Online
T13666,2024-02-21,C3765,Daniel Wong,36-50,Male,North America,USA,Seattle,P402,Monitor,Electronics,2,2212,1690.35,521.65,0.14,Net Banking,In-Store
T13667,2024-01-09,C3766,Aditi Sharma,18-25,Other,Asia,Japan,Osaka,P520,Microwave Oven,Appliances,4,6460,5503.19,956.81,0.11,Credit Card,In-Store
T13668,2024-03-03,C3767,Daniel Wong,18-25,Male,Africa,Kenya,Nairobi,P303,Washing Machine,Appliances,1,1344,1142.84,201.16,0.04,Credit Card,Online
T13669,2024-02-15,C3768,Meera Iyer,18-25,Female,South America,Chile,Santiago,P402,Monitor,Electronics,1,1099,963.74,135.26,0.14,Debit Card,Online
T13670,2024-03-07,C3769,Michael Ross,50+,Female,North America,USA,Seattle,P101,Laptop,Electronics,2,910,557.54,352.46,0.15,Cash,In-Store
T13671,2024-04-20,C3770,Lucas Brown,36-50,Male,Europe,France,Paris,P402,Monitor,Electronics,4,2400,1617.19,782.81,0.14,Debit Card,Online
T13672,2024-04-27,C3771,Jake Turner,18-25,Other,Asia,Japan,Tokyo,P101,Laptop,Electronics,4,7468,5126.52,2341.48,0.05,UPI,Online
T13673,2024-04-14,C3772,Sonia Patel,50+,Other,Asia,India,Bengaluru,P520,Microwave Oven,Appliances,2,2956,2306.9,649.1,0.15,Credit Card,Online
T13674,2024-02-12,C3773,Michael Ross,36-50,Female,South America,Brazil,São Paulo,P303,Washing Machine,Appliances,3,231,173.71,57.29,0.07,Credit Card,In-Store
T13675,2024-04-29,C3774,Natalie Reed,50+,Male,North America,USA,Seattle,P205,Headphones,Accessories,1,1314,859.77,454.23,0.14,Credit Card,In-Store
T13676,2024-04-09,C3775,Lucas Brown,26-35,Female,Europe,Italy,Rome,P101,Laptop,Electronics,1,1872,1673.08,198.92,0.07,Net Banking,Online
T13677,2024-03-07,C3776,Maria Gomez,36-50,Female,Africa,Kenya,Nairobi,P205,Headphones,Accessories,2,3826,3379.68,446.32,0.07,Credit Card,Online
T13678,2024-01-19,C3777,Aditi Sharma,36-50,Female,Asia,UAE,Abu Dhabi,P402,Monitor,Electronics,2,794,686.65,107.35,0.07,Debit Card,Online
T13679,2024-01-14,C3778,Sarah Miller,36-50,Female,Africa,Egypt,Cairo,P112,Mobile Phone,Electronics,3,4905,4368.68,536.32,0.17,Net Banking,Online
T13680,2024-02-18,C3779,Aditi Sharma,18-25,Male,Europe,Italy,Rome,P101,Laptop,Electronics,3,2343,1583.63,759.37,0.24,Net Banking,In-Store
T13681,2024-03-31,C3780,Priya Nair,26-35,Male,South America,Brazil,Rio,P303,Washing Machine,Appliances,4,1616,1409.19,206.81,0.25,UPI,In-Store
T13682,2024-04-14,C3781,Daniel Wong,36-50,Male,North America,Mexico,Monterrey,P205,Headphones,Accessories,1,217,193.83,23.17,0.01,Cash,Online
T13683,2024-04-18,C3782,Michael Ross,26-35,Other,Africa,South Africa,Johannesburg,P520,Microwave Oven,Appliances,4,5772,3985.15,1786.85,0.05,Net Banking,In-Store
T13684,2024-03-19,C3783,Aditi Sharma,50+,Other,North America,Canada,Vancouver,P402,Monitor,Electronics,1,593,456.41,136.59,0.21,Cash,Online
T13685,2024-04-11,C3784,Sonia Patel,26-35,Female,North America,USA,Seattle,P205,Headphones,Accessories,3,2604,2319.8,284.2,0.04,Credit Card,Online
T13686,2024-03-05,C3785,Emily Clark,26-35,Other,Africa,South Africa,Cape Town,P112,Mobile Phone,Electronics,2,796,559.87,236.13,0.02,Cash,In-Store
T13687,2024-03-05,C3786,Rohan Gupta,26-35,Male,Asia,India,Bengaluru,P303,Washing Machine,Appliances,4,748,565.95,182.05,0.08,Credit Card,In-Store
T13688,2024-04-09,C3787,Lucas Brown,50+,Male,North America,Mexico,Monterrey,P402,Monitor,Electronics,2,1458,1174.36,283.64,0.23,Debit Card,In-Store
T13689,2024-03-11,C3788,Daniel Wong,50+,Female,South America,Chile,Santiago,P205,Headphones,Accessories,2,808,500.9,307.1,0.14,Net Banking,Online
T13690,2024-03-21,C3789,Daniel Wong,36-50,Female,Europe,UK,Manchester,P112,Mobile Phone,Electronics,2,2608,1698.39,909.61,0.22,Debit Card,In-Store
T13691,2024-01-24,C3790,John Carter,50+,Other,Africa,Egypt,Cairo,P402,Monitor,Electronics,3,567,374.64,192.36,0.17,Debit Card,In-Store
T13692,2024-03-30,C3791,Ethan Wilson,36-50,Male,Europe,UK,London,P520,Microwave Oven,Appliances,4,4156,2527.48,1628.52,0.07,Credit Card,Online
T13693,2024-04-06,C3792,John Carter,26-35,Female,Africa,Kenya,Nairobi,P520,Microwave Oven,Appliances,2,1258,1108.73,149.27,0.0,Debit Card,In-Store
T13694,2024-04-16,C3793,Michael Ross,26-35,Other,Africa,South Africa,Johannesburg,P402,Monitor,Electronics,1,889,787.58,101.42,0.07,UPI,Online
T13695,2024-03-11,C3794,Natalie Reed,50+,Female,South America,Chile,Santiago,P303,Washing Machine,Appliances,4,2236,1808.94,427.06,0.13,Debit Card,Online
T13696,2024-04-07,C3795,Ethan Wilson,26-35,Male,South America,Brazil,São Paulo,P303,Washing Machine,Appliances,4,1196,936.74,259.26,0.18,UPI,In-Store
T13697,2024-04-22,C3796,Ethan Wilson,50+,Female,Asia,India,Bengaluru,P205,Headphones,Accessories,4,4096,3460.87,635.13,0.08,UPI,In-Store
T13698,2024-01-17,C3797,Emily Clark,50+,Male,South America,Brazil,São Paulo,P402,Monitor,Electronics,3,4101,2757.67,1343.33,0.02,Credit Card,Online
T13699,2024-04-15,C3798,Meera Iyer,18-25,Female,Asia,India,Bengaluru,P205,Headphones,Accessories,2,594,403.45,190.55,0.16,Credit Card,Online
T13700,2024-02-26,C3799,Ethan Wilson,26-35,Female,Africa,Egypt,Cairo,P101,Laptop,Electronics,4,2980,2466.03,513.97,0.05,Cash,Online
T13701,2024-04-22,C3800,Sonia Patel,50+,Other,Asia,India,Bengaluru,P520,Microwave Oven,Appliances,1,1521,935.99,585.01,0.1,Credit Card,Online
T13702,2024-01-31,C3801,Ethan Wilson,50+,Other,Africa,Kenya,Nairobi,P402,Monitor,Electronics,2,3354,2604.36,749.64,0.14,Cash,In-Store
T13703,2024-04-28,C3802,Emily Clark,36-50,Female,Europe,France,Paris,P520,Microwave Oven,Appliances,3,5178,3708.48,1469.52,0.21,UPI,Online
T13704,2024-01-29,C3803,Ethan Wilson,26-35,Other,Europe,Germany,Munich,P303,Washing Machine,Appliances,4,7580,6270.51,1309.49,0.1,UPI,In-Store
T13705,2024-03-17,C3804,Meera Iyer,18-25,Female,North America,Mexico,Monterrey,P101,Laptop,Electronics,1,93,61.01,31.99,0.09,Net Banking,Online
T13706,2024-03-13,C3805,Ethan Wilson,50+,Female,Asia,UAE,Dubai,P402,Monitor,Electronics,1,1227,1078.29,148.71,0.08,UPI,In-Store
T13707,2024-02-23,C3806,Maria Gomez,18-25,Male,North America,Mexico,Mexico City,P303,Washing Machine,Appliances,2,2500,2201.37,298.63,0.24,UPI,Online
T13708,2024-02-16,C3807,Aditi Sharma,50+,Female,Africa,Kenya,Nairobi,P402,Monitor,Electronics,2,1592,1101.21,490.79,0.09,Cash,Online
T13709,2024-04-20,C3808,Emily Clark,36-50,Female,Africa,Kenya,Nairobi,P303,Washing Machine,Appliances,4,696,534.25,161.75,0.21,UPI,Online
T13710,2024-04-25,C3809,Lucas Brown,50+,Male,South America,Chile,Santiago,P303,Washing Machine,Appliances,3,825,532.89,292.11,0.19,UPI,In-Store
T13711,2024-03-21,C3810,Meera Iyer,26-35,Female,South America,Brazil,Rio,P205,Headphones,Accessories,3,4362,3283.43,1078.57,0.14,Cash,Online
T13712,2024-01-01,C3811,John Carter,26-35,Female,North America,Mexico,Monterrey,P303,Washing Machine,Appliances,3,3873,2593.01,1279.99,0.14,UPI,Online
T13713,2024-04-27,C3812,Lucas Brown,18-25,Female,South America,Brazil,Rio,P205,Headphones,Accessories,2,2872,1850.98,1021.02,0.21,Net Banking,In-Store
T13714,2024-03-30,C3813,Daniel Wong,18-25,Male,North America,Mexico,Monterrey,P520,Microwave Oven,Appliances,3,3486,2974.7,511.3,0.16,Cash,Online
T13715,2024-01-10,C3814,Aditi Sharma,50+,Female,South America,Brazil,Rio,P402,Monitor,Electronics,2,582,429.96,152.04,0.08,UPI,In-Store
T13716,2024-03-23,C3815,Aditi Sharma,18-25,Male,Europe,UK,London,P205,Headphones,Accessories,2,1894,1569.11,324.89,0.17,Credit Card,In-Store
T13717,2024-03-25,C3816,Jake Turner,18-25,Other,Asia,Japan,Osaka,P303,Washing Machine,Appliances,4,4332,3617.98,714.02,0.22,Debit Card,In-Store
T13718,2024-01-28,C3817,Michael Ross,36-50,Other,Europe,Italy,Milan,P112,Mobile Phone,Electronics,4,3344,2284.9,1059.1,0.14,Net Banking,Online
T13719,2024-02-11,C3818,Aditi Sharma,18-25,Female,Asia,India,Delhi,P112,Mobile Phone,Electronics,4,7948,5413.71,2534.29,0.01,Net Banking,In-Store
T13720,2024-04-07,C3819,Natalie Reed,50+,Female,South America,Argentina,Buenos Aires,P205,Headphones,Accessories,2,2022,1653.88,368.12,0.05,Debit Card,In-Store
T13721,2024-02-03,C3820,Natalie Reed,18-25,Other,South America,Chile,Santiago,P520,Microwave Oven,Appliances,4,5668,3803.67,1864.33,0.17,Cash,In-Store
T13722,2024-02-19,C3821,Maria Gomez,18-25,Female,Asia,Singapore,Singapore,P402,Monitor,Electronics,4,3136,2763.99,372.01,0.13,UPI,In-Store
T13723,2024-02-15,C3822,John Carter,36-50,Other,South America,Brazil,São Paulo,P205,Headphones,Accessories,2,3934,3188.94,745.06,0.18,UPI,In-Store
T13724,2024-04-12,C3823,John Carter,18-25,Female,Asia,Singapore,Singapore,P112,Mobile Phone,Electronics,2,1372,893.08,478.92,0.15,Net Banking,In-Store
T13725,2024-03-31,C3824,Emily Clark,18-25,Male,North America,Canada,Vancouver,P520,Microwave Oven,Appliances,3,1323,968.98,354.02,0.08,Credit Card,Online
T13726,2024-04-20,C3825,Jake Turner,26-35,Female,Europe,Germany,Berlin,P101,Laptop,Electronics,2,1710,1485.91,224.09,0.21,Credit Card,Online
T13727,2024-04-28,C3826,Natalie Reed,18-25,Female,South America,Argentina,Buenos Aires,P101,Laptop,Electronics,2,2002,1278.52,723.48,0.01,UPI,Online
T13728,2024-04-19,C3827,Ethan Wilson,36-50,Female,North America,Canada,Toronto,P101,Laptop,Electronics,3,1068,854.9,213.1,0.18,Cash,In-Store
T13729,2024-01-31,C3828,Daniel Wong,18-25,Other,South America,Argentina,Buenos Aires,P520,Microwave Oven,Appliances,2,3688,2970.46,717.54,0.05,Credit Card,In-Store
T13730,2024-01-10,C3829,Meera Iyer,36-50,Female,Asia,Singapore,Singapore,P205,Headphones,Accessories,4,3452,2964.17,487.83,0.04,Credit Card,Online
T13731,2024-03-28,C3830,Ethan Wilson,18-25,Male,Europe,France,Paris,P520,Microwave Oven,Appliances,4,6120,3924.71,2195.29,0.1,Net Banking,In-Store
T13732,2024-01-03,C3831,Daniel Wong,18-25,Female,Asia,Singapore,Singapore,P112,Mobile Phone,Electronics,3,4596,3501.47,1094.53,0.17,Net Banking,Online
T13733,2024-01-13,C3832,Meera Iyer,50+,Other,Europe,Italy,Rome,P402,Monitor,Electronics,2,1692,1103.75,588.25,0.09,Cash,Online
T13734,2024-03-30,C3833,Rohan Gupta,36-50,Male,Asia,UAE,Abu Dhabi,P112,Mobile Phone,Electronics,4,3800,3180.79,619.21,0.2,Cash,In-Store
T13735,2024-01-08,C3834,Ethan Wilson,18-25,Male,Asia,Japan,Tokyo,P101,Laptop,Electronics,4,1784,1286.9,497.1,0.07,Cash,Online
T13736,2024-03-26,C3835,Michael Ross,50+,Male,North America,Canada,Vancouver,P303,Washing Machine,Appliances,2,2630,2323.55,306.45,0.21,Debit Card,In-Store
T13737,2024-04-28,C3836,Meera Iyer,36-50,Female,Asia,India,Delhi,P520,Microwave Oven,Appliances,2,510,355.55,154.45,0.05,Net Banking,In-Store
T13738,2024-04-22,C3837,Priya Nair,36-50,Male,Africa,South Africa,Johannesburg,P303,Washing Machine,Appliances,3,4344,3698.65,645.35,0.08,Cash,In-Store
T13739,2024-01-10,C3838,Michael Ross,26-35,Female,North America,Canada,Toronto,P205,Headphones,Accessories,1,1226,814.11,411.89,0.13,UPI,Online
T13740,2024-03-01,C3839,Sarah Miller,18-25,Other,North America,Canada,Toronto,P112,Mobile Phone,Electronics,4,4992,3388.12,1603.88,0.18,UPI,In-Store
T13741,2024-04-03,C3840,Daniel Wong,18-25,Male,South America,Brazil,São Paulo,P112,Mobile Phone,Electronics,2,2588,2276.33,311.67,0.13,UPI,In-Store
T13742,2024-03-25,C3841,Priya Nair,26-35,Other,South America,Argentina,Buenos Aires,P402,Monitor,Electronics,4,4632,3663.46,968.54,0.13,Cash,In-Store
T13743,2024-04-29,C3842,Meera Iyer,18-25,Male,Asia,Japan,Tokyo,P402,Monitor,Electronics,3,2841,1812.09,1028.91,0.11,Net Banking,Online
T13744,2024-01-18,C3843,Maria Gomez,26-35,Female,Asia,India,Mumbai,P112,Mobile Phone,Electronics,4,7044,5666.62,1377.38,0.08,Net Banking,In-Store
T13745,2024-03-29,C3844,Rohan Gupta,50+,Female,Europe,France,Lyon,P303,Washing Machine,Appliances,2,2140,1507.11,632.89,0.08,Credit Card,In-Store
T13746,2024-02-07,C3845,Priya Nair,36-50,Other,Asia,Japan,Osaka,P205,Headphones,Accessories,3,3972,2735.9,1236.1,0.08,Debit Card,Online
T13747,2024-03-26,C3846,Meera Iyer,50+,Male,Asia,Singapore,Singapore,P520,Microwave Oven,Appliances,4,6656,5350.44,1305.56,0.16,Cash,Online
T13748,2024-04-15,C3847,Daniel Wong,18-25,Female,Africa,Kenya,Nairobi,P205,Headphones,Accessories,1,1778,1289.05,488.95,0.19,Cash,In-Store
T13749,2024-02-25,C3848,Sonia Patel,50+,Other,Europe,UK,Manchester,P402,Monitor,Electronics,4,3640,3190.0,450.0,0.08,Debit Card,In-Store
T13750,2024-04-07,C3849,Daniel Wong,36-50,Male,South America,Argentina,Buenos Aires,P303,Washing Machine,Appliances,3,5742,3521.59,2220.41,0.08,Debit Card,Online
T13751,2024-01-08,C3850,Sonia Patel,18-25,Other,Asia,UAE,Abu Dhabi,P205,Headphones,Accessories,4,5732,4189.44,1542.56,0.13,Credit Card,Online
T13752,2024-04-05,C3851,Emily Clark,36-50,Other,Europe,Germany,Berlin,P303,Washing Machine,Appliances,1,513,363.83,149.17,0.17,Cash,In-Store
T13753,2024-03-06,C3852,Rohan Gupta,26-35,Male,Africa,South Africa,Johannesburg,P205,Headphones,Accessories,1,908,781.2,126.8,0.16,UPI,Online
T13754,2024-01-31,C3853,Meera Iyer,36-50,Male,South America,Brazil,São Paulo,P101,Laptop,Electronics,3,510,409.46,100.54,0.06,Cash,In-Store
T13755,2024-01-18,C3854,Ethan Wilson,26-35,Male,Africa,Kenya,Nairobi,P112,Mobile Phone,Electronics,4,7664,5282.05,2381.95,0.06,Cash,In-Store
T13756,2024-04-10,C3855,Lucas Brown,26-35,Other,South America,Argentina,Buenos Aires,P402,Monitor,Electronics,1,589,507.69,81.31,0.01,Net Banking,Online
T13757,2024-03-17,C3856,Ethan Wilson,18-25,Male,Africa,Kenya,Nairobi,P303,Washing Machine,Appliances,4,7352,6037.91,1314.09,0.0,UPI,Online
T13758,2024-02-17,C3857,Ethan Wilson,36-50,Female,Africa,South Africa,Cape Town,P402,Monitor,Electronics,1,1960,1677.41,282.59,0.06,Debit Card,Online
T13759,2024-04-14,C3858,Meera Iyer,50+,Male,Europe,Italy,Milan,P101,Laptop,Electronics,2,452,333.29,118.71,0.14,Cash,In-Store
T13760,2024-01-17,C3859,John Carter,26-35,Male,South America,Brazil,Rio,P101,Laptop,Electronics,3,2265,1911.51,353.49,0.24,Cash,Online
T13761,2024-02-18,C3860,Meera Iyer,36-50,Other,Africa,Kenya,Nairobi,P303,Washing Machine,Appliances,4,1356,878.98,477.02,0.18,Credit Card,In-Store
T13762,2024-04-11,C3861,Rohan Gupta,26-35,Other,Asia,UAE,Abu Dhabi,P402,Monitor,Electronics,3,3270,2264.74,1005.26,0.15,Net Banking,Online
T13763,2024-04-21,C3862,Daniel Wong,26-35,Male,North America,USA,New York,P303,Washing Machine,Appliances,2,3096,2466.64,629.36,0.18,Cash,Online
T13764,2024-04-04,C3863,Natalie Reed,50+,Other,Asia,Japan,Osaka,P303,Washing Machine,Appliances,3,2280,1526.1,753.9,0.22,Cash,In-Store
T13765,2024-04-18,C3864,Sonia Patel,36-50,Male,South America,Brazil,São Paulo,P112,Mobile Phone,Electronics,4,6416,4910.14,1505.86,0.19,Debit Card,Online
T13766,2024-04-13,C3865,Lucas Brown,36-50,Male,Europe,UK,London,P303,Washing Machine,Appliances,3,4494,2706.18,1787.82,0.25,Cash,Online
T13767,2024-01-15,C3866,Meera Iyer,26-35,Male,Europe,Italy,Rome,P402,Monitor,Electronics,4,1748,1409.0,339.0,0.11,Debit Card,Online
T13768,2024-04-17,C3867,Rohan Gupta,50+,Other,Africa,Egypt,Cairo,P205,Headphones,Accessories,1,147,116.82,30.18,0.22,Debit Card,In-Store
T13769,2024-02-13,C3868,Priya Nair,50+,Male,South America,Brazil,São Paulo,P520,Microwave Oven,Appliances,3,5046,4467.95,578.05,0.16,Credit Card,In-Store
T13770,2024-02-05,C3869,Rohan Gupta,18-25,Female,Asia,Singapore,Singapore,P112,Mobile Phone,Electronics,1,146,93.77,52.23,0.23,Net Banking,In-Store
T13771,2024-01-02,C3870,John Carter,26-35,Other,North America,Mexico,Mexico City,P520,Microwave Oven,Appliances,1,294,221.47,72.53,0.18,Net Banking,Online
T13772,2024-02-10,C3871,Michael Ross,26-35,Female,Europe,Italy,Rome,P205,Headphones,Accessories,3,1650,1452.07,197.93,0.06,Credit Card,In-Store
T13773,2024-03-06,C3872,Aditi Sharma,36-50,Female,North America,USA,Chicago,P101,Laptop,Electronics,3,2655,2162.24,492.76,0.1,UPI,In-Store
T13774,2024-01-10,C3873,Michael Ross,18-25,Female,Asia,Singapore,Singapore,P112,Mobile Phone,Electronics,1,285,237.21,47.79,0.07,Net Banking,Online
T13775,2024-02-26,C3874,Daniel Wong,36-50,Male,Africa,Kenya,Nairobi,P112,Mobile Phone,Electronics,2,2958,1955.72,1002.28,0.23,Net Banking,In-Store
T13776,2024-01-08,C3875,John Carter,36-50,Other,Africa,South Africa,Cape Town,P205,Headphones,Accessories,1,1542,1106.23,435.77,0.24,UPI,In-Store
T13777,2024-03-31,C3876,Michael Ross,50+,Male,Africa,Egypt,Cairo,P402,Monitor,Electronics,4,7820,5384.65,2435.35,0.19,Net Banking,In-Store
T13778,2024-02-14,C3877,Aditi Sharma,26-35,Female,Europe,UK,Manchester,P205,Headphones,Accessories,3,2313,1906.66,406.34,0.23,Net Banking,Online
T13779,2024-03-10,C3878,Jake Turner,26-35,Male,Europe,France,Lyon,P205,Headphones,Accessories,2,2210,1828.98,381.02,0.16,Debit Card,Online
T13780,2024-01-18,C3879,Maria Gomez,26-35,Other,North America,Mexico,Monterrey,P205,Headphones,Accessories,2,384,326.18,57.82,0.05,Cash,Online
T13781,2024-02-01,C3880,Sonia Patel,18-25,Other,South America,Chile,Santiago,P101,Laptop,Electronics,3,231,156.18,74.82,0.12,Net Banking,Online
T13782,2024-03-17,C3881,John Carter,50+,Other,South America,Argentina,Buenos Aires,P303,Washing Machine,Appliances,3,201,170.82,30.18,0.0,Net Banking,In-Store
T13783,2024-02-01,C3882,Rohan Gupta,26-35,Other,Asia,India,Mumbai,P101,Laptop,Electronics,4,6932,4766.54,2165.46,0.15,UPI,In-Store
T13784,2024-02-04,C3883,Jake Turner,26-35,Male,Asia,India,Delhi,P101,Laptop,Electronics,1,943,667.95,275.05,0.19,Net Banking,In-Store
T13785,2024-04-20,C3884,Ethan Wilson,18-25,Male,Asia,India,Mumbai,P402,Monitor,Electronics,4,264,174.9,89.1,0.11,Debit Card,In-Store
T13786,2024-01-04,C3885,Sonia Patel,50+,Female,Africa,Kenya,Nairobi,P520,Microwave Oven,Appliances,1,723,529.77,193.23,0.04,Net Banking,Online
T13787,2024-03-17,C3886,Jake Turner,50+,Female,Asia,UAE,Abu Dhabi,P101,Laptop,Electronics,3,4743,3398.97,1344.03,0.1,Credit Card,In-Store
T13788,2024-03-05,C3887,Maria Gomez,36-50,Female,South America,Brazil,Rio,P101,Laptop,Electronics,1,1190,746.82,443.18,0.17,UPI,Online
T13789,2024-01-06,C3888,Meera Iyer,50+,Other,North America,USA,Seattle,P520,Microwave Oven,Appliances,2,2280,1910.71,369.29,0.01,Cash,In-Store
T13790,2024-03-23,C3889,Michael Ross,18-25,Male,Africa,South Africa,Cape Town,P303,Washing Machine,Appliances,2,2798,1757.47,1040.53,0.2,Debit Card,Online
T13791,2024-02-13,C3890,Jake Turner,36-50,Female,Europe,France,Paris,P112,Mobile Phone,Electronics,2,2656,1816.25,839.75,0.06,Debit Card,In-Store
T13792,2024-03-04,C3891,Lucas Brown,18-25,Other,South America,Argentina,Buenos Aires,P520,Microwave Oven,Appliances,3,4206,3603.82,602.18,0.04,Net Banking,Online
T13793,2024-03-03,C3892,Priya Nair,50+,Other,Africa,Egypt,Cairo,P101,Laptop,Electronics,1,294,253.27,40.73,0.01,UPI,In-Store
T13794,2024-02-18,C3893,Jake Turner,18-25,Other,South America,Brazil,São Paulo,P112,Mobile Phone,Electronics,4,6876,4320.45,2555.55,0.09,Net Banking,Online
T13795,2024-03-07,C3894,Lucas Brown,26-35,Female,Asia,Singapore,Singapore,P101,Laptop,Electronics,2,466,371.37,94.63,0.04,Net Banking,Online
T13796,2024-03-08,C3895,Maria Gomez,50+,Male,Africa,Egypt,Cairo,P205,Headphones,Accessories,4,3020,2314.19,705.81,0.17,Credit Card,In-Store
T13797,2024-01-27,C3896,Sarah Miller,26-35,Other,Africa,Egypt,Cairo,P402,Monitor,Electronics,4,668,465.02,202.98,0.05,Cash,Online
T13798,2024-02-05,C3897,Jake Turner,50+,Other,North America,Mexico,Monterrey,P101,Laptop,Electronics,3,420,346.19,73.81,0.18,Cash,In-Store
T13799,2024-04-03,C3898,Aditi Sharma,50+,Other,South America,Chile,Santiago,P205,Headphones,Accessories,1,1808,1152.16,655.84,0.23,Debit Card,Online
T13800,2024-02-10,C3899,Rohan Gupta,50+,Female,Africa,Egypt,Cairo,P205,Headphones,Accessories,2,2202,1499.45,702.55,0.1,UPI,In-Store
T13801,2024-02-20,C3900,Aditi Sharma,18-25,Female,Africa,Kenya,Nairobi,P112,Mobile Phone,Electronics,2,1326,1170.5,155.5,0.17,Net Banking,In-Store
T13802,2024-02-08,C3901,Maria Gomez,18-25,Other,North America,Mexico,Monterrey,P402,Monitor,Electronics,4,7852,6770.69,1081.31,0.01,Credit Card,In-Store
T13803,2024-01-19,C3902,John Carter,26-35,Male,Africa,South Africa,Cape Town,P520,Microwave Oven,Appliances,4,5564,4866.14,697.86,0.1,Cash,Online
T13804,2024-04-01,C3903,Priya Nair,36-50,Other,South America,Argentina,Buenos Aires,P303,Washing Machine,Appliances,3,273,244.4,28.6,0.05,Net Banking,Online
T13805,2024-03-21,C3904,Daniel Wong,36-50,Male,Africa,South Africa,Johannesburg,P520,Microwave Oven,Appliances,2,312,262.08,49.92,0.21,UPI,In-Store
T13806,2024-02-19,C3905,Daniel Wong,18-25,Male,Africa,South Africa,Johannesburg,P402,Monitor,Electronics,2,2388,1624.8,763.2,0.01,UPI,Online
T13807,2024-04-24,C3906,John Carter,18-25,Female,South America,Brazil,São Paulo,P303,Washing Machine,Appliances,1,1770,1178.39,591.61,0.17,Debit Card,In-Store
T13808,2024-02-06,C3907,Meera Iyer,26-35,Male,Africa,South Africa,Cape Town,P303,Washing Machine,Appliances,4,6688,5899.98,788.02,0.22,Net Banking,In-Store
T13809,2024-01-02,C3908,Lucas Brown,26-35,Other,Europe,France,Paris,P112,Mobile Phone,Electronics,4,3160,2406.26,753.74,0.2,Cash,In-Store
T13810,2024-03-19,C3909,Jake Turner,18-25,Female,Africa,Egypt,Cairo,P402,Monitor,Electronics,2,3892,2396.68,1495.32,0.04,UPI,Online
T13811,2024-02-29,C3910,Meera Iyer,18-25,Male,Europe,Italy,Milan,P402,Monitor,Electronics,1,1741,1062.15,678.85,0.1,Cash,In-Store
T13812,2024-01-25,C3911,Jake Turner,50+,Male,Europe,Italy,Milan,P205,Headphones,Accessories,1,511,398.75,112.25,0.14,UPI,In-Store
T13813,2024-03-15,C3912,Daniel Wong,26-35,Female,North America,USA,Seattle,P205,Headphones,Accessories,3,5352,4742.77,609.23,0.06,Cash,Online
T13814,2024-03-04,C3913,Daniel Wong,26-35,Male,Asia,India,Bengaluru,P101,Laptop,Electronics,4,4956,4238.05,717.95,0.04,Net Banking,Online
T13815,2024-02-20,C3914,Maria Gomez,26-35,Other,Europe,Germany,Berlin,P402,Monitor,Electronics,3,2532,1736.13,795.87,0.16,Net Banking,In-Store
T13816,2024-02-29,C3915,Aditi Sharma,26-35,Other,South America,Argentina,Buenos Aires,P205,Headphones,Accessories,3,2679,1860.32,818.68,0.12,Cash,Online
T13817,2024-04-11,C3916,Rohan Gupta,36-50,Male,Asia,UAE,Dubai,P205,Headphones,Accessories,4,2964,1915.11,1048.89,0.03,Debit Card,In-Store
T13818,2024-04-07,C3917,Jake Turner,26-35,Other,Asia,UAE,Dubai,P520,Microwave Oven,Appliances,4,7692,6857.78,834.22,0.09,Credit Card,In-Store
T13819,2024-01-20,C3918,Jake Turner,18-25,Female,Asia,India,Mumbai,P112,Mobile Phone,Electronics,2,2740,1783.5,956.5,0.0,Debit Card,In-Store
T13820,2024-01-23,C3919,Sonia Patel,50+,Female,Asia,Japan,Osaka,P205,Headphones,Accessories,2,442,374.14,67.86,0.24,Debit Card,In-Store
T13821,2024-04-04,C3920,Jake Turner,50+,Female,South America,Argentina,Buenos Aires,P205,Headphones,Accessories,3,3798,2799.39,998.61,0.1,Cash,In-Store
T13822,2024-03-15,C3921,Emily Clark,36-50,Female,Africa,Kenya,Nairobi,P101,Laptop,Electronics,3,543,384.34,158.66,0.01,Credit Card,Online
T13823,2024-04-02,C3922,Michael Ross,18-25,Other,Africa,Egypt,Cairo,P402,Monitor,Electronics,2,1380,910.14,469.86,0.12,UPI,Online
T13824,2024-03-21,C3923,Michael Ross,18-25,Other,Europe,Germany,Munich,P520,Microwave Oven,Appliances,3,2256,1856.81,399.19,0.22,Cash,In-Store
T13825,2024-01-21,C3924,Maria Gomez,18-25,Male,South America,Chile,Santiago,P112,Mobile Phone,Electronics,3,4365,2918.11,1446.89,0.11,Credit Card,In-Store
T13826,2024-01-16,C3925,Rohan Gupta,36-50,Female,Asia,Singapore,Singapore,P303,Washing Machine,Appliances,4,4472,3684.29,787.71,0.25,Net Banking,In-Store
T13827,2024-01-12,C3926,Daniel Wong,26-35,Other,South America,Chile,Santiago,P520,Microwave Oven,Appliances,4,1208,995.41,212.59,0.03,Debit Card,In-Store
T13828,2024-02-18,C3927,Meera Iyer,18-25,Other,Europe,UK,London,P402,Monitor,Electronics,1,365,246.64,118.36,0.03,UPI,Online
T13829,2024-02-18,C3928,Lucas Brown,36-50,Other,South America,Brazil,São Paulo,P520,Microwave Oven,Appliances,3,2769,2363.43,405.57,0.15,Net Banking,Online
T13830,2024-03-11,C3929,Emily Clark,18-25,Female,South America,Brazil,Rio,P303,Washing Machine,Appliances,3,3051,2447.28,603.72,0.15,Debit Card,Online
T13831,2024-02-09,C3930,Jake Turner,18-25,Other,North America,Canada,Vancouver,P520,Microwave Oven,Appliances,4,5620,5055.14,564.86,0.05,Cash,Online
T13832,2024-01-03,C3931,Rohan Gupta,36-50,Female,North America,Canada,Vancouver,P520,Microwave Oven,Appliances,2,3212,2829.2,382.8,0.23,Credit Card,Online
T13833,2024-03-08,C3932,Sonia Patel,50+,Female,North America,Canada,Vancouver,P205,Headphones,Accessories,4,2232,1842.62,389.38,0.11,Cash,In-Store
T13834,2024-03-30,C3933,Emily Clark,50+,Female,North America,Mexico,Mexico City,P205,Headphones,Accessories,1,1206,967.46,238.54,0.03,Cash,Online
T13835,2024-03-10,C3934,Daniel Wong,26-35,Female,Asia,Singapore,Singapore,P520,Microwave Oven,Appliances,4,4352,3339.04,1012.96,0.16,Credit Card,In-Store
T13836,2024-03-02,C3935,Natalie Reed,18-25,Other,South America,Chile,Santiago,P112,Mobile Phone,Electronics,2,3642,2887.53,754.47,0.13,Credit Card,Online
T13837,2024-03-18,C3936,Maria Gomez,26-35,Male,Africa,Kenya,Nairobi,P205,Headphones,Accessories,4,308,198.12,109.88,0.22,Credit Card,In-Store
T13838,2024-02-18,C3937,Sarah Miller,18-25,Other,South America,Brazil,São Paulo,P112,Mobile Phone,Electronics,1,1249,970.72,278.28,0.24,Net Banking,Online
T13839,2024-01-29,C3938,Daniel Wong,26-35,Female,North America,USA,Chicago,P303,Washing Machine,Appliances,4,2872,2052.06,819.94,0.08,Cash,Online
T13840,2024-04-04,C3939,Michael Ross,18-25,Female,Asia,Singapore,Singapore,P205,Headphones,Accessories,3,4776,3223.34,1552.66,0.15,UPI,In-Store
T13841,2024-03-18,C3940,Ethan Wilson,50+,Other,North America,Canada,Toronto,P303,Washing Machine,Appliances,2,1014,874.99,139.01,0.11,Net Banking,Online
T13842,2024-01-23,C3941,Michael Ross,26-35,Female,Asia,India,Delhi,P520,Microwave Oven,Appliances,1,1582,1302.61,279.39,0.19,Credit Card,Online
T13843,2024-03-11,C3942,John Carter,50+,Other,Europe,Italy,Rome,P520,Microwave Oven,Appliances,3,5166,3239.06,1926.94,0.07,Credit Card,In-Store
T13844,2024-02-13,C3943,Rohan Gupta,50+,Other,Africa,Egypt,Cairo,P402,Monitor,Electronics,2,1214,775.22,438.78,0.16,Debit Card,In-Store
T13845,2024-01-14,C3944,Lucas Brown,18-25,Other,Asia,India,Bengaluru,P205,Headphones,Accessories,1,1700,1180.77,519.23,0.24,Net Banking,In-Store
T13846,2024-02-03,C3945,John Carter,50+,Other,South America,Argentina,Buenos Aires,P303,Washing Machine,Appliances,3,1032,777.8,254.2,0.2,Credit Card,In-Store
T13847,2024-01-23,C3946,Priya Nair,36-50,Other,Africa,Kenya,Nairobi,P303,Washing Machine,Appliances,2,2898,1739.36,1158.64,0.12,Credit Card,Online
T13848,2024-03-12,C3947,Priya Nair,18-25,Male,Europe,Italy,Rome,P101,Laptop,Electronics,2,3072,2295.22,776.78,0.01,Debit Card,In-Store
T13849,2024-03-02,C3948,Jake Turner,18-25,Other,Europe,Italy,Rome,P205,Headphones,Accessories,3,861,664.14,196.86,0.12,UPI,Online
T13850,2024-01-31,C3949,Natalie Reed,36-50,Male,Europe,UK,Manchester,P520,Microwave Oven,Appliances,2,862,592.64,269.36,0.06,Debit Card,In-Store
T13851,2024-03-19,C3950,Jake Turner,18-25,Male,North America,USA,New York,P112,Mobile Phone,Electronics,3,2607,1621.28,985.72,0.22,UPI,In-Store
T13852,2024-01-11,C3951,John Carter,18-25,Female,Asia,UAE,Dubai,P402,Monitor,Electronics,3,4581,3401.02,1179.98,0.03,Net Banking,In-Store
T13853,2024-03-19,C3952,Daniel Wong,36-50,Male,North America,Canada,Toronto,P402,Monitor,Electronics,3,3861,3448.43,412.57,0.2,Net Banking,In-Store
T13854,2024-01-16,C3953,Meera Iyer,26-35,Male,Asia,UAE,Abu Dhabi,P402,Monitor,Electronics,3,3933,3414.91,518.09,0.08,Credit Card,Online
T13855,2024-01-09,C3954,Natalie Reed,26-35,Other,Asia,Japan,Tokyo,P402,Monitor,Electronics,1,108,71.65,36.35,0.14,Cash,In-Store
T13856,2024-02-21,C3955,Priya Nair,36-50,Other,Europe,France,Paris,P520,Microwave Oven,Appliances,2,1816,1135.73,680.27,0.12,Credit Card,Online
T13857,2024-02-01,C3956,Lucas Brown,50+,Male,Europe,Germany,Munich,P520,Microwave Oven,Appliances,1,1633,1175.24,457.76,0.04,Net Banking,Online
T13858,2024-03-25,C3957,Natalie Reed,50+,Male,South America,Brazil,Rio,P303,Washing Machine,Appliances,2,1058,949.17,108.83,0.2,UPI,Online
T13859,2024-02-15,C3958,Natalie Reed,50+,Other,Asia,UAE,Dubai,P101,Laptop,Electronics,2,2388,1676.54,711.46,0.08,Net Banking,Online
T13860,2024-02-20,C3959,Aditi Sharma,26-35,Male,Asia,India,Mumbai,P112,Mobile Phone,Electronics,2,424,280.64,143.36,0.03,Cash,In-Store
T13861,2024-04-27,C3960,John Carter,18-25,Female,Asia,Japan,Osaka,P402,Monitor,Electronics,4,1008,855.15,152.85,0.04,UPI,In-Store
T13862,2024-03-06,C3961,Rohan Gupta,18-25,Female,South America,Brazil,São Paulo,P520,Microwave Oven,Appliances,3,2937,2454.08,482.92,0.14,Cash,In-Store
T13863,2024-01-13,C3962,Ethan Wilson,26-35,Male,Asia,Singapore,Singapore,P402,Monitor,Electronics,1,1784,1121.21,662.79,0.08,Credit Card,Online
T13864,2024-02-21,C3963,Emily Clark,26-35,Male,Europe,Germany,Munich,P205,Headphones,Accessories,4,7108,6099.78,1008.22,0.03,Credit Card,In-Store
T13865,2024-04-16,C3964,Priya Nair,26-35,Other,South America,Argentina,Buenos Aires,P520,Microwave Oven,Appliances,2,294,200.82,93.18,0.06,Debit Card,In-Store
T13866,2024-01-01,C3965,Jake Turner,26-35,Male,Africa,South Africa,Cape Town,P402,Monitor,Electronics,3,873,562.0,311.0,0.24,Credit Card,Online
T13867,2024-02-29,C3966,Sarah Miller,50+,Female,Asia,Japan,Tokyo,P303,Washing Machine,Appliances,1,868,568.7,299.3,0.12,Net Banking,Online
T13868,2024-02-02,C3967,Rohan Gupta,26-35,Male,South America,Argentina,Buenos Aires,P303,Washing Machine,Appliances,3,5682,3504.38,2177.62,0.24,Credit Card,In-Store
T13869,2024-04-29,C3968,Daniel Wong,50+,Female,Europe,Germany,Berlin,P205,Headphones,Accessories,2,1134,973.27,160.73,0.12,Debit Card,Online
T13870,2024-01-30,C3969,Meera Iyer,18-25,Female,Europe,UK,London,P303,Washing Machine,Appliances,1,184,131.86,52.14,0.13,Credit Card,In-Store
T13871,2024-02-19,C3970,Daniel Wong,36-50,Male,Africa,Egypt,Cairo,P101,Laptop,Electronics,2,616,517.99,98.01,0.22,Debit Card,Online
T13872,2024-02-19,C3971,Ethan Wilson,50+,Other,North America,USA,Seattle,P205,Headphones,Accessories,1,1090,689.1,400.9,0.17,Debit Card,Online
T13873,2024-01-17,C3972,Daniel Wong,36-50,Other,Asia,India,Bengaluru,P402,Monitor,Electronics,2,1704,1531.31,172.69,0.0,Debit Card,In-Store
T13874,2024-02-23,C3973,Sonia Patel,26-35,Female,Europe,France,Lyon,P303,Washing Machine,Appliances,2,1222,1014.95,207.05,0.11,Debit Card,In-Store
T13875,2024-04-22,C3974,Michael Ross,36-50,Other,South America,Chile,Santiago,P402,Monitor,Electronics,3,3486,2180.24,1305.76,0.19,Credit Card,In-Store
T13876,2024-02-28,C3975,Jake Turner,50+,Other,Africa,Kenya,Nairobi,P101,Laptop,Electronics,1,827,703.93,123.07,0.23,Cash,In-Store
T13877,2024-02-26,C3976,Sonia Patel,18-25,Male,South America,Brazil,Rio,P303,Washing Machine,Appliances,2,848,731.78,116.22,0.21,UPI,In-Store
T13878,2024-04-23,C3977,Daniel Wong,26-35,Male,Asia,Singapore,Singapore,P205,Headphones,Accessories,4,4244,3495.68,748.32,0.24,UPI,In-Store
T13879,2024-02-03,C3978,Emily Clark,26-35,Other,Europe,France,Lyon,P205,Headphones,Accessories,3,5826,3515.92,2310.08,0.24,Cash,In-Store
T13880,2024-03-19,C3979,Daniel Wong,50+,Male,Europe,Italy,Milan,P112,Mobile Phone,Electronics,4,700,501.69,198.31,0.22,Debit Card,Online
T13881,2024-04-02,C3980,Maria Gomez,50+,Female,Africa,South Africa,Cape Town,P112,Mobile Phone,Electronics,1,1441,990.68,450.32,0.03,Net Banking,Online
T13882,2024-03-12,C3981,Lucas Brown,26-35,Male,South America,Chile,Santiago,P520,Microwave Oven,Appliances,4,4560,3371.48,1188.52,0.11,Net Banking,In-Store
T13883,2024-04-14,C3982,Meera Iyer,36-50,Other,South America,Argentina,Buenos Aires,P303,Washing Machine,Appliances,4,1344,908.91,435.09,0.06,Debit Card,Online
T13884,2024-01-10,C3983,Daniel Wong,50+,Male,Africa,South Africa,Johannesburg,P303,Washing Machine,Appliances,3,858,759.55,98.45,0.21,Net Banking,Online
T13885,2024-02-05,C3984,Ethan Wilson,50+,Female,South America,Argentina,Buenos Aires,P112,Mobile Phone,Electronics,1,469,418.41,50.59,0.1,UPI,Online
T13886,2024-03-04,C3985,Rohan Gupta,18-25,Other,Africa,Egypt,Cairo,P101,Laptop,Electronics,3,1497,1118.47,378.53,0.02,Credit Card,Online
T13887,2024-04-27,C3986,Michael Ross,18-25,Female,North America,Canada,Vancouver,P205,Headphones,Accessories,4,4000,2408.88,1591.12,0.2,Net Banking,In-Store
T13888,2024-03-27,C3987,Maria Gomez,26-35,Female,Europe,France,Paris,P205,Headphones,Accessories,4,2920,2621.78,298.22,0.1,Cash,In-Store
T13889,2024-02-11,C3988,Lucas Brown,18-25,Female,Europe,Germany,Berlin,P112,Mobile Phone,Electronics,3,5859,3696.13,2162.87,0.19,Net Banking,In-Store
T13890,2024-03-28,C3989,Priya Nair,26-35,Female,North America,USA,Chicago,P520,Microwave Oven,Appliances,1,1076,686.96,389.04,0.13,Debit Card,Online
T13891,2024-01-17,C3990,Sarah Miller,18-25,Female,Africa,South Africa,Cape Town,P205,Headphones,Accessories,2,3234,1965.16,1268.84,0.18,Credit Card,Online
T13892,2024-03-09,C3991,Michael Ross,26-35,Female,Asia,Japan,Osaka,P205,Headphones,Accessories,2,2994,2206.19,787.81,0.13,Debit Card,In-Store
T13893,2024-02-26,C3992,Lucas Brown,36-50,Other,Europe,France,Lyon,P402,Monitor,Electronics,3,2664,2230.37,433.63,0.05,Credit Card,Online
T13894,2024-03-25,C3993,Emily Clark,50+,Male,Africa,South Africa,Cape Town,P303,Washing Machine,Appliances,3,1668,1081.01,586.99,0.05,Debit Card,Online
T13895,2024-02-09,C3994,Ethan Wilson,26-35,Female,North America,Mexico,Mexico City,P205,Headphones,Accessories,3,4857,3678.14,1178.86,0.1,Net Banking,Online
T13896,2024-02-12,C3995,Meera Iyer,26-35,Other,South America,Argentina,Buenos Aires,P520,Microwave Oven,Appliances,1,1776,1552.44,223.56,0.21,Cash,In-Store
T13897,2024-04-28,C3996,Ethan Wilson,26-35,Male,Europe,UK,London,P205,Headphones,Accessories,4,7928,5947.01,1980.99,0.0,UPI,In-Store
T13898,2024-02-28,C3997,Sonia Patel,50+,Other,Asia,UAE,Dubai,P205,Headphones,Accessories,4,4804,3545.45,1258.55,0.2,Debit Card,In-Store
T13899,2024-01-15,C3998,Sonia Patel,26-35,Other,North America,USA,New York,P303,Washing Machine,Appliances,1,690,549.47,140.53,0.13,Debit Card,In-Store
T13900,2024-04-18,C3999,Priya Nair,26-35,Female,South America,Chile,Santiago,P101,Laptop,Electronics,1,1125,849.17,275.83,0.09,Cash,Online
T13901,2024-02-09,C4000,Natalie Reed,36-50,Female,Africa,Egypt,Cairo,P205,Headphones,Accessories,2,2010,1290.08,719.92,0.13,UPI,In-Store
T13902,2024-01-31,C4001,Rohan Gupta,18-25,Female,North America,USA,Chicago,P101,Laptop,Electronics,3,3243,2192.44,1050.56,0.23,UPI,Online
T13903,2024-04-17,C4002,Daniel Wong,50+,Female,Asia,Singapore,Singapore,P402,Monitor,Electronics,1,471,288.05,182.95,0.0,Debit Card,In-Store
T13904,2024-01-14,C4003,Meera Iyer,36-50,Male,Asia,Japan,Tokyo,P520,Microwave Oven,Appliances,2,2588,2204.87,383.13,0.07,Cash,Online
T13905,2024-03-20,C4004,Michael Ross,26-35,Female,Asia,Singapore,Singapore,P205,Headphones,Accessories,4,5708,4727.39,980.61,0.01,Debit Card,Online
T13906,2024-01-11,C4005,Meera Iyer,26-35,Male,Europe,Germany,Berlin,P101,Laptop,Electronics,4,4012,3566.4,445.6,0.03,Debit Card,In-Store
T13907,2024-02-13,C4006,Emily Clark,36-50,Male,Africa,Egypt,Cairo,P101,Laptop,Electronics,1,748,565.71,182.29,0.18,Net Banking,Online
T13908,2024-04-02,C4007,Natalie Reed,26-35,Other,Europe,Italy,Milan,P520,Microwave Oven,Appliances,4,6700,4777.76,1922.24,0.23,UPI,Online
T13909,2024-01-19,C4008,Maria Gomez,26-35,Male,Europe,Germany,Munich,P101,Laptop,Electronics,4,3276,2192.45,1083.55,0.21,Debit Card,In-Store
T13910,2024-02-23,C4009,Daniel Wong,26-35,Male,Africa,South Africa,Cape Town,P101,Laptop,Electronics,1,808,496.69,311.31,0.03,Cash,Online
T13911,2024-04-14,C4010,Emily Clark,50+,Male,South America,Chile,Santiago,P205,Headphones,Accessories,1,1461,1023.28,437.72,0.09,UPI,Online
T13912,2024-02-22,C4011,Jake Turner,26-35,Female,Europe,France,Lyon,P303,Washing Machine,Appliances,4,6976,4547.92,2428.08,0.01,Net Banking,Online
T13913,2024-04-22,C4012,John Carter,18-25,Female,Europe,Italy,Rome,P101,Laptop,Electronics,3,5865,4620.58,1244.42,0.1,Cash,In-Store
T13914,2024-02-22,C4013,Daniel Wong,18-25,Other,Asia,India,Bengaluru,P303,Washing Machine,Appliances,4,2368,1446.37,921.63,0.21,Credit Card,Online
T13915,2024-03-10,C4014,Rohan Gupta,18-25,Male,Asia,UAE,Dubai,P520,Microwave Oven,Appliances,2,1366,1086.1,279.9,0.05,Net Banking,In-Store
T13916,2024-03-06,C4015,Emily Clark,50+,Other,Africa,Kenya,Nairobi,P520,Microwave Oven,Appliances,2,3508,2753.39,754.61,0.05,Debit Card,Online
T13917,2024-04-16,C4016,Rohan Gupta,36-50,Male,South America,Chile,Santiago,P112,Mobile Phone,Electronics,4,4648,3187.5,1460.5,0.23,Net Banking,In-Store
T13918,2024-03-17,C4017,Priya Nair,18-25,Female,Africa,Kenya,Nairobi,P402,Monitor,Electronics,3,834,570.17,263.83,0.02,Credit Card,In-Store
T13919,2024-01-13,C4018,Jake Turner,50+,Other,North America,Mexico,Mexico City,P520,Microwave Oven,Appliances,2,2540,2090.05,449.95,0.01,Net Banking,Online
T13920,2024-03-11,C4019,Sonia Patel,50+,Male,Europe,Italy,Milan,P402,Monitor,Electronics,4,6540,4968.57,1571.43,0.22,UPI,In-Store
T13921,2024-04-16,C4020,Emily Clark,36-50,Male,North America,Mexico,Mexico City,P303,Washing Machine,Appliances,3,2604,1630.16,973.84,0.03,Credit Card,Online
T13922,2024-04-02,C4021,John Carter,50+,Male,Europe,UK,London,P205,Headphones,Accessories,4,1864,1631.28,232.72,0.19,Cash,In-Store
T13923,2024-02-10,C4022,Ethan Wilson,26-35,Male,South America,Brazil,Rio,P205,Headphones,Accessories,1,1674,1180.53,493.47,0.07,Credit Card,Online
T13924,2024-02-02,C4023,Daniel Wong,50+,Female,Europe,Germany,Munich,P205,Headphones,Accessories,4,2856,2548.75,307.25,0.15,Debit Card,Online
T13925,2024-02-01,C4024,Natalie Reed,36-50,Female,Asia,UAE,Dubai,P205,Headphones,Accessories,1,507,450.82,56.18,0.23,Debit Card,In-Store
T13926,2024-03-31,C4025,Priya Nair,26-35,Other,Asia,India,Delhi,P205,Headphones,Accessories,1,630,383.1,246.9,0.22,Net Banking,In-Store
T13927,2024-03-26,C4026,Meera Iyer,36-50,Other,Asia,UAE,Abu Dhabi,P112,Mobile Phone,Electronics,2,3040,2640.85,399.15,0.2,Credit Card,In-Store
T13928,2024-01-26,C4027,Ethan Wilson,26-35,Other,Asia,UAE,Dubai,P520,Microwave Oven,Appliances,2,1550,1212.9,337.1,0.01,Net Banking,Online
T13929,2024-03-18,C4028,John Carter,50+,Female,South America,Argentina,Buenos Aires,P402,Monitor,Electronics,3,3504,2221.42,1282.58,0.21,Debit Card,Online
T13930,2024-02-17,C4029,Jake Turner,50+,Male,North America,USA,Chicago,P112,Mobile Phone,Electronics,4,7748,5927.92,1820.08,0.17,Credit Card,Online
T13931,2024-01-07,C4030,Daniel Wong,26-35,Male,Africa,Kenya,Nairobi,P205,Headphones,Accessories,3,1320,904.4,415.6,0.03,Cash,In-Store
T13932,2024-03-17,C4031,Sarah Miller,36-50,Other,Europe,Italy,Milan,P112,Mobile Phone,Electronics,3,1959,1293.78,665.22,0.07,Cash,Online
T13933,2024-04-26,C4032,Maria Gomez,18-25,Other,Africa,South Africa,Johannesburg,P101,Laptop,Electronics,3,2268,1649.52,618.48,0.23,Credit Card,In-Store
T13934,2024-03-30,C4033,Jake Turner,50+,Female,Europe,Germany,Berlin,P101,Laptop,Electronics,1,59,40.48,18.52,0.23,UPI,In-Store
T13935,2024-02-28,C4034,Daniel Wong,50+,Female,Africa,South Africa,Johannesburg,P402,Monitor,Electronics,3,1833,1367.57,465.43,0.2,UPI,In-Store
T13936,2024-03-18,C4035,Meera Iyer,50+,Male,North America,USA,New York,P205,Headphones,Accessories,3,2421,2143.7,277.3,0.18,UPI,Online
T13937,2024-03-16,C4036,Aditi Sharma,26-35,Female,North America,Canada,Toronto,P205,Headphones,Accessories,3,3657,3105.98,551.02,0.23,Debit Card,Online
T13938,2024-01-01,C4037,Maria Gomez,36-50,Female,Asia,Singapore,Singapore,P112,Mobile Phone,Electronics,1,727,509.67,217.33,0.03,Debit Card,Online
T13939,2024-01-23,C4038,Ethan Wilson,18-25,Female,Asia,India,Mumbai,P101,Laptop,Electronics,2,3192,1933.69,1258.31,0.24,UPI,In-Store
T13940,2024-01-30,C4039,Michael Ross,50+,Male,North America,Mexico,Mexico City,P520,Microwave Oven,Appliances,2,958,740.05,217.95,0.04,UPI,In-Store
T13941,2024-03-23,C4040,Meera Iyer,18-25,Male,Europe,France,Lyon,P402,Monitor,Electronics,3,5253,4074.51,1178.49,0.09,Net Banking,Online
T13942,2024-01-23,C4041,Jake Turner,26-35,Other,South America,Argentina,Buenos Aires,P205,Headphones,Accessories,2,3396,2509.79,886.21,0.15,Net Banking,In-Store
T13943,2024-04-15,C4042,Priya Nair,50+,Other,Europe,UK,Manchester,P303,Washing Machine,Appliances,3,1506,1271.72,234.28,0.22,Net Banking,Online
T13944,2024-02-27,C4043,Emily Clark,26-35,Male,South America,Argentina,Buenos Aires,P205,Headphones,Accessories,1,1313,952.98,360.02,0.15,Cash,Online
T13945,2024-03-09,C4044,Rohan Gupta,36-50,Female,North America,Canada,Vancouver,P402,Monitor,Electronics,3,4125,3123.42,1001.58,0.03,Debit Card,Online
T13946,2024-01-25,C4045,Emily Clark,18-25,Female,Asia,UAE,Abu Dhabi,P402,Monitor,Electronics,2,156,119.43,36.57,0.21,UPI,Online
T13947,2024-03-13,C4046,Michael Ross,18-25,Female,Africa,Kenya,Nairobi,P205,Headphones,Accessories,2,3968,3492.63,475.37,0.03,Cash,In-Store
T13948,2024-04-22,C4047,Sarah Miller,50+,Other,Africa,Kenya,Nairobi,P101,Laptop,Electronics,3,1410,854.16,555.84,0.16,Debit Card,Online
T13949,2024-02-06,C4048,Aditi Sharma,36-50,Male,Europe,France,Lyon,P112,Mobile Phone,Electronics,4,5496,4202.26,1293.74,0.05,Debit Card,Online
T13950,2024-01-22,C4049,John Carter,50+,Other,Europe,UK,Manchester,P112,Mobile Phone,Electronics,1,799,597.32,201.68,0.21,Cash,Online
T13951,2024-01-17,C4050,Sonia Patel,26-35,Male,North America,Canada,Vancouver,P112,Mobile Phone,Electronics,4,2444,2082.97,361.03,0.04,Cash,In-Store
T13952,2024-02-29,C4051,Sarah Miller,50+,Male,North America,Canada,Toronto,P205,Headphones,Accessories,1,516,382.93,133.07,0.19,UPI,In-Store
T13953,2024-02-28,C4052,Priya Nair,26-35,Other,Asia,India,Mumbai,P101,Laptop,Electronics,2,1298,849.6,448.4,0.11,Cash,Online
T13954,2024-03-05,C4053,Maria Gomez,18-25,Other,North America,Mexico,Mexico City,P205,Headphones,Accessories,2,3874,2958.47,915.53,0.04,Cash,In-Store
T13955,2024-01-02,C4054,Daniel Wong,50+,Male,Africa,Kenya,Nairobi,P205,Headphones,Accessories,3,594,356.44,237.56,0.2,Debit Card,In-Store
T13956,2024-02-21,C4055,Jake Turner,18-25,Other,South America,Argentina,Buenos Aires,P101,Laptop,Electronics,4,6888,4382.29,2505.71,0.08,Cash,In-Store
T13957,2024-03-24,C4056,Aditi Sharma,36-50,Female,Africa,South Africa,Johannesburg,P112,Mobile Phone,Electronics,2,1252,1051.91,200.09,0.24,Credit Card,Online
T13958,2024-04-03,C4057,Ethan Wilson,50+,Female,Africa,South Africa,Johannesburg,P205,Headphones,Accessories,2,3382,2283.06,1098.94,0.18,Net Banking,In-Store
T13959,2024-03-17,C4058,Daniel Wong,50+,Other,North America,Canada,Toronto,P112,Mobile Phone,Electronics,4,7800,4726.52,3073.48,0.14,Credit Card,In-Store
T13960,2024-04-01,C4059,Lucas Brown,18-25,Female,Asia,Singapore,Singapore,P205,Headphones,Accessories,4,548,419.5,128.5,0.08,Debit Card,Online
T13961,2024-02-09,C4060,Jake Turner,36-50,Female,Asia,India,Bengaluru,P205,Headphones,Accessories,4,6524,5321.96,1202.04,0.14,Cash,In-Store
T13962,2024-03-04,C4061,Michael Ross,50+,Female,South America,Argentina,Buenos Aires,P112,Mobile Phone,Electronics,4,6088,4447.18,1640.82,0.1,Net Banking,Online
T13963,2024-01-13,C4062,Ethan Wilson,18-25,Male,Europe,France,Paris,P402,Monitor,Electronics,4,1228,843.79,384.21,0.08,Net Banking,In-Store
T13964,2024-01-03,C4063,Natalie Reed,50+,Male,Asia,Japan,Tokyo,P520,Microwave Oven,Appliances,4,1756,1061.87,694.13,0.07,Debit Card,In-Store
T13965,2024-01-10,C4064,Maria Gomez,18-25,Female,Asia,Singapore,Singapore,P402,Monitor,Electronics,3,5196,3289.85,1906.15,0.21,Cash,In-Store
T13966,2024-01-28,C4065,Sarah Miller,26-35,Female,North America,Mexico,Mexico City,P402,Monitor,Electronics,1,1493,943.29,549.71,0.23,UPI,In-Store
T13967,2024-01-22,C4066,Michael Ross,36-50,Female,Asia,India,Delhi,P520,Microwave Oven,Appliances,3,3354,2366.11,987.89,0.02,Cash,Online
T13968,2024-03-01,C4067,Priya Nair,26-35,Female,North America,Canada,Toronto,P101,Laptop,Electronics,2,3814,2449.84,1364.16,0.03,Net Banking,In-Store
T13969,2024-02-04,C4068,Rohan Gupta,18-25,Female,South America,Argentina,Buenos Aires,P112,Mobile Phone,Electronics,1,480,339.3,140.7,0.17,Credit Card,Online
T13970,2024-02-09,C4069,Jake Turner,18-25,Female,Europe,Italy,Milan,P303,Washing Machine,Appliances,3,5409,3989.96,1419.04,0.05,Cash,Online
T13971,2024-04-18,C4070,Emily Clark,50+,Other,North America,Canada,Toronto,P303,Washing Machine,Appliances,4,5916,3600.72,2315.28,0.1,Debit Card,Online
T13972,2024-03-18,C4071,Priya Nair,36-50,Female,South America,Argentina,Buenos Aires,P101,Laptop,Electronics,1,377,312.04,64.96,0.03,Net Banking,Online
T13973,2024-03-26,C4072,Natalie Reed,26-35,Female,Europe,UK,Manchester,P402,Monitor,Electronics,4,2620,1619.59,1000.41,0.17,UPI,Online
T13974,2024-04-09,C4073,Aditi Sharma,50+,Other,Europe,France,Paris,P101,Laptop,Electronics,3,3621,2967.67,653.33,0.14,Cash,Online
T13975,2024-04-10,C4074,Sonia Patel,36-50,Female,Europe,France,Paris,P101,Laptop,Electronics,3,1422,1071.33,350.67,0.16,Cash,Online
T13976,2024-03-23,C4075,Ethan Wilson,36-50,Female,Europe,Germany,Munich,P303,Washing Machine,Appliances,3,2994,2670.26,323.74,0.12,Net Banking,In-Store
T13977,2024-02-25,C4076,Priya Nair,36-50,Male,Europe,Germany,Munich,P402,Monitor,Electronics,3,780,672.25,107.75,0.1,UPI,Online
T13978,2024-03-13,C4077,Rohan Gupta,50+,Female,South America,Argentina,Buenos Aires,P112,Mobile Phone,Electronics,3,2847,1981.62,865.38,0.21,UPI,In-Store
T13979,2024-01-15,C4078,Emily Clark,36-50,Female,Asia,India,Delhi,P402,Monitor,Electronics,3,1209,1037.59,171.41,0.0,Debit Card,In-Store
T13980,2024-03-03,C4079,Jake Turner,18-25,Female,Asia,Japan,Tokyo,P303,Washing Machine,Appliances,4,932,667.38,264.62,0.17,Net Banking,In-Store
T13981,2024-01-18,C4080,Sonia Patel,18-25,Male,South America,Chile,Santiago,P520,Microwave Oven,Appliances,1,371,275.21,95.79,0.08,Credit Card,In-Store
T13982,2024-01-10,C4081,Sarah Miller,36-50,Male,Asia,India,Bengaluru,P402,Monitor,Electronics,1,737,471.41,265.59,0.03,Credit Card,Online
T13983,2024-03-16,C4082,Emily Clark,18-25,Male,South America,Brazil,São Paulo,P205,Headphones,Accessories,4,2464,2053.32,410.68,0.24,Debit Card,In-Store
T13984,2024-03-30,C4083,Maria Gomez,26-35,Male,Europe,Italy,Rome,P112,Mobile Phone,Electronics,3,5187,3609.19,1577.81,0.15,Net Banking,Online
T13985,2024-02-25,C4084,Jake Turner,18-25,Male,Africa,Egypt,Cairo,P520,Microwave Oven,Appliances,3,3774,3391.58,382.42,0.15,UPI,In-Store
T13986,2024-02-09,C4085,Maria Gomez,26-35,Female,Europe,UK,Manchester,P402,Monitor,Electronics,2,2900,2042.04,857.96,0.14,Cash,Online
T13987,2024-01-07,C4086,Michael Ross,18-25,Male,North America,USA,Chicago,P101,Laptop,Electronics,4,5968,3998.02,1969.98,0.23,Net Banking,In-Store
T13988,2024-01-20,C4087,Emily Clark,18-25,Male,Europe,UK,Manchester,P402,Monitor,Electronics,1,657,476.99,180.01,0.02,UPI,Online
T13989,2024-01-26,C4088,Ethan Wilson,18-25,Male,Europe,France,Paris,P303,Washing Machine,Appliances,4,4976,4043.09,932.91,0.02,Net Banking,Online
T13990,2024-03-16,C4089,Maria Gomez,18-25,Female,Europe,Germany,Berlin,P112,Mobile Phone,Electronics,1,917,760.49,156.51,0.18,Cash,In-Store
T13991,2024-02-14,C4090,Aditi Sharma,18-25,Other,Asia,Japan,Tokyo,P112,Mobile Phone,Electronics,4,7936,5111.39,2824.61,0.14,Cash,In-Store
T13992,2024-01-22,C4091,Aditi Sharma,36-50,Female,South America,Brazil,Rio,P112,Mobile Phone,Electronics,3,1680,1417.88,262.12,0.16,Cash,In-Store
T13993,2024-03-08,C4092,Sonia Patel,18-25,Female,Asia,UAE,Abu Dhabi,P303,Washing Machine,Appliances,3,4317,3113.67,1203.33,0.18,Net Banking,Online
T13994,2024-02-24,C4093,Sarah Miller,50+,Male,Europe,Germany,Berlin,P520,Microwave Oven,Appliances,2,1848,1134.46,713.54,0.22,Debit Card,Online
T13995,2024-01-19,C4094,Lucas Brown,26-35,Male,South America,Argentina,Buenos Aires,P205,Headphones,Accessories,2,2368,1505.41,862.59,0.02,Cash,In-Store
T13996,2024-03-23,C4095,Ethan Wilson,36-50,Male,Africa,South Africa,Johannesburg,P402,Monitor,Electronics,4,296,253.77,42.23,0.14,Cash,Online
T13997,2024-03-01,C4096,Sonia Patel,36-50,Female,Africa,Egypt,Cairo,P303,Washing Machine,Appliances,4,688,503.93,184.07,0.13,UPI,In-Store
T13998,2024-02-28,C4097,Daniel Wong,50+,Other,North America,USA,Chicago,P205,Headphones,Accessories,3,5310,4139.79,1170.21,0.17,UPI,In-Store
T13999,2024-04-22,C4098,Emily Clark,36-50,Female,North America,Canada,Vancouver,P402,Monitor,Electronics,1,967,608.53,358.47,0.03,UPI,Online
T14000,2024-02-10,C4099,Michael Ross,36-50,Female,Africa,Egypt,Cairo,P520,Microwave Oven,Appliances,3,612,425.05,186.95,0.09,UPI,Online
T14001,2024-01-09,C4100,Sarah Miller,26-35,Other,North America,USA,Chicago,P112,Mobile Phone,Electronics,3,2961,2610.79,350.21,0.07,Net Banking,In-Store
T14002,2024-02-09,C4101,Rohan Gupta,36-50,Female,Africa,Kenya,Nairobi,P303,Washing Machine,Appliances,2,3132,2317.19,814.81,0.05,Cash,In-Store
T14003,2024-03-16,C4102,Maria Gomez,36-50,Female,Europe,UK,London,P112,Mobile Phone,Electronics,4,3292,2403.19,888.81,0.19,UPI,In-Store
T14004,2024-03-11,C4103,Sarah Miller,36-50,Female,Europe,Italy,Milan,P205,Headphones,Accessories,4,3500,2810.22,689.78,0.04,Cash,In-Store
T14005,2024-01-10,C4104,Sarah Miller,36-50,Female,Asia,Singapore,Singapore,P112,Mobile Phone,Electronics,1,1835,1591.25,243.75,0.11,UPI,In-Store
T14006,2024-04-02,C4105,Meera Iyer,36-50,Other,Africa,South Africa,Johannesburg,P205,Headphones,Accessories,4,3060,2586.12,473.88,0.23,Debit Card,In-Store
T14007,2024-04-25,C4106,Jake Turner,26-35,Other,North America,USA,Seattle,P101,Laptop,Electronics,2,2650,1810.64,839.36,0.21,Cash,In-Store
T14008,2024-01-25,C4107,Sonia Patel,50+,Male,South America,Brazil,Rio,P101,Laptop,Electronics,3,4683,3973.51,709.49,0.12,Net Banking,Online
T14009,2024-02-05,C4108,John Carter,50+,Female,Asia,India,Mumbai,P112,Mobile Phone,Electronics,1,353,235.66,117.34,0.04,Cash,In-Store
T14010,2024-01-07,C4109,Meera Iyer,26-35,Female,Europe,Italy,Rome,P205,Headphones,Accessories,3,4986,4335.25,650.75,0.08,UPI,Online
T14011,2024-01-22,C4110,John Carter,36-50,Other,South America,Argentina,Buenos Aires,P112,Mobile Phone,Electronics,1,430,363.94,66.06,0.17,Credit Card,Online
T14012,2024-04-25,C4111,Maria Gomez,26-35,Female,Europe,France,Lyon,P101,Laptop,Electronics,3,4413,2895.44,1517.56,0.12,Cash,Online
T14013,2024-04-29,C4112,Ethan Wilson,26-35,Other,Asia,UAE,Abu Dhabi,P112,Mobile Phone,Electronics,2,2740,1834.31,905.69,0.24,Debit Card,Online
T14014,2024-02-08,C4113,Ethan Wilson,50+,Other,South America,Brazil,São Paulo,P112,Mobile Phone,Electronics,1,602,481.77,120.23,0.11,Cash,Online
T14015,2024-03-28,C4114,Sonia Patel,18-25,Other,North America,USA,Seattle,P520,Microwave Oven,Appliances,3,4749,3355.26,1393.74,0.24,Net Banking,Online
T14016,2024-01-09,C4115,Emily Clark,50+,Female,Europe,UK,London,P520,Microwave Oven,Appliances,4,6736,4122.93,2613.07,0.06,Cash,In-Store
T14017,2024-03-27,C4116,Aditi Sharma,26-35,Other,Europe,Italy,Rome,P520,Microwave Oven,Appliances,2,3684,3072.71,611.29,0.19,UPI,In-Store
T14018,2024-03-14,C4117,John Carter,36-50,Female,Africa,South Africa,Johannesburg,P520,Microwave Oven,Appliances,1,1654,1337.63,316.37,0.19,Credit Card,Online
T14019,2024-02-22,C4118,Sonia Patel,50+,Female,North America,USA,Chicago,P205,Headphones,Accessories,3,492,391.11,100.89,0.02,UPI,Online
T14020,2024-01-16,C4119,Jake Turner,18-25,Male,South America,Brazil,São Paulo,P112,Mobile Phone,Electronics,2,1088,815.42,272.58,0.22,Credit Card,In-Store
T14021,2024-02-12,C4120,Rohan Gupta,50+,Female,Asia,UAE,Dubai,P101,Laptop,Electronics,4,3484,2304.09,1179.91,0.06,Debit Card,In-Store
T14022,2024-03-16,C4121,Aditi Sharma,26-35,Female,Europe,Italy,Milan,P205,Headphones,Accessories,1,1558,1198.31,359.69,0.13,Debit Card,In-Store
T14023,2024-04-05,C4122,Ethan Wilson,50+,Male,Africa,Egypt,Cairo,P402,Monitor,Electronics,4,4128,3367.54,760.46,0.03,Debit Card,In-Store
T14024,2024-04-09,C4123,Daniel Wong,26-35,Female,South America,Chile,Santiago,P303,Washing Machine,Appliances,4,7724,4719.66,3004.34,0.09,UPI,In-Store
T14025,2024-04-25,C4124,Natalie Reed,26-35,Female,Asia,UAE,Dubai,P402,Monitor,Electronics,2,3532,2784.99,747.01,0.15,Debit Card,Online
T14026,2024-04-24,C4125,Rohan Gupta,36-50,Female,Europe,Italy,Rome,P112,Mobile Phone,Electronics,2,350,222.95,127.05,0.21,Debit Card,In-Store
T14027,2024-01-24,C4126,Rohan Gupta,26-35,Other,South America,Chile,Santiago,P205,Headphones,Accessories,2,2896,1870.01,1025.99,0.03,UPI,Online
T14028,2024-03-25,C4127,Jake Turner,50+,Female,Africa,South Africa,Cape Town,P112,Mobile Phone,Electronics,4,5824,3914.62,1909.38,0.08,Debit Card,Online
T14029,2024-01-06,C4128,Emily Clark,26-35,Female,Europe,France,Lyon,P520,Microwave Oven,Appliances,2,1488,1097.36,390.64,0.01,Net Banking,Online
T14030,2024-01-08,C4129,Daniel Wong,36-50,Other,Europe,Italy,Milan,P101,Laptop,Electronics,2,3584,2499.39,1084.61,0.05,Cash,In-Store
T14031,2024-02-17,C4130,Sonia Patel,18-25,Male,Europe,France,Lyon,P402,Monitor,Electronics,3,4620,3755.82,864.18,0.17,UPI,Online
T14032,2024-01-10,C4131,Jake Turner,18-25,Other,South America,Brazil,Rio,P520,Microwave Oven,Appliances,4,1932,1404.67,527.33,0.05,Debit Card,In-Store
T14033,2024-04-09,C4132,Aditi Sharma,18-25,Male,North America,Mexico,Monterrey,P520,Microwave Oven,Appliances,4,5632,4682.31,949.69,0.2,UPI,In-Store
T14034,2024-02-01,C4133,Sarah Miller,50+,Other,Africa,Egypt,Cairo,P402,Monitor,Electronics,3,1164,731.33,432.67,0.11,Cash,Online
T14035,2024-03-09,C4134,John Carter,36-50,Male,North America,Mexico,Monterrey,P112,Mobile Phone,Electronics,2,3706,2716.92,989.08,0.01,Net Banking,Online
T14036,2024-03-23,C4135,Natalie Reed,50+,Other,Asia,UAE,Dubai,P520,Microwave Oven,Appliances,3,2286,1913.46,372.54,0.16,Debit Card,In-Store
T14037,2024-02-05,C4136,Natalie Reed,26-35,Female,Europe,France,Paris,P101,Laptop,Electronics,2,1742,1135.67,606.33,0.06,Credit Card,Online
T14038,2024-04-08,C4137,Meera Iyer,18-25,Male,North America,Canada,Vancouver,P112,Mobile Phone,Electronics,3,2055,1482.62,572.38,0.24,Net Banking,Online
T14039,2024-02-06,C4138,Daniel Wong,18-25,Male,Europe,Italy,Rome,P112,Mobile Phone,Electronics,4,624,516.77,107.23,0.13,Debit Card,In-Store
T14040,2024-01-30,C4139,Michael Ross,50+,Female,Asia,India,Mumbai,P205,Headphones,Accessories,2,162,101.84,60.16,0.2,Cash,In-Store
T14041,2024-02-28,C4140,Priya Nair,26-35,Other,Africa,South Africa,Cape Town,P101,Laptop,Electronics,4,2392,1460.77,931.23,0.23,Debit Card,Online
T14042,2024-02-24,C4141,Maria Gomez,26-35,Male,Asia,India,Delhi,P205,Headphones,Accessories,4,1248,826.18,421.82,0.09,Cash,In-Store
T14043,2024-02-17,C4142,Emily Clark,18-25,Male,South America,Argentina,Buenos Aires,P205,Headphones,Accessories,1,1464,1236.13,227.87,0.16,Cash,Online
T14044,2024-02-10,C4143,Sonia Patel,36-50,Male,Asia,India,Bengaluru,P205,Headphones,Accessories,3,3861,3214.88,646.12,0.2,Cash,Online
T14045,2024-02-17,C4144,Michael Ross,26-35,Male,North America,USA,New York,P402,Monitor,Electronics,3,5511,4349.43,1161.57,0.13,Net Banking,In-Store
T14046,2024-02-04,C4145,Aditi Sharma,50+,Female,South America,Argentina,Buenos Aires,P520,Microwave Oven,Appliances,4,5924,4630.72,1293.28,0.25,Cash,Online
T14047,2024-02-08,C4146,Maria Gomez,26-35,Male,Europe,Italy,Milan,P101,Laptop,Electronics,4,5048,3086.58,1961.42,0.11,UPI,In-Store
T14048,2024-03-21,C4147,John Carter,26-35,Male,Europe,Germany,Munich,P101,Laptop,Electronics,2,3438,2276.79,1161.21,0.07,Net Banking,In-Store
T14049,2024-02-12,C4148,Ethan Wilson,26-35,Female,South America,Brazil,São Paulo,P303,Washing Machine,Appliances,2,3762,2948.66,813.34,0.2,Cash,In-Store
T14050,2024-03-20,C4149,Daniel Wong,26-35,Male,North America,Mexico,Monterrey,P303,Washing Machine,Appliances,3,5520,4636.52,883.48,0.15,Credit Card,Online
T14051,2024-01-23,C4150,Ethan Wilson,26-35,Other,South America,Brazil,Rio,P402,Monitor,Electronics,1,641,395.75,245.25,0.14,Credit Card,Online
T14052,2024-02-14,C4151,Natalie Reed,18-25,Male,Africa,South Africa,Johannesburg,P520,Microwave Oven,Appliances,2,556,495.27,60.73,0.05,Net Banking,Online
T14053,2024-03-13,C4152,Priya Nair,36-50,Female,North America,USA,Chicago,P520,Microwave Oven,Appliances,1,1567,1075.33,491.67,0.12,Debit Card,Online
T14054,2024-03-30,C4153,Priya Nair,50+,Other,North America,Canada,Toronto,P520,Microwave Oven,Appliances,1,1416,1176.43,239.57,0.18,Credit Card,Online
T14055,2024-02-20,C4154,Lucas Brown,26-35,Male,Africa,Kenya,Nairobi,P112,Mobile Phone,Electronics,2,1146,751.01,394.99,0.12,Debit Card,Online
T14056,2024-03-06,C4155,Daniel Wong,36-50,Female,Africa,South Africa,Cape Town,P402,Monitor,Electronics,2,944,572.37,371.63,0.21,Net Banking,In-Store
T14057,2024-01-30,C4156,John Carter,18-25,Female,Africa,Egypt,Cairo,P101,Laptop,Electronics,1,803,522.97,280.03,0.11,Net Banking,In-Store
T14058,2024-04-16,C4157,Lucas Brown,50+,Male,Asia,India,Mumbai,P112,Mobile Phone,Electronics,2,3128,2196.15,931.85,0.08,UPI,Online
T14059,2024-01-13,C4158,Aditi Sharma,50+,Male,North America,USA,Seattle,P112,Mobile Phone,Electronics,4,6080,5173.58,906.42,0.11,Cash,Online
T14060,2024-02-23,C4159,Meera Iyer,26-35,Other,South America,Chile,Santiago,P303,Washing Machine,Appliances,1,372,322.98,49.02,0.12,Credit Card,In-Store
T14061,2024-04-12,C4160,Sonia Patel,26-35,Female,South America,Brazil,São Paulo,P303,Washing Machine,Appliances,3,5952,5154.54,797.46,0.04,Cash,In-Store
T14062,2024-03-10,C4161,Maria Gomez,18-25,Female,Asia,India,Mumbai,P112,Mobile Phone,Electronics,3,5208,4469.14,738.86,0.13,Credit Card,Online
T14063,2024-04-25,C4162,Aditi Sharma,18-25,Male,North America,Canada,Vancouver,P402,Monitor,Electronics,2,364,230.88,133.12,0.19,Net Banking,In-Store
T14064,2024-03-03,C4163,Daniel Wong,26-35,Male,Africa,South Africa,Cape Town,P303,Washing Machine,Appliances,2,2802,2331.34,470.66,0.06,UPI,Online
T14065,2024-03-22,C4164,Sarah Miller,26-35,Male,North America,Canada,Vancouver,P303,Washing Machine,Appliances,3,5571,3911.6,1659.4,0.08,Net Banking,In-Store
T14066,2024-02-16,C4165,Sonia Patel,36-50,Other,South America,Argentina,Buenos Aires,P303,Washing Machine,Appliances,1,924,564.31,359.69,0.19,Cash,Online
T14067,2024-03-23,C4166,John Carter,36-50,Male,Europe,Germany,Munich,P101,Laptop,Electronics,3,1563,978.44,584.56,0.22,Cash,Online
T14068,2024-02-27,C4167,Jake Turner,26-35,Other,South America,Brazil,São Paulo,P205,Headphones,Accessories,3,3705,2309.18,1395.82,0.2,UPI,In-Store
T14069,2024-02-06,C4168,Ethan Wilson,50+,Other,Asia,India,Bengaluru,P520,Microwave Oven,Appliances,3,2247,1491.68,755.32,0.02,Credit Card,In-Store
T14070,2024-04-07,C4169,Daniel Wong,36-50,Male,Europe,Germany,Munich,P303,Washing Machine,Appliances,4,4236,2602.86,1633.14,0.17,Cash,Online
T14071,2024-02-06,C4170,Jake Turner,36-50,Female,Asia,Singapore,Singapore,P101,Laptop,Electronics,3,4110,2515.24,1594.76,0.21,Debit Card,In-Store
T14072,2024-04-19,C4171,Aditi Sharma,26-35,Male,Europe,Italy,Rome,P303,Washing Machine,Appliances,1,601,394.29,206.71,0.09,Debit Card,In-Store
T14073,2024-04-11,C4172,Emily Clark,26-35,Other,Asia,UAE,Dubai,P205,Headphones,Accessories,4,5708,3547.92,2160.08,0.18,Cash,In-Store
T14074,2024-01-05,C4173,Emily Clark,50+,Female,South America,Brazil,Rio,P520,Microwave Oven,Appliances,1,459,405.92,53.08,0.16,Debit Card,In-Store
T14075,2024-04-21,C4174,Sonia Patel,50+,Other,Africa,South Africa,Johannesburg,P520,Microwave Oven,Appliances,4,3268,2694.69,573.31,0.23,Credit Card,In-Store
T14076,2024-01-31,C4175,Daniel Wong,26-35,Female,Europe,UK,London,P205,Headphones,Accessories,1,1204,824.28,379.72,0.17,Credit Card,Online
T14077,2024-03-05,C4176,Jake Turner,50+,Other,Europe,France,Paris,P303,Washing Machine,Appliances,2,2928,2074.42,853.58,0.23,Debit Card,Online
T14078,2024-01-11,C4177,John Carter,36-50,Male,Asia,Japan,Osaka,P520,Microwave Oven,Appliances,3,4686,3996.63,689.37,0.05,Net Banking,In-Store
T14079,2024-03-02,C4178,John Carter,26-35,Male,North America,Canada,Toronto,P303,Washing Machine,Appliances,2,3530,2535.43,994.57,0.04,Cash,In-Store
T14080,2024-04-06,C4179,Sarah Miller,36-50,Male,North America,Canada,Vancouver,P101,Laptop,Electronics,3,4188,3655.88,532.12,0.23,Cash,Online
T14081,2024-03-25,C4180,Sonia Patel,26-35,Male,Africa,Kenya,Nairobi,P402,Monitor,Electronics,2,1358,1198.53,159.47,0.22,UPI,Online
T14082,2024-03-26,C4181,Priya Nair,26-35,Male,North America,Mexico,Mexico City,P205,Headphones,Accessories,1,230,167.45,62.55,0.13,Cash,Online
T14083,2024-03-07,C4182,Jake Turner,26-35,Male,Europe,Italy,Rome,P205,Headphones,Accessories,1,1165,987.81,177.19,0.11,Credit Card,Online
T14084,2024-04-25,C4183,John Carter,36-50,Female,Europe,Italy,Rome,P205,Headphones,Accessories,1,952,611.89,340.11,0.16,Credit Card,Online
T14085,2024-03-04,C4184,Lucas Brown,36-50,Male,Asia,Japan,Tokyo,P402,Monitor,Electronics,1,1404,906.07,497.93,0.15,Cash,Online
T14086,2024-03-17,C4185,Daniel Wong,36-50,Other,Asia,India,Delhi,P520,Microwave Oven,Appliances,4,2392,1675.49,716.51,0.23,Cash,In-Store
T14087,2024-02-16,C4186,Michael Ross,26-35,Female,North America,Mexico,Mexico City,P520,Microwave Oven,Appliances,2,368,241.07,126.93,0.07,Cash,Online
T14088,2024-01-06,C4187,John Carter,26-35,Female,Asia,UAE,Abu Dhabi,P520,Microwave Oven,Appliances,2,1538,1165.24,372.76,0.17,Cash,Online
T14089,2024-02-28,C4188,Natalie Reed,36-50,Female,Africa,Egypt,Cairo,P402,Monitor,Electronics,2,1394,1109.97,284.03,0.08,Net Banking,In-Store
T14090,2024-01-01,C4189,Michael Ross,50+,Male,Europe,France,Lyon,P205,Headphones,Accessories,2,316,251.8,64.2,0.25,Net Banking,In-Store
T14091,2024-01-10,C4190,Natalie Reed,50+,Other,North America,USA,Chicago,P205,Headphones,Accessories,2,186,139.42,46.58,0.13,Credit Card,In-Store
T14092,2024-01-06,C4191,Natalie Reed,50+,Female,Europe,France,Lyon,P112,Mobile Phone,Electronics,4,2728,2011.96,716.04,0.21,Cash,Online
T14093,2024-04-04,C4192,John Carter,26-35,Female,North America,USA,Chicago,P520,Microwave Oven,Appliances,3,1230,866.15,363.85,0.05,UPI,In-Store
T14094,2024-03-22,C4193,Jake Turner,50+,Male,Africa,Kenya,Nairobi,P101,Laptop,Electronics,4,3920,3397.8,522.2,0.19,Cash,Online
T14095,2024-01-06,C4194,Daniel Wong,26-35,Female,South America,Brazil,São Paulo,P520,Microwave Oven,Appliances,1,927,769.11,157.89,0.22,Net Banking,In-Store
T14096,2024-01-29,C4195,Sonia Patel,36-50,Male,Europe,France,Lyon,P205,Headphones,Accessories,2,3648,2563.19,1084.81,0.08,Cash,In-Store
T14097,2024-01-08,C4196,Aditi Sharma,50+,Male,Asia,India,Mumbai,P112,Mobile Phone,Electronics,3,1587,1030.42,556.58,0.03,Credit Card,Online
T14098,2024-01-18,C4197,Sarah Miller,26-35,Male,Europe,Italy,Milan,P402,Monitor,Electronics,1,1983,1464.96,518.04,0.1,Credit Card,Online
T14099,2024-03-26,C4198,Natalie Reed,18-25,Male,Asia,India,Mumbai,P303,Washing Machine,Appliances,4,2312,1418.83,893.17,0.11,Debit Card,Online
T14100,2024-02-26,C4199,Rohan Gupta,50+,Other,North America,USA,New York,P520,Microwave Oven,Appliances,1,1207,756.68,450.32,0.18,UPI,In-Store
T14101,2024-04-18,C4200,Sarah Miller,36-50,Male,North America,Canada,Vancouver,P303,Washing Machine,Appliances,4,2028,1749.78,278.22,0.17,Debit Card,Online
T14102,2024-03-19,C4201,Priya Nair,26-35,Female,Africa,Kenya,Nairobi,P303,Washing Machine,Appliances,4,6164,5429.2,734.8,0.25,Credit Card,Online
T14103,2024-04-02,C4202,Priya Nair,26-35,Male,Africa,South Africa,Cape Town,P101,Laptop,Electronics,4,4924,3105.69,1818.31,0.08,Net Banking,Online
T14104,2024-02-26,C4203,Lucas Brown,50+,Female,North America,Canada,Vancouver,P101,Laptop,Electronics,4,2536,1728.34,807.66,0.19,Debit Card,Online
T14105,2024-03-04,C4204,Daniel Wong,36-50,Other,North America,Mexico,Mexico City,P520,Microwave Oven,Appliances,4,2436,1594.3,841.7,0.24,Credit Card,Online
T14106,2024-01-07,C4205,Sarah Miller,18-25,Male,Asia,UAE,Dubai,P402,Monitor,Electronics,4,1668,1196.37,471.63,0.21,Debit Card,In-Store
T14107,2024-04-07,C4206,Daniel Wong,26-35,Male,North America,Mexico,Mexico City,P303,Washing Machine,Appliances,4,4532,3017.83,1514.17,0.09,Cash,Online
T14108,2024-04-20,C4207,Lucas Brown,36-50,Other,North America,Mexico,Monterrey,P402,Monitor,Electronics,3,3201,2286.62,914.38,0.19,UPI,In-Store
T14109,2024-03-02,C4208,Maria Gomez,36-50,Male,North America,Mexico,Mexico City,P303,Washing Machine,Appliances,1,1998,1550.98,447.02,0.17,Debit Card,Online
T14110,2024-03-17,C4209,Jake Turner,50+,Female,Asia,Singapore,Singapore,P205,Headphones,Accessories,4,7312,5405.84,1906.16,0.13,Cash,Online
T14111,2024-03-02,C4210,Maria Gomez,26-35,Other,Africa,South Africa,Johannesburg,P303,Washing Machine,Appliances,1,1962,1203.79,758.21,0.16,Net Banking,Online
T14112,2024-04-14,C4211,Sonia Patel,50+,Other,Asia,Singapore,Singapore,P520,Microwave Oven,Appliances,4,3420,2851.46,568.54,0.05,Credit Card,In-Store
T14113,2024-01-13,C4212,Priya Nair,36-50,Male,Europe,France,Lyon,P402,Monitor,Electronics,1,1767,1332.12,434.88,0.06,Cash,Online
T14114,2024-01-23,C4213,Natalie Reed,26-35,Female,North America,Mexico,Mexico City,P402,Monitor,Electronics,2,2878,2330.53,547.47,0.16,Cash,In-Store
T14115,2024-01-24,C4214,Jake Turner,26-35,Female,Europe,Italy,Milan,P205,Headphones,Accessories,1,1515,1030.81,484.19,0.09,Debit Card,Online
T14116,2024-03-26,C4215,Meera Iyer,50+,Other,Europe,Italy,Rome,P112,Mobile Phone,Electronics,2,3918,2743.69,1174.31,0.22,Cash,Online
T14117,2024-03-30,C4216,Rohan Gupta,36-50,Male,Europe,France,Lyon,P205,Headphones,Accessories,1,641,464.21,176.79,0.07,Credit Card,Online
T14118,2024-01-16,C4217,Priya Nair,26-35,Female,North America,Canada,Vancouver,P303,Washing Machine,Appliances,3,5358,3811.32,1546.68,0.17,UPI,In-Store
T14119,2024-02-09,C4218,Meera Iyer,26-35,Female,Europe,France,Lyon,P112,Mobile Phone,Electronics,1,1366,831.53,534.47,0.01,UPI,Online
T14120,2024-03-03,C4219,Lucas Brown,26-35,Female,Europe,France,Lyon,P101,Laptop,Electronics,4,2304,2062.71,241.29,0.21,Net Banking,In-Store
T14121,2024-03-05,C4220,John Carter,36-50,Female,Europe,Italy,Rome,P205,Headphones,Accessories,3,3351,2284.03,1066.97,0.12,UPI,Online
T14122,2024-04-15,C4221,Sonia Patel,36-50,Other,Asia,India,Delhi,P112,Mobile Phone,Electronics,2,3906,2514.55,1391.45,0.14,Credit Card,Online
T14123,2024-01-06,C4222,Sonia Patel,26-35,Female,North America,USA,Seattle,P101,Laptop,Electronics,3,1776,1171.65,604.35,0.22,Net Banking,In-Store
T14124,2024-03-08,C4223,Natalie Reed,26-35,Male,Africa,Egypt,Cairo,P303,Washing Machine,Appliances,1,498,310.94,187.06,0.22,UPI,In-Store
T14125,2024-02-14,C4224,Michael Ross,36-50,Male,North America,Canada,Vancouver,P520,Microwave Oven,Appliances,2,2496,2070.46,425.54,0.1,Net Banking,Online
T14126,2024-02-08,C4225,Meera Iyer,50+,Other,Europe,Italy,Rome,P520,Microwave Oven,Appliances,3,3105,1902.08,1202.92,0.17,UPI,In-Store
T14127,2024-03-15,C4226,Lucas Brown,50+,Female,North America,Canada,Toronto,P112,Mobile Phone,Electronics,4,7148,5981.55,1166.45,0.04,UPI,In-Store
T14128,2024-02-12,C4227,Sarah Miller,26-35,Female,Africa,Egypt,Cairo,P205,Headphones,Accessories,2,3802,3051.82,750.18,0.2,Net Banking,In-Store
T14129,2024-02-08,C4228,Natalie Reed,50+,Male,Africa,South Africa,Johannesburg,P520,Microwave Oven,Appliances,3,2781,1827.78,953.22,0.2,Debit Card,Online
T14130,2024-03-07,C4229,Maria Gomez,26-35,Male,Europe,Germany,Munich,P303,Washing Machine,Appliances,3,2784,2192.23,591.77,0.07,Credit Card,Online
T14131,2024-04-09,C4230,Meera Iyer,26-35,Female,Europe,Germany,Berlin,P303,Washing Machine,Appliances,3,936,618.78,317.22,0.16,Debit Card,Online
T14132,2024-03-16,C4231,Sonia Patel,18-25,Female,Africa,South Africa,Johannesburg,P205,Headphones,Accessories,2,3168,2414.89,753.11,0.14,Debit Card,In-Store
T14133,2024-03-09,C4232,Meera Iyer,36-50,Other,South America,Brazil,Rio,P303,Washing Machine,Appliances,1,242,173.39,68.61,0.06,Cash,Online
T14134,2024-03-15,C4233,Maria Gomez,36-50,Other,Europe,UK,London,P205,Headphones,Accessories,2,698,430.53,267.47,0.1,Debit Card,In-Store
T14135,2024-02-14,C4234,Ethan Wilson,26-35,Female,South America,Chile,Santiago,P112,Mobile Phone,Electronics,3,4587,3175.07,1411.93,0.13,Cash,Online
T14136,2024-02-15,C4235,Emily Clark,18-25,Female,Europe,Germany,Munich,P205,Headphones,Accessories,1,1697,1051.93,645.07,0.24,Credit Card,Online
T14137,2024-03-28,C4236,Michael Ross,50+,Other,Asia,UAE,Abu Dhabi,P112,Mobile Phone,Electronics,3,2466,1933.46,532.54,0.02,Cash,In-Store
T14138,2024-04-07,C4237,Aditi Sharma,18-25,Other,Africa,Egypt,Cairo,P402,Monitor,Electronics,4,2856,2498.01,357.99,0.21,Cash,In-Store
T14139,2024-02-15,C4238,Priya Nair,26-35,Male,Asia,Japan,Osaka,P303,Washing Machine,Appliances,1,795,502.76,292.24,0.13,Credit Card,Online
T14140,2024-04-23,C4239,Ethan Wilson,26-35,Female,North America,Mexico,Monterrey,P112,Mobile Phone,Electronics,1,1875,1195.53,679.47,0.04,Credit Card,In-Store
T14141,2024-03-06,C4240,Sonia Patel,26-35,Other,North America,USA,New York,P112,Mobile Phone,Electronics,1,856,593.58,262.42,0.2,Net Banking,In-Store
T14142,2024-04-05,C4241,Sonia Patel,50+,Female,South America,Argentina,Buenos Aires,P402,Monitor,Electronics,3,4341,3736.13,604.87,0.09,UPI,In-Store
T14143,2024-02-18,C4242,Meera Iyer,18-25,Other,Africa,Egypt,Cairo,P402,Monitor,Electronics,1,1822,1451.72,370.28,0.23,Net Banking,Online
T14144,2024-01-04,C4243,Aditi Sharma,26-35,Other,Asia,Japan,Osaka,P520,Microwave Oven,Appliances,4,4784,3492.89,1291.11,0.11,Cash,In-Store
T14145,2024-02-24,C4244,Michael Ross,50+,Male,Africa,Egypt,Cairo,P303,Washing Machine,Appliances,3,4947,4439.54,507.46,0.06,Cash,In-Store
T14146,2024-01-30,C4245,Michael Ross,50+,Male,Europe,UK,London,P402,Monitor,Electronics,4,6664,5742.93,921.07,0.08,Cash,In-Store
T14147,2024-03-08,C4246,Rohan Gupta,36-50,Other,South America,Argentina,Buenos Aires,P303,Washing Machine,Appliances,2,1378,1040.38,337.62,0.15,Debit Card,In-Store
T14148,2024-04-10,C4247,Emily Clark,50+,Female,Europe,Germany,Berlin,P101,Laptop,Electronics,3,1146,883.79,262.21,0.22,Cash,In-Store
T14149,2024-02-23,C4248,Aditi Sharma,36-50,Other,North America,Mexico,Monterrey,P520,Microwave Oven,Appliances,3,2991,2152.11,838.89,0.24,UPI,Online
T14150,2024-04-08,C4249,Sarah Miller,50+,Female,Asia,UAE,Dubai,P402,Monitor,Electronics,1,895,800.54,94.46,0.05,Debit Card,In-Store
T14151,2024-04-19,C4250,Jake Turner,36-50,Male,North America,USA,New York,P520,Microwave Oven,Appliances,4,6752,5139.51,1612.49,0.24,Net Banking,Online
T14152,2024-03-03,C4251,Natalie Reed,26-35,Other,Africa,Kenya,Nairobi,P303,Washing Machine,Appliances,3,2535,2156.63,378.37,0.18,Debit Card,In-Store
T14153,2024-01-28,C4252,Aditi Sharma,50+,Female,Africa,Kenya,Nairobi,P101,Laptop,Electronics,2,3936,3230.66,705.34,0.23,Credit Card,Online
T14154,2024-03-17,C4253,Lucas Brown,26-35,Female,South America,Brazil,Rio,P520,Microwave Oven,Appliances,2,1896,1681.5,214.5,0.22,UPI,In-Store
T14155,2024-01-24,C4254,Sarah Miller,26-35,Female,South America,Chile,Santiago,P112,Mobile Phone,Electronics,4,4432,3171.82,1260.18,0.24,UPI,Online
T14156,2024-03-17,C4255,Rohan Gupta,26-35,Other,Asia,Singapore,Singapore,P112,Mobile Phone,Electronics,2,3844,2407.11,1436.89,0.23,Credit Card,Online
T14157,2024-02-28,C4256,Lucas Brown,50+,Other,North America,USA,New York,P101,Laptop,Electronics,1,382,311.08,70.92,0.1,Credit Card,In-Store
T14158,2024-01-30,C4257,Jake Turner,18-25,Female,Europe,Germany,Berlin,P303,Washing Machine,Appliances,3,4728,4023.91,704.09,0.07,Cash,Online
T14159,2024-01-07,C4258,Aditi Sharma,50+,Male,South America,Brazil,São Paulo,P520,Microwave Oven,Appliances,4,2336,2039.09,296.91,0.06,UPI,Online
T14160,2024-03-09,C4259,Michael Ross,18-25,Other,Asia,Japan,Tokyo,P520,Microwave Oven,Appliances,2,1864,1644.24,219.76,0.04,Debit Card,Online
T14161,2024-01-18,C4260,John Carter,26-35,Female,North America,Canada,Toronto,P112,Mobile Phone,Electronics,4,5624,3438.34,2185.66,0.15,Debit Card,Online
T14162,2024-04-05,C4261,Natalie Reed,18-25,Female,North America,Canada,Vancouver,P402,Monitor,Electronics,1,135,120.31,14.69,0.06,UPI,Online
T14163,2024-01-14,C4262,John Carter,50+,Other,South America,Brazil,São Paulo,P520,Microwave Oven,Appliances,3,3084,1907.45,1176.55,0.25,UPI,Online
T14164,2024-01-13,C4263,Ethan Wilson,26-35,Male,North America,Canada,Toronto,P101,Laptop,Electronics,3,1047,768.52,278.48,0.09,Net Banking,In-Store
T14165,2024-04-24,C4264,Michael Ross,50+,Female,North America,Canada,Vancouver,P205,Headphones,Accessories,4,820,614.59,205.41,0.21,Debit Card,Online
T14166,2024-01-12,C4265,Rohan Gupta,18-25,Other,Europe,France,Lyon,P101,Laptop,Electronics,4,3480,2378.89,1101.11,0.1,UPI,Online
T14167,2024-03-24,C4266,Maria Gomez,18-25,Other,Asia,UAE,Dubai,P205,Headphones,Accessories,2,722,538.22,183.78,0.22,Cash,Online
T14168,2024-03-13,C4267,Daniel Wong,36-50,Male,Europe,UK,Manchester,P101,Laptop,Electronics,1,1026,754.73,271.27,0.13,UPI,In-Store
T14169,2024-04-28,C4268,Michael Ross,26-35,Female,South America,Brazil,São Paulo,P520,Microwave Oven,Appliances,3,2448,1770.12,677.88,0.18,UPI,Online
T14170,2024-01-30,C4269,Emily Clark,50+,Male,North America,Mexico,Monterrey,P303,Washing Machine,Appliances,3,1200,993.67,206.33,0.04,Debit Card,Online
T14171,2024-04-21,C4270,Lucas Brown,18-25,Female,Africa,Egypt,Cairo,P402,Monitor,Electronics,3,2235,1787.26,447.74,0.16,UPI,In-Store
T14172,2024-01-07,C4271,John Carter,50+,Other,Africa,South Africa,Johannesburg,P205,Headphones,Accessories,4,728,611.12,116.88,0.2,Net Banking,In-Store
T14173,2024-04-18,C4272,Daniel Wong,36-50,Other,Asia,Singapore,Singapore,P101,Laptop,Electronics,4,7256,4822.67,2433.33,0.15,UPI,In-Store
T14174,2024-02-17,C4273,Jake Turner,18-25,Other,Africa,South Africa,Johannesburg,P205,Headphones,Accessories,3,3582,2933.52,648.48,0.19,Credit Card,In-Store
T14175,2024-02-10,C4274,Sarah Miller,18-25,Male,Europe,France,Lyon,P101,Laptop,Electronics,4,2332,1750.53,581.47,0.16,Credit Card,Online
T14176,2024-04-10,C4275,John Carter,50+,Male,Africa,Kenya,Nairobi,P303,Washing Machine,Appliances,2,560,434.77,125.23,0.21,Net Banking,In-Store
T14177,2024-02-04,C4276,Natalie Reed,26-35,Female,North America,Canada,Vancouver,P303,Washing Machine,Appliances,4,1308,909.61,398.39,0.04,Debit Card,In-Store
T14178,2024-01-10,C4277,Jake Turner,36-50,Other,Asia,Japan,Tokyo,P101,Laptop,Electronics,2,3624,2220.97,1403.03,0.17,Net Banking,Online
T14179,2024-03-11,C4278,Ethan Wilson,18-25,Male,Europe,France,Paris,P205,Headphones,Accessories,2,136,112.74,23.26,0.01,Net Banking,In-Store
T14180,2024-03-21,C4279,Rohan Gupta,50+,Female,North America,USA,Seattle,P112,Mobile Phone,Electronics,1,1355,969.23,385.77,0.18,UPI,In-Store
T14181,2024-02-02,C4280,Lucas Brown,50+,Female,North America,Canada,Vancouver,P303,Washing Machine,Appliances,4,3088,2614.66,473.34,0.1,Credit Card,In-Store
T14182,2024-03-14,C4281,Aditi Sharma,50+,Other,Asia,Singapore,Singapore,P205,Headphones,Accessories,2,2938,1792.94,1145.06,0.2,Credit Card,Online
T14183,2024-01-25,C4282,Daniel Wong,26-35,Other,Europe,Germany,Munich,P205,Headphones,Accessories,1,1845,1147.79,697.21,0.24,Net Banking,Online
T14184,2024-01-26,C4283,Meera Iyer,26-35,Male,Africa,Egypt,Cairo,P205,Headphones,Accessories,3,5793,4235.89,1557.11,0.02,Net Banking,In-Store
T14185,2024-04-08,C4284,Rohan Gupta,18-25,Male,Asia,India,Mumbai,P205,Headphones,Accessories,4,2752,1883.14,868.86,0.14,UPI,Online
T14186,2024-02-25,C4285,Natalie Reed,18-25,Male,Asia,Japan,Tokyo,P520,Microwave Oven,Appliances,4,3956,3312.06,643.94,0.02,Net Banking,In-Store
T14187,2024-01-16,C4286,Rohan Gupta,50+,Other,Asia,India,Mumbai,P520,Microwave Oven,Appliances,4,5100,3666.07,1433.93,0.15,UPI,In-Store
T14188,2024-01-24,C4287,Ethan Wilson,26-35,Female,Europe,Germany,Munich,P402,Monitor,Electronics,2,2938,1883.74,1054.26,0.04,Credit Card,Online
T14189,2024-04-09,C4288,Aditi Sharma,18-25,Other,South America,Brazil,Rio,P205,Headphones,Accessories,1,1628,1295.13,332.87,0.01,Credit Card,Online
T14190,2024-02-03,C4289,Maria Gomez,36-50,Male,Europe,France,Lyon,P303,Washing Machine,Appliances,4,5960,4481.72,1478.28,0.01,Net Banking,In-Store
T14191,2024-04-25,C4290,Daniel Wong,50+,Female,South America,Argentina,Buenos Aires,P402,Monitor,Electronics,2,2826,2494.91,331.09,0.07,Cash,In-Store
T14192,2024-04-23,C4291,Ethan Wilson,36-50,Male,North America,Canada,Toronto,P101,Laptop,Electronics,1,968,694.67,273.33,0.03,Net Banking,Online
T14193,2024-02-22,C4292,Daniel Wong,26-35,Other,Africa,Kenya,Nairobi,P303,Washing Machine,Appliances,1,1393,971.08,421.92,0.13,Cash,Online
T14194,2024-04-17,C4293,Maria Gomez,26-35,Other,Europe,France,Paris,P101,Laptop,Electronics,4,1180,1029.18,150.82,0.23,Net Banking,Online
T14195,2024-01-08,C4294,Natalie Reed,50+,Female,Europe,UK,Manchester,P520,Microwave Oven,Appliances,3,4989,3849.27,1139.73,0.0,Net Banking,Online
T14196,2024-03-14,C4295,Emily Clark,50+,Male,Europe,Italy,Milan,P112,Mobile Phone,Electronics,2,1310,836.14,473.86,0.11,Cash,Online
T14197,2024-03-26,C4296,Lucas Brown,26-35,Other,Asia,UAE,Dubai,P402,Monitor,Electronics,1,714,623.11,90.89,0.1,UPI,In-Store
T14198,2024-02-23,C4297,Michael Ross,36-50,Male,Africa,Egypt,Cairo,P303,Washing Machine,Appliances,1,756,667.59,88.41,0.19,Credit Card,Online
T14199,2024-01-21,C4298,Michael Ross,50+,Male,Asia,Japan,Osaka,P520,Microwave Oven,Appliances,1,1668,1179.0,489.0,0.06,Net Banking,Online
T14200,2024-02-24,C4299,Priya Nair,50+,Male,North America,Mexico,Monterrey,P520,Microwave Oven,Appliances,3,1875,1194.99,680.01,0.09,Credit Card,Online
T14201,2024-04-27,C4300,Natalie Reed,36-50,Other,Africa,Kenya,Nairobi,P402,Monitor,Electronics,4,6596,5776.11,819.89,0.13,Debit Card,Online
T14202,2024-03-09,C4301,Lucas Brown,26-35,Male,North America,Canada,Toronto,P112,Mobile Phone,Electronics,2,3504,2418.42,1085.58,0.14,Cash,Online
T14203,2024-03-08,C4302,Meera Iyer,36-50,Female,North America,USA,New York,P402,Monitor,Electronics,3,3282,2296.53,985.47,0.15,Debit Card,In-Store
T14204,2024-01-24,C4303,Meera Iyer,18-25,Female,Europe,Germany,Munich,P101,Laptop,Electronics,3,2994,1915.58,1078.42,0.2,Credit Card,In-Store
T14205,2024-03-16,C4304,Jake Turner,50+,Female,South America,Chile,Santiago,P112,Mobile Phone,Electronics,2,966,725.43,240.57,0.19,UPI,Online
T14206,2024-01-15,C4305,Emily Clark,36-50,Other,Europe,Italy,Milan,P303,Washing Machine,Appliances,3,3111,2433.42,677.58,0.04,UPI,In-Store
T14207,2024-01-06,C4306,John Carter,50+,Other,Africa,South Africa,Cape Town,P402,Monitor,Electronics,3,4956,3467.56,1488.44,0.1,Net Banking,In-Store
T14208,2024-01-21,C4307,Aditi Sharma,18-25,Female,Asia,Singapore,Singapore,P303,Washing Machine,Appliances,4,3016,2613.38,402.62,0.19,UPI,Online
T14209,2024-01-08,C4308,Sarah Miller,50+,Female,Europe,Italy,Milan,P205,Headphones,Accessories,4,2748,1683.71,1064.29,0.14,UPI,In-Store
T14210,2024-01-13,C4309,Emily Clark,18-25,Other,North America,Mexico,Monterrey,P402,Monitor,Electronics,4,6232,4414.07,1817.93,0.04,Credit Card,In-Store
T14211,2024-03-02,C4310,Aditi Sharma,26-35,Male,Africa,South Africa,Cape Town,P112,Mobile Phone,Electronics,3,3477,2445.13,1031.87,0.25,UPI,Online
T14212,2024-03-15,C4311,Lucas Brown,36-50,Female,Asia,UAE,Dubai,P402,Monitor,Electronics,4,6216,5299.21,916.79,0.04,Credit Card,Online
T14213,2024-03-15,C4312,Emily Clark,50+,Other,Africa,Egypt,Cairo,P112,Mobile Phone,Electronics,1,201,160.87,40.13,0.21,Cash,Online
T14214,2024-01-01,C4313,Natalie Reed,18-25,Female,Africa,South Africa,Cape Town,P303,Washing Machine,Appliances,3,1227,938.28,288.72,0.05,Debit Card,In-Store
T14215,2024-01-01,C4314,Sonia Patel,50+,Other,Asia,Japan,Osaka,P205,Headphones,Accessories,2,2636,2096.32,539.68,0.04,Net Banking,In-Store
T14216,2024-03-16,C4315,Natalie Reed,26-35,Male,North America,USA,Chicago,P402,Monitor,Electronics,2,1230,884.3,345.7,0.04,Net Banking,In-Store
T14217,2024-01-22,C4316,Meera Iyer,26-35,Other,North America,Mexico,Mexico City,P303,Washing Machine,Appliances,1,65,49.97,15.03,0.02,Credit Card,In-Store
T14218,2024-02-12,C4317,Natalie Reed,50+,Female,South America,Chile,Santiago,P303,Washing Machine,Appliances,3,3453,2638.43,814.57,0.06,Debit Card,In-Store
T14219,2024-03-26,C4318,Sonia Patel,50+,Female,Africa,Egypt,Cairo,P112,Mobile Phone,Electronics,1,498,329.15,168.85,0.02,Cash,In-Store
T14220,2024-01-19,C4319,Sarah Miller,18-25,Other,Europe,Italy,Rome,P303,Washing Machine,Appliances,4,2192,1489.68,702.32,0.02,Net Banking,In-Store
T14221,2024-04-29,C4320,Daniel Wong,36-50,Other,South America,Argentina,Buenos Aires,P303,Washing Machine,Appliances,1,1097,826.54,270.46,0.18,UPI,Online
T14222,2024-01-23,C4321,Lucas Brown,50+,Other,North America,Canada,Toronto,P520,Microwave Oven,Appliances,1,1114,901.66,212.34,0.09,Cash,Online
T14223,2024-01-31,C4322,Priya Nair,50+,Male,South America,Chile,Santiago,P303,Washing Machine,Appliances,1,659,548.25,110.75,0.02,Credit Card,Online
T14224,2024-02-09,C4323,Emily Clark,18-25,Male,Europe,Italy,Milan,P101,Laptop,Electronics,1,288,196.25,91.75,0.16,Credit Card,Online
T14225,2024-01-10,C4324,Jake Turner,36-50,Male,Asia,India,Delhi,P402,Monitor,Electronics,3,5730,4547.51,1182.49,0.24,Cash,Online
T14226,2024-04-08,C4325,Natalie Reed,36-50,Male,Europe,Italy,Milan,P205,Headphones,Accessories,3,735,591.59,143.41,0.23,Cash,In-Store
T14227,2024-04-11,C4326,Ethan Wilson,26-35,Male,Asia,India,Mumbai,P112,Mobile Phone,Electronics,4,3976,2948.41,1027.59,0.22,Debit Card,In-Store
T14228,2024-04-16,C4327,Emily Clark,26-35,Other,Africa,Kenya,Nairobi,P303,Washing Machine,Appliances,3,2457,1697.19,759.81,0.17,Debit Card,In-Store
T14229,2024-02-11,C4328,Sarah Miller,18-25,Other,Europe,Italy,Milan,P101,Laptop,Electronics,1,1972,1607.36,364.64,0.15,Credit Card,Online
T14230,2024-04-12,C4329,Meera Iyer,18-25,Male,Europe,Germany,Munich,P101,Laptop,Electronics,2,3684,2942.69,741.31,0.19,Cash,In-Store
T14231,2024-01-06,C4330,Michael Ross,18-25,Male,Africa,South Africa,Johannesburg,P402,Monitor,Electronics,3,2751,2290.92,460.08,0.02,Net Banking,Online
T14232,2024-02-15,C4331,Natalie Reed,26-35,Male,Africa,Egypt,Cairo,P205,Headphones,Accessories,3,2751,1792.85,958.15,0.01,Debit Card,In-Store
T14233,2024-01-16,C4332,Emily Clark,18-25,Other,Europe,Germany,Munich,P205,Headphones,Accessories,3,3816,2560.15,1255.85,0.11,Debit Card,Online
T14234,2024-01-01,C4333,Priya Nair,18-25,Other,South America,Brazil,Rio,P205,Headphones,Accessories,2,2376,1684.82,691.18,0.15,UPI,Online
T14235,2024-04-01,C4334,Sonia Patel,26-35,Other,Africa,South Africa,Johannesburg,P303,Washing Machine,Appliances,2,1810,1461.71,348.29,0.01,Net Banking,In-Store
T14236,2024-03-14,C4335,Sarah Miller,50+,Other,Africa,Kenya,Nairobi,P112,Mobile Phone,Electronics,1,1506,1068.61,437.39,0.09,Debit Card,In-Store
T14237,2024-01-28,C4336,Meera Iyer,50+,Female,North America,Mexico,Mexico City,P112,Mobile Phone,Electronics,3,4146,3251.82,894.18,0.01,UPI,In-Store
T14238,2024-02-24,C4337,Emily Clark,36-50,Female,South America,Argentina,Buenos Aires,P303,Washing Machine,Appliances,2,3710,2535.78,1174.22,0.05,UPI,In-Store
T14239,2024-01-18,C4338,Daniel Wong,18-25,Other,South America,Argentina,Buenos Aires,P402,Monitor,Electronics,4,3176,2280.0,896.0,0.17,Cash,Online
T14240,2024-01-08,C4339,Aditi Sharma,50+,Female,Asia,Japan,Tokyo,P205,Headphones,Accessories,4,6164,3918.75,2245.25,0.06,Credit Card,Online
T14241,2024-01-18,C4340,Michael Ross,36-50,Other,North America,Canada,Toronto,P112,Mobile Phone,Electronics,4,4996,3186.21,1809.79,0.11,Credit Card,Online
T14242,2024-04-20,C4341,Maria Gomez,18-25,Male,Africa,Kenya,Nairobi,P112,Mobile Phone,Electronics,4,268,178.97,89.03,0.16,Net Banking,Online
T14243,2024-04-27,C4342,John Carter,36-50,Other,Africa,Egypt,Cairo,P112,Mobile Phone,Electronics,2,3678,2745.74,932.26,0.03,Net Banking,In-Store
T14244,2024-03-31,C4343,Aditi Sharma,26-35,Female,North America,Mexico,Monterrey,P520,Microwave Oven,Appliances,4,3828,2938.83,889.17,0.17,Credit Card,Online
T14245,2024-03-26,C4344,Sonia Patel,18-25,Female,North America,Mexico,Monterrey,P520,Microwave Oven,Appliances,3,3912,2817.09,1094.91,0.04,UPI,In-Store
T14246,2024-01-23,C4345,Meera Iyer,50+,Female,Asia,India,Delhi,P101,Laptop,Electronics,1,1547,1337.91,209.09,0.02,Credit Card,Online
T14247,2024-01-28,C4346,Michael Ross,18-25,Male,South America,Argentina,Buenos Aires,P101,Laptop,Electronics,3,1407,1079.79,327.21,0.11,Debit Card,Online
T14248,2024-04-27,C4347,Sarah Miller,18-25,Female,Asia,Japan,Tokyo,P112,Mobile Phone,Electronics,2,3588,3125.16,462.84,0.0,Debit Card,Online
T14249,2024-03-26,C4348,Emily Clark,18-25,Female,South America,Argentina,Buenos Aires,P402,Monitor,Electronics,1,621,450.43,170.57,0.22,UPI,Online
T14250,2024-03-14,C4349,Meera Iyer,50+,Other,Asia,Singapore,Singapore,P205,Headphones,Accessories,1,314,244.63,69.37,0.14,Cash,In-Store
T14251,2024-04-11,C4350,Sonia Patel,36-50,Male,South America,Brazil,Rio,P101,Laptop,Electronics,3,5343,3912.73,1430.27,0.09,Credit Card,In-Store
T14252,2024-04-04,C4351,John Carter,18-25,Male,North America,USA,Chicago,P112,Mobile Phone,Electronics,1,1765,1398.06,366.94,0.12,UPI,Online
T14253,2024-04-12,C4352,Natalie Reed,18-25,Other,Africa,Kenya,Nairobi,P112,Mobile Phone,Electronics,1,1273,1047.32,225.68,0.12,Credit Card,In-Store
T14254,2024-02-15,C4353,Lucas Brown,50+,Other,Europe,France,Lyon,P101,Laptop,Electronics,2,3622,2204.7,1417.3,0.19,Debit Card,Online
T14255,2024-03-17,C4354,Natalie Reed,36-50,Male,Europe,France,Paris,P205,Headphones,Accessories,2,2700,1946.94,753.06,0.08,Cash,Online
T14256,2024-01-14,C4355,Emily Clark,18-25,Male,South America,Argentina,Buenos Aires,P101,Laptop,Electronics,3,2457,1998.03,458.97,0.25,UPI,In-Store
T14257,2024-01-17,C4356,Ethan Wilson,18-25,Male,Africa,South Africa,Johannesburg,P303,Washing Machine,Appliances,2,2068,1291.31,776.69,0.17,UPI,In-Store
T14258,2024-01-17,C4357,Natalie Reed,36-50,Female,South America,Argentina,Buenos Aires,P520,Microwave Oven,Appliances,1,61,50.54,10.46,0.23,Net Banking,Online
T14259,2024-04-04,C4358,Aditi Sharma,18-25,Other,South America,Chile,Santiago,P303,Washing Machine,Appliances,1,1655,1289.23,365.77,0.16,Cash,In-Store
T14260,2024-03-30,C4359,Priya Nair,26-35,Male,South America,Argentina,Buenos Aires,P520,Microwave Oven,Appliances,3,4599,3435.51,1163.49,0.11,Cash,Online
T14261,2024-01-17,C4360,Aditi Sharma,26-35,Other,Asia,India,Mumbai,P402,Monitor,Electronics,1,1768,1197.42,570.58,0.08,Credit Card,In-Store
T14262,2024-01-31,C4361,Daniel Wong,18-25,Female,South America,Chile,Santiago,P205,Headphones,Accessories,2,370,303.46,66.54,0.08,Credit Card,In-Store
T14263,2024-02-14,C4362,Sarah Miller,18-25,Female,Asia,Japan,Osaka,P205,Headphones,Accessories,2,3880,2513.04,1366.96,0.01,Cash,Online
T14264,2024-03-08,C4363,Emily Clark,26-35,Male,Africa,Kenya,Nairobi,P520,Microwave Oven,Appliances,3,1833,1312.59,520.41,0.09,Credit Card,In-Store
T14265,2024-04-04,C4364,John Carter,50+,Male,Europe,UK,London,P205,Headphones,Accessories,4,1492,1230.58,261.42,0.08,UPI,In-Store
T14266,2024-01-07,C4365,Emily Clark,18-25,Female,South America,Chile,Santiago,P520,Microwave Oven,Appliances,2,1616,1010.76,605.24,0.07,Debit Card,Online
T14267,2024-01-05,C4366,Sonia Patel,18-25,Male,Europe,France,Lyon,P101,Laptop,Electronics,3,5400,3368.21,2031.79,0.03,Credit Card,In-Store
T14268,2024-02-14,C4367,Sarah Miller,26-35,Male,Africa,South Africa,Cape Town,P303,Washing Machine,Appliances,4,1296,980.29,315.71,0.07,Cash,Online
T14269,2024-03-21,C4368,John Carter,50+,Female,Asia,Japan,Tokyo,P101,Laptop,Electronics,2,3330,2421.27,908.73,0.13,Credit Card,Online
T14270,2024-04-12,C4369,Priya Nair,26-35,Female,Africa,South Africa,Johannesburg,P112,Mobile Phone,Electronics,1,496,304.42,191.58,0.05,Net Banking,Online
T14271,2024-01-30,C4370,John Carter,18-25,Female,Africa,South Africa,Johannesburg,P205,Headphones,Accessories,3,5589,4733.74,855.26,0.2,Debit Card,Online
T14272,2024-01-03,C4371,Meera Iyer,36-50,Other,South America,Argentina,Buenos Aires,P402,Monitor,Electronics,2,1554,1357.97,196.03,0.05,Cash,Online
T14273,2024-04-27,C4372,Maria Gomez,26-35,Male,North America,Mexico,Monterrey,P520,Microwave Oven,Appliances,4,2972,2248.46,723.54,0.11,Net Banking,Online
T14274,2024-01-31,C4373,Natalie Reed,26-35,Male,North America,USA,New York,P520,Microwave Oven,Appliances,1,492,318.42,173.58,0.15,Credit Card,In-Store
T14275,2024-04-28,C4374,Maria Gomez,50+,Other,Asia,Japan,Tokyo,P205,Headphones,Accessories,1,1060,678.61,381.39,0.02,UPI,Online
T14276,2024-04-02,C4375,Emily Clark,18-25,Female,Europe,UK,Manchester,P402,Monitor,Electronics,3,3219,2213.15,1005.85,0.22,Credit Card,In-Store
T14277,2024-01-26,C4376,Priya Nair,18-25,Other,Africa,Kenya,Nairobi,P205,Headphones,Accessories,1,1215,925.62,289.38,0.22,Cash,Online
T14278,2024-01-31,C4377,John Carter,36-50,Male,Africa,South Africa,Johannesburg,P205,Headphones,Accessories,3,5631,3825.01,1805.99,0.21,Cash,Online
T14279,2024-02-13,C4378,Maria Gomez,18-25,Female,South America,Chile,Santiago,P101,Laptop,Electronics,2,1524,1368.27,155.73,0.24,Cash,In-Store
T14280,2024-01-24,C4379,Natalie Reed,26-35,Male,South America,Chile,Santiago,P205,Headphones,Accessories,4,5556,3661.27,1894.73,0.23,UPI,In-Store
T14281,2024-01-16,C4380,Ethan Wilson,50+,Male,North America,USA,Chicago,P520,Microwave Oven,Appliances,1,1489,1292.15,196.85,0.05,Credit Card,Online
T14282,2024-04-05,C4381,Priya Nair,26-35,Male,Asia,UAE,Dubai,P520,Microwave Oven,Appliances,3,3378,2421.04,956.96,0.25,Credit Card,Online
T14283,2024-01-08,C4382,Ethan Wilson,26-35,Other,Europe,Italy,Rome,P402,Monitor,Electronics,2,1064,758.35,305.65,0.14,Cash,In-Store
T14284,2024-04-20,C4383,Maria Gomez,26-35,Male,South America,Chile,Santiago,P303,Washing Machine,Appliances,4,472,409.56,62.44,0.1,Debit Card,In-Store
T14285,2024-01-06,C4384,Rohan Gupta,36-50,Other,Asia,UAE,Dubai,P402,Monitor,Electronics,3,5622,4983.26,638.74,0.04,UPI,In-Store
T14286,2024-03-03,C4385,Meera Iyer,36-50,Other,Africa,South Africa,Cape Town,P303,Washing Machine,Appliances,1,1573,1325.9,247.1,0.24,Debit Card,Online
T14287,2024-04-16,C4386,Natalie Reed,36-50,Male,Africa,South Africa,Cape Town,P520,Microwave Oven,Appliances,3,687,419.04,267.96,0.13,UPI,Online
T14288,2024-03-27,C4387,Ethan Wilson,18-25,Female,Europe,Germany,Berlin,P205,Headphones,Accessories,1,1810,1417.57,392.43,0.24,Cash,In-Store
T14289,2024-04-07,C4388,Maria Gomez,36-50,Male,Asia,UAE,Abu Dhabi,P402,Monitor,Electronics,3,5184,3391.54,1792.46,0.2,Cash,Online
T14290,2024-01-03,C4389,Lucas Brown,50+,Female,Africa,South Africa,Cape Town,P520,Microwave Oven,Appliances,4,2432,1823.26,608.74,0.16,Cash,Online
T14291,2024-01-05,C4390,Rohan Gupta,50+,Male,North America,Mexico,Monterrey,P205,Headphones,Accessories,2,770,609.06,160.94,0.07,Cash,Online
T14292,2024-01-30,C4391,John Carter,26-35,Other,North America,Canada,Vancouver,P205,Headphones,Accessories,2,1806,1483.64,322.36,0.2,Cash,In-Store
T14293,2024-04-11,C4392,Meera Iyer,36-50,Female,South America,Argentina,Buenos Aires,P303,Washing Machine,Appliances,2,3210,2511.81,698.19,0.09,Net Banking,In-Store
T14294,2024-02-23,C4393,Sarah Miller,26-35,Other,North America,Canada,Vancouver,P101,Laptop,Electronics,2,3924,3273.57,650.43,0.16,UPI,Online
T14295,2024-02-19,C4394,Meera Iyer,26-35,Other,Asia,UAE,Abu Dhabi,P205,Headphones,Accessories,3,831,587.39,243.61,0.24,Cash,In-Store
T14296,2024-02-27,C4395,Jake Turner,18-25,Male,South America,Chile,Santiago,P112,Mobile Phone,Electronics,2,1824,1299.75,524.25,0.1,Credit Card,Online
T14297,2024-02-02,C4396,Michael Ross,50+,Female,South America,Argentina,Buenos Aires,P205,Headphones,Accessories,2,1214,998.67,215.33,0.17,Cash,Online
T14298,2024-03-02,C4397,Sarah Miller,26-35,Female,Asia,India,Delhi,P520,Microwave Oven,Appliances,4,544,485.41,58.59,0.09,Debit Card,In-Store
T14299,2024-01-21,C4398,Daniel Wong,36-50,Other,Africa,Egypt,Cairo,P101,Laptop,Electronics,2,974,788.25,185.75,0.17,Debit Card,In-Store
T14300,2024-03-03,C4399,Meera Iyer,36-50,Male,Europe,UK,Manchester,P402,Monitor,Electronics,3,2415,1950.17,464.83,0.02,Debit Card,In-Store
T14301,2024-03-09,C4400,Rohan Gupta,26-35,Other,South America,Brazil,São Paulo,P101,Laptop,Electronics,1,672,482.25,189.75,0.25,Cash,Online
T14302,2024-01-16,C4401,John Carter,50+,Male,Africa,South Africa,Cape Town,P101,Laptop,Electronics,4,1064,952.36,111.64,0.22,Credit Card,In-Store
T14303,2024-01-20,C4402,Lucas Brown,26-35,Other,South America,Argentina,Buenos Aires,P112,Mobile Phone,Electronics,1,981,766.24,214.76,0.23,UPI,Online
T14304,2024-02-17,C4403,Lucas Brown,26-35,Other,Africa,Egypt,Cairo,P205,Headphones,Accessories,2,2918,2044.9,873.1,0.14,UPI,In-Store
T14305,2024-02-04,C4404,Aditi Sharma,50+,Female,South America,Argentina,Buenos Aires,P520,Microwave Oven,Appliances,3,5709,3446.67,2262.33,0.04,Cash,Online
T14306,2024-04-22,C4405,Maria Gomez,26-35,Other,North America,USA,New York,P303,Washing Machine,Appliances,4,2600,1741.85,858.15,0.19,Debit Card,Online
T14307,2024-01-25,C4406,Emily Clark,18-25,Male,Europe,Germany,Munich,P520,Microwave Oven,Appliances,4,6368,5098.88,1269.12,0.09,Cash,Online
T14308,2024-02-05,C4407,Natalie Reed,36-50,Female,North America,Mexico,Mexico City,P101,Laptop,Electronics,3,5388,3599.77,1788.23,0.14,Credit Card,In-Store
T14309,2024-01-07,C4408,Maria Gomez,18-25,Other,Asia,Japan,Osaka,P303,Washing Machine,Appliances,2,3450,3080.4,369.6,0.12,Net Banking,Online
T14310,2024-04-07,C4409,Aditi Sharma,18-25,Female,South America,Chile,Santiago,P205,Headphones,Accessories,1,998,774.33,223.67,0.17,Cash,In-Store
T14311,2024-03-02,C4410,Rohan Gupta,18-25,Male,South America,Chile,Santiago,P101,Laptop,Electronics,2,1582,1312.52,269.48,0.0,Credit Card,Online
T14312,2024-03-28,C4411,Priya Nair,26-35,Male,South America,Argentina,Buenos Aires,P520,Microwave Oven,Appliances,3,4266,2657.64,1608.36,0.18,UPI,Online
T14313,2024-02-07,C4412,Aditi Sharma,18-25,Female,North America,Mexico,Mexico City,P101,Laptop,Electronics,3,1560,1007.19,552.81,0.04,Cash,Online
T14314,2024-04-26,C4413,Daniel Wong,50+,Other,Asia,Japan,Osaka,P520,Microwave Oven,Appliances,4,608,395.27,212.73,0.24,UPI,Online
T14315,2024-01-19,C4414,Daniel Wong,36-50,Male,South America,Brazil,São Paulo,P101,Laptop,Electronics,2,1984,1197.62,786.38,0.12,UPI,Online
T14316,2024-01-13,C4415,John Carter,18-25,Other,Europe,Germany,Berlin,P101,Laptop,Electronics,2,3002,2405.67,596.33,0.24,Cash,Online
T14317,2024-02-07,C4416,Meera Iyer,26-35,Female,North America,Canada,Vancouver,P520,Microwave Oven,Appliances,1,157,137.86,19.14,0.1,UPI,In-Store
T14318,2024-04-19,C4417,Priya Nair,50+,Female,Africa,Kenya,Nairobi,P101,Laptop,Electronics,3,3975,2955.14,1019.86,0.17,Credit Card,In-Store
T14319,2024-01-01,C4418,Rohan Gupta,50+,Other,Africa,Kenya,Nairobi,P205,Headphones,Accessories,4,1232,743.12,488.88,0.22,Credit Card,Online
T14320,2024-03-10,C4419,John Carter,50+,Male,South America,Brazil,Rio,P112,Mobile Phone,Electronics,1,1311,1094.3,216.7,0.04,Net Banking,In-Store
T14321,2024-04-08,C4420,Natalie Reed,26-35,Other,North America,USA,Chicago,P205,Headphones,Accessories,2,1586,1274.84,311.16,0.12,Credit Card,Online
T14322,2024-03-19,C4421,Daniel Wong,18-25,Female,Asia,UAE,Abu Dhabi,P112,Mobile Phone,Electronics,4,7080,5092.34,1987.66,0.11,Cash,In-Store
T14323,2024-04-23,C4422,Michael Ross,26-35,Other,Europe,Germany,Munich,P112,Mobile Phone,Electronics,3,5247,3463.82,1783.18,0.22,Credit Card,In-Store
T14324,2024-01-28,C4423,Natalie Reed,36-50,Male,North America,USA,Seattle,P520,Microwave Oven,Appliances,4,7848,6387.87,1460.13,0.15,Debit Card,Online
T14325,2024-01-06,C4424,Daniel Wong,18-25,Other,South America,Chile,Santiago,P101,Laptop,Electronics,3,5670,3795.67,1874.33,0.06,Credit Card,In-Store
T14326,2024-04-13,C4425,Meera Iyer,36-50,Other,South America,Brazil,São Paulo,P303,Washing Machine,Appliances,4,2136,1686.51,449.49,0.13,Debit Card,In-Store
T14327,2024-01-29,C4426,Sonia Patel,18-25,Other,North America,Mexico,Monterrey,P205,Headphones,Accessories,1,1881,1584.89,296.11,0.23,Credit Card,In-Store
T14328,2024-01-13,C4427,Maria Gomez,36-50,Other,South America,Brazil,São Paulo,P520,Microwave Oven,Appliances,3,4557,3279.62,1277.38,0.2,UPI,Online
T14329,2024-01-03,C4428,Jake Turner,26-35,Male,North America,Mexico,Mexico City,P303,Washing Machine,Appliances,2,408,321.03,86.97,0.04,Debit Card,Online
T14330,2024-03-15,C4429,Aditi Sharma,50+,Other,Europe,UK,Manchester,P101,Laptop,Electronics,2,758,603.25,154.75,0.06,Debit Card,Online
T14331,2024-02-27,C4430,Natalie Reed,26-35,Male,Africa,Egypt,Cairo,P520,Microwave Oven,Appliances,3,576,394.79,181.21,0.08,Debit Card,Online
T14332,2024-01-27,C4431,Maria Gomez,26-35,Female,Asia,UAE,Abu Dhabi,P520,Microwave Oven,Appliances,2,3120,1988.23,1131.77,0.01,Cash,Online
T14333,2024-03-19,C4432,Sonia Patel,18-25,Male,Asia,Singapore,Singapore,P402,Monitor,Electronics,2,2334,1884.93,449.07,0.19,Credit Card,In-Store
T14334,2024-02-24,C4433,Rohan Gupta,26-35,Male,North America,USA,Chicago,P520,Microwave Oven,Appliances,3,4863,3502.01,1360.99,0.03,Debit Card,In-Store
T14335,2024-04-21,C4434,Emily Clark,18-25,Other,Europe,UK,London,P205,Headphones,Accessories,2,558,449.71,108.29,0.05,Cash,In-Store
T14336,2024-03-17,C4435,Aditi Sharma,26-35,Male,Africa,Egypt,Cairo,P402,Monitor,Electronics,3,5103,4009.66,1093.34,0.04,Credit Card,In-Store
T14337,2024-02-13,C4436,Maria Gomez,26-35,Female,South America,Brazil,Rio,P520,Microwave Oven,Appliances,4,4820,4142.03,677.97,0.07,UPI,Online
T14338,2024-03-21,C4437,Sarah Miller,26-35,Female,South America,Chile,Santiago,P112,Mobile Phone,Electronics,1,116,100.23,15.77,0.02,Cash,In-Store
T14339,2024-01-21,C4438,Jake Turner,36-50,Male,Europe,France,Lyon,P101,Laptop,Electronics,1,1657,1024.21,632.79,0.2,Net Banking,In-Store
T14340,2024-01-28,C4439,John Carter,50+,Female,Africa,South Africa,Cape Town,P112,Mobile Phone,Electronics,3,3459,2099.19,1359.81,0.22,Net Banking,Online
T14341,2024-03-18,C4440,Daniel Wong,26-35,Other,Africa,Kenya,Nairobi,P520,Microwave Oven,Appliances,2,2106,1701.73,404.27,0.21,Net Banking,In-Store
T14342,2024-02-10,C4441,Rohan Gupta,26-35,Other,South America,Argentina,Buenos Aires,P520,Microwave Oven,Appliances,2,2894,2569.29,324.71,0.24,Net Banking,Online
T14343,2024-03-24,C4442,Priya Nair,50+,Male,Asia,UAE,Abu Dhabi,P520,Microwave Oven,Appliances,2,2456,1890.78,565.22,0.06,Cash,Online
T14344,2024-01-17,C4443,Aditi Sharma,18-25,Other,North America,USA,New York,P402,Monitor,Electronics,2,1870,1215.36,654.64,0.22,Net Banking,Online
T14345,2024-01-18,C4444,Sarah Miller,36-50,Other,Europe,Italy,Rome,P112,Mobile Phone,Electronics,1,1913,1160.31,752.69,0.17,Cash,In-Store
T14346,2024-01-04,C4445,Maria Gomez,18-25,Female,Africa,Kenya,Nairobi,P101,Laptop,Electronics,4,7476,6209.41,1266.59,0.09,Net Banking,In-Store
T14347,2024-02-13,C4446,John Carter,36-50,Female,Africa,South Africa,Cape Town,P205,Headphones,Accessories,3,3006,2550.4,455.6,0.16,Cash,Online
T14348,2024-02-24,C4447,Lucas Brown,36-50,Other,North America,Canada,Vancouver,P520,Microwave Oven,Appliances,3,5481,4293.22,1187.78,0.23,UPI,In-Store
T14349,2024-02-06,C4448,Priya Nair,50+,Other,North America,USA,Chicago,P402,Monitor,Electronics,4,2712,2258.59,453.41,0.15,Debit Card,Online
T14350,2024-04-04,C4449,Sarah Miller,36-50,Female,Africa,South Africa,Johannesburg,P520,Microwave Oven,Appliances,2,974,638.22,335.78,0.22,Credit Card,In-Store
T14351,2024-03-10,C4450,Meera Iyer,36-50,Other,Asia,UAE,Abu Dhabi,P112,Mobile Phone,Electronics,4,2100,1860.75,239.25,0.05,Credit Card,Online
T14352,2024-02-19,C4451,Sonia Patel,18-25,Female,Asia,UAE,Abu Dhabi,P205,Headphones,Accessories,4,7592,5437.64,2154.36,0.02,Debit Card,In-Store
T14353,2024-02-23,C4452,Ethan Wilson,26-35,Female,North America,Mexico,Monterrey,P112,Mobile Phone,Electronics,2,3698,3123.04,574.96,0.21,Debit Card,Online
T14354,2024-04-29,C4453,Aditi Sharma,26-35,Other,Asia,Singapore,Singapore,P303,Washing Machine,Appliances,2,1760,1541.38,218.62,0.14,UPI,In-Store
T14355,2024-01-13,C4454,Daniel Wong,18-25,Other,North America,Canada,Toronto,P402,Monitor,Electronics,1,528,404.35,123.65,0.1,UPI,Online
T14356,2024-04-28,C4455,Aditi Sharma,26-35,Female,Asia,India,Bengaluru,P101,Laptop,Electronics,1,1337,879.92,457.08,0.08,Debit Card,Online
T14357,2024-02-14,C4456,Ethan Wilson,18-25,Other,Europe,France,Paris,P101,Laptop,Electronics,1,1822,1561.22,260.78,0.24,Cash,In-Store
T14358,2024-02-26,C4457,Natalie Reed,18-25,Other,South America,Chile,Santiago,P205,Headphones,Accessories,2,2952,2293.13,658.87,0.22,UPI,Online
T14359,2024-04-22,C4458,John Carter,26-35,Female,Africa,Egypt,Cairo,P101,Laptop,Electronics,1,281,233.16,47.84,0.09,Cash,In-Store
T14360,2024-03-02,C4459,Aditi Sharma,26-35,Male,North America,Canada,Vancouver,P520,Microwave Oven,Appliances,3,2670,2296.49,373.51,0.03,Debit Card,Online
T14361,2024-02-24,C4460,Ethan Wilson,26-35,Female,South America,Brazil,São Paulo,P520,Microwave Oven,Appliances,1,1312,1072.35,239.65,0.12,Credit Card,Online
T14362,2024-02-07,C4461,Aditi Sharma,26-35,Female,South America,Chile,Santiago,P101,Laptop,Electronics,4,4324,2968.73,1355.27,0.2,Debit Card,In-Store
T14363,2024-02-19,C4462,Michael Ross,36-50,Male,Asia,UAE,Abu Dhabi,P101,Laptop,Electronics,3,3246,2742.58,503.42,0.18,Net Banking,Online
T14364,2024-02-22,C4463,Meera Iyer,50+,Female,South America,Chile,Santiago,P112,Mobile Phone,Electronics,2,1342,1020.58,321.42,0.03,Credit Card,In-Store
T14365,2024-01-28,C4464,Michael Ross,36-50,Other,Europe,Germany,Munich,P402,Monitor,Electronics,2,1248,849.38,398.62,0.25,Net Banking,Online
T14366,2024-03-10,C4465,Natalie Reed,18-25,Female,North America,Mexico,Mexico City,P402,Monitor,Electronics,3,5352,4264.23,1087.77,0.23,Net Banking,Online
T14367,2024-02-06,C4466,Emily Clark,36-50,Female,North America,Mexico,Mexico City,P303,Washing Machine,Appliances,3,3609,2390.69,1218.31,0.04,Cash,In-Store
T14368,2024-01-05,C4467,Emily Clark,18-25,Other,North America,USA,New York,P101,Laptop,Electronics,4,5344,4063.82,1280.18,0.15,Credit Card,Online
T14369,2024-02-15,C4468,Sonia Patel,26-35,Other,Asia,UAE,Dubai,P205,Headphones,Accessories,4,6072,4730.87,1341.13,0.12,Debit Card,Online
T14370,2024-03-27,C4469,Lucas Brown,36-50,Female,Europe,UK,Manchester,P402,Monitor,Electronics,3,4374,3504.53,869.47,0.16,UPI,Online
T14371,2024-03-03,C4470,Jake Turner,18-25,Other,Asia,India,Bengaluru,P101,Laptop,Electronics,2,562,365.62,196.38,0.1,Credit Card,In-Store
T14372,2024-04-06,C4471,Sarah Miller,26-35,Other,Europe,Germany,Munich,P112,Mobile Phone,Electronics,3,4608,2851.51,1756.49,0.09,UPI,In-Store
T14373,2024-01-12,C4472,Michael Ross,26-35,Other,Africa,Kenya,Nairobi,P205,Headphones,Accessories,3,2346,1615.38,730.62,0.18,Debit Card,In-Store
T14374,2024-01-07,C4473,Lucas Brown,50+,Male,North America,USA,Seattle,P402,Monitor,Electronics,4,3800,2627.89,1172.11,0.12,Credit Card,In-Store
T14375,2024-01-07,C4474,Rohan Gupta,18-25,Male,South America,Chile,Santiago,P101,Laptop,Electronics,2,3028,2059.53,968.47,0.06,Net Banking,Online
T14376,2024-01-04,C4475,Rohan Gupta,18-25,Female,Africa,South Africa,Cape Town,P402,Monitor,Electronics,3,1374,1217.79,156.21,0.18,UPI,Online
T14377,2024-02-07,C4476,Natalie Reed,50+,Other,South America,Chile,Santiago,P520,Microwave Oven,Appliances,4,4896,3775.63,1120.37,0.22,Net Banking,Online
T14378,2024-04-08,C4477,Priya Nair,18-25,Female,North America,Mexico,Mexico City,P205,Headphones,Accessories,1,1235,1096.56,138.44,0.03,Cash,In-Store
T14379,2024-03-23,C4478,Priya Nair,18-25,Other,Africa,Kenya,Nairobi,P112,Mobile Phone,Electronics,1,973,815.75,157.25,0.19,Cash,Online
T14380,2024-02-11,C4479,John Carter,50+,Female,Africa,Kenya,Nairobi,P303,Washing Machine,Appliances,1,503,361.93,141.07,0.16,Net Banking,In-Store
T14381,2024-03-17,C4480,Emily Clark,26-35,Other,Europe,Italy,Milan,P101,Laptop,Electronics,2,1552,1065.69,486.31,0.05,Credit Card,Online
T14382,2024-02-25,C4481,Priya Nair,36-50,Other,Asia,Singapore,Singapore,P402,Monitor,Electronics,4,776,468.57,307.43,0.15,Net Banking,Online
T14383,2024-01-02,C4482,Aditi Sharma,50+,Female,Africa,Egypt,Cairo,P402,Monitor,Electronics,3,2877,2337.58,539.42,0.17,Credit Card,In-Store
T14384,2024-01-02,C4483,Maria Gomez,36-50,Male,North America,USA,Chicago,P112,Mobile Phone,Electronics,3,4227,2697.28,1529.72,0.07,UPI,In-Store
T14385,2024-01-02,C4484,Meera Iyer,18-25,Female,South America,Argentina,Buenos Aires,P101,Laptop,Electronics,4,6448,4258.63,2189.37,0.09,Debit Card,In-Store
T14386,2024-01-10,C4485,Meera Iyer,50+,Male,Asia,Singapore,Singapore,P205,Headphones,Accessories,3,3153,1971.77,1181.23,0.01,Net Banking,In-Store
T14387,2024-04-23,C4486,Aditi Sharma,18-25,Male,Asia,Japan,Tokyo,P101,Laptop,Electronics,4,2020,1687.05,332.95,0.17,Credit Card,In-Store
T14388,2024-03-29,C4487,Natalie Reed,18-25,Female,North America,Canada,Toronto,P402,Monitor,Electronics,3,4488,4022.16,465.84,0.18,Cash,Online
T14389,2024-02-26,C4488,Sarah Miller,26-35,Female,North America,USA,Chicago,P205,Headphones,Accessories,2,3374,2381.47,992.53,0.22,Credit Card,In-Store
T14390,2024-02-18,C4489,Meera Iyer,26-35,Male,Europe,France,Lyon,P402,Monitor,Electronics,4,1872,1378.83,493.17,0.12,Debit Card,In-Store
T14391,2024-03-14,C4490,Aditi Sharma,18-25,Other,Europe,France,Paris,P101,Laptop,Electronics,3,318,231.64,86.36,0.21,UPI,Online
T14392,2024-02-19,C4491,Daniel Wong,18-25,Male,South America,Brazil,São Paulo,P101,Laptop,Electronics,3,1650,1406.79,243.21,0.12,Debit Card,Online
T14393,2024-01-13,C4492,Ethan Wilson,26-35,Male,Asia,Singapore,Singapore,P402,Monitor,Electronics,3,4353,3756.06,596.94,0.22,Debit Card,In-Store
T14394,2024-02-25,C4493,Aditi Sharma,36-50,Other,Africa,Egypt,Cairo,P205,Headphones,Accessories,1,1389,1200.74,188.26,0.03,Credit Card,In-Store
T14395,2024-03-23,C4494,Maria Gomez,50+,Female,North America,Canada,Vancouver,P112,Mobile Phone,Electronics,1,1062,766.95,295.05,0.01,Credit Card,Online
T14396,2024-04-09,C4495,Jake Turner,50+,Female,Europe,France,Lyon,P101,Laptop,Electronics,4,7772,5049.23,2722.77,0.1,Cash,In-Store
T14397,2024-04-28,C4496,Natalie Reed,50+,Other,North America,Mexico,Mexico City,P205,Headphones,Accessories,4,3380,2463.22,916.78,0.22,Cash,In-Store
T14398,2024-01-18,C4497,Sarah Miller,18-25,Female,Africa,Kenya,Nairobi,P520,Microwave Oven,Appliances,3,4554,3470.99,1083.01,0.14,UPI,In-Store
T14399,2024-03-29,C4498,John Carter,26-35,Male,Europe,Germany,Berlin,P303,Washing Machine,Appliances,2,3694,2432.71,1261.29,0.04,Debit Card,Online
T14400,2024-04-08,C4499,Sarah Miller,26-35,Other,Africa,South Africa,Cape Town,P520,Microwave Oven,Appliances,1,182,151.17,30.83,0.21,Cash,Online
T14401,2024-02-12,C4500,Maria Gomez,26-35,Male,Asia,India,Bengaluru,P205,Headphones,Accessories,2,2622,1771.35,850.65,0.1,Debit Card,Online
T14402,2024-01-04,C4501,Sarah Miller,50+,Other,North America,Mexico,Mexico City,P205,Headphones,Accessories,4,3640,2577.89,1062.11,0.12,Debit Card,Online
T14403,2024-03-05,C4502,Emily Clark,26-35,Other,North America,Canada,Toronto,P205,Headphones,Accessories,3,2517,1880.12,636.88,0.09,Net Banking,In-Store
T14404,2024-02-17,C4503,Meera Iyer,50+,Other,Asia,Japan,Osaka,P520,Microwave Oven,Appliances,4,532,401.72,130.28,0.04,Cash,Online
T14405,2024-03-21,C4504,Sarah Miller,36-50,Other,Asia,Japan,Osaka,P205,Headphones,Accessories,2,2544,1568.67,975.33,0.15,Credit Card,In-Store
T14406,2024-01-09,C4505,John Carter,50+,Other,South America,Argentina,Buenos Aires,P205,Headphones,Accessories,2,3038,2569.55,468.45,0.23,UPI,In-Store
T14407,2024-01-24,C4506,Jake Turner,36-50,Female,Asia,UAE,Abu Dhabi,P205,Headphones,Accessories,3,2292,1582.98,709.02,0.07,Debit Card,Online
T14408,2024-01-10,C4507,John Carter,26-35,Male,Europe,Italy,Rome,P112,Mobile Phone,Electronics,1,1225,1036.36,188.64,0.0,Net Banking,Online
T14409,2024-01-31,C4508,Daniel Wong,26-35,Female,Asia,Japan,Tokyo,P101,Laptop,Electronics,3,5157,4619.34,537.66,0.12,Debit Card,Online
T14410,2024-01-13,C4509,Natalie Reed,50+,Female,South America,Chile,Santiago,P112,Mobile Phone,Electronics,3,3420,2172.97,1247.03,0.06,UPI,Online
T14411,2024-02-04,C4510,Ethan Wilson,18-25,Male,Europe,UK,London,P303,Washing Machine,Appliances,2,1108,925.52,182.48,0.07,Net Banking,In-Store
T14412,2024-03-28,C4511,Emily Clark,26-35,Female,North America,Canada,Toronto,P205,Headphones,Accessories,2,3638,2494.14,1143.86,0.13,Debit Card,In-Store
T14413,2024-01-24,C4512,Jake Turner,36-50,Male,South America,Argentina,Buenos Aires,P101,Laptop,Electronics,2,3224,2465.04,758.96,0.0,Debit Card,In-Store
T14414,2024-01-21,C4513,Ethan Wilson,18-25,Male,North America,Mexico,Mexico City,P101,Laptop,Electronics,3,2796,1777.62,1018.38,0.1,Credit Card,Online
T14415,2024-02-17,C4514,Jake Turner,26-35,Other,South America,Argentina,Buenos Aires,P520,Microwave Oven,Appliances,2,2438,1779.12,658.88,0.1,UPI,In-Store
T14416,2024-01-19,C4515,Jake Turner,36-50,Female,North America,Canada,Vancouver,P112,Mobile Phone,Electronics,2,2888,2132.64,755.36,0.23,Cash,Online
T14417,2024-02-21,C4516,John Carter,26-35,Other,Africa,South Africa,Cape Town,P112,Mobile Phone,Electronics,1,864,544.16,319.84,0.21,Cash,Online
T14418,2024-04-29,C4517,Meera Iyer,18-25,Other,Asia,Japan,Tokyo,P303,Washing Machine,Appliances,4,4836,2951.43,1884.57,0.16,Cash,Online
T14419,2024-01-20,C4518,Lucas Brown,26-35,Female,South America,Argentina,Buenos Aires,P101,Laptop,Electronics,4,6988,5630.36,1357.64,0.18,Credit Card,Online
T14420,2024-04-24,C4519,Lucas Brown,18-25,Male,North America,Canada,Toronto,P112,Mobile Phone,Electronics,1,1456,904.72,551.28,0.23,Debit Card,In-Store
T14421,2024-04-14,C4520,Lucas Brown,50+,Other,Asia,Singapore,Singapore,P205,Headphones,Accessories,3,399,325.95,73.05,0.1,UPI,Online
T14422,2024-04-13,C4521,Aditi Sharma,18-25,Other,Asia,Singapore,Singapore,P101,Laptop,Electronics,4,1324,867.45,456.55,0.09,Credit Card,Online
T14423,2024-02-24,C4522,Meera Iyer,18-25,Other,South America,Brazil,São Paulo,P303,Washing Machine,Appliances,3,5937,4463.88,1473.12,0.09,UPI,Online
T14424,2024-03-26,C4523,Natalie Reed,50+,Other,Europe,France,Lyon,P112,Mobile Phone,Electronics,1,611,504.2,106.8,0.24,Cash,Online
T14425,2024-04-04,C4524,Emily Clark,18-25,Other,Asia,India,Mumbai,P205,Headphones,Accessories,2,2430,1977.53,452.47,0.23,UPI,In-Store
T14426,2024-04-13,C4525,Emily Clark,36-50,Other,Africa,Egypt,Cairo,P402,Monitor,Electronics,3,2493,1953.6,539.4,0.04,Cash,In-Store
T14427,2024-01-09,C4526,Rohan Gupta,36-50,Male,Europe,UK,Manchester,P402,Monitor,Electronics,4,1104,694.08,409.92,0.01,Net Banking,In-Store
T14428,2024-02-26,C4527,Jake Turner,50+,Male,Europe,Italy,Milan,P101,Laptop,Electronics,4,1620,1272.33,347.67,0.17,UPI,In-Store
T14429,2024-01-19,C4528,Aditi Sharma,36-50,Female,Africa,Kenya,Nairobi,P112,Mobile Phone,Electronics,2,3380,2876.62,503.38,0.17,Cash,In-Store
T14430,2024-02-05,C4529,Jake Turner,26-35,Male,South America,Brazil,Rio,P101,Laptop,Electronics,3,4908,4252.58,655.42,0.17,Credit Card,In-Store
T14431,2024-01-17,C4530,Emily Clark,36-50,Other,South America,Chile,Santiago,P303,Washing Machine,Appliances,2,438,335.31,102.69,0.02,UPI,Online
T14432,2024-03-26,C4531,Maria Gomez,18-25,Male,Europe,UK,London,P520,Microwave Oven,Appliances,2,3184,2338.73,845.27,0.16,Credit Card,Online
T14433,2024-01-05,C4532,John Carter,36-50,Female,Africa,Egypt,Cairo,P402,Monitor,Electronics,1,689,465.18,223.82,0.09,Credit Card,Online
T14434,2024-03-19,C4533,John Carter,36-50,Other,South America,Brazil,São Paulo,P205,Headphones,Accessories,2,1316,1073.03,242.97,0.23,Credit Card,Online
T14435,2024-03-27,C4534,Rohan Gupta,26-35,Female,Asia,India,Mumbai,P205,Headphones,Accessories,1,180,157.51,22.49,0.16,Credit Card,Online
T14436,2024-01-22,C4535,Sonia Patel,50+,Other,Africa,Kenya,Nairobi,P112,Mobile Phone,Electronics,2,2754,2075.65,678.35,0.03,Cash,Online
T14437,2024-04-07,C4536,Sonia Patel,18-25,Male,Europe,Italy,Rome,P112,Mobile Phone,Electronics,2,1008,723.34,284.66,0.16,Cash,In-Store
T14438,2024-01-28,C4537,John Carter,26-35,Female,North America,Mexico,Mexico City,P520,Microwave Oven,Appliances,1,376,314.61,61.39,0.09,Cash,In-Store
T14439,2024-04-08,C4538,Meera Iyer,36-50,Other,Africa,Egypt,Cairo,P402,Monitor,Electronics,1,136,114.18,21.82,0.11,Net Banking,Online
T14440,2024-02-21,C4539,Daniel Wong,50+,Male,South America,Argentina,Buenos Aires,P205,Headphones,Accessories,2,344,277.7,66.3,0.06,Cash,In-Store
T14441,2024-01-08,C4540,Emily Clark,36-50,Other,Asia,India,Bengaluru,P402,Monitor,Electronics,3,4761,4114.0,647.0,0.03,UPI,Online
T14442,2024-04-10,C4541,Natalie Reed,50+,Other,North America,Canada,Vancouver,P101,Laptop,Electronics,4,5432,4268.18,1163.82,0.21,Cash,In-Store
T14443,2024-01-06,C4542,Priya Nair,26-35,Other,Africa,Egypt,Cairo,P402,Monitor,Electronics,2,1080,788.93,291.07,0.03,Net Banking,In-Store
T14444,2024-01-12,C4543,Priya Nair,18-25,Female,Asia,UAE,Dubai,P303,Washing Machine,Appliances,4,5056,3298.11,1757.89,0.08,UPI,In-Store
T14445,2024-03-28,C4544,Daniel Wong,18-25,Other,North America,USA,New York,P101,Laptop,Electronics,4,6296,3878.49,2417.51,0.15,Net Banking,In-Store
T14446,2024-03-08,C4545,Lucas Brown,26-35,Male,Europe,Germany,Munich,P101,Laptop,Electronics,4,1928,1577.04,350.96,0.18,Credit Card,Online
T14447,2024-02-23,C4546,Daniel Wong,26-35,Other,North America,USA,Chicago,P205,Headphones,Accessories,4,6728,4167.74,2560.26,0.05,Net Banking,Online
T14448,2024-03-18,C4547,Aditi Sharma,36-50,Male,Asia,UAE,Abu Dhabi,P112,Mobile Phone,Electronics,1,467,371.29,95.71,0.22,UPI,In-Store
T14449,2024-03-27,C4548,Rohan Gupta,50+,Male,South America,Brazil,São Paulo,P205,Headphones,Accessories,1,1821,1241.91,579.09,0.07,Credit Card,In-Store
T14450,2024-02-05,C4549,Priya Nair,18-25,Female,North America,Mexico,Mexico City,P101,Laptop,Electronics,1,600,392.74,207.26,0.04,Net Banking,Online
T14451,2024-01-04,C4550,Meera Iyer,18-25,Male,North America,USA,Chicago,P520,Microwave Oven,Appliances,2,1764,1188.55,575.45,0.17,Credit Card,In-Store
T14452,2024-03-07,C4551,John Carter,50+,Female,Asia,Japan,Osaka,P303,Washing Machine,Appliances,3,4464,3885.8,578.2,0.12,Debit Card,In-Store
T14453,2024-03-17,C4552,Natalie Reed,18-25,Male,North America,USA,New York,P101,Laptop,Electronics,3,1380,855.95,524.05,0.05,UPI,In-Store
T14454,2024-01-13,C4553,Lucas Brown,50+,Male,Asia,Singapore,Singapore,P205,Headphones,Accessories,3,1047,743.05,303.95,0.01,Cash,Online
T14455,2024-01-03,C4554,Emily Clark,50+,Other,Europe,France,Paris,P101,Laptop,Electronics,2,3640,3028.68,611.32,0.04,Debit Card,In-Store
T14456,2024-02-27,C4555,Priya Nair,18-25,Other,Africa,Egypt,Cairo,P101,Laptop,Electronics,1,127,95.02,31.98,0.1,Cash,Online
T14457,2024-04-14,C4556,Meera Iyer,18-25,Female,South America,Brazil,São Paulo,P112,Mobile Phone,Electronics,4,1344,899.39,444.61,0.07,UPI,Online
T14458,2024-02-06,C4557,Ethan Wilson,36-50,Male,North America,Canada,Vancouver,P101,Laptop,Electronics,1,585,525.68,59.32,0.08,Debit Card,In-Store
T14459,2024-02-10,C4558,John Carter,50+,Other,Europe,France,Paris,P112,Mobile Phone,Electronics,2,1480,1325.49,154.51,0.15,UPI,Online
T14460,2024-02-17,C4559,Sonia Patel,36-50,Other,Africa,Kenya,Nairobi,P112,Mobile Phone,Electronics,1,1413,925.08,487.92,0.24,UPI,In-Store
T14461,2024-04-23,C4560,Jake Turner,26-35,Other,North America,Mexico,Monterrey,P402,Monitor,Electronics,3,930,801.97,128.03,0.09,Credit Card,In-Store
T14462,2024-01-14,C4561,Daniel Wong,50+,Male,South America,Brazil,Rio,P112,Mobile Phone,Electronics,2,350,258.13,91.87,0.04,Net Banking,Online
T14463,2024-02-23,C4562,Emily Clark,36-50,Male,Africa,South Africa,Cape Town,P303,Washing Machine,Appliances,2,3194,2786.09,407.91,0.04,Cash,In-Store
T14464,2024-01-26,C4563,John Carter,36-50,Female,South America,Brazil,São Paulo,P101,Laptop,Electronics,4,6248,4927.18,1320.82,0.22,Debit Card,In-Store
T14465,2024-01-19,C4564,Sonia Patel,36-50,Other,South America,Argentina,Buenos Aires,P112,Mobile Phone,Electronics,1,920,638.69,281.31,0.05,Debit Card,Online
T14466,2024-01-29,C4565,Lucas Brown,18-25,Male,Asia,UAE,Dubai,P101,Laptop,Electronics,2,2180,1630.76,549.24,0.1,Cash,Online
T14467,2024-03-03,C4566,Rohan Gupta,50+,Other,North America,USA,New York,P101,Laptop,Electronics,2,3236,2848.2,387.8,0.01,Net Banking,Online
T14468,2024-02-15,C4567,Meera Iyer,26-35,Male,South America,Brazil,Rio,P402,Monitor,Electronics,4,6908,5152.42,1755.58,0.18,Net Banking,In-Store
T14469,2024-02-22,C4568,Jake Turner,36-50,Female,South America,Argentina,Buenos Aires,P112,Mobile Phone,Electronics,4,6732,5413.06,1318.94,0.22,Net Banking,In-Store
T14470,2024-04-29,C4569,John Carter,36-50,Male,South America,Chile,Santiago,P520,Microwave Oven,Appliances,4,6632,4253.61,2378.39,0.25,Cash,Online
T14471,2024-01-18,C4570,Meera Iyer,50+,Female,Africa,Egypt,Cairo,P101,Laptop,Electronics,4,1764,1175.5,588.5,0.05,Credit Card,In-Store
T14472,2024-02-01,C4571,Maria Gomez,18-25,Other,North America,Canada,Toronto,P303,Washing Machine,Appliances,1,1634,1287.15,346.85,0.06,Net Banking,In-Store
T14473,2024-04-01,C4572,John Carter,36-50,Male,Europe,France,Lyon,P402,Monitor,Electronics,1,1123,988.13,134.87,0.19,Net Banking,In-Store
T14474,2024-04-25,C4573,Jake Turner,18-25,Male,Europe,Germany,Munich,P303,Washing Machine,Appliances,4,5184,4411.03,772.97,0.1,Credit Card,In-Store
T14475,2024-02-14,C4574,Meera Iyer,18-25,Other,Asia,Japan,Tokyo,P303,Washing Machine,Appliances,3,2856,1804.34,1051.66,0.15,UPI,In-Store
T14476,2024-01-06,C4575,Michael Ross,50+,Male,Europe,France,Lyon,P520,Microwave Oven,Appliances,4,5464,4799.79,664.21,0.06,Net Banking,Online
T14477,2024-04-11,C4576,Rohan Gupta,36-50,Female,Europe,Germany,Munich,P402,Monitor,Electronics,1,624,429.82,194.18,0.07,Net Banking,Online
T14478,2024-01-25,C4577,Natalie Reed,18-25,Other,North America,USA,Seattle,P520,Microwave Oven,Appliances,2,2728,1906.37,821.63,0.09,Net Banking,Online
T14479,2024-04-05,C4578,Maria Gomez,50+,Female,Asia,UAE,Abu Dhabi,P520,Microwave Oven,Appliances,3,3255,2435.09,819.91,0.04,Net Banking,Online
T14480,2024-01-17,C4579,Rohan Gupta,26-35,Male,Asia,Singapore,Singapore,P402,Monitor,Electronics,1,1550,944.6,605.4,0.09,Credit Card,In-Store
T14481,2024-03-24,C4580,Michael Ross,36-50,Other,Africa,Egypt,Cairo,P101,Laptop,Electronics,1,666,540.32,125.68,0.19,Net Banking,In-Store
T14482,2024-04-08,C4581,Jake Turner,36-50,Male,Asia,UAE,Abu Dhabi,P205,Headphones,Accessories,4,5400,4194.73,1205.27,0.04,Debit Card,Online
T14483,2024-02-01,C4582,Michael Ross,18-25,Other,North America,Canada,Vancouver,P101,Laptop,Electronics,2,174,111.51,62.49,0.01,Cash,Online
T14484,2024-02-23,C4583,Daniel Wong,50+,Female,Europe,Germany,Munich,P402,Monitor,Electronics,4,1016,844.9,171.1,0.24,Credit Card,Online
T14485,2024-02-16,C4584,Aditi Sharma,36-50,Other,South America,Argentina,Buenos Aires,P402,Monitor,Electronics,4,3480,2381.6,1098.4,0.05,UPI,Online
T14486,2024-01-03,C4585,Daniel Wong,50+,Other,Asia,Japan,Tokyo,P402,Monitor,Electronics,2,918,760.07,157.93,0.12,Debit Card,Online
T14487,2024-04-23,C4586,Sarah Miller,18-25,Other,Asia,Singapore,Singapore,P402,Monitor,Electronics,4,1076,942.06,133.94,0.18,Credit Card,In-Store
T14488,2024-01-02,C4587,Daniel Wong,50+,Male,Africa,Egypt,Cairo,P205,Headphones,Accessories,2,1958,1330.64,627.36,0.17,Cash,In-Store
T14489,2024-04-10,C4588,Ethan Wilson,26-35,Other,North America,Mexico,Monterrey,P520,Microwave Oven,Appliances,4,1056,717.47,338.53,0.08,Debit Card,In-Store
T14490,2024-04-21,C4589,Jake Turner,36-50,Female,Africa,Egypt,Cairo,P303,Washing Machine,Appliances,3,3861,3340.39,520.61,0.0,Net Banking,In-Store
T14491,2024-01-16,C4590,Sarah Miller,36-50,Male,Africa,Kenya,Nairobi,P205,Headphones,Accessories,2,3386,2743.4,642.6,0.21,Credit Card,In-Store
T14492,2024-01-06,C4591,Natalie Reed,50+,Female,South America,Brazil,São Paulo,P112,Mobile Phone,Electronics,1,1189,736.92,452.08,0.15,Credit Card,Online
T14493,2024-01-17,C4592,Aditi Sharma,18-25,Other,Asia,India,Mumbai,P112,Mobile Phone,Electronics,2,3972,3420.06,551.94,0.22,Debit Card,Online
T14494,2024-02-18,C4593,Aditi Sharma,18-25,Female,Asia,Japan,Tokyo,P112,Mobile Phone,Electronics,1,1662,1279.99,382.01,0.08,Debit Card,Online
T14495,2024-01-07,C4594,Natalie Reed,36-50,Male,Asia,India,Mumbai,P303,Washing Machine,Appliances,2,268,220.63,47.37,0.13,Net Banking,In-Store
T14496,2024-01-03,C4595,Lucas Brown,26-35,Other,Asia,India,Bengaluru,P402,Monitor,Electronics,1,1120,844.1,275.9,0.21,Credit Card,Online
T14497,2024-02-11,C4596,Priya Nair,26-35,Male,Africa,Egypt,Cairo,P402,Monitor,Electronics,2,1570,1239.28,330.72,0.14,Cash,In-Store
T14498,2024-04-10,C4597,Meera Iyer,36-50,Female,Africa,South Africa,Cape Town,P303,Washing Machine,Appliances,3,540,480.37,59.63,0.24,Net Banking,In-Store
T14499,2024-01-04,C4598,Maria Gomez,18-25,Female,Africa,South Africa,Johannesburg,P402,Monitor,Electronics,3,345,210.03,134.97,0.24,Credit Card,Online
T14500,2024-04-26,C4599,Lucas Brown,50+,Other,Africa,Kenya,Nairobi,P402,Monitor,Electronics,3,4953,3092.28,1860.72,0.2,UPI,Online
T14501,2024-03-14,C4600,Sarah Miller,18-25,Other,Africa,South Africa,Cape Town,P205,Headphones,Accessories,4,7740,4747.7,2992.3,0.08,Credit Card,Online
T14502,2024-02-27,C4601,Daniel Wong,50+,Male,South America,Brazil,Rio,P402,Monitor,Electronics,3,5322,3923.32,1398.68,0.1,UPI,In-Store
T14503,2024-01-25,C4602,Aditi Sharma,50+,Other,North America,Canada,Vancouver,P101,Laptop,Electronics,1,1178,986.7,191.3,0.25,UPI,In-Store
T14504,2024-04-11,C4603,Daniel Wong,18-25,Male,North America,USA,Chicago,P112,Mobile Phone,Electronics,3,1881,1521.56,359.44,0.03,Net Banking,Online
T14505,2024-02-25,C4604,Sarah Miller,18-25,Female,South America,Chile,Santiago,P101,Laptop,Electronics,2,3604,2868.32,735.68,0.16,UPI,In-Store
T14506,2024-04-28,C4605,Priya Nair,26-35,Female,North America,Mexico,Monterrey,P520,Microwave Oven,Appliances,2,568,383.99,184.01,0.22,Cash,In-Store
T14507,2024-02-23,C4606,Michael Ross,18-25,Other,South America,Brazil,São Paulo,P101,Laptop,Electronics,2,576,357.27,218.73,0.11,UPI,Online
T14508,2024-04-09,C4607,Natalie Reed,36-50,Female,North America,Mexico,Mexico City,P101,Laptop,Electronics,4,1412,1079.35,332.65,0.1,Credit Card,Online
T14509,2024-01-07,C4608,Sarah Miller,50+,Male,Europe,UK,Manchester,P303,Washing Machine,Appliances,2,1262,874.44,387.56,0.01,Net Banking,In-Store
T14510,2024-02-20,C4609,Priya Nair,36-50,Female,Africa,Egypt,Cairo,P402,Monitor,Electronics,1,398,243.04,154.96,0.22,UPI,In-Store
T14511,2024-03-29,C4610,Lucas Brown,36-50,Female,Europe,UK,Manchester,P112,Mobile Phone,Electronics,3,3627,2458.55,1168.45,0.17,Cash,Online
T14512,2024-01-11,C4611,Aditi Sharma,18-25,Female,South America,Chile,Santiago,P402,Monitor,Electronics,4,4000,3317.32,682.68,0.19,Cash,In-Store
T14513,2024-02-07,C4612,Emily Clark,18-25,Male,North America,Canada,Vancouver,P402,Monitor,Electronics,1,1281,1114.7,166.3,0.01,UPI,In-Store
T14514,2024-01-01,C4613,Sarah Miller,50+,Female,North America,USA,Chicago,P205,Headphones,Accessories,3,3090,2182.16,907.84,0.25,Net Banking,In-Store
T14515,2024-01-10,C4614,Michael Ross,50+,Female,Europe,UK,London,P520,Microwave Oven,Appliances,2,890,753.07,136.93,0.09,Cash,In-Store
T14516,2024-03-12,C4615,Rohan Gupta,18-25,Female,Africa,Kenya,Nairobi,P520,Microwave Oven,Appliances,2,2198,1504.44,693.56,0.01,Debit Card,Online
T14517,2024-02-26,C4616,Meera Iyer,26-35,Female,Asia,Singapore,Singapore,P205,Headphones,Accessories,2,3880,3416.15,463.85,0.06,Debit Card,In-Store
T14518,2024-03-16,C4617,Michael Ross,36-50,Female,South America,Argentina,Buenos Aires,P520,Microwave Oven,Appliances,2,2888,1964.78,923.22,0.14,Net Banking,In-Store
T14519,2024-04-23,C4618,Sarah Miller,36-50,Other,Africa,Kenya,Nairobi,P402,Monitor,Electronics,4,3276,2832.51,443.49,0.09,Net Banking,Online
T14520,2024-02-28,C4619,Sarah Miller,50+,Male,Europe,Italy,Rome,P101,Laptop,Electronics,4,3420,2477.43,942.57,0.23,Net Banking,Online
T14521,2024-02-05,C4620,Sonia Patel,26-35,Male,Africa,South Africa,Cape Town,P101,Laptop,Electronics,1,1469,990.64,478.36,0.06,Credit Card,In-Store
T14522,2024-02-02,C4621,Daniel Wong,26-35,Male,South America,Chile,Santiago,P205,Headphones,Accessories,1,641,440.16,200.84,0.04,Credit Card,Online
T14523,2024-01-18,C4622,Maria Gomez,50+,Female,North America,Canada,Toronto,P402,Monitor,Electronics,1,439,348.41,90.59,0.24,Cash,Online
T14524,2024-02-11,C4623,Emily Clark,18-25,Female,North America,USA,New York,P303,Washing Machine,Appliances,3,3696,3181.12,514.88,0.14,Net Banking,In-Store
T14525,2024-01-26,C4624,Jake Turner,26-35,Male,South America,Brazil,São Paulo,P101,Laptop,Electronics,4,816,729.46,86.54,0.12,Cash,Online
T14526,2024-02-28,C4625,Aditi Sharma,36-50,Other,Europe,France,Lyon,P520,Microwave Oven,Appliances,2,2442,1851.92,590.08,0.15,Net Banking,In-Store
T14527,2024-04-02,C4626,Rohan Gupta,36-50,Male,North America,Mexico,Mexico City,P402,Monitor,Electronics,3,4077,3109.33,967.67,0.0,Debit Card,In-Store
T14528,2024-01-29,C4627,Jake Turner,36-50,Male,North America,Mexico,Monterrey,P205,Headphones,Accessories,1,1584,1154.44,429.56,0.21,Debit Card,In-Store
T14529,2024-01-10,C4628,Jake Turner,50+,Female,Europe,Italy,Rome,P303,Washing Machine,Appliances,3,1836,1188.92,647.08,0.1,Credit Card,Online
T14530,2024-02-24,C4629,Daniel Wong,50+,Male,Asia,Japan,Osaka,P520,Microwave Oven,Appliances,3,4095,3262.27,832.73,0.12,Cash,Online
T14531,2024-03-24,C4630,Daniel Wong,18-25,Male,Asia,India,Mumbai,P520,Microwave Oven,Appliances,1,367,323.37,43.63,0.09,Credit Card,Online
T14532,2024-03-27,C4631,Lucas Brown,26-35,Male,South America,Chile,Santiago,P402,Monitor,Electronics,1,1313,1167.14,145.86,0.2,Credit Card,Online
T14533,2024-04-04,C4632,Michael Ross,36-50,Other,Asia,UAE,Dubai,P520,Microwave Oven,Appliances,2,1576,1123.84,452.16,0.13,Cash,Online
T14534,2024-03-08,C4633,Sonia Patel,50+,Male,Asia,Japan,Tokyo,P303,Washing Machine,Appliances,4,1300,989.36,310.64,0.18,Cash,In-Store
T14535,2024-03-30,C4634,Lucas Brown,36-50,Female,Europe,UK,London,P112,Mobile Phone,Electronics,2,3664,3018.81,645.19,0.23,Cash,Online
T14536,2024-01-24,C4635,Meera Iyer,26-35,Other,Africa,South Africa,Johannesburg,P303,Washing Machine,Appliances,1,1742,1281.16,460.84,0.03,UPI,In-Store
T14537,2024-02-12,C4636,Daniel Wong,26-35,Other,Asia,UAE,Dubai,P520,Microwave Oven,Appliances,2,2464,1952.15,511.85,0.24,UPI,In-Store
T14538,2024-01-14,C4637,Lucas Brown,50+,Female,Asia,UAE,Dubai,P303,Washing Machine,Appliances,3,2010,1454.09,555.91,0.09,Net Banking,Online
T14539,2024-03-07,C4638,Meera Iyer,36-50,Other,South America,Argentina,Buenos Aires,P303,Washing Machine,Appliances,2,2048,1522.91,525.09,0.03,Credit Card,In-Store
T14540,2024-03-04,C4639,Jake Turner,50+,Other,North America,Canada,Vancouver,P520,Microwave Oven,Appliances,2,1652,1069.48,582.52,0.13,Credit Card,In-Store
T14541,2024-02-03,C4640,Rohan Gupta,36-50,Other,Europe,Germany,Munich,P303,Washing Machine,Appliances,1,1987,1524.74,462.26,0.14,Debit Card,Online
T14542,2024-03-22,C4641,Emily Clark,26-35,Other,South America,Brazil,Rio,P520,Microwave Oven,Appliances,4,212,136.87,75.13,0.1,Credit Card,Online
T14543,2024-01-05,C4642,Daniel Wong,50+,Female,Asia,Japan,Tokyo,P402,Monitor,Electronics,2,3344,2786.79,557.21,0.14,Cash,In-Store
T14544,2024-03-08,C4643,Natalie Reed,26-35,Other,Europe,UK,London,P205,Headphones,Accessories,4,4256,3330.62,925.38,0.1,UPI,In-Store
T14545,2024-02-11,C4644,Priya Nair,36-50,Other,North America,Canada,Toronto,P402,Monitor,Electronics,3,4974,3934.42,1039.58,0.06,Cash,Online
T14546,2024-04-27,C4645,Sarah Miller,18-25,Other,Africa,Kenya,Nairobi,P112,Mobile Phone,Electronics,2,1558,1238.41,319.59,0.01,Net Banking,Online
T14547,2024-01-21,C4646,Jake Turner,36-50,Female,Europe,Italy,Milan,P303,Washing Machine,Appliances,4,4808,3198.69,1609.31,0.21,Credit Card,Online
T14548,2024-04-01,C4647,Natalie Reed,36-50,Female,Europe,Germany,Munich,P303,Washing Machine,Appliances,2,1600,1236.18,363.82,0.11,Credit Card,In-Store
T14549,2024-02-27,C4648,Jake Turner,26-35,Female,Europe,UK,Manchester,P303,Washing Machine,Appliances,1,1658,1084.78,573.22,0.12,Net Banking,In-Store
T14550,2024-03-16,C4649,Priya Nair,18-25,Male,South America,Brazil,São Paulo,P205,Headphones,Accessories,2,238,205.9,32.1,0.17,Credit Card,Online
T14551,2024-04-26,C4650,Michael Ross,18-25,Female,North America,Canada,Toronto,P101,Laptop,Electronics,3,4665,4071.9,593.1,0.17,Credit Card,Online
T14552,2024-03-04,C4651,Lucas Brown,50+,Other,Europe,UK,London,P303,Washing Machine,Appliances,2,1208,737.21,470.79,0.07,Net Banking,Online
T14553,2024-03-31,C4652,Meera Iyer,18-25,Male,South America,Brazil,São Paulo,P303,Washing Machine,Appliances,1,529,475.16,53.84,0.13,UPI,In-Store
T14554,2024-03-25,C4653,Natalie Reed,36-50,Female,South America,Brazil,São Paulo,P402,Monitor,Electronics,1,380,300.02,79.98,0.19,Debit Card,Online
T14555,2024-01-07,C4654,John Carter,18-25,Female,South America,Argentina,Buenos Aires,P402,Monitor,Electronics,2,384,244.37,139.63,0.14,Net Banking,Online
T14556,2024-02-16,C4655,Lucas Brown,26-35,Female,Asia,UAE,Dubai,P101,Laptop,Electronics,2,1714,1509.92,204.08,0.07,Debit Card,Online
T14557,2024-04-25,C4656,Priya Nair,50+,Male,North America,Canada,Vancouver,P112,Mobile Phone,Electronics,2,1204,1071.95,132.05,0.03,Net Banking,Online
T14558,2024-03-12,C4657,Daniel Wong,36-50,Male,South America,Chile,Santiago,P205,Headphones,Accessories,3,1971,1247.57,723.43,0.01,Cash,In-Store
T14559,2024-03-27,C4658,Emily Clark,36-50,Female,Asia,Singapore,Singapore,P520,Microwave Oven,Appliances,4,4996,4071.73,924.27,0.25,UPI,Online
T14560,2024-03-27,C4659,Aditi Sharma,36-50,Male,Asia,Singapore,Singapore,P101,Laptop,Electronics,1,1798,1411.86,386.14,0.14,Cash,In-Store
T14561,2024-03-29,C4660,Emily Clark,36-50,Male,Asia,Japan,Osaka,P520,Microwave Oven,Appliances,4,2340,1436.1,903.9,0.24,Debit Card,Online
T14562,2024-04-07,C4661,Lucas Brown,36-50,Female,Europe,France,Paris,P402,Monitor,Electronics,2,2568,1904.06,663.94,0.23,UPI,Online
T14563,2024-04-01,C4662,Maria Gomez,26-35,Other,North America,USA,Chicago,P303,Washing Machine,Appliances,2,398,243.35,154.65,0.18,Net Banking,In-Store
T14564,2024-04-12,C4663,Michael Ross,36-50,Male,Asia,Japan,Tokyo,P402,Monitor,Electronics,4,476,327.22,148.78,0.04,Net Banking,Online
T14565,2024-01-26,C4664,Meera Iyer,50+,Female,South America,Argentina,Buenos Aires,P402,Monitor,Electronics,4,4908,4238.96,669.04,0.24,Debit Card,In-Store
T14566,2024-01-18,C4665,Sonia Patel,36-50,Other,Africa,Kenya,Nairobi,P101,Laptop,Electronics,3,5310,3668.32,1641.68,0.05,Net Banking,In-Store
T14567,2024-04-13,C4666,Natalie Reed,26-35,Female,South America,Argentina,Buenos Aires,P520,Microwave Oven,Appliances,2,526,374.72,151.28,0.04,UPI,In-Store
T14568,2024-02-20,C4667,Meera Iyer,50+,Female,Africa,Egypt,Cairo,P402,Monitor,Electronics,1,94,57.69,36.31,0.08,Net Banking,Online
T14569,2024-03-26,C4668,Priya Nair,50+,Other,North America,USA,Chicago,P101,Laptop,Electronics,1,1243,1018.94,224.06,0.09,Net Banking,Online
T14570,2024-03-08,C4669,Meera Iyer,36-50,Male,Africa,Egypt,Cairo,P112,Mobile Phone,Electronics,2,3952,3244.46,707.54,0.02,Credit Card,Online
T14571,2024-02-12,C4670,Maria Gomez,50+,Female,Asia,India,Delhi,P101,Laptop,Electronics,1,1796,1247.08,548.92,0.16,UPI,Online
T14572,2024-02-01,C4671,Natalie Reed,26-35,Other,South America,Chile,Santiago,P205,Headphones,Accessories,4,3904,3044.3,859.7,0.05,Net Banking,Online
T14573,2024-03-26,C4672,Rohan Gupta,50+,Other,Asia,India,Mumbai,P303,Washing Machine,Appliances,3,3309,2545.86,763.14,0.02,Cash,Online
T14574,2024-02-06,C4673,Daniel Wong,26-35,Male,Europe,France,Paris,P101,Laptop,Electronics,2,1366,975.95,390.05,0.18,Cash,In-Store
T14575,2024-01-25,C4674,Rohan Gupta,50+,Female,North America,USA,Seattle,P205,Headphones,Accessories,3,1722,1173.53,548.47,0.19,Credit Card,Online
T14576,2024-04-29,C4675,Rohan Gupta,18-25,Male,South America,Chile,Santiago,P303,Washing Machine,Appliances,1,1276,1103.98,172.02,0.14,UPI,In-Store
T14577,2024-04-03,C4676,Daniel Wong,50+,Other,North America,USA,Seattle,P402,Monitor,Electronics,4,4736,3966.21,769.79,0.2,Credit Card,Online
T14578,2024-03-09,C4677,Ethan Wilson,26-35,Female,Africa,Kenya,Nairobi,P520,Microwave Oven,Appliances,2,1638,1293.85,344.15,0.2,Debit Card,In-Store
T14579,2024-04-07,C4678,Aditi Sharma,50+,Male,North America,USA,Seattle,P101,Laptop,Electronics,3,1908,1154.7,753.3,0.08,Net Banking,Online
T14580,2024-02-27,C4679,John Carter,50+,Male,Europe,UK,London,P101,Laptop,Electronics,3,2739,2337.58,401.42,0.06,Credit Card,Online
T14581,2024-03-21,C4680,Michael Ross,50+,Other,South America,Brazil,Rio,P112,Mobile Phone,Electronics,4,6764,4573.03,2190.97,0.17,Debit Card,Online
T14582,2024-01-09,C4681,Jake Turner,36-50,Male,Europe,Germany,Berlin,P112,Mobile Phone,Electronics,2,1072,776.82,295.18,0.16,UPI,In-Store
T14583,2024-01-20,C4682,Meera Iyer,50+,Male,Europe,UK,London,P520,Microwave Oven,Appliances,3,2136,1385.8,750.2,0.22,Credit Card,Online
T14584,2024-01-23,C4683,Priya Nair,50+,Female,South America,Chile,Santiago,P520,Microwave Oven,Appliances,2,726,468.13,257.87,0.09,Cash,In-Store
T14585,2024-04-10,C4684,Ethan Wilson,50+,Other,Asia,UAE,Abu Dhabi,P205,Headphones,Accessories,1,1288,1105.66,182.34,0.21,Credit Card,Online
T14586,2024-03-23,C4685,John Carter,18-25,Other,Asia,UAE,Dubai,P402,Monitor,Electronics,1,1441,948.34,492.66,0.13,Cash,Online
T14587,2024-03-25,C4686,Daniel Wong,50+,Female,Africa,Kenya,Nairobi,P303,Washing Machine,Appliances,2,3016,2258.08,757.92,0.0,Credit Card,Online
T14588,2024-02-05,C4687,Lucas Brown,50+,Female,Asia,UAE,Abu Dhabi,P402,Monitor,Electronics,2,2724,1791.31,932.69,0.07,UPI,In-Store
T14589,2024-01-08,C4688,Sonia Patel,18-25,Other,Asia,India,Delhi,P402,Monitor,Electronics,2,540,361.99,178.01,0.05,Net Banking,Online
T14590,2024-04-09,C4689,Sarah Miller,26-35,Female,North America,Mexico,Mexico City,P112,Mobile Phone,Electronics,2,318,257.94,60.06,0.01,Net Banking,Online
T14591,2024-02-28,C4690,Sarah Miller,18-25,Male,Asia,Japan,Osaka,P112,Mobile Phone,Electronics,1,1483,1221.9,261.1,0.23,Cash,In-Store
T14592,2024-02-10,C4691,John Carter,50+,Female,North America,Mexico,Monterrey,P205,Headphones,Accessories,3,2901,2003.58,897.42,0.22,Cash,Online
T14593,2024-03-20,C4692,Emily Clark,36-50,Female,South America,Brazil,São Paulo,P303,Washing Machine,Appliances,1,1713,1224.88,488.12,0.0,Net Banking,In-Store
T14594,2024-03-05,C4693,Aditi Sharma,18-25,Other,North America,Canada,Vancouver,P101,Laptop,Electronics,3,5715,4125.3,1589.7,0.08,Debit Card,Online
T14595,2024-03-22,C4694,Maria Gomez,18-25,Male,Europe,Italy,Milan,P402,Monitor,Electronics,1,1912,1353.68,558.32,0.0,Cash,Online
T14596,2024-03-14,C4695,Daniel Wong,18-25,Female,South America,Chile,Santiago,P303,Washing Machine,Appliances,3,1878,1171.9,706.1,0.19,Net Banking,Online
T14597,2024-01-29,C4696,Daniel Wong,36-50,Other,Europe,Germany,Munich,P520,Microwave Oven,Appliances,3,3078,2247.54,830.46,0.08,Cash,In-Store
T14598,2024-01-30,C4697,Natalie Reed,26-35,Female,Africa,South Africa,Johannesburg,P101,Laptop,Electronics,4,1900,1472.61,427.39,0.09,Debit Card,In-Store
T14599,2024-04-27,C4698,Daniel Wong,36-50,Male,Europe,France,Lyon,P402,Monitor,Electronics,2,986,668.65,317.35,0.21,Credit Card,Online
T14600,2024-04-04,C4699,Michael Ross,26-35,Male,North America,Mexico,Mexico City,P303,Washing Machine,Appliances,2,190,167.94,22.06,0.09,UPI,In-Store
T14601,2024-03-15,C4700,Lucas Brown,36-50,Other,Asia,India,Mumbai,P402,Monitor,Electronics,2,2306,1682.45,623.55,0.01,Net Banking,In-Store
T14602,2024-03-25,C4701,Natalie Reed,26-35,Female,Europe,Germany,Munich,P112,Mobile Phone,Electronics,4,3556,2537.36,1018.64,0.24,Cash,Online
T14603,2024-03-01,C4702,Daniel Wong,36-50,Male,North America,Canada,Toronto,P112,Mobile Phone,Electronics,2,3756,2481.15,1274.85,0.04,Credit Card,Online
T14604,2024-02-22,C4703,Lucas Brown,50+,Female,Asia,Singapore,Singapore,P205,Headphones,Accessories,1,694,465.91,228.09,0.11,Net Banking,In-Store
T14605,2024-03-30,C4704,Priya Nair,26-35,Other,South America,Brazil,Rio,P520,Microwave Oven,Appliances,1,733,555.58,177.42,0.13,Credit Card,In-Store
T14606,2024-04-15,C4705,Emily Clark,50+,Female,South America,Brazil,Rio,P303,Washing Machine,Appliances,4,3532,2705.52,826.48,0.06,UPI,Online
T14607,2024-02-12,C4706,Maria Gomez,26-35,Other,North America,Canada,Toronto,P112,Mobile Phone,Electronics,1,251,151.92,99.08,0.06,Debit Card,In-Store
T14608,2024-01-31,C4707,Priya Nair,18-25,Male,Africa,Egypt,Cairo,P205,Headphones,Accessories,2,3532,2622.71,909.29,0.04,Cash,Online
T14609,2024-02-23,C4708,Rohan Gupta,18-25,Other,North America,USA,New York,P112,Mobile Phone,Electronics,4,5268,3605.74,1662.26,0.23,UPI,Online
T14610,2024-02-24,C4709,Natalie Reed,18-25,Male,Africa,Egypt,Cairo,P112,Mobile Phone,Electronics,2,3810,2951.15,858.85,0.2,Cash,Online
T14611,2024-04-25,C4710,Daniel Wong,50+,Male,South America,Brazil,Rio,P205,Headphones,Accessories,4,612,528.64,83.36,0.22,Debit Card,Online
T14612,2024-04-13,C4711,Priya Nair,26-35,Female,Asia,Singapore,Singapore,P101,Laptop,Electronics,1,1091,741.69,349.31,0.15,Net Banking,Online
T14613,2024-01-25,C4712,Maria Gomez,18-25,Male,Asia,Singapore,Singapore,P205,Headphones,Accessories,4,6912,5499.22,1412.78,0.18,Net Banking,In-Store
T14614,2024-01-11,C4713,Natalie Reed,50+,Male,North America,Mexico,Mexico City,P402,Monitor,Electronics,1,658,494.64,163.36,0.16,Credit Card,In-Store
T14615,2024-02-08,C4714,Maria Gomez,50+,Other,Africa,Egypt,Cairo,P520,Microwave Oven,Appliances,3,1791,1466.06,324.94,0.09,Credit Card,In-Store
T14616,2024-01-31,C4715,Maria Gomez,26-35,Female,Asia,Singapore,Singapore,P205,Headphones,Accessories,3,5541,4154.72,1386.28,0.1,Debit Card,Online
T14617,2024-01-22,C4716,Sonia Patel,50+,Male,Africa,Kenya,Nairobi,P520,Microwave Oven,Appliances,3,1983,1596.28,386.72,0.07,Credit Card,Online
T14618,2024-03-31,C4717,Jake Turner,50+,Male,Europe,UK,London,P402,Monitor,Electronics,1,732,624.96,107.04,0.1,Debit Card,Online
T14619,2024-01-05,C4718,Ethan Wilson,26-35,Male,North America,USA,Seattle,P303,Washing Machine,Appliances,3,3561,2997.57,563.43,0.06,UPI,Online
T14620,2024-01-24,C4719,Rohan Gupta,36-50,Other,South America,Brazil,Rio,P402,Monitor,Electronics,1,1019,824.04,194.96,0.18,Net Banking,In-Store
T14621,2024-03-26,C4720,Lucas Brown,26-35,Female,Europe,Germany,Berlin,P303,Washing Machine,Appliances,3,3216,2228.92,987.08,0.02,Net Banking,Online
T14622,2024-03-14,C4721,Emily Clark,18-25,Male,Africa,Egypt,Cairo,P520,Microwave Oven,Appliances,2,3350,2706.04,643.96,0.02,UPI,Online
T14623,2024-03-17,C4722,Maria Gomez,50+,Other,North America,USA,New York,P303,Washing Machine,Appliances,3,5319,3905.48,1413.52,0.04,Debit Card,In-Store
T14624,2024-01-19,C4723,Natalie Reed,26-35,Female,Europe,Italy,Milan,P205,Headphones,Accessories,4,2544,2172.6,371.4,0.04,Cash,In-Store
T14625,2024-01-15,C4724,Lucas Brown,26-35,Female,South America,Brazil,São Paulo,P101,Laptop,Electronics,4,4692,3826.61,865.39,0.04,Debit Card,Online
T14626,2024-01-17,C4725,Sonia Patel,26-35,Female,Africa,Egypt,Cairo,P101,Laptop,Electronics,2,3402,2810.17,591.83,0.06,UPI,In-Store
T14627,2024-03-07,C4726,Sonia Patel,18-25,Female,South America,Chile,Santiago,P205,Headphones,Accessories,3,4935,4119.73,815.27,0.15,Debit Card,Online
T14628,2024-01-28,C4727,John Carter,26-35,Other,North America,USA,Chicago,P520,Microwave Oven,Appliances,2,2874,1917.95,956.05,0.02,Cash,Online
T14629,2024-04-10,C4728,Lucas Brown,50+,Male,North America,USA,New York,P101,Laptop,Electronics,4,7668,5807.46,1860.54,0.2,Cash,In-Store
T14630,2024-02-15,C4729,Sonia Patel,50+,Other,Europe,UK,Manchester,P112,Mobile Phone,Electronics,4,6368,4904.84,1463.16,0.07,UPI,Online
T14631,2024-03-28,C4730,Daniel Wong,18-25,Female,South America,Chile,Santiago,P112,Mobile Phone,Electronics,2,3542,2142.6,1399.4,0.21,Debit Card,In-Store
T14632,2024-02-18,C4731,Sonia Patel,50+,Other,Asia,India,Delhi,P112,Mobile Phone,Electronics,2,968,704.04,263.96,0.14,Debit Card,In-Store
T14633,2024-03-30,C4732,Natalie Reed,50+,Female,Asia,Singapore,Singapore,P101,Laptop,Electronics,4,7568,6185.75,1382.25,0.08,UPI,Online
T14634,2024-01-20,C4733,Sonia Patel,18-25,Female,Africa,Kenya,Nairobi,P205,Headphones,Accessories,2,150,119.14,30.86,0.24,Credit Card,Online
T14635,2024-04-09,C4734,Jake Turner,18-25,Other,Asia,Singapore,Singapore,P303,Washing Machine,Appliances,3,4791,3179.77,1611.23,0.02,Cash,In-Store
T14636,2024-03-12,C4735,Emily Clark,18-25,Male,Asia,Japan,Osaka,P205,Headphones,Accessories,3,5121,3679.63,1441.37,0.08,UPI,In-Store
T14637,2024-01-17,C4736,Michael Ross,26-35,Male,Asia,India,Mumbai,P303,Washing Machine,Appliances,2,156,124.04,31.96,0.17,UPI,In-Store
T14638,2024-03-12,C4737,Sonia Patel,26-35,Male,North America,Canada,Toronto,P112,Mobile Phone,Electronics,2,1622,1404.54,217.46,0.08,Net Banking,In-Store
T14639,2024-03-15,C4738,Michael Ross,36-50,Male,Africa,Kenya,Nairobi,P520,Microwave Oven,Appliances,2,3210,2369.65,840.35,0.02,Credit Card,In-Store
T14640,2024-01-04,C4739,Jake Turner,36-50,Other,Europe,Germany,Berlin,P205,Headphones,Accessories,4,6208,4827.54,1380.46,0.09,Net Banking,Online
T14641,2024-04-17,C4740,John Carter,18-25,Other,South America,Chile,Santiago,P520,Microwave Oven,Appliances,2,432,330.85,101.15,0.14,Cash,Online
T14642,2024-04-09,C4741,Sarah Miller,50+,Female,South America,Argentina,Buenos Aires,P303,Washing Machine,Appliances,2,2496,1864.82,631.18,0.22,Net Banking,In-Store
T14643,2024-02-07,C4742,Emily Clark,36-50,Other,Europe,Germany,Munich,P112,Mobile Phone,Electronics,3,4512,3494.65,1017.35,0.06,Cash,In-Store
T14644,2024-03-05,C4743,Sarah Miller,18-25,Male,Europe,Germany,Berlin,P205,Headphones,Accessories,2,2172,1418.99,753.01,0.2,Cash,In-Store
T14645,2024-02-12,C4744,Rohan Gupta,18-25,Other,Asia,UAE,Abu Dhabi,P205,Headphones,Accessories,4,480,346.6,133.4,0.24,Debit Card,Online
T14646,2024-02-23,C4745,Ethan Wilson,36-50,Other,North America,Mexico,Mexico City,P205,Headphones,Accessories,4,5380,4325.84,1054.16,0.03,Net Banking,In-Store
T14647,2024-02-27,C4746,Natalie Reed,26-35,Female,Asia,India,Bengaluru,P303,Washing Machine,Appliances,3,5439,4293.29,1145.71,0.08,UPI,Online
T14648,2024-04-27,C4747,Emily Clark,50+,Male,Asia,UAE,Dubai,P101,Laptop,Electronics,2,1796,1388.98,407.02,0.0,Debit Card,In-Store
T14649,2024-02-24,C4748,Michael Ross,36-50,Female,Africa,Kenya,Nairobi,P112,Mobile Phone,Electronics,3,1737,1361.78,375.22,0.2,Debit Card,In-Store
T14650,2024-03-26,C4749,Lucas Brown,18-25,Other,Europe,Italy,Rome,P520,Microwave Oven,Appliances,1,1752,1178.49,573.51,0.08,UPI,Online
T14651,2024-01-30,C4750,Priya Nair,50+,Male,Europe,Italy,Rome,P402,Monitor,Electronics,4,7868,5964.08,1903.92,0.21,Cash,In-Store
T14652,2024-03-27,C4751,Maria Gomez,36-50,Male,Asia,Singapore,Singapore,P101,Laptop,Electronics,1,355,222.74,132.26,0.04,Cash,In-Store
T14653,2024-02-26,C4752,Sarah Miller,26-35,Male,Asia,Singapore,Singapore,P101,Laptop,Electronics,3,1470,1188.1,281.9,0.23,Net Banking,In-Store
T14654,2024-03-19,C4753,Sarah Miller,50+,Other,South America,Chile,Santiago,P112,Mobile Phone,Electronics,3,2001,1584.64,416.36,0.13,Cash,In-Store
T14655,2024-01-22,C4754,Daniel Wong,36-50,Other,Asia,UAE,Dubai,P520,Microwave Oven,Appliances,2,1832,1576.33,255.67,0.03,Cash,In-Store
T14656,2024-04-15,C4755,Priya Nair,36-50,Other,South America,Argentina,Buenos Aires,P402,Monitor,Electronics,3,5184,4514.62,669.38,0.23,Debit Card,Online
T14657,2024-03-28,C4756,Rohan Gupta,26-35,Female,South America,Chile,Santiago,P520,Microwave Oven,Appliances,3,4683,2868.72,1814.28,0.1,Debit Card,Online
T14658,2024-03-01,C4757,Rohan Gupta,36-50,Other,North America,Canada,Toronto,P101,Laptop,Electronics,4,4228,2768.63,1459.37,0.22,Net Banking,In-Store
T14659,2024-01-06,C4758,Sonia Patel,50+,Female,South America,Chile,Santiago,P402,Monitor,Electronics,1,280,181.0,99.0,0.08,Net Banking,Online
T14660,2024-04-10,C4759,Sarah Miller,26-35,Other,South America,Chile,Santiago,P112,Mobile Phone,Electronics,1,504,309.68,194.32,0.13,Debit Card,Online
T14661,2024-03-26,C4760,Rohan Gupta,36-50,Male,South America,Chile,Santiago,P402,Monitor,Electronics,4,4544,2735.39,1808.61,0.06,Cash,In-Store
T14662,2024-04-22,C4761,Lucas Brown,36-50,Other,Asia,Singapore,Singapore,P402,Monitor,Electronics,1,1299,1110.13,188.87,0.04,Debit Card,Online
T14663,2024-03-13,C4762,Daniel Wong,26-35,Female,Africa,Egypt,Cairo,P112,Mobile Phone,Electronics,3,2277,1793.41,483.59,0.16,Cash,In-Store
T14664,2024-02-29,C4763,Sonia Patel,36-50,Male,Asia,Japan,Tokyo,P303,Washing Machine,Appliances,1,85,67.65,17.35,0.11,Debit Card,Online
T14665,2024-01-16,C4764,Ethan Wilson,50+,Male,South America,Chile,Santiago,P101,Laptop,Electronics,3,4479,3201.29,1277.71,0.25,Credit Card,In-Store
T14666,2024-02-26,C4765,Rohan Gupta,26-35,Other,Europe,France,Paris,P520,Microwave Oven,Appliances,1,171,105.56,65.44,0.01,Cash,In-Store
T14667,2024-03-10,C4766,Meera Iyer,36-50,Female,Asia,Japan,Osaka,P112,Mobile Phone,Electronics,4,796,707.66,88.34,0.05,UPI,Online
T14668,2024-02-28,C4767,Rohan Gupta,36-50,Other,South America,Argentina,Buenos Aires,P303,Washing Machine,Appliances,1,1090,723.08,366.92,0.05,Debit Card,In-Store
T14669,2024-03-14,C4768,Sonia Patel,18-25,Female,Africa,Egypt,Cairo,P112,Mobile Phone,Electronics,3,987,694.71,292.29,0.13,UPI,In-Store
T14670,2024-02-26,C4769,Sonia Patel,18-25,Other,North America,Mexico,Mexico City,P303,Washing Machine,Appliances,4,3412,2310.48,1101.52,0.09,Net Banking,In-Store
T14671,2024-03-20,C4770,Lucas Brown,26-35,Other,Europe,France,Paris,P205,Headphones,Accessories,1,1037,722.98,314.02,0.01,Net Banking,In-Store
T14672,2024-02-21,C4771,Maria Gomez,26-35,Female,North America,Canada,Vancouver,P101,Laptop,Electronics,1,1104,920.62,183.38,0.06,Cash,In-Store
T14673,2024-03-07,C4772,Maria Gomez,36-50,Other,North America,USA,New York,P205,Headphones,Accessories,4,1168,870.15,297.85,0.14,Credit Card,In-Store
T14674,2024-03-29,C4773,Meera Iyer,26-35,Male,Europe,France,Paris,P205,Headphones,Accessories,4,520,446.64,73.36,0.07,Cash,In-Store
T14675,2024-02-13,C4774,Daniel Wong,18-25,Female,Asia,UAE,Dubai,P402,Monitor,Electronics,1,1395,1090.66,304.34,0.12,UPI,Online
T14676,2024-04-08,C4775,Jake Turner,26-35,Female,North America,Mexico,Monterrey,P520,Microwave Oven,Appliances,1,853,713.67,139.33,0.04,Credit Card,Online
T14677,2024-01-04,C4776,Rohan Gupta,18-25,Female,Europe,Italy,Milan,P402,Monitor,Electronics,3,4149,3513.36,635.64,0.16,UPI,Online
T14678,2024-04-28,C4777,Michael Ross,50+,Female,Africa,South Africa,Johannesburg,P205,Headphones,Accessories,4,2200,1634.48,565.52,0.16,Debit Card,In-Store
T14679,2024-02-28,C4778,Sarah Miller,18-25,Other,Africa,Kenya,Nairobi,P205,Headphones,Accessories,1,1511,1335.93,175.07,0.09,Cash,In-Store
T14680,2024-04-10,C4779,Lucas Brown,36-50,Other,Asia,Japan,Osaka,P101,Laptop,Electronics,1,1345,1166.74,178.26,0.24,UPI,In-Store
T14681,2024-03-19,C4780,Maria Gomez,36-50,Female,Asia,Japan,Osaka,P112,Mobile Phone,Electronics,1,345,304.4,40.6,0.22,Net Banking,Online
T14682,2024-04-15,C4781,Jake Turner,26-35,Female,North America,Canada,Vancouver,P205,Headphones,Accessories,3,4017,3237.39,779.61,0.11,Net Banking,Online
T14683,2024-04-09,C4782,Maria Gomez,50+,Male,Europe,Germany,Munich,P303,Washing Machine,Appliances,3,3408,2816.24,591.76,0.04,Net Banking,In-Store
T14684,2024-02-20,C4783,Daniel Wong,18-25,Male,South America,Argentina,Buenos Aires,P101,Laptop,Electronics,2,1234,825.33,408.67,0.04,UPI,In-Store
T14685,2024-02-28,C4784,Aditi Sharma,18-25,Male,Europe,UK,London,P520,Microwave Oven,Appliances,2,358,299.85,58.15,0.12,Cash,Online
T14686,2024-03-16,C4785,Natalie Reed,18-25,Other,South America,Chile,Santiago,P303,Washing Machine,Appliances,4,7280,5046.7,2233.3,0.25,Debit Card,In-Store
T14687,2024-03-19,C4786,Lucas Brown,50+,Male,North America,Mexico,Mexico City,P520,Microwave Oven,Appliances,4,5808,4901.49,906.51,0.12,Net Banking,Online
T14688,2024-02-03,C4787,Lucas Brown,50+,Male,Asia,India,Bengaluru,P205,Headphones,Accessories,2,386,234.94,151.06,0.1,Cash,In-Store
T14689,2024-02-02,C4788,Maria Gomez,36-50,Female,Asia,Singapore,Singapore,P303,Washing Machine,Appliances,4,4976,4455.2,520.8,0.18,Debit Card,Online
T14690,2024-03-08,C4789,Lucas Brown,18-25,Female,North America,Mexico,Mexico City,P101,Laptop,Electronics,1,174,117.12,56.88,0.07,Debit Card,Online
T14691,2024-01-20,C4790,Sonia Patel,18-25,Male,Africa,Egypt,Cairo,P205,Headphones,Accessories,3,4608,3275.4,1332.6,0.16,Debit Card,Online
T14692,2024-04-23,C4791,Rohan Gupta,26-35,Male,Africa,Egypt,Cairo,P520,Microwave Oven,Appliances,4,4084,3408.59,675.41,0.04,Net Banking,In-Store
T14693,2024-01-08,C4792,Michael Ross,18-25,Other,Europe,Germany,Munich,P205,Headphones,Accessories,3,4437,2862.04,1574.96,0.01,Cash,In-Store
T14694,2024-04-04,C4793,Priya Nair,18-25,Female,South America,Brazil,São Paulo,P101,Laptop,Electronics,2,1250,779.92,470.08,0.21,UPI,In-Store
T14695,2024-04-09,C4794,Emily Clark,36-50,Male,Europe,Italy,Rome,P112,Mobile Phone,Electronics,4,4712,3554.13,1157.87,0.05,Debit Card,Online
T14696,2024-01-19,C4795,Lucas Brown,18-25,Male,Europe,France,Lyon,P520,Microwave Oven,Appliances,1,1691,1481.7,209.3,0.24,Debit Card,Online
T14697,2024-04-07,C4796,Michael Ross,50+,Female,North America,Canada,Vancouver,P303,Washing Machine,Appliances,4,5732,3775.47,1956.53,0.18,Cash,In-Store
T14698,2024-01-11,C4797,Daniel Wong,18-25,Female,Asia,India,Mumbai,P520,Microwave Oven,Appliances,4,6476,5665.5,810.5,0.24,Debit Card,In-Store
T14699,2024-03-22,C4798,Daniel Wong,36-50,Other,South America,Brazil,São Paulo,P112,Mobile Phone,Electronics,3,3144,2137.18,1006.82,0.1,Debit Card,In-Store
T14700,2024-04-05,C4799,Rohan Gupta,36-50,Other,Europe,Italy,Milan,P303,Washing Machine,Appliances,4,4592,3188.0,1404.0,0.09,Credit Card,In-Store
T14701,2024-03-03,C4800,Aditi Sharma,36-50,Male,Africa,Egypt,Cairo,P520,Microwave Oven,Appliances,2,1116,978.02,137.98,0.05,Credit Card,Online
T14702,2024-02-23,C4801,Jake Turner,18-25,Other,Asia,UAE,Dubai,P402,Monitor,Electronics,2,3038,1866.3,1171.7,0.2,Debit Card,Online
T14703,2024-01-22,C4802,Michael Ross,50+,Female,South America,Argentina,Buenos Aires,P205,Headphones,Accessories,1,1837,1486.17,350.83,0.23,Debit Card,In-Store
T14704,2024-04-18,C4803,Jake Turner,36-50,Male,Europe,France,Lyon,P303,Washing Machine,Appliances,3,5493,4711.65,781.35,0.23,Net Banking,Online
T14705,2024-04-18,C4804,Rohan Gupta,36-50,Male,South America,Chile,Santiago,P101,Laptop,Electronics,1,830,547.97,282.03,0.2,Credit Card,In-Store
T14706,2024-02-19,C4805,Michael Ross,18-25,Female,Africa,Kenya,Nairobi,P402,Monitor,Electronics,2,1808,1575.72,232.28,0.2,Cash,Online
T14707,2024-02-16,C4806,Maria Gomez,26-35,Female,Asia,India,Bengaluru,P520,Microwave Oven,Appliances,2,1104,939.09,164.91,0.11,Credit Card,Online
T14708,2024-04-15,C4807,Emily Clark,36-50,Female,Africa,Kenya,Nairobi,P112,Mobile Phone,Electronics,4,4344,3642.0,702.0,0.05,Cash,In-Store
T14709,2024-04-11,C4808,Michael Ross,36-50,Male,Asia,Japan,Tokyo,P205,Headphones,Accessories,2,584,384.25,199.75,0.12,Debit Card,Online
T14710,2024-03-19,C4809,Lucas Brown,36-50,Other,Asia,Singapore,Singapore,P112,Mobile Phone,Electronics,1,1864,1254.17,609.83,0.24,Credit Card,In-Store
T14711,2024-03-03,C4810,Priya Nair,18-25,Female,Asia,Singapore,Singapore,P112,Mobile Phone,Electronics,1,1508,1133.65,374.35,0.02,Net Banking,Online
T14712,2024-04-13,C4811,Michael Ross,36-50,Other,South America,Chile,Santiago,P112,Mobile Phone,Electronics,4,3196,2338.67,857.33,0.09,Credit Card,Online
T14713,2024-02-10,C4812,Emily Clark,18-25,Other,Europe,France,Lyon,P520,Microwave Oven,Appliances,4,2060,1561.92,498.08,0.06,Cash,In-Store
T14714,2024-01-01,C4813,Maria Gomez,36-50,Female,Africa,South Africa,Cape Town,P402,Monitor,Electronics,1,483,343.24,139.76,0.05,Net Banking,In-Store
T14715,2024-04-16,C4814,Aditi Sharma,18-25,Female,Africa,South Africa,Johannesburg,P205,Headphones,Accessories,3,1422,1162.65,259.35,0.14,Debit Card,Online
T14716,2024-04-20,C4815,Sarah Miller,26-35,Female,North America,Canada,Vancouver,P205,Headphones,Accessories,3,5133,3239.85,1893.15,0.1,Cash,In-Store
T14717,2024-04-19,C4816,Meera Iyer,36-50,Male,North America,USA,Chicago,P101,Laptop,Electronics,4,6824,4889.61,1934.39,0.11,UPI,Online
T14718,2024-03-11,C4817,Daniel Wong,50+,Other,South America,Brazil,Rio,P303,Washing Machine,Appliances,2,1336,947.22,388.78,0.07,Cash,In-Store
T14719,2024-03-10,C4818,Michael Ross,36-50,Other,South America,Argentina,Buenos Aires,P402,Monitor,Electronics,3,3498,2742.2,755.8,0.22,Credit Card,In-Store
T14720,2024-02-29,C4819,Aditi Sharma,26-35,Male,South America,Argentina,Buenos Aires,P101,Laptop,Electronics,4,4544,3658.14,885.86,0.02,Debit Card,In-Store
T14721,2024-01-24,C4820,Sarah Miller,50+,Male,Asia,India,Bengaluru,P303,Washing Machine,Appliances,2,1750,1226.38,523.62,0.04,Credit Card,In-Store
T14722,2024-01-10,C4821,Maria Gomez,18-25,Other,South America,Chile,Santiago,P402,Monitor,Electronics,4,4448,2771.24,1676.76,0.08,Debit Card,Online
T14723,2024-04-27,C4822,Lucas Brown,26-35,Female,Asia,Singapore,Singapore,P402,Monitor,Electronics,2,516,417.95,98.05,0.21,Cash,In-Store
T14724,2024-04-09,C4823,Sonia Patel,36-50,Female,Africa,Kenya,Nairobi,P303,Washing Machine,Appliances,2,730,555.58,174.42,0.21,Cash,In-Store
T14725,2024-04-21,C4824,Natalie Reed,50+,Male,South America,Chile,Santiago,P112,Mobile Phone,Electronics,1,1332,1088.23,243.77,0.02,Debit Card,In-Store
T14726,2024-02-28,C4825,Emily Clark,50+,Male,Africa,South Africa,Johannesburg,P101,Laptop,Electronics,4,1976,1678.76,297.24,0.19,Debit Card,In-Store
T14727,2024-01-12,C4826,Jake Turner,26-35,Male,Asia,Japan,Tokyo,P101,Laptop,Electronics,1,1690,1020.18,669.82,0.08,Debit Card,Online
T14728,2024-04-21,C4827,Meera Iyer,26-35,Other,South America,Chile,Santiago,P303,Washing Machine,Appliances,4,1872,1582.28,289.72,0.05,Debit Card,Online
T14729,2024-03-25,C4828,Maria Gomez,50+,Female,Africa,Kenya,Nairobi,P520,Microwave Oven,Appliances,4,1204,969.77,234.23,0.24,UPI,Online
T14730,2024-04-17,C4829,Michael Ross,18-25,Female,Asia,India,Mumbai,P520,Microwave Oven,Appliances,1,353,274.0,79.0,0.01,UPI,Online
T14731,2024-02-21,C4830,Lucas Brown,26-35,Male,South America,Brazil,São Paulo,P205,Headphones,Accessories,3,2079,1813.61,265.39,0.07,Cash,In-Store
T14732,2024-04-05,C4831,Rohan Gupta,26-35,Male,South America,Chile,Santiago,P520,Microwave Oven,Appliances,2,1848,1573.67,274.33,0.18,Debit Card,In-Store
T14733,2024-03-13,C4832,Michael Ross,18-25,Other,South America,Argentina,Buenos Aires,P101,Laptop,Electronics,3,2616,1643.05,972.95,0.05,Cash,In-Store
T14734,2024-01-09,C4833,Ethan Wilson,50+,Female,North America,Canada,Vancouver,P205,Headphones,Accessories,2,2536,2211.09,324.91,0.21,Cash,In-Store
T14735,2024-03-09,C4834,Emily Clark,18-25,Other,Africa,Kenya,Nairobi,P402,Monitor,Electronics,2,1178,839.85,338.15,0.02,Net Banking,Online
T14736,2024-01-13,C4835,Sarah Miller,36-50,Female,South America,Argentina,Buenos Aires,P520,Microwave Oven,Appliances,4,6116,4270.91,1845.09,0.09,Debit Card,In-Store
T14737,2024-04-08,C4836,Aditi Sharma,26-35,Male,North America,Canada,Vancouver,P112,Mobile Phone,Electronics,1,1314,967.49,346.51,0.17,Credit Card,Online
T14738,2024-03-29,C4837,Meera Iyer,50+,Female,Asia,India,Delhi,P402,Monitor,Electronics,2,3604,3237.02,366.98,0.17,Cash,In-Store
T14739,2024-04-06,C4838,Priya Nair,26-35,Male,Asia,India,Delhi,P402,Monitor,Electronics,1,940,662.19,277.81,0.03,Credit Card,Online
T14740,2024-03-29,C4839,Rohan Gupta,18-25,Other,Asia,Japan,Osaka,P205,Headphones,Accessories,2,3298,2948.94,349.06,0.1,Cash,Online
T14741,2024-03-03,C4840,Aditi Sharma,36-50,Other,South America,Brazil,Rio,P205,Headphones,Accessories,1,1641,1384.91,256.09,0.07,Credit Card,In-Store
T14742,2024-04-12,C4841,Ethan Wilson,36-50,Female,Europe,France,Lyon,P112,Mobile Phone,Electronics,1,1604,996.16,607.84,0.07,Net Banking,Online
T14743,2024-04-17,C4842,Ethan Wilson,18-25,Male,Europe,UK,Manchester,P303,Washing Machine,Appliances,3,768,657.34,110.66,0.13,Cash,Online
T14744,2024-03-24,C4843,Jake Turner,18-25,Female,Europe,France,Paris,P402,Monitor,Electronics,4,6852,4432.37,2419.63,0.1,UPI,Online
T14745,2024-04-06,C4844,Meera Iyer,26-35,Female,Europe,Germany,Berlin,P112,Mobile Phone,Electronics,3,720,540.88,179.12,0.2,Cash,In-Store
T14746,2024-03-24,C4845,Ethan Wilson,18-25,Male,South America,Chile,Santiago,P402,Monitor,Electronics,1,1564,1293.4,270.6,0.07,Cash,Online
T14747,2024-02-29,C4846,Lucas Brown,26-35,Male,Asia,India,Bengaluru,P303,Washing Machine,Appliances,2,272,208.91,63.09,0.06,Debit Card,Online
T14748,2024-03-14,C4847,Aditi Sharma,50+,Female,Europe,France,Paris,P112,Mobile Phone,Electronics,1,96,72.66,23.34,0.0,Net Banking,In-Store
T14749,2024-01-22,C4848,Emily Clark,26-35,Other,North America,Canada,Toronto,P303,Washing Machine,Appliances,1,1285,1009.66,275.34,0.15,Debit Card,In-Store
T14750,2024-04-07,C4849,Ethan Wilson,50+,Male,Africa,Kenya,Nairobi,P205,Headphones,Accessories,1,1672,1472.39,199.61,0.22,Debit Card,Online
T14751,2024-01-29,C4850,Ethan Wilson,26-35,Other,Asia,Singapore,Singapore,P205,Headphones,Accessories,1,761,590.38,170.62,0.07,UPI,In-Store
T14752,2024-02-19,C4851,Maria Gomez,36-50,Other,South America,Chile,Santiago,P101,Laptop,Electronics,1,226,201.12,24.88,0.09,Credit Card,Online
T14753,2024-04-02,C4852,John Carter,18-25,Other,Asia,Japan,Tokyo,P303,Washing Machine,Appliances,1,1065,651.12,413.88,0.24,Debit Card,In-Store
T14754,2024-01-24,C4853,Michael Ross,18-25,Female,Asia,Japan,Tokyo,P402,Monitor,Electronics,4,3632,2221.91,1410.09,0.13,Debit Card,Online
T14755,2024-03-30,C4854,Natalie Reed,36-50,Other,North America,Mexico,Monterrey,P205,Headphones,Accessories,3,2781,2044.56,736.44,0.08,Cash,In-Store
T14756,2024-01-16,C4855,Rohan Gupta,50+,Other,South America,Chile,Santiago,P402,Monitor,Electronics,3,885,695.73,189.27,0.2,Net Banking,In-Store
T14757,2024-03-27,C4856,Meera Iyer,26-35,Male,North America,Mexico,Mexico City,P402,Monitor,Electronics,3,5049,4130.61,918.39,0.11,Credit Card,Online
T14758,2024-04-17,C4857,Daniel Wong,36-50,Female,Africa,South Africa,Cape Town,P112,Mobile Phone,Electronics,4,3372,2293.64,1078.36,0.02,Net Banking,In-Store
T14759,2024-01-03,C4858,Rohan Gupta,18-25,Female,South America,Argentina,Buenos Aires,P205,Headphones,Accessories,2,3942,2559.62,1382.38,0.07,Cash,In-Store
T14760,2024-03-26,C4859,Daniel Wong,18-25,Female,Africa,Egypt,Cairo,P101,Laptop,Electronics,3,3192,2074.88,1117.12,0.11,Net Banking,Online
T14761,2024-04-19,C4860,Daniel Wong,50+,Female,South America,Brazil,Rio,P101,Laptop,Electronics,2,3430,2958.97,471.03,0.13,Net Banking,In-Store
T14762,2024-03-11,C4861,John Carter,36-50,Male,South America,Argentina,Buenos Aires,P520,Microwave Oven,Appliances,2,1258,922.09,335.91,0.24,UPI,Online
T14763,2024-04-15,C4862,Maria Gomez,36-50,Other,South America,Argentina,Buenos Aires,P101,Laptop,Electronics,1,1010,642.42,367.58,0.22,Cash,In-Store
T14764,2024-04-05,C4863,Ethan Wilson,26-35,Other,Asia,Japan,Tokyo,P205,Headphones,Accessories,2,2612,2321.68,290.32,0.16,Net Banking,Online
T14765,2024-03-11,C4864,Sonia Patel,18-25,Male,Africa,Kenya,Nairobi,P101,Laptop,Electronics,4,6680,5440.03,1239.97,0.13,Cash,In-Store
T14766,2024-01-15,C4865,Maria Gomez,26-35,Female,Europe,UK,London,P112,Mobile Phone,Electronics,1,1875,1216.55,658.45,0.05,Credit Card,Online
T14767,2024-03-18,C4866,Sonia Patel,50+,Other,South America,Brazil,Rio,P112,Mobile Phone,Electronics,3,5316,3982.78,1333.22,0.17,Cash,In-Store
T14768,2024-01-15,C4867,Rohan Gupta,50+,Male,North America,Canada,Vancouver,P402,Monitor,Electronics,3,4476,3574.29,901.71,0.21,Net Banking,In-Store
T14769,2024-04-17,C4868,Aditi Sharma,26-35,Female,Europe,Germany,Munich,P112,Mobile Phone,Electronics,4,292,194.84,97.16,0.16,Credit Card,In-Store
T14770,2024-04-04,C4869,Lucas Brown,26-35,Other,Africa,South Africa,Johannesburg,P402,Monitor,Electronics,3,4764,4004.54,759.46,0.17,Debit Card,In-Store
T14771,2024-03-28,C4870,Aditi Sharma,18-25,Female,South America,Brazil,São Paulo,P402,Monitor,Electronics,1,620,379.43,240.57,0.21,UPI,In-Store
T14772,2024-04-28,C4871,Ethan Wilson,18-25,Female,South America,Argentina,Buenos Aires,P520,Microwave Oven,Appliances,2,1736,1207.66,528.34,0.22,Credit Card,In-Store
T14773,2024-03-24,C4872,Meera Iyer,26-35,Female,Europe,UK,London,P205,Headphones,Accessories,4,2740,2428.3,311.7,0.21,Net Banking,Online
T14774,2024-03-18,C4873,Daniel Wong,26-35,Male,Asia,Singapore,Singapore,P402,Monitor,Electronics,1,1741,1217.47,523.53,0.04,Cash,In-Store
T14775,2024-02-14,C4874,Ethan Wilson,26-35,Other,Africa,Kenya,Nairobi,P112,Mobile Phone,Electronics,2,2112,1879.97,232.03,0.02,Credit Card,In-Store
T14776,2024-02-04,C4875,Maria Gomez,18-25,Female,North America,Canada,Vancouver,P402,Monitor,Electronics,4,4748,2894.91,1853.09,0.02,Cash,Online
T14777,2024-04-05,C4876,Natalie Reed,18-25,Male,Europe,France,Lyon,P112,Mobile Phone,Electronics,4,2564,1950.73,613.27,0.17,Debit Card,Online
T14778,2024-02-21,C4877,Priya Nair,36-50,Male,Europe,UK,London,P402,Monitor,Electronics,2,384,295.14,88.86,0.13,Credit Card,In-Store
T14779,2024-01-06,C4878,Natalie Reed,26-35,Male,Europe,France,Paris,P303,Washing Machine,Appliances,4,2888,2122.1,765.9,0.22,Credit Card,In-Store
T14780,2024-04-25,C4879,Ethan Wilson,26-35,Male,North America,USA,Seattle,P520,Microwave Oven,Appliances,4,320,242.23,77.77,0.21,Net Banking,Online
T14781,2024-01-10,C4880,John Carter,50+,Female,South America,Brazil,Rio,P402,Monitor,Electronics,4,2032,1785.06,246.94,0.2,Debit Card,Online
T14782,2024-02-02,C4881,Jake Turner,26-35,Male,Europe,Germany,Berlin,P520,Microwave Oven,Appliances,3,5535,4171.07,1363.93,0.16,Credit Card,Online
T14783,2024-03-19,C4882,John Carter,36-50,Female,Africa,South Africa,Johannesburg,P205,Headphones,Accessories,4,4956,3112.25,1843.75,0.18,UPI,In-Store
T14784,2024-04-09,C4883,Michael Ross,26-35,Other,Asia,Singapore,Singapore,P402,Monitor,Electronics,3,1557,1241.09,315.91,0.19,Net Banking,In-Store
T14785,2024-04-05,C4884,Ethan Wilson,18-25,Other,Africa,South Africa,Johannesburg,P520,Microwave Oven,Appliances,4,4572,3825.84,746.16,0.08,Debit Card,In-Store
T14786,2024-02-22,C4885,Lucas Brown,26-35,Female,South America,Chile,Santiago,P303,Washing Machine,Appliances,4,4312,3442.79,869.21,0.08,UPI,Online
T14787,2024-01-07,C4886,Daniel Wong,36-50,Female,North America,USA,Chicago,P303,Washing Machine,Appliances,4,7740,5430.88,2309.12,0.21,Credit Card,Online
T14788,2024-02-16,C4887,Meera Iyer,36-50,Female,Europe,Italy,Milan,P402,Monitor,Electronics,1,1927,1294.63,632.37,0.14,UPI,In-Store
T14789,2024-01-06,C4888,Michael Ross,26-35,Female,North America,Mexico,Monterrey,P112,Mobile Phone,Electronics,3,2346,1821.27,524.73,0.13,Cash,In-Store
T14790,2024-03-11,C4889,Priya Nair,26-35,Male,Africa,South Africa,Cape Town,P112,Mobile Phone,Electronics,2,1496,1238.7,257.3,0.05,Net Banking,Online
T14791,2024-02-01,C4890,Meera Iyer,18-25,Male,South America,Argentina,Buenos Aires,P205,Headphones,Accessories,3,2010,1550.17,459.83,0.23,Credit Card,Online
T14792,2024-02-10,C4891,Natalie Reed,36-50,Other,Africa,South Africa,Cape Town,P402,Monitor,Electronics,4,2676,2125.18,550.82,0.04,UPI,In-Store
T14793,2024-01-30,C4892,Priya Nair,18-25,Male,Africa,Egypt,Cairo,P101,Laptop,Electronics,2,3098,1887.71,1210.29,0.13,UPI,Online
T14794,2024-04-07,C4893,Sonia Patel,50+,Female,South America,Brazil,São Paulo,P112,Mobile Phone,Electronics,1,786,476.89,309.11,0.25,Net Banking,Online
T14795,2024-04-12,C4894,Lucas Brown,26-35,Female,Asia,Singapore,Singapore,P303,Washing Machine,Appliances,2,1244,830.08,413.92,0.17,Net Banking,In-Store
T14796,2024-02-13,C4895,Michael Ross,26-35,Female,North America,USA,Chicago,P303,Washing Machine,Appliances,4,5100,4303.05,796.95,0.14,Debit Card,Online
T14797,2024-01-11,C4896,Meera Iyer,36-50,Female,South America,Chile,Santiago,P520,Microwave Oven,Appliances,1,1774,1190.85,583.15,0.06,Credit Card,In-Store
T14798,2024-04-18,C4897,Maria Gomez,36-50,Male,South America,Chile,Santiago,P402,Monitor,Electronics,2,2136,1636.84,499.16,0.15,UPI,Online
T14799,2024-02-26,C4898,Natalie Reed,18-25,Female,North America,Canada,Vancouver,P402,Monitor,Electronics,3,3498,2347.15,1150.85,0.04,Cash,In-Store
T14800,2024-04-02,C4899,Michael Ross,18-25,Other,North America,Canada,Toronto,P205,Headphones,Accessories,3,4623,3195.85,1427.15,0.11,Credit Card,Online
T14801,2024-01-30,C4900,Priya Nair,18-25,Other,South America,Argentina,Buenos Aires,P402,Monitor,Electronics,1,347,218.93,128.07,0.23,Debit Card,Online
T14802,2024-03-02,C4901,Michael Ross,36-50,Female,Africa,Egypt,Cairo,P402,Monitor,Electronics,4,7736,6191.31,1544.69,0.0,Credit Card,In-Store
T14803,2024-04-22,C4902,Emily Clark,26-35,Male,Africa,Kenya,Nairobi,P520,Microwave Oven,Appliances,4,2136,1897.08,238.92,0.02,Cash,In-Store
T14804,2024-02-17,C4903,Michael Ross,36-50,Male,Europe,UK,London,P402,Monitor,Electronics,3,423,290.59,132.41,0.13,Net Banking,Online
T14805,2024-03-27,C4904,Meera Iyer,36-50,Other,Europe,Germany,Munich,P101,Laptop,Electronics,4,2956,2345.68,610.32,0.12,Debit Card,In-Store
T14806,2024-01-29,C4905,Priya Nair,18-25,Other,Europe,Germany,Berlin,P402,Monitor,Electronics,2,3418,2903.37,514.63,0.21,Net Banking,In-Store
T14807,2024-01-31,C4906,Jake Turner,26-35,Other,Europe,France,Paris,P402,Monitor,Electronics,4,4208,2844.64,1363.36,0.15,Debit Card,Online
T14808,2024-04-03,C4907,Sonia Patel,50+,Other,Africa,Kenya,Nairobi,P303,Washing Machine,Appliances,3,3939,3441.82,497.18,0.18,Net Banking,In-Store
T14809,2024-01-14,C4908,Michael Ross,36-50,Female,South America,Brazil,São Paulo,P101,Laptop,Electronics,2,1034,622.32,411.68,0.12,Net Banking,In-Store
T14810,2024-03-22,C4909,Sonia Patel,26-35,Other,Europe,Italy,Rome,P101,Laptop,Electronics,4,7024,5586.12,1437.88,0.1,Net Banking,Online
T14811,2024-04-15,C4910,Maria Gomez,18-25,Other,Europe,France,Lyon,P303,Washing Machine,Appliances,2,1248,852.9,395.1,0.0,Debit Card,In-Store
T14812,2024-03-07,C4911,Meera Iyer,36-50,Other,Europe,France,Lyon,P402,Monitor,Electronics,4,3428,2599.17,828.83,0.04,Cash,Online
T14813,2024-01-01,C4912,Sonia Patel,18-25,Male,South America,Brazil,Rio,P205,Headphones,Accessories,4,5412,4527.85,884.15,0.18,Credit Card,In-Store
T14814,2024-01-07,C4913,Aditi Sharma,26-35,Female,North America,Mexico,Mexico City,P520,Microwave Oven,Appliances,3,1716,1240.71,475.29,0.2,UPI,In-Store
T14815,2024-03-03,C4914,Priya Nair,26-35,Female,North America,Mexico,Monterrey,P402,Monitor,Electronics,1,1417,876.21,540.79,0.09,Credit Card,In-Store
T14816,2024-04-21,C4915,John Carter,50+,Other,Asia,Singapore,Singapore,P112,Mobile Phone,Electronics,3,5442,4819.64,622.36,0.14,Cash,In-Store
T14817,2024-04-14,C4916,Michael Ross,18-25,Male,Europe,France,Lyon,P112,Mobile Phone,Electronics,2,1500,922.6,577.4,0.21,Credit Card,In-Store
T14818,2024-04-11,C4917,Priya Nair,50+,Female,South America,Argentina,Buenos Aires,P402,Monitor,Electronics,3,2565,1997.97,567.03,0.16,Credit Card,Online
T14819,2024-03-20,C4918,Rohan Gupta,18-25,Other,Europe,Italy,Rome,P101,Laptop,Electronics,4,1840,1508.58,331.42,0.06,UPI,In-Store
T14820,2024-04-11,C4919,Ethan Wilson,26-35,Female,Asia,Singapore,Singapore,P303,Washing Machine,Appliances,2,1326,1174.62,151.38,0.14,Net Banking,Online
T14821,2024-01-20,C4920,Michael Ross,50+,Other,Africa,South Africa,Cape Town,P205,Headphones,Accessories,3,2124,1663.86,460.14,0.2,Net Banking,Online
T14822,2024-03-12,C4921,Maria Gomez,50+,Male,South America,Brazil,Rio,P303,Washing Machine,Appliances,1,844,662.14,181.86,0.17,Cash,In-Store
T14823,2024-03-11,C4922,Sonia Patel,26-35,Male,Asia,UAE,Abu Dhabi,P112,Mobile Phone,Electronics,1,267,194.4,72.6,0.01,Net Banking,Online
T14824,2024-03-22,C4923,Emily Clark,36-50,Male,South America,Chile,Santiago,P402,Monitor,Electronics,2,2974,2585.84,388.16,0.24,Debit Card,In-Store
T14825,2024-03-06,C4924,Ethan Wilson,36-50,Other,Asia,Japan,Osaka,P101,Laptop,Electronics,2,2850,2014.86,835.14,0.19,Credit Card,In-Store
T14826,2024-03-11,C4925,Rohan Gupta,36-50,Male,Europe,Italy,Rome,P303,Washing Machine,Appliances,3,177,118.86,58.14,0.0,Debit Card,Online
T14827,2024-01-06,C4926,Meera Iyer,18-25,Female,North America,USA,Chicago,P205,Headphones,Accessories,2,2812,2248.85,563.15,0.2,Net Banking,In-Store
T14828,2024-02-20,C4927,Emily Clark,50+,Male,Africa,Kenya,Nairobi,P303,Washing Machine,Appliances,1,1732,1434.99,297.01,0.21,Credit Card,In-Store
T14829,2024-01-02,C4928,Meera Iyer,36-50,Other,Africa,Kenya,Nairobi,P520,Microwave Oven,Appliances,3,609,489.68,119.32,0.06,Credit Card,Online
T14830,2024-01-15,C4929,Meera Iyer,50+,Other,South America,Brazil,Rio,P205,Headphones,Accessories,2,538,357.17,180.83,0.1,Cash,In-Store
T14831,2024-04-27,C4930,Rohan Gupta,50+,Female,Africa,Egypt,Cairo,P205,Headphones,Accessories,2,1476,1031.92,444.08,0.12,UPI,Online
T14832,2024-01-21,C4931,John Carter,36-50,Male,Africa,South Africa,Johannesburg,P402,Monitor,Electronics,1,172,118.31,53.69,0.07,UPI,Online
T14833,2024-03-03,C4932,Sarah Miller,26-35,Female,Africa,Kenya,Nairobi,P112,Mobile Phone,Electronics,1,1089,687.12,401.88,0.13,Debit Card,Online
T14834,2024-01-02,C4933,Ethan Wilson,50+,Female,Asia,India,Bengaluru,P303,Washing Machine,Appliances,1,528,457.15,70.85,0.05,Cash,In-Store
T14835,2024-01-18,C4934,Aditi Sharma,18-25,Other,Africa,South Africa,Cape Town,P205,Headphones,Accessories,1,286,204.33,81.67,0.02,Cash,Online
T14836,2024-02-08,C4935,Rohan Gupta,36-50,Other,Asia,India,Delhi,P520,Microwave Oven,Appliances,1,559,439.07,119.93,0.22,Cash,Online
T14837,2024-04-05,C4936,Jake Turner,36-50,Other,North America,Canada,Vancouver,P205,Headphones,Accessories,2,2660,2195.13,464.87,0.04,Net Banking,In-Store
T14838,2024-03-16,C4937,John Carter,36-50,Male,Asia,Singapore,Singapore,P205,Headphones,Accessories,3,4776,3942.43,833.57,0.06,Cash,In-Store
T14839,2024-02-19,C4938,Maria Gomez,18-25,Female,Asia,India,Mumbai,P112,Mobile Phone,Electronics,2,1184,1016.6,167.4,0.15,UPI,In-Store
T14840,2024-04-17,C4939,John Carter,36-50,Male,North America,Mexico,Monterrey,P402,Monitor,Electronics,3,3687,2478.26,1208.74,0.05,Cash,Online
T14841,2024-01-30,C4940,Aditi Sharma,18-25,Female,Asia,Singapore,Singapore,P402,Monitor,Electronics,2,1394,1242.74,151.26,0.03,Debit Card,Online
T14842,2024-04-12,C4941,Ethan Wilson,26-35,Female,Europe,Italy,Milan,P205,Headphones,Accessories,2,2296,1793.16,502.84,0.23,Cash,Online
T14843,2024-04-16,C4942,Jake Turner,26-35,Male,Asia,Singapore,Singapore,P112,Mobile Phone,Electronics,4,4452,3488.24,963.76,0.18,Debit Card,In-Store
T14844,2024-01-15,C4943,Rohan Gupta,26-35,Male,Africa,Kenya,Nairobi,P101,Laptop,Electronics,1,1060,641.11,418.89,0.04,Debit Card,Online
T14845,2024-03-26,C4944,John Carter,26-35,Female,South America,Chile,Santiago,P112,Mobile Phone,Electronics,3,5631,4689.72,941.28,0.24,Debit Card,Online
T14846,2024-03-21,C4945,Michael Ross,36-50,Male,North America,Mexico,Mexico City,P303,Washing Machine,Appliances,2,3452,2231.31,1220.69,0.05,Cash,In-Store
T14847,2024-03-11,C4946,Jake Turner,36-50,Male,South America,Brazil,São Paulo,P112,Mobile Phone,Electronics,2,3368,2633.19,734.81,0.0,Credit Card,Online
T14848,2024-02-06,C4947,Sarah Miller,26-35,Other,Europe,Italy,Milan,P303,Washing Machine,Appliances,4,3792,3282.48,509.52,0.06,Debit Card,Online
T14849,2024-03-26,C4948,Maria Gomez,50+,Male,Europe,France,Paris,P101,Laptop,Electronics,2,1150,805.63,344.37,0.13,UPI,Online
T14850,2024-04-05,C4949,Maria Gomez,50+,Female,South America,Brazil,São Paulo,P205,Headphones,Accessories,3,5298,3215.44,2082.56,0.24,Cash,Online
T14851,2024-04-05,C4950,Aditi Sharma,26-35,Male,South America,Argentina,Buenos Aires,P101,Laptop,Electronics,3,3177,2365.68,811.32,0.21,Cash,Online
T14852,2024-03-08,C4951,Michael Ross,26-35,Male,Asia,Japan,Tokyo,P205,Headphones,Accessories,4,3308,2368.63,939.37,0.22,Cash,Online
T14853,2024-02-16,C4952,Sarah Miller,50+,Male,South America,Chile,Santiago,P205,Headphones,Accessories,3,456,349.02,106.98,0.08,UPI,Online
T14854,2024-04-29,C4953,Sarah Miller,36-50,Other,North America,Mexico,Monterrey,P112,Mobile Phone,Electronics,4,2052,1592.39,459.61,0.21,UPI,In-Store
T14855,2024-02-02,C4954,Lucas Brown,50+,Male,Europe,Germany,Berlin,P303,Washing Machine,Appliances,2,1382,931.91,450.09,0.1,Cash,In-Store
T14856,2024-01-27,C4955,Priya Nair,18-25,Male,Europe,UK,Manchester,P520,Microwave Oven,Appliances,4,2304,2046.55,257.45,0.18,Debit Card,In-Store
T14857,2024-01-09,C4956,John Carter,18-25,Male,Africa,Kenya,Nairobi,P205,Headphones,Accessories,1,1719,1217.26,501.74,0.1,Cash,In-Store
T14858,2024-02-24,C4957,Sarah Miller,26-35,Male,Africa,Egypt,Cairo,P112,Mobile Phone,Electronics,4,700,522.22,177.78,0.12,Cash,Online
T14859,2024-03-24,C4958,John Carter,26-35,Other,North America,USA,New York,P205,Headphones,Accessories,3,936,763.41,172.59,0.14,Net Banking,Online
T14860,2024-01-02,C4959,Michael Ross,26-35,Other,Africa,Egypt,Cairo,P112,Mobile Phone,Electronics,2,886,595.26,290.74,0.12,Credit Card,Online
T14861,2024-02-21,C4960,Maria Gomez,18-25,Other,Asia,Japan,Tokyo,P303,Washing Machine,Appliances,1,720,489.24,230.76,0.01,Debit Card,Online
T14862,2024-02-11,C4961,Aditi Sharma,50+,Female,Asia,UAE,Dubai,P402,Monitor,Electronics,1,1007,831.74,175.26,0.11,UPI,In-Store
T14863,2024-03-21,C4962,Jake Turner,26-35,Other,South America,Chile,Santiago,P303,Washing Machine,Appliances,4,4352,3558.63,793.37,0.15,Net Banking,Online
T14864,2024-02-14,C4963,Maria Gomez,18-25,Other,Europe,Germany,Berlin,P402,Monitor,Electronics,2,312,203.06,108.94,0.2,Net Banking,In-Store
T14865,2024-03-15,C4964,Maria Gomez,36-50,Female,South America,Chile,Santiago,P402,Monitor,Electronics,2,3364,2417.09,946.91,0.18,Net Banking,In-Store
T14866,2024-04-27,C4965,Meera Iyer,36-50,Other,Asia,UAE,Dubai,P520,Microwave Oven,Appliances,4,5620,4224.99,1395.01,0.13,Credit Card,In-Store
T14867,2024-03-02,C4966,Michael Ross,26-35,Male,North America,USA,Seattle,P101,Laptop,Electronics,3,1950,1512.12,437.88,0.04,Credit Card,Online
T14868,2024-02-23,C4967,Sarah Miller,26-35,Male,North America,Canada,Toronto,P112,Mobile Phone,Electronics,3,5034,3602.02,1431.98,0.0,Net Banking,Online
T14869,2024-04-16,C4968,Meera Iyer,36-50,Female,Europe,UK,Manchester,P112,Mobile Phone,Electronics,1,496,412.24,83.76,0.22,Cash,In-Store
T14870,2024-02-24,C4969,Sarah Miller,36-50,Other,Europe,Germany,Munich,P205,Headphones,Accessories,2,868,591.01,276.99,0.2,Debit Card,In-Store
T14871,2024-04-23,C4970,Daniel Wong,18-25,Female,South America,Brazil,Rio,P303,Washing Machine,Appliances,4,748,491.52,256.48,0.09,Net Banking,In-Store
T14872,2024-04-10,C4971,Lucas Brown,18-25,Female,South America,Argentina,Buenos Aires,P112,Mobile Phone,Electronics,4,420,277.28,142.72,0.25,Debit Card,In-Store
T14873,2024-03-03,C4972,Daniel Wong,18-25,Female,North America,Canada,Vancouver,P520,Microwave Oven,Appliances,1,1458,982.35,475.65,0.0,Net Banking,In-Store
T14874,2024-02-15,C4973,Emily Clark,36-50,Other,Asia,Singapore,Singapore,P520,Microwave Oven,Appliances,1,1478,1194.27,283.73,0.2,Cash,In-Store
T14875,2024-04-22,C4974,Sonia Patel,50+,Other,Europe,Italy,Rome,P205,Headphones,Accessories,2,1658,1291.44,366.56,0.09,UPI,In-Store
T14876,2024-02-21,C4975,John Carter,36-50,Female,North America,USA,Chicago,P112,Mobile Phone,Electronics,1,1300,1027.25,272.75,0.03,Cash,Online
T14877,2024-02-15,C4976,Daniel Wong,18-25,Male,North America,Canada,Vancouver,P303,Washing Machine,Appliances,3,5439,4145.68,1293.32,0.11,UPI,In-Store
T14878,2024-04-08,C4977,Aditi Sharma,50+,Male,North America,Mexico,Mexico City,P303,Washing Machine,Appliances,1,1086,779.7,306.3,0.07,Net Banking,Online
T14879,2024-02-17,C4978,Daniel Wong,18-25,Male,South America,Chile,Santiago,P402,Monitor,Electronics,4,240,189.95,50.05,0.14,Cash,In-Store
T14880,2024-04-26,C4979,Michael Ross,18-25,Female,North America,Mexico,Monterrey,P303,Washing Machine,Appliances,1,271,188.43,82.57,0.03,Debit Card,Online
T14881,2024-01-03,C4980,Daniel Wong,50+,Female,Africa,South Africa,Johannesburg,P303,Washing Machine,Appliances,4,1080,883.58,196.42,0.25,Debit Card,Online
T14882,2024-02-03,C4981,Emily Clark,36-50,Male,Africa,Egypt,Cairo,P402,Monitor,Electronics,1,859,579.47,279.53,0.09,UPI,In-Store
T14883,2024-02-28,C4982,John Carter,36-50,Male,Europe,France,Lyon,P205,Headphones,Accessories,2,874,703.14,170.86,0.07,UPI,Online
T14884,2024-02-03,C4983,Ethan Wilson,26-35,Other,Africa,Egypt,Cairo,P112,Mobile Phone,Electronics,1,1382,878.04,503.96,0.02,Debit Card,Online
T14885,2024-02-19,C4984,Michael Ross,50+,Other,North America,Canada,Vancouver,P402,Monitor,Electronics,4,3892,3177.34,714.66,0.19,UPI,Online
T14886,2024-03-10,C4985,Ethan Wilson,18-25,Male,North America,USA,New York,P205,Headphones,Accessories,1,1115,717.59,397.41,0.19,Credit Card,In-Store
T14887,2024-02-04,C4986,Sarah Miller,18-25,Male,Africa,South Africa,Johannesburg,P101,Laptop,Electronics,4,1652,1227.1,424.9,0.19,Net Banking,In-Store
T14888,2024-03-23,C4987,Daniel Wong,36-50,Male,Africa,South Africa,Johannesburg,P402,Monitor,Electronics,4,5352,4147.46,1204.54,0.01,Net Banking,In-Store
T14889,2024-03-08,C4988,Aditi Sharma,18-25,Female,Europe,Germany,Munich,P303,Washing Machine,Appliances,4,1168,843.77,324.23,0.25,Net Banking,In-Store
T14890,2024-01-02,C4989,Meera Iyer,50+,Male,Europe,France,Lyon,P112,Mobile Phone,Electronics,1,1156,731.96,424.04,0.05,Debit Card,In-Store
T14891,2024-03-16,C4990,Sarah Miller,50+,Male,Africa,Egypt,Cairo,P402,Monitor,Electronics,1,1711,1413.31,297.69,0.02,Cash,Online
T14892,2024-02-01,C4991,Sonia Patel,18-25,Female,Asia,Singapore,Singapore,P205,Headphones,Accessories,3,5019,3761.78,1257.22,0.02,Debit Card,In-Store
T14893,2024-03-02,C4992,Sarah Miller,26-35,Male,Africa,Egypt,Cairo,P520,Microwave Oven,Appliances,3,1950,1234.6,715.4,0.12,Debit Card,Online
T14894,2024-04-17,C4993,Maria Gomez,26-35,Male,North America,USA,Seattle,P303,Washing Machine,Appliances,4,3800,2711.93,1088.07,0.1,Debit Card,Online
T14895,2024-04-28,C4994,Daniel Wong,26-35,Female,Europe,UK,Manchester,P303,Washing Machine,Appliances,1,1693,1483.02,209.98,0.13,Debit Card,In-Store
T14896,2024-02-24,C4995,Aditi Sharma,36-50,Male,South America,Argentina,Buenos Aires,P520,Microwave Oven,Appliances,4,5048,3561.04,1486.96,0.16,Credit Card,In-Store
T14897,2024-01-18,C4996,Natalie Reed,36-50,Other,Asia,Japan,Tokyo,P303,Washing Machine,Appliances,2,1826,1257.5,568.5,0.24,Debit Card,Online
T14898,2024-04-06,C4997,Rohan Gupta,36-50,Male,Africa,Egypt,Cairo,P520,Microwave Oven,Appliances,2,976,733.34,242.66,0.03,UPI,Online
T14899,2024-04-17,C4998,Daniel Wong,50+,Male,Asia,India,Mumbai,P112,Mobile Phone,Electronics,1,1171,968.55,202.45,0.14,Net Banking,In-Store
T14900,2024-01-17,C4999,Emily Clark,36-50,Male,South America,Chile,Santiago,P402,Monitor,Electronics,3,3489,2128.15,1360.85,0.02,Credit Card,Online
T14901,2024-01-20,C5000,Maria Gomez,26-35,Female,Africa,Egypt,Cairo,P303,Washing Machine,Appliances,2,1906,1572.55,333.45,0.19,Cash,Online
T14902,2024-01-19,C5001,Aditi Sharma,36-50,Other,Africa,Egypt,Cairo,P520,Microwave Oven,Appliances,4,292,222.04,69.96,0.17,Net Banking,Online
T14903,2024-01-18,C5002,Daniel Wong,26-35,Other,Africa,Kenya,Nairobi,P402,Monitor,Electronics,4,5480,4079.47,1400.53,0.08,Credit Card,In-Store
T14904,2024-03-04,C5003,Jake Turner,26-35,Other,Asia,India,Mumbai,P303,Washing Machine,Appliances,4,7172,5406.08,1765.92,0.08,Net Banking,In-Store
T14905,2024-02-02,C5004,Sarah Miller,50+,Male,North America,Canada,Vancouver,P101,Laptop,Electronics,4,4536,2730.45,1805.55,0.13,Credit Card,In-Store
T14906,2024-04-04,C5005,Aditi Sharma,50+,Female,North America,Mexico,Mexico City,P112,Mobile Phone,Electronics,4,940,653.82,286.18,0.13,UPI,Online
T14907,2024-03-25,C5006,Ethan Wilson,18-25,Other,Europe,Italy,Milan,P112,Mobile Phone,Electronics,1,145,130.07,14.93,0.07,UPI,Online
T14908,2024-03-14,C5007,John Carter,26-35,Other,South America,Brazil,São Paulo,P402,Monitor,Electronics,4,4496,3007.81,1488.19,0.15,Net Banking,In-Store
T14909,2024-03-24,C5008,Maria Gomez,26-35,Other,South America,Brazil,São Paulo,P303,Washing Machine,Appliances,4,3092,2515.19,576.81,0.09,Cash,Online
T14910,2024-03-25,C5009,Meera Iyer,36-50,Female,Africa,Egypt,Cairo,P112,Mobile Phone,Electronics,2,1600,1433.05,166.95,0.09,Net Banking,Online
T14911,2024-03-01,C5010,Daniel Wong,50+,Other,Asia,UAE,Dubai,P303,Washing Machine,Appliances,4,1772,1229.36,542.64,0.22,Debit Card,Online
T14912,2024-03-15,C5011,Natalie Reed,50+,Female,Europe,Italy,Rome,P520,Microwave Oven,Appliances,1,1876,1137.9,738.1,0.09,UPI,In-Store
T14913,2024-02-22,C5012,John Carter,50+,Male,Asia,India,Delhi,P205,Headphones,Accessories,2,3274,2290.86,983.14,0.19,Net Banking,In-Store
T14914,2024-01-03,C5013,Rohan Gupta,26-35,Other,Africa,South Africa,Johannesburg,P101,Laptop,Electronics,1,448,362.88,85.12,0.04,UPI,In-Store
T14915,2024-02-02,C5014,Daniel Wong,36-50,Other,Asia,Singapore,Singapore,P112,Mobile Phone,Electronics,1,1332,941.31,390.69,0.11,UPI,Online
T14916,2024-02-02,C5015,Emily Clark,26-35,Female,South America,Chile,Santiago,P205,Headphones,Accessories,1,1386,1218.96,167.04,0.23,Debit Card,Online
T14917,2024-01-16,C5016,Maria Gomez,50+,Female,Asia,India,Mumbai,P112,Mobile Phone,Electronics,4,2592,1558.81,1033.19,0.0,Credit Card,In-Store
T14918,2024-01-15,C5017,Rohan Gupta,18-25,Other,Africa,Kenya,Nairobi,P303,Washing Machine,Appliances,2,2144,1595.09,548.91,0.15,UPI,Online
T14919,2024-04-16,C5018,Sonia Patel,50+,Other,South America,Brazil,Rio,P101,Laptop,Electronics,3,5229,4423.41,805.59,0.22,UPI,Online
T14920,2024-02-27,C5019,Maria Gomez,26-35,Male,Asia,UAE,Dubai,P520,Microwave Oven,Appliances,2,2082,1297.13,784.87,0.15,Cash,Online
T14921,2024-03-18,C5020,Daniel Wong,26-35,Male,South America,Argentina,Buenos Aires,P520,Microwave Oven,Appliances,2,3538,2683.16,854.84,0.12,Credit Card,Online
T14922,2024-03-20,C5021,Sarah Miller,50+,Male,South America,Argentina,Buenos Aires,P402,Monitor,Electronics,1,1747,1121.59,625.41,0.1,UPI,Online
T14923,2024-01-16,C5022,Emily Clark,26-35,Male,Africa,South Africa,Johannesburg,P101,Laptop,Electronics,1,1078,737.13,340.87,0.15,UPI,Online
T14924,2024-04-23,C5023,Natalie Reed,36-50,Male,Africa,Egypt,Cairo,P520,Microwave Oven,Appliances,1,1820,1387.44,432.56,0.23,Net Banking,In-Store
T14925,2024-02-19,C5024,Emily Clark,36-50,Female,North America,Canada,Toronto,P402,Monitor,Electronics,2,2362,1913.0,449.0,0.01,Cash,In-Store
T14926,2024-03-24,C5025,Meera Iyer,36-50,Female,Europe,UK,Manchester,P303,Washing Machine,Appliances,2,2288,1499.9,788.1,0.14,Net Banking,Online
T14927,2024-03-21,C5026,Emily Clark,36-50,Female,Africa,Egypt,Cairo,P205,Headphones,Accessories,3,2745,2433.78,311.22,0.23,Cash,In-Store
T14928,2024-01-04,C5027,Natalie Reed,50+,Male,Europe,Germany,Berlin,P402,Monitor,Electronics,1,1004,673.22,330.78,0.16,UPI,Online
T14929,2024-03-02,C5028,Michael Ross,26-35,Male,South America,Argentina,Buenos Aires,P520,Microwave Oven,Appliances,4,1556,1351.58,204.42,0.03,Credit Card,Online
T14930,2024-02-02,C5029,Natalie Reed,18-25,Female,Africa,Egypt,Cairo,P205,Headphones,Accessories,3,5694,3920.84,1773.16,0.06,Debit Card,In-Store
T14931,2024-02-29,C5030,Maria Gomez,50+,Male,Asia,Japan,Osaka,P101,Laptop,Electronics,1,1313,1009.2,303.8,0.25,Cash,In-Store
T14932,2024-01-13,C5031,Emily Clark,18-25,Female,Africa,Egypt,Cairo,P402,Monitor,Electronics,2,1686,1325.41,360.59,0.02,UPI,Online
T14933,2024-02-18,C5032,Jake Turner,36-50,Female,South America,Chile,Santiago,P402,Monitor,Electronics,1,1804,1377.98,426.02,0.1,Credit Card,In-Store
T14934,2024-01-18,C5033,Jake Turner,36-50,Female,South America,Chile,Santiago,P402,Monitor,Electronics,3,549,392.33,156.67,0.11,Credit Card,In-Store
T14935,2024-04-26,C5034,Michael Ross,50+,Male,Africa,South Africa,Cape Town,P112,Mobile Phone,Electronics,4,5360,3787.22,1572.78,0.04,Credit Card,In-Store
T14936,2024-02-25,C5035,Sarah Miller,26-35,Female,South America,Argentina,Buenos Aires,P112,Mobile Phone,Electronics,2,456,345.81,110.19,0.18,Debit Card,Online
T14937,2024-04-15,C5036,Maria Gomez,18-25,Female,Africa,South Africa,Cape Town,P205,Headphones,Accessories,1,575,360.26,214.74,0.18,Cash,Online
T14938,2024-02-17,C5037,Maria Gomez,50+,Other,Africa,Egypt,Cairo,P303,Washing Machine,Appliances,4,2944,1802.32,1141.68,0.2,UPI,Online
T14939,2024-01-09,C5038,Maria Gomez,50+,Female,Africa,South Africa,Johannesburg,P303,Washing Machine,Appliances,2,1322,1160.92,161.08,0.25,Credit Card,In-Store
T14940,2024-04-06,C5039,Natalie Reed,50+,Male,North America,USA,Seattle,P112,Mobile Phone,Electronics,1,677,431.52,245.48,0.02,Credit Card,In-Store
T14941,2024-01-18,C5040,Emily Clark,36-50,Male,North America,Canada,Vancouver,P520,Microwave Oven,Appliances,2,3702,2284.38,1417.62,0.02,UPI,Online
T14942,2024-04-03,C5041,Meera Iyer,26-35,Female,Africa,South Africa,Cape Town,P101,Laptop,Electronics,3,3819,2560.83,1258.17,0.21,Cash,Online
T14943,2024-01-16,C5042,Meera Iyer,50+,Other,North America,Canada,Toronto,P402,Monitor,Electronics,1,1216,846.71,369.29,0.07,Credit Card,Online
T14944,2024-02-21,C5043,Ethan Wilson,18-25,Female,Africa,Kenya,Nairobi,P303,Washing Machine,Appliances,3,5091,4477.43,613.57,0.24,Debit Card,Online
T14945,2024-04-21,C5044,Meera Iyer,36-50,Female,North America,USA,Chicago,P520,Microwave Oven,Appliances,1,834,699.27,134.73,0.06,Cash,Online
T14946,2024-03-13,C5045,Rohan Gupta,26-35,Male,North America,USA,Seattle,P520,Microwave Oven,Appliances,1,792,674.93,117.07,0.01,Credit Card,Online
T14947,2024-03-08,C5046,Daniel Wong,26-35,Other,Africa,South Africa,Cape Town,P112,Mobile Phone,Electronics,4,2844,2400.87,443.13,0.21,Debit Card,In-Store
T14948,2024-02-04,C5047,Lucas Brown,18-25,Female,North America,USA,New York,P205,Headphones,Accessories,1,1145,729.65,415.35,0.13,Credit Card,In-Store
T14949,2024-02-27,C5048,Ethan Wilson,18-25,Female,North America,USA,Seattle,P112,Mobile Phone,Electronics,1,1405,1153.99,251.01,0.11,Cash,Online
T14950,2024-03-03,C5049,Sarah Miller,18-25,Male,North America,Canada,Toronto,P101,Laptop,Electronics,4,4336,3179.66,1156.34,0.01,UPI,In-Store
T14951,2024-04-13,C5050,Rohan Gupta,36-50,Female,Africa,South Africa,Cape Town,P205,Headphones,Accessories,3,3942,2950.45,991.55,0.0,UPI,Online
T14952,2024-03-07,C5051,Daniel Wong,36-50,Female,Europe,Italy,Milan,P402,Monitor,Electronics,1,967,648.9,318.1,0.06,Net Banking,Online
T14953,2024-01-20,C5052,Aditi Sharma,50+,Male,Africa,Kenya,Nairobi,P205,Headphones,Accessories,4,7436,4535.02,2900.98,0.15,UPI,In-Store
T14954,2024-03-14,C5053,Daniel Wong,18-25,Other,Africa,Kenya,Nairobi,P205,Headphones,Accessories,1,1806,1192.25,613.75,0.07,UPI,Online
T14955,2024-01-25,C5054,Daniel Wong,18-25,Male,North America,Canada,Vancouver,P205,Headphones,Accessories,4,4668,3794.92,873.08,0.11,Net Banking,Online
T14956,2024-01-16,C5055,Priya Nair,18-25,Female,Europe,Germany,Munich,P303,Washing Machine,Appliances,3,4650,3483.14,1166.86,0.12,Net Banking,Online
T14957,2024-02-06,C5056,Sarah Miller,26-35,Other,Europe,Germany,Berlin,P112,Mobile Phone,Electronics,1,776,495.91,280.09,0.11,Debit Card,Online
T14958,2024-01-02,C5057,Jake Turner,50+,Female,Europe,Germany,Munich,P112,Mobile Phone,Electronics,2,2422,1808.15,613.85,0.21,UPI,Online
T14959,2024-02-07,C5058,Natalie Reed,50+,Female,Asia,India,Bengaluru,P101,Laptop,Electronics,1,1548,997.99,550.01,0.07,Debit Card,Online
T14960,2024-04-26,C5059,Meera Iyer,18-25,Male,Europe,Germany,Berlin,P402,Monitor,Electronics,2,1382,1183.55,198.45,0.02,Credit Card,In-Store
T14961,2024-01-27,C5060,Maria Gomez,36-50,Female,South America,Chile,Santiago,P112,Mobile Phone,Electronics,4,3644,3273.97,370.03,0.08,Credit Card,In-Store
T14962,2024-04-21,C5061,Meera Iyer,50+,Female,Asia,Japan,Tokyo,P520,Microwave Oven,Appliances,1,1713,1102.95,610.05,0.06,Net Banking,In-Store
T14963,2024-04-05,C5062,Meera Iyer,50+,Male,Europe,Italy,Milan,P112,Mobile Phone,Electronics,2,2708,1674.69,1033.31,0.23,Net Banking,In-Store
T14964,2024-04-17,C5063,Meera Iyer,36-50,Male,North America,Canada,Vancouver,P205,Headphones,Accessories,2,774,510.66,263.34,0.23,Cash,In-Store
T14965,2024-04-27,C5064,Jake Turner,26-35,Other,North America,USA,Chicago,P402,Monitor,Electronics,3,798,715.9,82.1,0.16,Cash,In-Store
T14966,2024-04-05,C5065,Ethan Wilson,18-25,Other,South America,Brazil,Rio,P205,Headphones,Accessories,1,1285,1109.55,175.45,0.04,Cash,In-Store
T14967,2024-03-29,C5066,Sonia Patel,50+,Male,South America,Brazil,Rio,P101,Laptop,Electronics,4,3780,2289.23,1490.77,0.18,UPI,Online
T14968,2024-01-31,C5067,Meera Iyer,18-25,Female,Africa,Kenya,Nairobi,P303,Washing Machine,Appliances,1,1394,1203.18,190.82,0.1,Debit Card,In-Store
T14969,2024-01-21,C5068,Emily Clark,50+,Other,South America,Brazil,Rio,P402,Monitor,Electronics,2,1368,855.85,512.15,0.16,UPI,In-Store
T14970,2024-01-29,C5069,John Carter,18-25,Other,Europe,Germany,Munich,P520,Microwave Oven,Appliances,3,2241,1663.0,578.0,0.06,Debit Card,In-Store
T14971,2024-04-23,C5070,Rohan Gupta,18-25,Female,South America,Argentina,Buenos Aires,P402,Monitor,Electronics,4,7808,6069.59,1738.41,0.24,Cash,Online
T14972,2024-03-04,C5071,John Carter,18-25,Male,Asia,India,Mumbai,P402,Monitor,Electronics,4,6752,5083.45,1668.55,0.05,Credit Card,Online
T14973,2024-01-13,C5072,John Carter,18-25,Female,Asia,India,Delhi,P205,Headphones,Accessories,2,2818,1934.18,883.82,0.23,Net Banking,In-Store
T14974,2024-03-03,C5073,Sarah Miller,26-35,Male,Asia,India,Bengaluru,P205,Headphones,Accessories,2,3594,2768.63,825.37,0.25,Debit Card,Online
T14975,2024-04-11,C5074,Priya Nair,50+,Other,North America,Canada,Vancouver,P205,Headphones,Accessories,3,678,537.33,140.67,0.22,Debit Card,In-Store
T14976,2024-01-12,C5075,Natalie Reed,18-25,Male,Europe,France,Lyon,P205,Headphones,Accessories,2,1620,1048.66,571.34,0.1,Net Banking,Online
T14977,2024-04-26,C5076,Daniel Wong,26-35,Male,Europe,UK,London,P303,Washing Machine,Appliances,3,5796,5168.35,627.65,0.18,UPI,Online
T14978,2024-03-25,C5077,Aditi Sharma,50+,Other,South America,Chile,Santiago,P520,Microwave Oven,Appliances,1,1280,1147.99,132.01,0.06,Debit Card,Online
T14979,2024-03-07,C5078,Maria Gomez,18-25,Other,Asia,UAE,Dubai,P303,Washing Machine,Appliances,2,2390,1641.25,748.75,0.09,Credit Card,In-Store
T14980,2024-03-07,C5079,Michael Ross,26-35,Female,Africa,Kenya,Nairobi,P402,Monitor,Electronics,1,1354,1170.12,183.88,0.07,Cash,Online
T14981,2024-03-06,C5080,Maria Gomez,18-25,Other,Asia,UAE,Dubai,P520,Microwave Oven,Appliances,4,1156,800.1,355.9,0.05,Cash,Online
T14982,2024-02-08,C5081,Lucas Brown,18-25,Other,North America,USA,Seattle,P303,Washing Machine,Appliances,1,880,617.84,262.16,0.13,UPI,Online
T14983,2024-02-07,C5082,Maria Gomez,26-35,Female,Africa,Egypt,Cairo,P101,Laptop,Electronics,4,1352,1030.8,321.2,0.15,Net Banking,Online
T14984,2024-01-01,C5083,Rohan Gupta,36-50,Female,Europe,France,Lyon,P402,Monitor,Electronics,1,224,139.45,84.55,0.19,Credit Card,In-Store
T14985,2024-04-14,C5084,Meera Iyer,26-35,Male,Europe,Germany,Berlin,P402,Monitor,Electronics,2,912,686.49,225.51,0.18,Net Banking,In-Store
T14986,2024-02-23,C5085,Ethan Wilson,26-35,Other,North America,USA,New York,P402,Monitor,Electronics,4,5140,3552.16,1587.84,0.1,Net Banking,Online
T14987,2024-01-28,C5086,Jake Turner,26-35,Male,Asia,Japan,Osaka,P303,Washing Machine,Appliances,2,3502,2304.09,1197.91,0.01,UPI,Online
T14988,2024-03-13,C5087,Lucas Brown,36-50,Female,South America,Chile,Santiago,P303,Washing Machine,Appliances,4,6044,5415.62,628.38,0.07,UPI,In-Store
T14989,2024-04-13,C5088,Meera Iyer,36-50,Female,Africa,Kenya,Nairobi,P402,Monitor,Electronics,4,1924,1467.5,456.5,0.25,Cash,In-Store
T14990,2024-01-05,C5089,Priya Nair,50+,Male,Africa,Egypt,Cairo,P112,Mobile Phone,Electronics,1,511,370.31,140.69,0.03,Cash,Online
T14991,2024-01-17,C5090,Meera Iyer,50+,Female,North America,USA,Seattle,P402,Monitor,Electronics,3,4014,2855.34,1158.66,0.16,Net Banking,In-Store
T14992,2024-02-28,C5091,Sarah Miller,36-50,Other,Asia,Japan,Osaka,P112,Mobile Phone,Electronics,4,2132,1689.01,442.99,0.2,Cash,Online
T14993,2024-01-12,C5092,Daniel Wong,36-50,Other,Asia,Japan,Tokyo,P520,Microwave Oven,Appliances,4,1260,970.1,289.9,0.2,Credit Card,In-Store
T14994,2024-04-13,C5093,Daniel Wong,26-35,Female,Europe,UK,London,P402,Monitor,Electronics,2,2922,2426.67,495.33,0.1,Debit Card,Online
T14995,2024-01-27,C5094,Ethan Wilson,36-50,Other,Europe,UK,Manchester,P402,Monitor,Electronics,1,1798,1134.21,663.79,0.11,Cash,Online
T14996,2024-04-15,C5095,Daniel Wong,50+,Other,North America,USA,Seattle,P112,Mobile Phone,Electronics,3,5487,4892.05,594.95,0.18,UPI,In-Store
T14997,2024-04-04,C5096,Sarah Miller,36-50,Other,Asia,Japan,Osaka,P520,Microwave Oven,Appliances,2,2900,2244.88,655.12,0.08,Debit Card,Online
T14998,2024-01-25,C5097,Aditi Sharma,50+,Female,Europe,Germany,Berlin,P520,Microwave Oven,Appliances,4,4784,3684.65,1099.35,0.11,Debit Card,Online
T14999,2024-03-23,C5098,Sarah Miller,36-50,Other,Europe,France,Paris,P520,Microwave Oven,Appliances,1,485,332.44,152.56,0.03,UPI,Online
T15000,2024-02-16,C5099,John Carter,18-25,Other,North America,Canada,Vancouver,P402,Monitor,Electronics,3,1359,906.14,452.86,0.12,Cash,In-Store
